path,population,label,shared_category,dup_group,max_sim_roboflow_train_valid,min_hash_dist,eligible
data/val/abrasion/abrasion_kg1_1.jpg,val,abrasion,abrasion,abrasion_kg1_1.jpg,0.899,0,no
data/val/abrasion/abrasion_kg1_102.jpg,val,abrasion,abrasion,abrasion_kg1_102.jpg,0.774,16,no
data/val/abrasion/abrasion_kg1_111.jpg,val,abrasion,abrasion,abrasion_kg1_111.jpg,0.735,18,yes
data/val/abrasion/abrasion_kg1_112.jpg,val,abrasion,abrasion,abrasion_kg1_112.jpg,0.920,0,no
data/val/abrasion/abrasion_kg1_121.jpg,val,abrasion,abrasion,abrasion_kg1_121.jpg,0.903,0,no
data/val/abrasion/abrasion_kg1_122.jpg,val,abrasion,abrasion,abrasion_kg1_122.jpg,0.699,18,yes
data/val/abrasion/abrasion_kg1_127.jpg,val,abrasion,abrasion,abrasion_kg1_127.jpg,0.960,0,no
data/val/abrasion/abrasion_kg1_128.jpg,val,abrasion,abrasion,abrasion_kg1_128.jpg,0.894,0,no
data/val/abrasion/abrasion_kg1_144.jpg,val,abrasion,abrasion,abrasion_kg1_144.jpg,0.896,0,no
data/val/abrasion/abrasion_kg1_155.jpg,val,abrasion,abrasion,abrasion_kg1_155.jpg,0.917,0,no
data/val/abrasion/abrasion_kg1_164.jpg,val,abrasion,abrasion,abrasion_kg1_164.jpg,0.983,0,no
data/val/abrasion/abrasion_kg1_172.jpg,val,abrasion,abrasion,abrasion_kg1_172.jpg,0.977,0,no
data/val/abrasion/abrasion_kg1_182.jpg,val,abrasion,abrasion,abrasion_kg1_182.jpg,0.978,0,no
data/val/abrasion/abrasion_kg1_184.jpg,val,abrasion,abrasion,abrasion_kg1_184.jpg,0.963,0,no
data/val/abrasion/abrasion_kg1_194.jpg,val,abrasion,abrasion,abrasion_kg1_194.jpg,0.746,17,yes
data/val/abrasion/abrasion_kg1_27.jpg,val,abrasion,abrasion,abrasion_kg1_182.jpg,0.954,0,no
data/val/abrasion/abrasion_kg1_32.jpg,val,abrasion,abrasion,abrasion_kg1_32.jpg,0.945,0,no
data/val/abrasion/abrasion_kg1_55.jpg,val,abrasion,abrasion,abrasion_kg1_128.jpg,0.882,0,no
data/val/abrasion/abrasion_kg1_58.jpg,val,abrasion,abrasion,abrasion_kg1_58.jpg,0.650,13,yes
data/val/abrasion/abrasion_kg1_62.jpg,val,abrasion,abrasion,abrasion_kg1_62.jpg,0.926,0,no
data/val/abrasion/abrasion_kg1_69.jpg,val,abrasion,abrasion,abrasion_kg1_69.jpg,0.864,0,no
data/val/abrasion/abrasion_kg1_70.jpg,val,abrasion,abrasion,abrasion_kg1_70.jpg,0.932,0,no
data/val/abrasion/abrasion_kg1_72.jpg,val,abrasion,abrasion,abrasion_kg1_72.jpg,0.904,0,no
data/val/abrasion/abrasion_kg1_73.jpg,val,abrasion,abrasion,abrasion_kg1_1.jpg,0.936,0,no
data/val/abrasion/abrasion_kg1_81.jpg,val,abrasion,abrasion,abrasion_kg1_81.jpg,0.699,17,yes
data/val/abrasion/abrasion_kg1_89.jpg,val,abrasion,abrasion,abrasion_kg1_89.jpg,0.934,0,no
data/val/abrasion/abrasion_kg1_93.jpg,val,abrasion,abrasion,abrasion_kg1_93.jpg,0.937,0,no
data/val/abrasion/abrasion_kg1_94.jpg,val,abrasion,abrasion,abrasion_kg1_94.jpg,0.900,0,no
data/val/abrasion/abrasion_kg1_96.jpg,val,abrasion,abrasion,abrasion_kg1_96.jpg,0.938,1,no
data/val/abrasion/abrasion_kg1_98.jpg,val,abrasion,abrasion,abrasion_kg1_182.jpg,0.848,18,no
data/val/bruise/bruise_kg1_108.jpg,val,bruise,bruise,bruise_kg1_108.jpg,0.846,11,no
data/val/bruise/bruise_kg1_118.jpg,val,bruise,bruise,bruise_kg1_118.jpg,0.972,2,no
data/val/bruise/bruise_kg1_129.jpg,val,bruise,bruise,bruise_kg1_129.jpg,0.739,13,yes
data/val/bruise/bruise_kg1_140.jpg,val,bruise,bruise,bruise_kg1_140.jpg,0.963,6,no
data/val/bruise/bruise_kg1_142.jpg,val,bruise,bruise,bruise_kg1_142.jpg,0.844,9,no
data/val/bruise/bruise_kg1_148.jpg,val,bruise,bruise,bruise_kg1_148.jpg,0.979,1,no
data/val/bruise/bruise_kg1_149.jpg,val,bruise,bruise,bruise_kg1_149.jpg,0.709,10,yes
data/val/bruise/bruise_kg1_152.jpg,val,bruise,bruise,bruise_kg1_152.jpg,0.902,15,no
data/val/bruise/bruise_kg1_153.jpg,val,bruise,bruise,bruise_kg1_153.jpg,0.979,0,no
data/val/bruise/bruise_kg1_162.jpg,val,bruise,bruise,bruise_kg1_162.jpg,0.722,13,yes
data/val/bruise/bruise_kg1_18.jpg,val,bruise,bruise,bruise_kg1_18.jpg,0.746,8,yes
data/val/bruise/bruise_kg1_21.jpg,val,bruise,bruise,bruise_kg1_21.jpg,0.744,17,yes
data/val/bruise/bruise_kg1_23.jpg,val,bruise,bruise,bruise_kg1_23.jpg,0.742,15,yes
data/val/bruise/bruise_kg1_4.jpg,val,bruise,bruise,bruise_kg1_4.jpg,0.948,0,no
data/val/bruise/bruise_kg1_61.jpg,val,bruise,bruise,bruise_kg1_61.jpg,0.772,13,no
data/val/bruise/bruise_kg1_62.jpg,val,bruise,bruise,bruise_kg1_62.jpg,0.970,0,no
data/val/bruise/bruise_kg1_65.jpg,val,bruise,bruise,bruise_kg1_65.jpg,0.911,1,no
data/val/bruise/bruise_kg1_67.jpg,val,bruise,bruise,bruise_kg1_67.jpg,0.904,0,no
data/val/bruise/bruise_kg1_68.jpg,val,bruise,bruise,bruise_kg1_68.jpg,0.947,0,no
data/val/bruise/bruise_kg1_7.jpg,val,bruise,bruise,bruise_kg1_7.jpg,0.736,16,yes
data/val/bruise/bruise_kg1_80.jpg,val,bruise,bruise,bruise_kg1_80.jpg,0.936,0,no
data/val/bruise/bruise_kg1_82.jpg,val,bruise,bruise,bruise_kg1_82.jpg,0.729,16,yes
data/val/bruise/bruise_kg1_89.jpg,val,bruise,bruise,bruise_kg1_89.jpg,0.925,0,no
data/val/bruise/bruise_kg1_93.jpg,val,bruise,bruise,bruise_kg1_93.jpg,0.728,15,yes
data/val/bruise/bruise_kg1_98.jpg,val,bruise,bruise,bruise_kg1_98.jpg,0.918,0,no
data/val/burn_1st_degree/burn_1st_degree_kg2_1002.jpg,val,burn_1st_degree,burn,burn_1st_degree_kg2_1002.jpg,0.757,14,no
data/val/burn_1st_degree/burn_1st_degree_kg2_1005.jpg,val,burn_1st_degree,burn,burn_1st_degree_kg2_1005.jpg,0.708,17,yes
data/val/burn_1st_degree/burn_1st_degree_kg2_1028.jpg,val,burn_1st_degree,burn,burn_1st_degree_kg2_1028.jpg,0.740,3,no
data/val/burn_1st_degree/burn_1st_degree_kg2_11.jpg,val,burn_1st_degree,burn,burn_1st_degree_kg2_11.jpg,0.759,17,no
data/val/burn_1st_degree/burn_1st_degree_kg2_115.jpg,val,burn_1st_degree,burn,burn_1st_degree_kg2_115.jpg,0.734,17,yes
data/val/burn_1st_degree/burn_1st_degree_kg2_12.jpg,val,burn_1st_degree,burn,burn_1st_degree_kg2_12.jpg,0.750,16,no
data/val/burn_1st_degree/burn_1st_degree_kg2_134.jpg,val,burn_1st_degree,burn,burn_1st_degree_kg2_134.jpg,0.724,11,yes
data/val/burn_1st_degree/burn_1st_degree_kg2_149.jpg,val,burn_1st_degree,burn,burn_1st_degree_kg2_149.jpg,0.726,16,yes
data/val/burn_1st_degree/burn_1st_degree_kg2_156.jpg,val,burn_1st_degree,burn,burn_1st_degree_kg2_156.jpg,0.787,8,no
data/val/burn_1st_degree/burn_1st_degree_kg2_257.jpg,val,burn_1st_degree,burn,burn_1st_degree_kg2_257.jpg,0.741,11,yes
data/val/burn_1st_degree/burn_1st_degree_kg2_264.jpg,val,burn_1st_degree,burn,burn_1st_degree_kg2_264.jpg,0.780,15,no
data/val/burn_1st_degree/burn_1st_degree_kg2_276.jpg,val,burn_1st_degree,burn,burn_1st_degree_kg2_276.jpg,0.822,16,no
data/val/burn_1st_degree/burn_1st_degree_kg2_28.jpg,val,burn_1st_degree,burn,burn_1st_degree_kg2_28.jpg,0.669,9,yes
data/val/burn_1st_degree/burn_1st_degree_kg2_286.jpg,val,burn_1st_degree,burn,burn_1st_degree_kg2_286.jpg,0.736,13,yes
data/val/burn_1st_degree/burn_1st_degree_kg2_297.jpg,val,burn_1st_degree,burn,burn_1st_degree_kg2_297.jpg,0.735,15,yes
data/val/burn_1st_degree/burn_1st_degree_kg2_315.jpg,val,burn_1st_degree,burn,burn_1st_degree_kg2_315.jpg,0.617,16,yes
data/val/burn_1st_degree/burn_1st_degree_kg2_344.jpg,val,burn_1st_degree,burn,burn_1st_degree_kg2_344.jpg,0.722,7,yes
data/val/burn_1st_degree/burn_1st_degree_kg2_356.jpg,val,burn_1st_degree,burn,burn_1st_degree_kg2_356.jpg,0.782,15,no
data/val/burn_1st_degree/burn_1st_degree_kg2_375.jpg,val,burn_1st_degree,burn,burn_1st_degree_kg2_375.jpg,0.877,3,no
data/val/burn_1st_degree/burn_1st_degree_kg2_384.jpg,val,burn_1st_degree,burn,burn_1st_degree_kg2_384.jpg,0.715,17,yes
data/val/burn_1st_degree/burn_1st_degree_kg2_414.jpg,val,burn_1st_degree,burn,burn_1st_degree_kg2_414.jpg,0.695,10,yes
data/val/burn_1st_degree/burn_1st_degree_kg2_427.jpg,val,burn_1st_degree,burn,burn_1st_degree_kg2_427.jpg,0.687,17,yes
data/val/burn_1st_degree/burn_1st_degree_kg2_436.jpg,val,burn_1st_degree,burn,burn_1st_degree_kg2_436.jpg,0.727,13,yes
data/val/burn_1st_degree/burn_1st_degree_kg2_437.jpg,val,burn_1st_degree,burn,burn_1st_degree_kg2_264.jpg,0.780,15,no
data/val/burn_1st_degree/burn_1st_degree_kg2_444.jpg,val,burn_1st_degree,burn,burn_1st_degree_kg2_444.jpg,0.773,15,no
data/val/burn_1st_degree/burn_1st_degree_kg2_446.jpg,val,burn_1st_degree,burn,burn_1st_degree_kg2_156.jpg,0.787,8,no
data/val/burn_1st_degree/burn_1st_degree_kg2_456.jpg,val,burn_1st_degree,burn,burn_1st_degree_kg2_456.jpg,0.665,7,yes
data/val/burn_1st_degree/burn_1st_degree_kg2_464.jpg,val,burn_1st_degree,burn,burn_1st_degree_kg2_464.jpg,0.761,15,no
data/val/burn_1st_degree/burn_1st_degree_kg2_502.jpg,val,burn_1st_degree,burn,burn_1st_degree_kg2_502.jpg,0.691,14,yes
data/val/burn_1st_degree/burn_1st_degree_kg2_507.jpg,val,burn_1st_degree,burn,burn_1st_degree_kg2_507.jpg,0.646,9,yes
data/val/burn_1st_degree/burn_1st_degree_kg2_509.jpg,val,burn_1st_degree,burn,burn_1st_degree_kg2_509.jpg,0.796,9,no
data/val/burn_1st_degree/burn_1st_degree_kg2_51.jpg,val,burn_1st_degree,burn,burn_1st_degree_kg2_51.jpg,0.715,16,yes
data/val/burn_1st_degree/burn_1st_degree_kg2_535.jpg,val,burn_1st_degree,burn,burn_1st_degree_kg2_535.jpg,0.675,15,yes
data/val/burn_1st_degree/burn_1st_degree_kg2_544.jpg,val,burn_1st_degree,burn,burn_1st_degree_kg2_544.jpg,0.700,14,yes
data/val/burn_1st_degree/burn_1st_degree_kg2_549.jpg,val,burn_1st_degree,burn,burn_1st_degree_kg2_549.jpg,0.767,17,no
data/val/burn_1st_degree/burn_1st_degree_kg2_563.jpg,val,burn_1st_degree,burn,burn_1st_degree_kg2_563.jpg,0.734,16,yes
data/val/burn_1st_degree/burn_1st_degree_kg2_571.jpg,val,burn_1st_degree,burn,burn_1st_degree_kg2_571.jpg,0.710,15,yes
data/val/burn_1st_degree/burn_1st_degree_kg2_603.jpg,val,burn_1st_degree,burn,burn_1st_degree_kg2_603.jpg,0.738,11,yes
data/val/burn_1st_degree/burn_1st_degree_kg2_613.jpg,val,burn_1st_degree,burn,burn_1st_degree_kg2_444.jpg,0.773,15,no
data/val/burn_1st_degree/burn_1st_degree_kg2_616.jpg,val,burn_1st_degree,burn,burn_1st_degree_kg2_616.jpg,0.540,17,yes
data/val/burn_1st_degree/burn_1st_degree_kg2_626.jpg,val,burn_1st_degree,burn,burn_1st_degree_kg2_626.jpg,0.764,17,no
data/val/burn_1st_degree/burn_1st_degree_kg2_637.jpg,val,burn_1st_degree,burn,burn_1st_degree_kg2_1002.jpg,0.757,14,no
data/val/burn_1st_degree/burn_1st_degree_kg2_647.jpg,val,burn_1st_degree,burn,burn_1st_degree_kg2_647.jpg,0.876,3,no
data/val/burn_1st_degree/burn_1st_degree_kg2_662.jpg,val,burn_1st_degree,burn,burn_1st_degree_kg2_662.jpg,0.769,12,no
data/val/burn_1st_degree/burn_1st_degree_kg2_666.jpg,val,burn_1st_degree,burn,burn_1st_degree_kg2_666.jpg,0.700,15,yes
data/val/burn_1st_degree/burn_1st_degree_kg2_67.jpg,val,burn_1st_degree,burn,burn_1st_degree_kg2_67.jpg,0.709,15,yes
data/val/burn_1st_degree/burn_1st_degree_kg2_673.jpg,val,burn_1st_degree,burn,burn_1st_degree_kg2_673.jpg,0.651,12,yes
data/val/burn_1st_degree/burn_1st_degree_kg2_674.jpg,val,burn_1st_degree,burn,burn_1st_degree_kg2_674.jpg,0.691,18,yes
data/val/burn_1st_degree/burn_1st_degree_kg2_694.jpg,val,burn_1st_degree,burn,burn_1st_degree_kg2_694.jpg,0.752,14,no
data/val/burn_1st_degree/burn_1st_degree_kg2_698.jpg,val,burn_1st_degree,burn,burn_1st_degree_kg2_698.jpg,0.703,7,yes
data/val/burn_1st_degree/burn_1st_degree_kg2_712.jpg,val,burn_1st_degree,burn,burn_1st_degree_kg2_712.jpg,0.676,13,yes
data/val/burn_1st_degree/burn_1st_degree_kg2_733.jpg,val,burn_1st_degree,burn,burn_1st_degree_kg2_733.jpg,0.714,9,yes
data/val/burn_1st_degree/burn_1st_degree_kg2_769.jpg,val,burn_1st_degree,burn,burn_1st_degree_kg2_769.jpg,0.701,12,yes
data/val/burn_1st_degree/burn_1st_degree_kg2_774.jpg,val,burn_1st_degree,burn,burn_1st_degree_kg2_774.jpg,0.681,12,yes
data/val/burn_1st_degree/burn_1st_degree_kg2_776.jpg,val,burn_1st_degree,burn,burn_1st_degree_kg2_733.jpg,0.703,12,yes
data/val/burn_1st_degree/burn_1st_degree_kg2_783.jpg,val,burn_1st_degree,burn,burn_1st_degree_kg2_356.jpg,0.782,15,no
data/val/burn_1st_degree/burn_1st_degree_kg2_785.jpg,val,burn_1st_degree,burn,burn_1st_degree_kg2_785.jpg,0.780,12,no
data/val/burn_1st_degree/burn_1st_degree_kg2_794.jpg,val,burn_1st_degree,burn,burn_1st_degree_kg2_507.jpg,0.646,9,yes
data/val/burn_1st_degree/burn_1st_degree_kg2_797.jpg,val,burn_1st_degree,burn,burn_1st_degree_kg2_797.jpg,0.760,11,no
data/val/burn_1st_degree/burn_1st_degree_kg2_859.jpg,val,burn_1st_degree,burn,burn_1st_degree_kg2_859.jpg,0.701,15,yes
data/val/burn_1st_degree/burn_1st_degree_kg2_87.jpg,val,burn_1st_degree,burn,burn_1st_degree_kg2_626.jpg,0.764,17,no
data/val/burn_1st_degree/burn_1st_degree_kg2_871.jpg,val,burn_1st_degree,burn,burn_1st_degree_kg2_871.jpg,0.728,14,yes
data/val/burn_1st_degree/burn_1st_degree_kg2_898.jpg,val,burn_1st_degree,burn,burn_1st_degree_kg2_898.jpg,0.700,16,yes
data/val/burn_1st_degree/burn_1st_degree_kg2_902.jpg,val,burn_1st_degree,burn,burn_1st_degree_kg2_902.jpg,0.757,16,no
data/val/burn_1st_degree/burn_1st_degree_kg2_945.jpg,val,burn_1st_degree,burn,burn_1st_degree_kg2_945.jpg,0.763,14,no
data/val/burn_1st_degree/burn_1st_degree_kg2_967.jpg,val,burn_1st_degree,burn,burn_1st_degree_kg2_967.jpg,0.724,16,yes
data/val/burn_1st_degree/burn_1st_degree_kg2_991.jpg,val,burn_1st_degree,burn,burn_1st_degree_kg2_991.jpg,0.703,18,yes
data/val/burn_2nd_degree/burn_2nd_degree_kg2_1017.jpg,val,burn_2nd_degree,burn,burn_2nd_degree_kg2_1017.jpg,0.750,17,yes
data/val/burn_2nd_degree/burn_2nd_degree_kg2_1036.jpg,val,burn_2nd_degree,burn,burn_2nd_degree_kg2_1036.jpg,0.741,15,yes
data/val/burn_2nd_degree/burn_2nd_degree_kg2_117.jpg,val,burn_2nd_degree,burn,burn_2nd_degree_kg2_117.jpg,0.710,12,yes
data/val/burn_2nd_degree/burn_2nd_degree_kg2_128.jpg,val,burn_2nd_degree,burn,burn_2nd_degree_kg2_128.jpg,0.716,18,yes
data/val/burn_2nd_degree/burn_2nd_degree_kg2_133.jpg,val,burn_2nd_degree,burn,burn_2nd_degree_kg2_133.jpg,0.718,9,yes
data/val/burn_2nd_degree/burn_2nd_degree_kg2_16.jpg,val,burn_2nd_degree,burn,burn_2nd_degree_kg2_16.jpg,0.702,16,yes
data/val/burn_2nd_degree/burn_2nd_degree_kg2_160.jpg,val,burn_2nd_degree,burn,burn_2nd_degree_kg2_160.jpg,0.804,14,no
data/val/burn_2nd_degree/burn_2nd_degree_kg2_17.jpg,val,burn_2nd_degree,burn,burn_2nd_degree_kg2_17.jpg,0.743,17,yes
data/val/burn_2nd_degree/burn_2nd_degree_kg2_176.jpg,val,burn_2nd_degree,burn,burn_2nd_degree_kg2_176.jpg,0.749,13,yes
data/val/burn_2nd_degree/burn_2nd_degree_kg2_182.jpg,val,burn_2nd_degree,burn,burn_2nd_degree_kg2_182.jpg,0.736,14,yes
data/val/burn_2nd_degree/burn_2nd_degree_kg2_213.jpg,val,burn_2nd_degree,burn,burn_2nd_degree_kg2_213.jpg,0.769,17,no
data/val/burn_2nd_degree/burn_2nd_degree_kg2_219.jpg,val,burn_2nd_degree,burn,burn_2nd_degree_kg2_219.jpg,0.745,9,yes
data/val/burn_2nd_degree/burn_2nd_degree_kg2_224.jpg,val,burn_2nd_degree,burn,burn_2nd_degree_kg2_224.jpg,0.724,18,yes
data/val/burn_2nd_degree/burn_2nd_degree_kg2_227.jpg,val,burn_2nd_degree,burn,burn_2nd_degree_kg2_227.jpg,0.673,11,yes
data/val/burn_2nd_degree/burn_2nd_degree_kg2_246.jpg,val,burn_2nd_degree,burn,burn_2nd_degree_kg2_246.jpg,0.688,17,yes
data/val/burn_2nd_degree/burn_2nd_degree_kg2_255.jpg,val,burn_2nd_degree,burn,burn_2nd_degree_kg2_255.jpg,0.677,12,yes
data/val/burn_2nd_degree/burn_2nd_degree_kg2_26.jpg,val,burn_2nd_degree,burn,burn_2nd_degree_kg2_26.jpg,0.849,13,no
data/val/burn_2nd_degree/burn_2nd_degree_kg2_265.jpg,val,burn_2nd_degree,burn,burn_2nd_degree_kg2_265.jpg,0.704,5,no
data/val/burn_2nd_degree/burn_2nd_degree_kg2_291.jpg,val,burn_2nd_degree,burn,burn_2nd_degree_kg2_291.jpg,0.800,11,no
data/val/burn_2nd_degree/burn_2nd_degree_kg2_335.jpg,val,burn_2nd_degree,burn,burn_2nd_degree_kg2_1017.jpg,0.750,17,yes
data/val/burn_2nd_degree/burn_2nd_degree_kg2_379.jpg,val,burn_2nd_degree,burn,burn_2nd_degree_kg2_379.jpg,0.643,18,yes
data/val/burn_2nd_degree/burn_2nd_degree_kg2_392.jpg,val,burn_2nd_degree,burn,burn_2nd_degree_kg2_392.jpg,0.759,13,no
data/val/burn_2nd_degree/burn_2nd_degree_kg2_398.jpg,val,burn_2nd_degree,burn,burn_2nd_degree_kg2_398.jpg,0.742,12,yes
data/val/burn_2nd_degree/burn_2nd_degree_kg2_413.jpg,val,burn_2nd_degree,burn,burn_2nd_degree_kg2_413.jpg,0.758,10,no
data/val/burn_2nd_degree/burn_2nd_degree_kg2_429.jpg,val,burn_2nd_degree,burn,burn_2nd_degree_kg2_429.jpg,0.760,17,no
data/val/burn_2nd_degree/burn_2nd_degree_kg2_438.jpg,val,burn_2nd_degree,burn,burn_2nd_degree_kg2_438.jpg,0.978,0,no
data/val/burn_2nd_degree/burn_2nd_degree_kg2_45.jpg,val,burn_2nd_degree,burn,burn_2nd_degree_kg2_45.jpg,0.662,13,yes
data/val/burn_2nd_degree/burn_2nd_degree_kg2_470.jpg,val,burn_2nd_degree,burn,burn_2nd_degree_kg2_470.jpg,0.754,8,no
data/val/burn_2nd_degree/burn_2nd_degree_kg2_484.jpg,val,burn_2nd_degree,burn,burn_2nd_degree_kg2_133.jpg,0.718,9,yes
data/val/burn_2nd_degree/burn_2nd_degree_kg2_515.jpg,val,burn_2nd_degree,burn,burn_2nd_degree_kg2_515.jpg,0.746,16,yes
data/val/burn_2nd_degree/burn_2nd_degree_kg2_517.jpg,val,burn_2nd_degree,burn,burn_2nd_degree_kg2_133.jpg,0.718,9,yes
data/val/burn_2nd_degree/burn_2nd_degree_kg2_561.jpg,val,burn_2nd_degree,burn,burn_2nd_degree_kg2_561.jpg,0.782,15,no
data/val/burn_2nd_degree/burn_2nd_degree_kg2_564.jpg,val,burn_2nd_degree,burn,burn_2nd_degree_kg2_564.jpg,0.724,12,yes
data/val/burn_2nd_degree/burn_2nd_degree_kg2_565.jpg,val,burn_2nd_degree,burn,burn_2nd_degree_kg2_565.jpg,0.777,12,no
data/val/burn_2nd_degree/burn_2nd_degree_kg2_57.jpg,val,burn_2nd_degree,burn,burn_2nd_degree_kg2_57.jpg,0.751,17,no
data/val/burn_2nd_degree/burn_2nd_degree_kg2_574.jpg,val,burn_2nd_degree,burn,burn_2nd_degree_kg2_574.jpg,0.967,0,no
data/val/burn_2nd_degree/burn_2nd_degree_kg2_61.jpg,val,burn_2nd_degree,burn,burn_2nd_degree_kg2_61.jpg,0.757,10,no
data/val/burn_2nd_degree/burn_2nd_degree_kg2_610.jpg,val,burn_2nd_degree,burn,burn_2nd_degree_kg2_392.jpg,0.820,13,no
data/val/burn_2nd_degree/burn_2nd_degree_kg2_629.jpg,val,burn_2nd_degree,burn,burn_2nd_degree_kg2_629.jpg,0.752,14,no
data/val/burn_2nd_degree/burn_2nd_degree_kg2_684.jpg,val,burn_2nd_degree,burn,burn_2nd_degree_kg2_684.jpg,0.979,1,no
data/val/burn_2nd_degree/burn_2nd_degree_kg2_701.jpg,val,burn_2nd_degree,burn,burn_2nd_degree_kg2_701.jpg,0.730,14,yes
data/val/burn_2nd_degree/burn_2nd_degree_kg2_708.jpg,val,burn_2nd_degree,burn,burn_2nd_degree_kg2_708.jpg,0.707,15,yes
data/val/burn_2nd_degree/burn_2nd_degree_kg2_74.jpg,val,burn_2nd_degree,burn,burn_2nd_degree_kg2_74.jpg,0.703,19,yes
data/val/burn_2nd_degree/burn_2nd_degree_kg2_767.jpg,val,burn_2nd_degree,burn,burn_2nd_degree_kg2_767.jpg,0.656,17,yes
data/val/burn_2nd_degree/burn_2nd_degree_kg2_78.jpg,val,burn_2nd_degree,burn,burn_2nd_degree_kg2_565.jpg,0.777,12,no
data/val/burn_2nd_degree/burn_2nd_degree_kg2_784.jpg,val,burn_2nd_degree,burn,burn_2nd_degree_kg2_784.jpg,0.746,16,yes
data/val/burn_2nd_degree/burn_2nd_degree_kg2_808.jpg,val,burn_2nd_degree,burn,burn_2nd_degree_kg2_808.jpg,0.870,0,no
data/val/burn_2nd_degree/burn_2nd_degree_kg2_813.jpg,val,burn_2nd_degree,burn,burn_2nd_degree_kg2_470.jpg,0.754,8,no
data/val/burn_2nd_degree/burn_2nd_degree_kg2_826.jpg,val,burn_2nd_degree,burn,burn_2nd_degree_kg2_564.jpg,0.729,12,yes
data/val/burn_2nd_degree/burn_2nd_degree_kg2_836.jpg,val,burn_2nd_degree,burn,burn_2nd_degree_kg2_836.jpg,0.726,16,yes
data/val/burn_2nd_degree/burn_2nd_degree_kg2_840.jpg,val,burn_2nd_degree,burn,burn_2nd_degree_kg2_438.jpg,0.978,0,no
data/val/burn_2nd_degree/burn_2nd_degree_kg2_869.jpg,val,burn_2nd_degree,burn,burn_2nd_degree_kg2_869.jpg,0.690,16,yes
data/val/burn_2nd_degree/burn_2nd_degree_kg2_878.jpg,val,burn_2nd_degree,burn,burn_2nd_degree_kg2_219.jpg,0.745,9,yes
data/val/burn_2nd_degree/burn_2nd_degree_kg2_900.jpg,val,burn_2nd_degree,burn,burn_2nd_degree_kg2_900.jpg,0.721,15,yes
data/val/burn_2nd_degree/burn_2nd_degree_kg2_913.jpg,val,burn_2nd_degree,burn,burn_2nd_degree_kg2_913.jpg,0.741,20,yes
data/val/burn_2nd_degree/burn_2nd_degree_kg2_92.jpg,val,burn_2nd_degree,burn,burn_2nd_degree_kg2_92.jpg,0.734,11,yes
data/val/burn_2nd_degree/burn_2nd_degree_kg2_929.jpg,val,burn_2nd_degree,burn,burn_2nd_degree_kg2_929.jpg,0.660,16,yes
data/val/burn_2nd_degree/burn_2nd_degree_kg2_938.jpg,val,burn_2nd_degree,burn,burn_2nd_degree_kg2_938.jpg,0.728,12,yes
data/val/burn_2nd_degree/burn_2nd_degree_kg2_949.jpg,val,burn_2nd_degree,burn,burn_2nd_degree_kg2_949.jpg,0.698,11,yes
data/val/burn_2nd_degree/burn_2nd_degree_kg2_95.jpg,val,burn_2nd_degree,burn,burn_2nd_degree_kg2_95.jpg,0.796,14,no
data/val/burn_2nd_degree/burn_2nd_degree_kg2_955.jpg,val,burn_2nd_degree,burn,burn_2nd_degree_kg2_784.jpg,0.765,16,no
data/val/burn_2nd_degree/burn_2nd_degree_kg2_96.jpg,val,burn_2nd_degree,burn,burn_2nd_degree_kg2_96.jpg,0.741,13,yes
data/val/burn_2nd_degree/burn_2nd_degree_kg2_964.jpg,val,burn_2nd_degree,burn,burn_1st_degree_kg2_859.jpg,0.701,15,yes
data/val/burn_3rd_degree/burn_3rd_degree_kg2_1046.jpg,val,burn_3rd_degree,burn,burn_3rd_degree_kg2_1046.jpg,0.964,0,no
data/val/burn_3rd_degree/burn_3rd_degree_kg2_192.jpg,val,burn_3rd_degree,burn,burn_3rd_degree_kg2_192.jpg,0.975,0,no
data/val/burn_3rd_degree/burn_3rd_degree_kg2_259.jpg,val,burn_3rd_degree,burn,burn_3rd_degree_kg2_259.jpg,0.967,0,no
data/val/burn_3rd_degree/burn_3rd_degree_kg2_284.jpg,val,burn_3rd_degree,burn,burn_3rd_degree_kg2_284.jpg,0.975,0,no
data/val/burn_3rd_degree/burn_3rd_degree_kg2_285.jpg,val,burn_3rd_degree,burn,burn_3rd_degree_kg2_285.jpg,0.645,16,yes
data/val/burn_3rd_degree/burn_3rd_degree_kg2_30.jpg,val,burn_3rd_degree,burn,burn_3rd_degree_kg2_30.jpg,0.721,15,yes
data/val/burn_3rd_degree/burn_3rd_degree_kg2_310.jpg,val,burn_3rd_degree,burn,burn_3rd_degree_kg2_310.jpg,0.977,0,no
data/val/burn_3rd_degree/burn_3rd_degree_kg2_362.jpg,val,burn_3rd_degree,burn,burn_2nd_degree_kg2_117.jpg,0.710,12,yes
data/val/burn_3rd_degree/burn_3rd_degree_kg2_40.jpg,val,burn_3rd_degree,burn,burn_3rd_degree_kg2_284.jpg,0.975,0,no
data/val/burn_3rd_degree/burn_3rd_degree_kg2_419.jpg,val,burn_3rd_degree,burn,burn_3rd_degree_kg2_419.jpg,0.964,0,no
data/val/burn_3rd_degree/burn_3rd_degree_kg2_453.jpg,val,burn_3rd_degree,burn,burn_3rd_degree_kg2_453.jpg,0.691,16,yes
data/val/burn_3rd_degree/burn_3rd_degree_kg2_465.jpg,val,burn_3rd_degree,burn,burn_3rd_degree_kg2_465.jpg,0.732,12,yes
data/val/burn_3rd_degree/burn_3rd_degree_kg2_475.jpg,val,burn_3rd_degree,burn,burn_3rd_degree_kg2_419.jpg,0.964,0,no
data/val/burn_3rd_degree/burn_3rd_degree_kg2_490.jpg,val,burn_3rd_degree,burn,burn_3rd_degree_kg2_30.jpg,0.721,15,yes
data/val/burn_3rd_degree/burn_3rd_degree_kg2_518.jpg,val,burn_3rd_degree,burn,burn_3rd_degree_kg2_518.jpg,0.839,16,no
data/val/burn_3rd_degree/burn_3rd_degree_kg2_529.jpg,val,burn_3rd_degree,burn,burn_3rd_degree_kg2_529.jpg,0.899,0,no
data/val/burn_3rd_degree/burn_3rd_degree_kg2_58.jpg,val,burn_3rd_degree,burn,burn_3rd_degree_kg2_58.jpg,0.973,0,no
data/val/burn_3rd_degree/burn_3rd_degree_kg2_612.jpg,val,burn_3rd_degree,burn,burn_3rd_degree_kg2_612.jpg,0.897,0,no
data/val/burn_3rd_degree/burn_3rd_degree_kg2_622.jpg,val,burn_3rd_degree,burn,burn_3rd_degree_kg2_622.jpg,0.965,0,no
data/val/burn_3rd_degree/burn_3rd_degree_kg2_723.jpg,val,burn_3rd_degree,burn,burn_3rd_degree_kg2_723.jpg,0.623,17,yes
data/val/burn_3rd_degree/burn_3rd_degree_kg2_76.jpg,val,burn_3rd_degree,burn,burn_3rd_degree_kg2_76.jpg,0.967,0,no
data/val/burn_3rd_degree/burn_3rd_degree_kg2_83.jpg,val,burn_3rd_degree,burn,burn_2nd_degree_kg2_684.jpg,0.979,1,no
data/val/burn_3rd_degree/burn_3rd_degree_kg2_855.jpg,val,burn_3rd_degree,burn,burn_3rd_degree_kg2_855.jpg,0.981,0,no
data/val/burn_3rd_degree/burn_3rd_degree_kg2_895.jpg,val,burn_3rd_degree,burn,burn_3rd_degree_kg2_895.jpg,0.974,0,no
data/val/burn_3rd_degree/burn_3rd_degree_kg2_899.jpg,val,burn_3rd_degree,burn,burn_3rd_degree_kg2_899.jpg,0.977,0,no
data/val/burn_3rd_degree/burn_3rd_degree_kg2_908.jpg,val,burn_3rd_degree,burn,burn_3rd_degree_kg2_908.jpg,0.723,14,yes
data/val/burn_3rd_degree/burn_3rd_degree_kg2_923.jpg,val,burn_3rd_degree,burn,burn_3rd_degree_kg2_923.jpg,0.961,2,no
data/val/burn_3rd_degree/burn_3rd_degree_kg2_93.jpg,val,burn_3rd_degree,burn,burn_3rd_degree_kg2_453.jpg,0.691,16,yes
data/val/burn_3rd_degree/burn_3rd_degree_kg2_934.jpg,val,burn_3rd_degree,burn,burn_2nd_degree_kg2_438.jpg,0.978,0,no
data/val/burn_3rd_degree/burn_3rd_degree_kg2_944.jpg,val,burn_3rd_degree,burn,burn_3rd_degree_kg2_944.jpg,0.708,17,yes
data/val/burn_3rd_degree/burn_3rd_degree_kg2_965.jpg,val,burn_3rd_degree,burn,burn_3rd_degree_kg2_965.jpg,0.971,1,no
data/val/cut/cut_kg1_0.jpg,val,cut,cut,cut_kg1_0.jpg,0.953,0,no
data/val/cut/cut_kg1_106.jpg,val,cut,cut,cut_kg1_106.jpg,0.800,14,no
data/val/cut/cut_kg1_138.jpg,val,cut,cut,cut_kg1_138.jpg,0.812,9,no
data/val/cut/cut_kg1_144.jpg,val,cut,cut,cut_kg1_144.jpg,0.968,0,no
data/val/cut/cut_kg1_147.jpg,val,cut,cut,cut_kg1_147.jpg,0.809,11,no
data/val/cut/cut_kg1_150.jpg,val,cut,cut,cut_kg1_150.jpg,0.740,10,yes
data/val/cut/cut_kg1_151.jpg,val,cut,cut,cut_kg1_151.jpg,0.933,2,no
data/val/cut/cut_kg1_164.jpg,val,cut,cut,cut_kg1_164.jpg,0.758,17,no
data/val/cut/cut_kg1_17.jpg,val,cut,cut,cut_kg1_138.jpg,0.907,0,no
data/val/cut/cut_kg1_175.jpg,val,cut,cut,cut_kg1_175.jpg,0.769,14,no
data/val/cut/cut_kg1_180.jpg,val,cut,cut,cut_kg1_106.jpg,0.827,11,no
data/val/cut/cut_kg1_183.jpg,val,cut,cut,cut_kg1_183.jpg,0.744,15,yes
data/val/cut/cut_kg1_189.jpg,val,cut,cut,cut_kg1_189.jpg,0.895,0,no
data/val/cut/cut_kg1_199.jpg,val,cut,cut,cut_kg1_199.jpg,0.696,16,yes
data/val/cut/cut_kg1_200.jpg,val,cut,cut,cut_kg1_200.jpg,0.972,0,no
data/val/cut/cut_kg1_206.jpg,val,cut,cut,cut_kg1_206.jpg,0.975,0,no
data/val/cut/cut_kg1_207.jpg,val,cut,cut,cut_kg1_147.jpg,0.815,12,no
data/val/cut/cut_kg1_21.jpg,val,cut,cut,cut_kg1_21.jpg,0.937,0,no
data/val/cut/cut_kg1_210.jpg,val,cut,cut,cut_kg1_210.jpg,0.971,2,no
data/val/cut/cut_kg1_211.jpg,val,cut,cut,cut_kg1_211.jpg,0.973,0,no
data/val/cut/cut_kg1_226.jpg,val,cut,cut,cut_kg1_226.jpg,0.884,0,no
data/val/cut/cut_kg1_228.jpg,val,cut,cut,cut_kg1_228.jpg,0.678,15,yes
data/val/cut/cut_kg1_24.jpg,val,cut,cut,cut_kg1_24.jpg,0.939,1,no
data/val/cut/cut_kg1_25.jpg,val,cut,cut,cut_kg1_25.jpg,0.889,1,no
data/val/cut/cut_kg1_27.jpg,val,cut,cut,cut_kg1_147.jpg,0.736,14,yes
data/val/cut/cut_kg1_30.jpg,val,cut,cut,cut_kg1_151.jpg,0.860,16,no
data/val/cut/cut_kg1_46.jpg,val,cut,cut,cut_kg1_46.jpg,0.967,0,no
data/val/cut/cut_kg1_54.jpg,val,cut,cut,cut_kg1_54.jpg,0.875,0,no
data/val/cut/cut_kg1_58.jpg,val,cut,cut,cut_kg1_58.jpg,0.975,0,no
data/val/cut/cut_kg1_63.jpg,val,cut,cut,cut_kg1_63.jpg,0.873,0,no
data/val/cut/cut_kg1_70.jpg,val,cut,cut,cut_kg1_226.jpg,0.855,1,no
data/val/cut/cut_kg1_76.jpg,val,cut,cut,cut_kg1_76.jpg,0.738,10,yes
data/val/cut/cut_kg1_79.jpg,val,cut,cut,cut_kg1_0.jpg,0.915,0,no
data/val/cut/cut_kg1_84.jpg,val,cut,cut,cut_kg1_84.jpg,0.972,0,no
data/val/cut/cut_kg1_87.jpg,val,cut,cut,cut_kg1_87.jpg,0.788,13,no
data/val/out_of_scope/extra_bites_ants_88.jpg,val,out_of_scope,non_wound,out_of_scope:extra_bites_ants_88.jpg,0.672,10,yes
data/val/out_of_scope/extra_bites_chiggers_59.jpg,val,out_of_scope,non_wound,out_of_scope:extra_bites_chiggers_59.jpg,0.691,13,yes
data/val/out_of_scope/extra_bites_fleas_74.jpg,val,out_of_scope,non_wound,out_of_scope:extra_bites_fleas_74.jpg,0.701,13,yes
data/val/out_of_scope/extra_bites_no_bites_117.jpg,val,out_of_scope,non_wound,out_of_scope:extra_bites_no_bites_117.jpg,0.715,13,yes
data/val/out_of_scope/extra_bites_no_bites_125.jpg,val,out_of_scope,non_wound,out_of_scope:extra_bites_no_bites_125.jpg,0.751,14,no
data/val/out_of_scope/extra_bites_no_bites_145.jpg,val,out_of_scope,non_wound,out_of_scope:extra_bites_no_bites_145.jpg,0.692,15,yes
data/val/out_of_scope/extra_bites_no_bites_5.jpg,val,out_of_scope,non_wound,out_of_scope:extra_bites_no_bites_5.jpg,0.722,12,yes
data/val/out_of_scope/extra_bites_spiders_12.jpg,val,out_of_scope,non_wound,out_of_scope:extra_bites_spiders_12.jpg,0.750,11,yes
data/val/out_of_scope/extra_bites_spiders_44.jpg,val,out_of_scope,non_wound,out_of_scope:extra_bites_spiders_44.jpg,0.707,19,yes
data/val/out_of_scope/extra_bites_spiders_61.jpg,val,out_of_scope,non_wound,out_of_scope:extra_bites_spiders_61.jpg,0.711,15,yes
data/val/out_of_scope/extra_bites_ticks_56.jpg,val,out_of_scope,non_wound,out_of_scope:extra_bites_ticks_56.jpg,0.756,10,no
data/val/out_of_scope/extra_bites_ticks_83.jpg,val,out_of_scope,non_wound,out_of_scope:extra_bites_ticks_83.jpg,0.696,15,yes
data/val/out_of_scope/extra_bites_ticks_85.jpg,val,out_of_scope,non_wound,out_of_scope:extra_bites_ticks_85.jpg,0.668,17,yes
data/val/out_of_scope/extra_dermnet_acne_and_rosacea_photos_29.jpg,val,out_of_scope,non_wound,out_of_scope:extra_dermnet_acne_and_rosacea_photos_29.jpg,0.606,11,yes
data/val/out_of_scope/extra_dermnet_acne_and_rosacea_photos_32.jpg,val,out_of_scope,non_wound,out_of_scope:extra_dermnet_acne_and_rosacea_photos_32.jpg,0.684,12,yes
data/val/out_of_scope/extra_dermnet_acne_and_rosacea_photos_4.jpg,val,out_of_scope,non_wound,out_of_scope:extra_dermnet_acne_and_rosacea_photos_4.jpg,0.606,17,yes
data/val/out_of_scope/extra_dermnet_acne_and_rosacea_photos_62.jpg,val,out_of_scope,non_wound,out_of_scope:extra_dermnet_acne_and_rosacea_photos_62.jpg,0.744,14,yes
data/val/out_of_scope/extra_dermnet_atopic_dermatitis_photos_15.jpg,val,out_of_scope,non_wound,out_of_scope:extra_skinimg_atopic_dermatitis_98.jpg,0.683,17,yes
data/val/out_of_scope/extra_dermnet_cellulitis_impetigo_and_other_bacterial_infections_10.jpg,val,out_of_scope,non_wound,out_of_scope:extra_dermnet_cellulitis_impetigo_and_other_bacterial_infections_10.jpg,0.716,14,yes
data/val/out_of_scope/extra_dermnet_cellulitis_impetigo_and_other_bacterial_infections_14.jpg,val,out_of_scope,non_wound,out_of_scope:extra_dermnet_cellulitis_impetigo_and_other_bacterial_infections_14.jpg,0.707,15,yes
data/val/out_of_scope/extra_dermnet_cellulitis_impetigo_and_other_bacterial_infections_55.jpg,val,out_of_scope,non_wound,out_of_scope:extra_dermnet_cellulitis_impetigo_and_other_bacterial_infections_55.jpg,0.648,11,yes
data/val/out_of_scope/extra_dermnet_exanthems_and_drug_eruptions_74.jpg,val,out_of_scope,non_wound,out_of_scope:extra_dermnet_exanthems_and_drug_eruptions_74.jpg,0.667,17,yes
data/val/out_of_scope/extra_dermnet_exanthems_and_drug_eruptions_89.jpg,val,out_of_scope,non_wound,out_of_scope:extra_dermnet_exanthems_and_drug_eruptions_89.jpg,0.696,11,yes
data/val/out_of_scope/extra_dermnet_hair_loss_photos_alopecia_and_other_hair_diseases_22.jpg,val,out_of_scope,non_wound,out_of_scope:extra_dermnet_hair_loss_photos_alopecia_and_other_hair_diseases_22.jpg,0.631,11,yes
data/val/out_of_scope/extra_dermnet_hair_loss_photos_alopecia_and_other_hair_diseases_31.jpg,val,out_of_scope,non_wound,out_of_scope:extra_dermnet_hair_loss_photos_alopecia_and_other_hair_diseases_31.jpg,0.621,18,yes
data/val/out_of_scope/extra_dermnet_hair_loss_photos_alopecia_and_other_hair_diseases_70.jpg,val,out_of_scope,non_wound,out_of_scope:extra_dermnet_hair_loss_photos_alopecia_and_other_hair_diseases_70.jpg,0.583,19,yes
data/val/out_of_scope/extra_dermnet_herpes_hpv_and_other_stds_photos_2.jpg,val,out_of_scope,non_wound,out_of_scope:extra_dermnet_herpes_hpv_and_other_stds_photos_2.jpg,0.686,12,yes
data/val/out_of_scope/extra_dermnet_herpes_hpv_and_other_stds_photos_23.jpg,val,out_of_scope,non_wound,out_of_scope:extra_dermnet_herpes_hpv_and_other_stds_photos_23.jpg,0.688,14,yes
data/val/out_of_scope/extra_dermnet_herpes_hpv_and_other_stds_photos_25.jpg,val,out_of_scope,non_wound,out_of_scope:extra_dermnet_herpes_hpv_and_other_stds_photos_23.jpg,0.701,10,yes
data/val/out_of_scope/extra_dermnet_herpes_hpv_and_other_stds_photos_27.jpg,val,out_of_scope,non_wound,out_of_scope:extra_dermnet_herpes_hpv_and_other_stds_photos_27.jpg,0.717,17,yes
data/val/out_of_scope/extra_dermnet_light_diseases_and_disorders_of_pigmentation_73.jpg,val,out_of_scope,non_wound,out_of_scope:extra_dermnet_light_diseases_and_disorders_of_pigmentation_73.jpg,0.673,13,yes
data/val/out_of_scope/extra_dermnet_lupus_and_other_connective_tissue_diseases_25.jpg,val,out_of_scope,non_wound,out_of_scope:extra_dermnet_lupus_and_other_connective_tissue_diseases_25.jpg,0.689,17,yes
data/val/out_of_scope/extra_dermnet_lupus_and_other_connective_tissue_diseases_32.jpg,val,out_of_scope,non_wound,out_of_scope:extra_dermnet_lupus_and_other_connective_tissue_diseases_32.jpg,0.691,14,yes
data/val/out_of_scope/extra_dermnet_poison_ivy_photos_and_other_contact_dermatitis_76.jpg,val,out_of_scope,non_wound,out_of_scope:extra_dermnet_poison_ivy_photos_and_other_contact_dermatitis_76.jpg,0.693,16,yes
data/val/out_of_scope/extra_dermnet_poison_ivy_photos_and_other_contact_dermatitis_79.jpg,val,out_of_scope,non_wound,out_of_scope:extra_dermnet_poison_ivy_photos_and_other_contact_dermatitis_79.jpg,0.724,13,yes
data/val/out_of_scope/extra_dermnet_psoriasis_pictures_lichen_planus_and_related_diseases_37.jpg,val,out_of_scope,non_wound,out_of_scope:extra_dermnet_psoriasis_pictures_lichen_planus_and_related_diseases_37.jpg,0.679,14,yes
data/val/out_of_scope/extra_dermnet_scabies_lyme_disease_and_other_infestations_and_bites_22.jpg,val,out_of_scope,non_wound,out_of_scope:extra_dermnet_scabies_lyme_disease_and_other_infestations_and_bites_22.jpg,0.621,17,yes
data/val/out_of_scope/extra_dermnet_scabies_lyme_disease_and_other_infestations_and_bites_4.jpg,val,out_of_scope,non_wound,out_of_scope:extra_dermnet_scabies_lyme_disease_and_other_infestations_and_bites_4.jpg,0.734,12,yes
data/val/out_of_scope/extra_dermnet_scabies_lyme_disease_and_other_infestations_and_bites_41.jpg,val,out_of_scope,non_wound,out_of_scope:extra_dermnet_scabies_lyme_disease_and_other_infestations_and_bites_41.jpg,0.668,16,yes
data/val/out_of_scope/extra_dermnet_scabies_lyme_disease_and_other_infestations_and_bites_90.jpg,val,out_of_scope,non_wound,out_of_scope:extra_dermnet_scabies_lyme_disease_and_other_infestations_and_bites_90.jpg,0.721,16,yes
data/val/out_of_scope/extra_dermnet_scabies_lyme_disease_and_other_infestations_and_bites_91.jpg,val,out_of_scope,non_wound,out_of_scope:extra_dermnet_scabies_lyme_disease_and_other_infestations_and_bites_91.jpg,0.662,15,yes
data/val/out_of_scope/extra_dermnet_scabies_lyme_disease_and_other_infestations_and_bites_97.jpg,val,out_of_scope,non_wound,out_of_scope:extra_dermnet_scabies_lyme_disease_and_other_infestations_and_bites_97.jpg,0.608,16,yes
data/val/out_of_scope/extra_dermnet_scabies_lyme_disease_and_other_infestations_and_bites_98.jpg,val,out_of_scope,non_wound,out_of_scope:extra_dermnet_scabies_lyme_disease_and_other_infestations_and_bites_98.jpg,0.551,15,yes
data/val/out_of_scope/extra_dermnet_seborrheic_keratoses_and_other_benign_tumors_14.jpg,val,out_of_scope,non_wound,out_of_scope:extra_dermnet_seborrheic_keratoses_and_other_benign_tumors_14.jpg,0.674,17,yes
data/val/out_of_scope/extra_dermnet_seborrheic_keratoses_and_other_benign_tumors_2.jpg,val,out_of_scope,non_wound,out_of_scope:extra_dermnet_seborrheic_keratoses_and_other_benign_tumors_2.jpg,0.659,7,yes
data/val/out_of_scope/extra_dermnet_systemic_disease_5.jpg,val,out_of_scope,non_wound,out_of_scope:extra_dermnet_systemic_disease_5.jpg,0.718,18,yes
data/val/out_of_scope/extra_dermnet_vascular_tumors_10.jpg,val,out_of_scope,non_wound,out_of_scope:extra_dermnet_vascular_tumors_10.jpg,0.663,14,yes
data/val/out_of_scope/extra_dermnet_vascular_tumors_5.jpg,val,out_of_scope,non_wound,out_of_scope:extra_dermnet_vascular_tumors_5.jpg,0.710,9,yes
data/val/out_of_scope/extra_dermnet_vascular_tumors_94.jpg,val,out_of_scope,non_wound,out_of_scope:extra_dermnet_vascular_tumors_94.jpg,0.652,15,yes
data/val/out_of_scope/extra_dermnet_vasculitis_photos_95.jpg,val,out_of_scope,non_wound,out_of_scope:extra_dermnet_vasculitis_photos_95.jpg,0.676,16,yes
data/val/out_of_scope/extra_dermnet_warts_molluscum_and_other_viral_infections_15.jpg,val,out_of_scope,non_wound,out_of_scope:extra_dermnet_warts_molluscum_and_other_viral_infections_15.jpg,0.694,14,yes
data/val/out_of_scope/extra_dermnet_warts_molluscum_and_other_viral_infections_64.jpg,val,out_of_scope,non_wound,out_of_scope:extra_dermnet_warts_molluscum_and_other_viral_infections_64.jpg,0.628,18,yes
data/val/out_of_scope/extra_ibrahim_ood_diabetic_wound_140.jpg,val,out_of_scope,non_wound,out_of_scope:extra_ibrahim_ood_diabetic_wound_140.jpg,0.667,16,yes
data/val/out_of_scope/extra_ibrahim_ood_diabetic_wound_144.jpg,val,out_of_scope,non_wound,out_of_scope:extra_ibrahim_ood_diabetic_wound_144.jpg,0.656,16,yes
data/val/out_of_scope/extra_ibrahim_ood_diabetic_wound_148.jpg,val,out_of_scope,non_wound,out_of_scope:extra_ibrahim_ood_diabetic_wound_148.jpg,0.692,15,yes
data/val/out_of_scope/extra_ibrahim_ood_diabetic_wound_172.jpg,val,out_of_scope,non_wound,out_of_scope:extra_ibrahim_ood_diabetic_wound_172.jpg,0.693,10,yes
data/val/out_of_scope/extra_ibrahim_ood_diabetic_wound_190.jpg,val,out_of_scope,non_wound,out_of_scope:extra_ibrahim_ood_diabetic_wound_190.jpg,0.694,17,yes
data/val/out_of_scope/extra_ibrahim_ood_diabetic_wound_222.jpg,val,out_of_scope,non_wound,out_of_scope:extra_ibrahim_ood_diabetic_wound_222.jpg,0.700,17,yes
data/val/out_of_scope/extra_ibrahim_ood_diabetic_wound_73.jpg,val,out_of_scope,non_wound,out_of_scope:extra_ibrahim_ood_diabetic_wound_73.jpg,0.615,15,yes
data/val/out_of_scope/extra_ibrahim_ood_pressure_wound_12.jpg,val,out_of_scope,non_wound,out_of_scope:extra_ibrahim_ood_pressure_wound_12.jpg,0.652,10,yes
data/val/out_of_scope/extra_ibrahim_ood_pressure_wound_157.jpg,val,out_of_scope,non_wound,out_of_scope:extra_ibrahim_ood_pressure_wound_157.jpg,0.655,17,yes
data/val/out_of_scope/extra_ibrahim_ood_pressure_wound_17.jpg,val,out_of_scope,non_wound,out_of_scope:extra_ibrahim_ood_pressure_wound_17.jpg,0.706,12,yes
data/val/out_of_scope/extra_ibrahim_ood_pressure_wound_24.jpg,val,out_of_scope,non_wound,out_of_scope:extra_ibrahim_ood_pressure_wound_24.jpg,0.695,14,yes
data/val/out_of_scope/extra_ibrahim_ood_pressure_wound_85.jpg,val,out_of_scope,non_wound,out_of_scope:extra_ibrahim_ood_pressure_wound_85.jpg,0.678,15,yes
data/val/out_of_scope/extra_ibrahim_ood_surgical_wound_118.jpg,val,out_of_scope,non_wound,out_of_scope:extra_ibrahim_ood_surgical_wound_118.jpg,0.701,15,yes
data/val/out_of_scope/extra_ibrahim_ood_surgical_wound_145.jpg,val,out_of_scope,non_wound,out_of_scope:extra_ibrahim_ood_surgical_wound_145.jpg,0.641,10,yes
data/val/out_of_scope/extra_ibrahim_ood_surgical_wound_148.jpg,val,out_of_scope,non_wound,out_of_scope:extra_ibrahim_ood_surgical_wound_148.jpg,0.687,18,yes
data/val/out_of_scope/extra_ibrahim_ood_surgical_wound_94.jpg,val,out_of_scope,non_wound,out_of_scope:extra_ibrahim_ood_surgical_wound_94.jpg,0.694,16,yes
data/val/out_of_scope/extra_ibrahim_ood_surgical_wound_98.jpg,val,out_of_scope,non_wound,out_of_scope:extra_ibrahim_ood_surgical_wound_98.jpg,0.684,18,yes
data/val/out_of_scope/extra_ibrahim_ood_venous_wound_141.jpg,val,out_of_scope,non_wound,out_of_scope:extra_ibrahim_ood_venous_wound_141.jpg,0.724,16,yes
data/val/out_of_scope/extra_ibrahim_ood_venous_wound_88.jpg,val,out_of_scope,non_wound,out_of_scope:extra_ibrahim_ood_venous_wound_88.jpg,0.714,18,yes
data/val/out_of_scope/extra_skindis_dermatitis_kontak_alergi_59.jpg,val,out_of_scope,non_wound,out_of_scope:extra_skindis_dermatitis_kontak_alergi_59.jpg,0.738,17,yes
data/val/out_of_scope/extra_skindis_neurodermatitis_25.jpg,val,out_of_scope,non_wound,out_of_scope:extra_skindis_neurodermatitis_25.jpg,0.717,16,yes
data/val/out_of_scope/extra_skindis_normal_112.jpg,val,out_of_scope,non_wound,out_of_scope:extra_skindis_normal_112.jpg,0.736,17,yes
data/val/out_of_scope/extra_skindis_normal_117.jpg,val,out_of_scope,non_wound,out_of_scope:extra_skindis_normal_117.jpg,0.749,12,yes
data/val/out_of_scope/extra_skindis_normal_169.jpg,val,out_of_scope,non_wound,out_of_scope:extra_skindis_normal_169.jpg,0.653,13,yes
data/val/out_of_scope/extra_skindis_normal_183.jpg,val,out_of_scope,non_wound,out_of_scope:extra_skindis_normal_183.jpg,0.724,17,yes
data/val/out_of_scope/extra_skindis_normal_204.jpg,val,out_of_scope,non_wound,out_of_scope:extra_skindis_normal_204.jpg,0.681,9,yes
data/val/out_of_scope/extra_skindis_normal_241.jpg,val,out_of_scope,non_wound,out_of_scope:extra_skindis_normal_241.jpg,0.765,12,no
data/val/out_of_scope/extra_skindis_normal_270.jpg,val,out_of_scope,non_wound,out_of_scope:extra_skindis_normal_270.jpg,0.790,12,no
data/val/out_of_scope/extra_skindis_normal_273.jpg,val,out_of_scope,non_wound,out_of_scope:extra_skindis_normal_273.jpg,0.685,11,yes
data/val/out_of_scope/extra_skindis_normal_64.jpg,val,out_of_scope,non_wound,out_of_scope:extra_skindis_normal_64.jpg,0.700,16,yes
data/val/out_of_scope/extra_skindis_normal_81.jpg,val,out_of_scope,non_wound,out_of_scope:extra_skindis_normal_81.jpg,0.717,16,yes
data/val/out_of_scope/extra_skinimg_atopic_dermatitis_0.jpg,val,out_of_scope,non_wound,out_of_scope:extra_skinimg_atopic_dermatitis_0.jpg,0.681,14,yes
data/val/out_of_scope/extra_skinimg_atopic_dermatitis_31.jpg,val,out_of_scope,non_wound,out_of_scope:extra_skinimg_atopic_dermatitis_31.jpg,0.735,10,yes
data/val/out_of_scope/extra_skinimg_atopic_dermatitis_33.jpg,val,out_of_scope,non_wound,out_of_scope:extra_skinimg_atopic_dermatitis_33.jpg,0.723,17,yes
data/val/out_of_scope/extra_skinimg_atopic_dermatitis_37.jpg,val,out_of_scope,non_wound,out_of_scope:extra_skinimg_atopic_dermatitis_37.jpg,0.670,16,yes
data/val/out_of_scope/extra_skinimg_atopic_dermatitis_44.jpg,val,out_of_scope,non_wound,out_of_scope:extra_skinimg_atopic_dermatitis_44.jpg,0.683,16,yes
data/val/out_of_scope/extra_skinimg_atopic_dermatitis_98.jpg,val,out_of_scope,non_wound,out_of_scope:extra_skinimg_atopic_dermatitis_98.jpg,0.683,17,yes
data/val/out_of_scope/extra_skinimg_eczema_5.jpg,val,out_of_scope,non_wound,out_of_scope:extra_skinimg_eczema_5.jpg,0.706,15,yes
data/val/out_of_scope/extra_skinimg_melanocytic_nevi_nv_4.jpg,val,out_of_scope,non_wound,out_of_scope:extra_skinimg_melanocytic_nevi_nv_4.jpg,0.661,13,yes
data/val/out_of_scope/extra_skinimg_psoriasis_pictures_lichen_planus_and_related_diseases_62.jpg,val,out_of_scope,non_wound,out_of_scope:extra_skinimg_psoriasis_pictures_lichen_planus_and_related_diseases_62.jpg,0.682,8,yes
data/val/out_of_scope/extra_skinimg_seborrheic_keratoses_and_other_benign_tumors_88.jpg,val,out_of_scope,non_wound,out_of_scope:extra_skinimg_seborrheic_keratoses_and_other_benign_tumors_88.jpg,0.673,8,yes
data/val/out_of_scope/extra_skinimg_warts_molluscum_and_other_viral_infections_11.jpg,val,out_of_scope,non_wound,out_of_scope:extra_skinimg_warts_molluscum_and_other_viral_infections_11.jpg,0.637,11,yes
data/test/abrasion/abrasion_kg1_0.jpg,test,abrasion,abrasion,abrasion_kg1_0.jpg,0.889,1,no
data/test/abrasion/abrasion_kg1_10.jpg,test,abrasion,abrasion,abrasion_kg1_10.jpg,0.770,18,no
data/test/abrasion/abrasion_kg1_106.jpg,test,abrasion,abrasion,abrasion_kg1_106.jpg,0.627,17,yes
data/test/abrasion/abrasion_kg1_114.jpg,test,abrasion,abrasion,abrasion_kg1_114.jpg,0.873,11,no
data/test/abrasion/abrasion_kg1_118.jpg,test,abrasion,abrasion,abrasion_kg1_118.jpg,0.849,13,no
data/test/abrasion/abrasion_kg1_125.jpg,test,abrasion,abrasion,abrasion_kg1_125.jpg,0.842,13,no
data/test/abrasion/abrasion_kg1_126.jpg,test,abrasion,abrasion,abrasion_kg1_0.jpg,0.922,0,no
data/test/abrasion/abrasion_kg1_131.jpg,test,abrasion,abrasion,abrasion_kg1_118.jpg,0.922,0,no
data/test/abrasion/abrasion_kg1_134.jpg,test,abrasion,abrasion,abrasion_kg1_134.jpg,0.932,1,no
data/test/abrasion/abrasion_kg1_136.jpg,test,abrasion,abrasion,abrasion_kg1_136.jpg,0.874,1,no
data/test/abrasion/abrasion_kg1_139.jpg,test,abrasion,abrasion,abrasion_kg1_139.jpg,0.919,0,no
data/test/abrasion/abrasion_kg1_140.jpg,test,abrasion,abrasion,abrasion_kg1_140.jpg,0.912,15,no
data/test/abrasion/abrasion_kg1_151.jpg,test,abrasion,abrasion,abrasion_kg1_151.jpg,0.788,17,no
data/test/abrasion/abrasion_kg1_160.jpg,test,abrasion,abrasion,abrasion_kg1_160.jpg,0.890,0,no
data/test/abrasion/abrasion_kg1_161.jpg,test,abrasion,abrasion,abrasion_kg1_161.jpg,0.851,13,no
data/test/abrasion/abrasion_kg1_167.jpg,test,abrasion,abrasion,abrasion_kg1_167.jpg,0.767,14,no
data/test/abrasion/abrasion_kg1_170.jpg,test,abrasion,abrasion,abrasion_kg1_170.jpg,0.970,0,no
data/test/abrasion/abrasion_kg1_178.jpg,test,abrasion,abrasion,abrasion_kg1_114.jpg,0.974,0,no
data/test/abrasion/abrasion_kg1_193.jpg,test,abrasion,abrasion,abrasion_kg1_193.jpg,0.895,0,no
data/test/abrasion/abrasion_kg1_195.jpg,test,abrasion,abrasion,abrasion_kg1_195.jpg,0.940,0,no
data/test/abrasion/abrasion_kg1_2.jpg,test,abrasion,abrasion,abrasion_kg1_2.jpg,0.842,1,no
data/test/abrasion/abrasion_kg1_21.jpg,test,abrasion,abrasion,abrasion_kg1_21.jpg,0.764,18,no
data/test/abrasion/abrasion_kg1_25.jpg,test,abrasion,abrasion,abrasion_kg1_25.jpg,0.785,16,no
data/test/abrasion/abrasion_kg1_28.jpg,test,abrasion,abrasion,abrasion_kg1_28.jpg,0.806,0,no
data/test/abrasion/abrasion_kg1_29.jpg,test,abrasion,abrasion,abrasion_kg1_29.jpg,0.901,0,no
data/test/abrasion/abrasion_kg1_39.jpg,test,abrasion,abrasion,abrasion_kg1_39.jpg,0.901,0,no
data/test/abrasion/abrasion_kg1_41.jpg,test,abrasion,abrasion,abrasion_kg1_41.jpg,0.877,0,no
data/test/abrasion/abrasion_kg1_42.jpg,test,abrasion,abrasion,abrasion_kg1_42.jpg,0.877,0,no
data/test/abrasion/abrasion_kg1_45.jpg,test,abrasion,abrasion,abrasion_kg1_114.jpg,0.936,0,no
data/test/abrasion/abrasion_kg1_48.jpg,test,abrasion,abrasion,abrasion_kg1_118.jpg,0.942,2,no
data/test/abrasion/abrasion_kg1_53.jpg,test,abrasion,abrasion,abrasion_kg1_0.jpg,0.908,3,no
data/test/abrasion/abrasion_kg1_54.jpg,test,abrasion,abrasion,abrasion_kg1_54.jpg,0.914,0,no
data/test/abrasion/abrasion_kg1_57.jpg,test,abrasion,abrasion,abrasion_kg1_57.jpg,0.787,8,no
data/test/abrasion/abrasion_kg1_59.jpg,test,abrasion,abrasion,abrasion_kg1_59.jpg,0.910,0,no
data/test/abrasion/abrasion_kg1_6.jpg,test,abrasion,abrasion,abrasion_kg1_6.jpg,0.939,1,no
data/test/abrasion/abrasion_kg1_60.jpg,test,abrasion,abrasion,abrasion_kg1_161.jpg,0.910,0,no
data/test/abrasion/abrasion_kg1_75.jpg,test,abrasion,abrasion,abrasion_kg1_75.jpg,0.777,14,no
data/test/abrasion/abrasion_kg1_78.jpg,test,abrasion,abrasion,abrasion_kg1_167.jpg,0.784,17,no
data/test/abrasion/abrasion_kg1_84.jpg,test,abrasion,abrasion,abrasion_kg1_84.jpg,0.874,0,no
data/test/abrasion/abrasion_kg1_86.jpg,test,abrasion,abrasion,abrasion_kg1_86.jpg,0.914,0,no
data/test/abrasion/abrasion_kg1_99.jpg,test,abrasion,abrasion,abrasion_kg1_29.jpg,0.871,10,no
data/test/bruise/bruise_kg1_1.jpg,test,bruise,bruise,bruise_kg1_1.jpg,0.721,18,yes
data/test/bruise/bruise_kg1_102.jpg,test,bruise,bruise,bruise_kg1_102.jpg,0.815,18,no
data/test/bruise/bruise_kg1_114.jpg,test,bruise,bruise,bruise_kg1_114.jpg,0.690,18,yes
data/test/bruise/bruise_kg1_115.jpg,test,bruise,bruise,bruise_kg1_115.jpg,0.924,0,no
data/test/bruise/bruise_kg1_116.jpg,test,bruise,bruise,bruise_kg1_116.jpg,0.713,15,yes
data/test/bruise/bruise_kg1_119.jpg,test,bruise,bruise,bruise_kg1_119.jpg,0.944,1,no
data/test/bruise/bruise_kg1_12.jpg,test,bruise,bruise,bruise_kg1_12.jpg,0.713,15,yes
data/test/bruise/bruise_kg1_122.jpg,test,bruise,bruise,bruise_kg1_122.jpg,0.975,0,no
data/test/bruise/bruise_kg1_127.jpg,test,bruise,bruise,bruise_kg1_127.jpg,0.719,17,yes
data/test/bruise/bruise_kg1_130.jpg,test,bruise,bruise,bruise_kg1_130.jpg,0.892,0,no
data/test/bruise/bruise_kg1_133.jpg,test,bruise,bruise,bruise_kg1_133.jpg,0.953,0,no
data/test/bruise/bruise_kg1_136.jpg,test,bruise,bruise,bruise_kg1_136.jpg,0.979,0,no
data/test/bruise/bruise_kg1_139.jpg,test,bruise,bruise,bruise_kg1_139.jpg,0.969,0,no
data/test/bruise/bruise_kg1_143.jpg,test,bruise,bruise,bruise_kg1_143.jpg,0.937,1,no
data/test/bruise/bruise_kg1_146.jpg,test,bruise,bruise,bruise_kg1_146.jpg,0.954,1,no
data/test/bruise/bruise_kg1_154.jpg,test,bruise,bruise,bruise_kg1_154.jpg,0.944,0,no
data/test/bruise/bruise_kg1_159.jpg,test,bruise,bruise,bruise_kg1_136.jpg,0.969,0,no
data/test/bruise/bruise_kg1_161.jpg,test,bruise,bruise,bruise_kg1_161.jpg,0.734,15,yes
data/test/bruise/bruise_kg1_19.jpg,test,bruise,bruise,bruise_kg1_19.jpg,0.743,16,yes
data/test/bruise/bruise_kg1_28.jpg,test,bruise,bruise,bruise_kg1_28.jpg,0.878,2,no
data/test/bruise/bruise_kg1_3.jpg,test,bruise,bruise,bruise_kg1_3.jpg,0.746,12,yes
data/test/bruise/bruise_kg1_32.jpg,test,bruise,bruise,bruise_kg1_1.jpg,0.704,17,yes
data/test/bruise/bruise_kg1_33.jpg,test,bruise,bruise,bruise_kg1_154.jpg,0.940,0,no
data/test/bruise/bruise_kg1_37.jpg,test,bruise,bruise,bruise_kg1_37.jpg,0.865,2,no
data/test/bruise/bruise_kg1_52.jpg,test,bruise,bruise,bruise_kg1_52.jpg,0.863,0,no
data/test/bruise/bruise_kg1_53.jpg,test,bruise,bruise,bruise_kg1_53.jpg,0.909,2,no
data/test/bruise/bruise_kg1_59.jpg,test,bruise,bruise,bruise_kg1_59.jpg,0.912,0,no
data/test/bruise/bruise_kg1_6.jpg,test,bruise,bruise,bruise_kg1_6.jpg,0.929,1,no
data/test/bruise/bruise_kg1_71.jpg,test,bruise,bruise,bruise_kg1_71.jpg,0.858,1,no
data/test/bruise/bruise_kg1_77.jpg,test,bruise,bruise,bruise_kg1_77.jpg,0.833,0,no
data/test/bruise/bruise_kg1_85.jpg,test,bruise,bruise,bruise_kg1_85.jpg,0.878,0,no
data/test/bruise/bruise_kg1_90.jpg,test,bruise,bruise,bruise_kg1_90.jpg,0.804,1,no
data/test/bruise/bruise_kg1_91.jpg,test,bruise,bruise,bruise_kg1_136.jpg,0.912,0,no
data/test/burn_1st_degree/burn_1st_degree_kg2_1010.jpg,test,burn_1st_degree,burn,burn_1st_degree_kg2_1010.jpg,0.708,13,yes
data/test/burn_1st_degree/burn_1st_degree_kg2_1027.jpg,test,burn_1st_degree,burn,burn_1st_degree_kg2_1027.jpg,0.721,12,yes
data/test/burn_1st_degree/burn_1st_degree_kg2_1029.jpg,test,burn_1st_degree,burn,burn_1st_degree_kg2_1029.jpg,0.746,14,yes
data/test/burn_1st_degree/burn_1st_degree_kg2_103.jpg,test,burn_1st_degree,burn,burn_1st_degree_kg2_103.jpg,0.749,14,yes
data/test/burn_1st_degree/burn_1st_degree_kg2_1034.jpg,test,burn_1st_degree,burn,burn_1st_degree_kg2_1034.jpg,0.712,14,yes
data/test/burn_1st_degree/burn_1st_degree_kg2_109.jpg,test,burn_1st_degree,burn,burn_1st_degree_kg2_109.jpg,0.714,13,yes
data/test/burn_1st_degree/burn_1st_degree_kg2_116.jpg,test,burn_1st_degree,burn,burn_1st_degree_kg2_116.jpg,0.665,13,yes
data/test/burn_1st_degree/burn_1st_degree_kg2_127.jpg,test,burn_1st_degree,burn,burn_1st_degree_kg2_127.jpg,0.741,16,yes
data/test/burn_1st_degree/burn_1st_degree_kg2_159.jpg,test,burn_1st_degree,burn,burn_1st_degree_kg2_159.jpg,0.743,18,yes
data/test/burn_1st_degree/burn_1st_degree_kg2_180.jpg,test,burn_1st_degree,burn,burn_1st_degree_kg2_180.jpg,0.756,14,no
data/test/burn_1st_degree/burn_1st_degree_kg2_194.jpg,test,burn_1st_degree,burn,burn_1st_degree_kg2_194.jpg,0.721,15,yes
data/test/burn_1st_degree/burn_1st_degree_kg2_231.jpg,test,burn_1st_degree,burn,burn_1st_degree_kg2_231.jpg,0.676,13,yes
data/test/burn_1st_degree/burn_1st_degree_kg2_240.jpg,test,burn_1st_degree,burn,burn_1st_degree_kg2_240.jpg,0.711,18,yes
data/test/burn_1st_degree/burn_1st_degree_kg2_245.jpg,test,burn_1st_degree,burn,burn_1st_degree_kg2_245.jpg,0.755,17,no
data/test/burn_1st_degree/burn_1st_degree_kg2_253.jpg,test,burn_1st_degree,burn,burn_1st_degree_kg2_253.jpg,0.711,5,no
data/test/burn_1st_degree/burn_1st_degree_kg2_258.jpg,test,burn_1st_degree,burn,burn_1st_degree_kg2_258.jpg,0.781,17,no
data/test/burn_1st_degree/burn_1st_degree_kg2_29.jpg,test,burn_1st_degree,burn,burn_1st_degree_kg2_29.jpg,0.787,15,no
data/test/burn_1st_degree/burn_1st_degree_kg2_294.jpg,test,burn_1st_degree,burn,burn_1st_degree_kg2_294.jpg,0.817,13,no
data/test/burn_1st_degree/burn_1st_degree_kg2_305.jpg,test,burn_1st_degree,burn,burn_1st_degree_kg2_305.jpg,0.758,17,no
data/test/burn_1st_degree/burn_1st_degree_kg2_309.jpg,test,burn_1st_degree,burn,burn_1st_degree_kg2_309.jpg,0.730,14,yes
data/test/burn_1st_degree/burn_1st_degree_kg2_322.jpg,test,burn_1st_degree,burn,burn_1st_degree_kg2_322.jpg,0.889,0,no
data/test/burn_1st_degree/burn_1st_degree_kg2_323.jpg,test,burn_1st_degree,burn,burn_1st_degree_kg2_323.jpg,0.722,12,yes
data/test/burn_1st_degree/burn_1st_degree_kg2_325.jpg,test,burn_1st_degree,burn,burn_1st_degree_kg2_325.jpg,0.772,11,no
data/test/burn_1st_degree/burn_1st_degree_kg2_341.jpg,test,burn_1st_degree,burn,burn_1st_degree_kg2_341.jpg,0.742,17,yes
data/test/burn_1st_degree/burn_1st_degree_kg2_355.jpg,test,burn_1st_degree,burn,burn_1st_degree_kg2_355.jpg,0.777,18,no
data/test/burn_1st_degree/burn_1st_degree_kg2_359.jpg,test,burn_1st_degree,burn,burn_1st_degree_kg2_359.jpg,0.657,12,yes
data/test/burn_1st_degree/burn_1st_degree_kg2_36.jpg,test,burn_1st_degree,burn,burn_1st_degree_kg2_36.jpg,0.693,17,yes
data/test/burn_1st_degree/burn_1st_degree_kg2_37.jpg,test,burn_1st_degree,burn,burn_1st_degree_kg2_37.jpg,0.785,13,no
data/test/burn_1st_degree/burn_1st_degree_kg2_390.jpg,test,burn_1st_degree,burn,burn_1st_degree_kg2_390.jpg,0.763,12,no
data/test/burn_1st_degree/burn_1st_degree_kg2_391.jpg,test,burn_1st_degree,burn,burn_1st_degree_kg2_391.jpg,0.763,11,no
data/test/burn_1st_degree/burn_1st_degree_kg2_430.jpg,test,burn_1st_degree,burn,burn_1st_degree_kg2_430.jpg,0.794,13,no
data/test/burn_1st_degree/burn_1st_degree_kg2_463.jpg,test,burn_1st_degree,burn,burn_1st_degree_kg2_463.jpg,0.972,0,no
data/test/burn_1st_degree/burn_1st_degree_kg2_480.jpg,test,burn_1st_degree,burn,burn_1st_degree_kg2_480.jpg,0.792,14,no
data/test/burn_1st_degree/burn_1st_degree_kg2_496.jpg,test,burn_1st_degree,burn,burn_1st_degree_kg2_496.jpg,0.702,19,yes
data/test/burn_1st_degree/burn_1st_degree_kg2_501.jpg,test,burn_1st_degree,burn,burn_1st_degree_kg2_501.jpg,0.735,9,yes
data/test/burn_1st_degree/burn_1st_degree_kg2_516.jpg,test,burn_1st_degree,burn,burn_1st_degree_kg2_516.jpg,0.675,13,yes
data/test/burn_1st_degree/burn_1st_degree_kg2_523.jpg,test,burn_1st_degree,burn,burn_1st_degree_kg2_523.jpg,0.719,16,yes
data/test/burn_1st_degree/burn_1st_degree_kg2_543.jpg,test,burn_1st_degree,burn,burn_1st_degree_kg2_543.jpg,0.726,11,yes
data/test/burn_1st_degree/burn_1st_degree_kg2_546.jpg,test,burn_1st_degree,burn,burn_1st_degree_kg2_546.jpg,0.750,10,no
data/test/burn_1st_degree/burn_1st_degree_kg2_548.jpg,test,burn_1st_degree,burn,burn_1st_degree_kg2_548.jpg,0.740,8,yes
data/test/burn_1st_degree/burn_1st_degree_kg2_554.jpg,test,burn_1st_degree,burn,burn_1st_degree_kg2_554.jpg,0.781,15,no
data/test/burn_1st_degree/burn_1st_degree_kg2_569.jpg,test,burn_1st_degree,burn,burn_1st_degree_kg2_569.jpg,0.747,14,yes
data/test/burn_1st_degree/burn_1st_degree_kg2_572.jpg,test,burn_1st_degree,burn,burn_1st_degree_kg2_572.jpg,0.681,17,yes
data/test/burn_1st_degree/burn_1st_degree_kg2_595.jpg,test,burn_1st_degree,burn,burn_1st_degree_kg2_595.jpg,0.765,13,no
data/test/burn_1st_degree/burn_1st_degree_kg2_599.jpg,test,burn_1st_degree,burn,burn_1st_degree_kg2_599.jpg,0.781,12,no
data/test/burn_1st_degree/burn_1st_degree_kg2_60.jpg,test,burn_1st_degree,burn,burn_1st_degree_kg2_60.jpg,0.629,14,yes
data/test/burn_1st_degree/burn_1st_degree_kg2_600.jpg,test,burn_1st_degree,burn,burn_1st_degree_kg2_116.jpg,0.665,13,yes
data/test/burn_1st_degree/burn_1st_degree_kg2_631.jpg,test,burn_1st_degree,burn,burn_1st_degree_kg2_37.jpg,0.779,16,no
data/test/burn_1st_degree/burn_1st_degree_kg2_633.jpg,test,burn_1st_degree,burn,burn_1st_degree_kg2_633.jpg,0.738,16,yes
data/test/burn_1st_degree/burn_1st_degree_kg2_643.jpg,test,burn_1st_degree,burn,burn_1st_degree_kg2_643.jpg,0.804,6,no
data/test/burn_1st_degree/burn_1st_degree_kg2_665.jpg,test,burn_1st_degree,burn,burn_1st_degree_kg2_665.jpg,0.683,17,yes
data/test/burn_1st_degree/burn_1st_degree_kg2_668.jpg,test,burn_1st_degree,burn,burn_1st_degree_kg2_668.jpg,0.685,15,yes
data/test/burn_1st_degree/burn_1st_degree_kg2_679.jpg,test,burn_1st_degree,burn,burn_1st_degree_kg2_679.jpg,0.668,10,yes
data/test/burn_1st_degree/burn_1st_degree_kg2_680.jpg,test,burn_1st_degree,burn,burn_1st_degree_kg2_680.jpg,0.669,15,yes
data/test/burn_1st_degree/burn_1st_degree_kg2_683.jpg,test,burn_1st_degree,burn,burn_1st_degree_kg2_683.jpg,0.745,17,yes
data/test/burn_1st_degree/burn_1st_degree_kg2_693.jpg,test,burn_1st_degree,burn,burn_1st_degree_kg2_693.jpg,0.748,8,yes
data/test/burn_1st_degree/burn_1st_degree_kg2_699.jpg,test,burn_1st_degree,burn,burn_1st_degree_kg2_699.jpg,0.762,17,no
data/test/burn_1st_degree/burn_1st_degree_kg2_716.jpg,test,burn_1st_degree,burn,burn_1st_degree_kg2_716.jpg,0.731,16,yes
data/test/burn_1st_degree/burn_1st_degree_kg2_72.jpg,test,burn_1st_degree,burn,burn_1st_degree_kg2_72.jpg,0.806,13,no
data/test/burn_1st_degree/burn_1st_degree_kg2_720.jpg,test,burn_1st_degree,burn,burn_1st_degree_kg2_720.jpg,0.775,15,no
data/test/burn_1st_degree/burn_1st_degree_kg2_724.jpg,test,burn_1st_degree,burn,burn_1st_degree_kg2_724.jpg,0.726,15,yes
data/test/burn_1st_degree/burn_1st_degree_kg2_738.jpg,test,burn_1st_degree,burn,burn_1st_degree_kg2_738.jpg,0.681,16,yes
data/test/burn_1st_degree/burn_1st_degree_kg2_743.jpg,test,burn_1st_degree,burn,burn_1st_degree_kg2_743.jpg,0.757,16,no
data/test/burn_1st_degree/burn_1st_degree_kg2_744.jpg,test,burn_1st_degree,burn,burn_1st_degree_kg2_744.jpg,0.718,19,yes
data/test/burn_1st_degree/burn_1st_degree_kg2_75.jpg,test,burn_1st_degree,burn,burn_1st_degree_kg2_75.jpg,0.980,1,no
data/test/burn_1st_degree/burn_1st_degree_kg2_765.jpg,test,burn_1st_degree,burn,burn_1st_degree_kg2_322.jpg,0.873,1,no
data/test/burn_1st_degree/burn_1st_degree_kg2_796.jpg,test,burn_1st_degree,burn,burn_1st_degree_kg2_796.jpg,0.726,16,yes
data/test/burn_1st_degree/burn_1st_degree_kg2_799.jpg,test,burn_1st_degree,burn,burn_1st_degree_kg2_799.jpg,0.709,13,yes
data/test/burn_1st_degree/burn_1st_degree_kg2_802.jpg,test,burn_1st_degree,burn,burn_1st_degree_kg2_322.jpg,0.889,0,no
data/test/burn_1st_degree/burn_1st_degree_kg2_803.jpg,test,burn_1st_degree,burn,burn_1st_degree_kg2_803.jpg,0.784,16,no
data/test/burn_1st_degree/burn_1st_degree_kg2_807.jpg,test,burn_1st_degree,burn,burn_1st_degree_kg2_807.jpg,0.775,11,no
data/test/burn_1st_degree/burn_1st_degree_kg2_815.jpg,test,burn_1st_degree,burn,burn_1st_degree_kg2_815.jpg,0.729,14,yes
data/test/burn_1st_degree/burn_1st_degree_kg2_823.jpg,test,burn_1st_degree,burn,burn_1st_degree_kg2_823.jpg,0.701,17,yes
data/test/burn_1st_degree/burn_1st_degree_kg2_825.jpg,test,burn_1st_degree,burn,burn_1st_degree_kg2_825.jpg,0.717,12,yes
data/test/burn_1st_degree/burn_1st_degree_kg2_828.jpg,test,burn_1st_degree,burn,burn_1st_degree_kg2_828.jpg,0.673,15,yes
data/test/burn_1st_degree/burn_1st_degree_kg2_837.jpg,test,burn_1st_degree,burn,burn_1st_degree_kg2_837.jpg,0.718,11,yes
data/test/burn_1st_degree/burn_1st_degree_kg2_853.jpg,test,burn_1st_degree,burn,burn_1st_degree_kg2_853.jpg,0.613,14,yes
data/test/burn_1st_degree/burn_1st_degree_kg2_858.jpg,test,burn_1st_degree,burn,burn_1st_degree_kg2_858.jpg,0.756,14,no
data/test/burn_1st_degree/burn_1st_degree_kg2_860.jpg,test,burn_1st_degree,burn,burn_1st_degree_kg2_796.jpg,0.726,16,yes
data/test/burn_1st_degree/burn_1st_degree_kg2_882.jpg,test,burn_1st_degree,burn,burn_1st_degree_kg2_882.jpg,0.641,14,yes
data/test/burn_1st_degree/burn_1st_degree_kg2_888.jpg,test,burn_1st_degree,burn,burn_1st_degree_kg2_888.jpg,0.752,15,no
data/test/burn_1st_degree/burn_1st_degree_kg2_891.jpg,test,burn_1st_degree,burn,burn_1st_degree_kg2_323.jpg,0.722,12,yes
data/test/burn_1st_degree/burn_1st_degree_kg2_896.jpg,test,burn_1st_degree,burn,burn_1st_degree_kg2_896.jpg,0.754,18,no
data/test/burn_1st_degree/burn_1st_degree_kg2_910.jpg,test,burn_1st_degree,burn,burn_1st_degree_kg2_910.jpg,0.771,16,no
data/test/burn_1st_degree/burn_1st_degree_kg2_911.jpg,test,burn_1st_degree,burn,burn_1st_degree_kg2_911.jpg,0.675,17,yes
data/test/burn_1st_degree/burn_1st_degree_kg2_918.jpg,test,burn_1st_degree,burn,burn_1st_degree_kg2_918.jpg,0.772,18,no
data/test/burn_1st_degree/burn_1st_degree_kg2_927.jpg,test,burn_1st_degree,burn,burn_1st_degree_kg2_927.jpg,0.715,15,yes
data/test/burn_1st_degree/burn_1st_degree_kg2_935.jpg,test,burn_1st_degree,burn,burn_1st_degree_kg2_543.jpg,0.726,11,yes
data/test/burn_2nd_degree/burn_2nd_degree_kg2_100.jpg,test,burn_2nd_degree,burn,burn_2nd_degree_kg2_100.jpg,0.730,17,yes
data/test/burn_2nd_degree/burn_2nd_degree_kg2_1001.jpg,test,burn_2nd_degree,burn,burn_2nd_degree_kg2_1001.jpg,0.753,18,no
data/test/burn_2nd_degree/burn_2nd_degree_kg2_1018.jpg,test,burn_2nd_degree,burn,burn_2nd_degree_kg2_1018.jpg,0.657,16,yes
data/test/burn_2nd_degree/burn_2nd_degree_kg2_1023.jpg,test,burn_2nd_degree,burn,burn_2nd_degree_kg2_1023.jpg,0.740,14,yes
data/test/burn_2nd_degree/burn_2nd_degree_kg2_1031.jpg,test,burn_2nd_degree,burn,burn_2nd_degree_kg2_1031.jpg,0.677,15,yes
data/test/burn_2nd_degree/burn_2nd_degree_kg2_1035.jpg,test,burn_2nd_degree,burn,burn_2nd_degree_kg2_1035.jpg,0.654,19,yes
data/test/burn_2nd_degree/burn_2nd_degree_kg2_1039.jpg,test,burn_2nd_degree,burn,burn_1st_degree_kg2_480.jpg,0.752,13,no
data/test/burn_2nd_degree/burn_2nd_degree_kg2_1044.jpg,test,burn_2nd_degree,burn,burn_2nd_degree_kg2_1044.jpg,0.639,11,yes
data/test/burn_2nd_degree/burn_2nd_degree_kg2_1050.jpg,test,burn_2nd_degree,burn,burn_2nd_degree_kg2_1050.jpg,0.736,11,yes
data/test/burn_2nd_degree/burn_2nd_degree_kg2_121.jpg,test,burn_2nd_degree,burn,burn_2nd_degree_kg2_121.jpg,0.659,12,yes
data/test/burn_2nd_degree/burn_2nd_degree_kg2_125.jpg,test,burn_2nd_degree,burn,burn_1st_degree_kg2_322.jpg,0.889,0,no
data/test/burn_2nd_degree/burn_2nd_degree_kg2_146.jpg,test,burn_2nd_degree,burn,burn_2nd_degree_kg2_146.jpg,0.960,0,no
data/test/burn_2nd_degree/burn_2nd_degree_kg2_157.jpg,test,burn_2nd_degree,burn,burn_1st_degree_kg2_858.jpg,0.756,14,no
data/test/burn_2nd_degree/burn_2nd_degree_kg2_167.jpg,test,burn_2nd_degree,burn,burn_2nd_degree_kg2_167.jpg,0.702,12,yes
data/test/burn_2nd_degree/burn_2nd_degree_kg2_172.jpg,test,burn_2nd_degree,burn,burn_2nd_degree_kg2_172.jpg,0.748,11,yes
data/test/burn_2nd_degree/burn_2nd_degree_kg2_193.jpg,test,burn_2nd_degree,burn,burn_2nd_degree_kg2_193.jpg,0.709,13,yes
data/test/burn_2nd_degree/burn_2nd_degree_kg2_203.jpg,test,burn_2nd_degree,burn,burn_2nd_degree_kg2_203.jpg,0.711,14,yes
data/test/burn_2nd_degree/burn_2nd_degree_kg2_236.jpg,test,burn_2nd_degree,burn,burn_1st_degree_kg2_480.jpg,0.792,14,no
data/test/burn_2nd_degree/burn_2nd_degree_kg2_243.jpg,test,burn_2nd_degree,burn,burn_2nd_degree_kg2_243.jpg,0.679,12,yes
data/test/burn_2nd_degree/burn_2nd_degree_kg2_250.jpg,test,burn_2nd_degree,burn,burn_2nd_degree_kg2_250.jpg,0.739,8,yes
data/test/burn_2nd_degree/burn_2nd_degree_kg2_251.jpg,test,burn_2nd_degree,burn,burn_2nd_degree_kg2_251.jpg,0.732,13,yes
data/test/burn_2nd_degree/burn_2nd_degree_kg2_267.jpg,test,burn_2nd_degree,burn,burn_2nd_degree_kg2_1044.jpg,0.639,11,yes
data/test/burn_2nd_degree/burn_2nd_degree_kg2_269.jpg,test,burn_2nd_degree,burn,burn_2nd_degree_kg2_269.jpg,0.749,10,yes
data/test/burn_2nd_degree/burn_2nd_degree_kg2_278.jpg,test,burn_2nd_degree,burn,burn_2nd_degree_kg2_278.jpg,0.773,13,no
data/test/burn_2nd_degree/burn_2nd_degree_kg2_288.jpg,test,burn_2nd_degree,burn,burn_2nd_degree_kg2_288.jpg,0.693,17,yes
data/test/burn_2nd_degree/burn_2nd_degree_kg2_299.jpg,test,burn_2nd_degree,burn,burn_2nd_degree_kg2_299.jpg,0.717,18,yes
data/test/burn_2nd_degree/burn_2nd_degree_kg2_301.jpg,test,burn_2nd_degree,burn,burn_2nd_degree_kg2_301.jpg,0.906,0,no
data/test/burn_2nd_degree/burn_2nd_degree_kg2_348.jpg,test,burn_2nd_degree,burn,burn_2nd_degree_kg2_348.jpg,0.765,11,no
data/test/burn_2nd_degree/burn_2nd_degree_kg2_365.jpg,test,burn_2nd_degree,burn,burn_2nd_degree_kg2_301.jpg,0.906,0,no
data/test/burn_2nd_degree/burn_2nd_degree_kg2_373.jpg,test,burn_2nd_degree,burn,burn_2nd_degree_kg2_373.jpg,0.783,18,no
data/test/burn_2nd_degree/burn_2nd_degree_kg2_377.jpg,test,burn_2nd_degree,burn,burn_2nd_degree_kg2_377.jpg,0.740,17,yes
data/test/burn_2nd_degree/burn_2nd_degree_kg2_397.jpg,test,burn_2nd_degree,burn,burn_2nd_degree_kg2_397.jpg,0.889,0,no
data/test/burn_2nd_degree/burn_2nd_degree_kg2_406.jpg,test,burn_2nd_degree,burn,burn_2nd_degree_kg2_406.jpg,0.783,18,no
data/test/burn_2nd_degree/burn_2nd_degree_kg2_42.jpg,test,burn_2nd_degree,burn,burn_2nd_degree_kg2_397.jpg,0.889,0,no
data/test/burn_2nd_degree/burn_2nd_degree_kg2_423.jpg,test,burn_2nd_degree,burn,burn_2nd_degree_kg2_423.jpg,0.745,16,yes
data/test/burn_2nd_degree/burn_2nd_degree_kg2_445.jpg,test,burn_2nd_degree,burn,burn_2nd_degree_kg2_445.jpg,0.771,19,no
data/test/burn_2nd_degree/burn_2nd_degree_kg2_467.jpg,test,burn_2nd_degree,burn,burn_2nd_degree_kg2_467.jpg,0.707,11,yes
data/test/burn_2nd_degree/burn_2nd_degree_kg2_481.jpg,test,burn_2nd_degree,burn,burn_2nd_degree_kg2_481.jpg,0.739,17,yes
data/test/burn_2nd_degree/burn_2nd_degree_kg2_487.jpg,test,burn_2nd_degree,burn,burn_2nd_degree_kg2_146.jpg,0.974,1,no
data/test/burn_2nd_degree/burn_2nd_degree_kg2_488.jpg,test,burn_2nd_degree,burn,burn_2nd_degree_kg2_488.jpg,0.711,10,yes
data/test/burn_2nd_degree/burn_2nd_degree_kg2_503.jpg,test,burn_2nd_degree,burn,burn_2nd_degree_kg2_503.jpg,0.788,14,no
data/test/burn_2nd_degree/burn_2nd_degree_kg2_505.jpg,test,burn_2nd_degree,burn,burn_2nd_degree_kg2_505.jpg,0.683,18,yes
data/test/burn_2nd_degree/burn_2nd_degree_kg2_508.jpg,test,burn_2nd_degree,burn,burn_2nd_degree_kg2_508.jpg,0.746,16,yes
data/test/burn_2nd_degree/burn_2nd_degree_kg2_528.jpg,test,burn_2nd_degree,burn,burn_2nd_degree_kg2_528.jpg,0.737,10,yes
data/test/burn_2nd_degree/burn_2nd_degree_kg2_532.jpg,test,burn_2nd_degree,burn,burn_2nd_degree_kg2_488.jpg,0.711,10,yes
data/test/burn_2nd_degree/burn_2nd_degree_kg2_584.jpg,test,burn_2nd_degree,burn,burn_2nd_degree_kg2_278.jpg,0.781,13,no
data/test/burn_2nd_degree/burn_2nd_degree_kg2_589.jpg,test,burn_2nd_degree,burn,burn_2nd_degree_kg2_397.jpg,0.889,0,no
data/test/burn_2nd_degree/burn_2nd_degree_kg2_598.jpg,test,burn_2nd_degree,burn,burn_2nd_degree_kg2_598.jpg,0.710,17,yes
data/test/burn_2nd_degree/burn_2nd_degree_kg2_623.jpg,test,burn_2nd_degree,burn,burn_2nd_degree_kg2_623.jpg,0.747,15,yes
data/test/burn_2nd_degree/burn_2nd_degree_kg2_625.jpg,test,burn_2nd_degree,burn,burn_2nd_degree_kg2_625.jpg,0.782,9,no
data/test/burn_2nd_degree/burn_2nd_degree_kg2_628.jpg,test,burn_2nd_degree,burn,burn_1st_degree_kg2_240.jpg,0.730,18,yes
data/test/burn_2nd_degree/burn_2nd_degree_kg2_63.jpg,test,burn_2nd_degree,burn,burn_1st_degree_kg2_391.jpg,0.763,11,no
data/test/burn_2nd_degree/burn_2nd_degree_kg2_651.jpg,test,burn_2nd_degree,burn,burn_2nd_degree_kg2_651.jpg,0.681,14,yes
data/test/burn_2nd_degree/burn_2nd_degree_kg2_691.jpg,test,burn_2nd_degree,burn,burn_2nd_degree_kg2_691.jpg,0.839,16,no
data/test/burn_2nd_degree/burn_2nd_degree_kg2_696.jpg,test,burn_2nd_degree,burn,burn_2nd_degree_kg2_696.jpg,0.737,16,yes
data/test/burn_2nd_degree/burn_2nd_degree_kg2_71.jpg,test,burn_2nd_degree,burn,burn_2nd_degree_kg2_71.jpg,0.747,16,yes
data/test/burn_2nd_degree/burn_2nd_degree_kg2_717.jpg,test,burn_2nd_degree,burn,burn_2nd_degree_kg2_717.jpg,0.766,15,no
data/test/burn_2nd_degree/burn_2nd_degree_kg2_726.jpg,test,burn_2nd_degree,burn,burn_2nd_degree_kg2_726.jpg,0.687,15,yes
data/test/burn_2nd_degree/burn_2nd_degree_kg2_739.jpg,test,burn_2nd_degree,burn,burn_2nd_degree_kg2_739.jpg,0.783,15,no
data/test/burn_2nd_degree/burn_2nd_degree_kg2_749.jpg,test,burn_2nd_degree,burn,burn_2nd_degree_kg2_749.jpg,0.729,17,yes
data/test/burn_2nd_degree/burn_2nd_degree_kg2_753.jpg,test,burn_2nd_degree,burn,burn_2nd_degree_kg2_505.jpg,0.683,18,yes
data/test/burn_2nd_degree/burn_2nd_degree_kg2_782.jpg,test,burn_2nd_degree,burn,burn_2nd_degree_kg2_782.jpg,0.691,17,yes
data/test/burn_2nd_degree/burn_2nd_degree_kg2_80.jpg,test,burn_2nd_degree,burn,burn_2nd_degree_kg2_80.jpg,0.740,13,yes
data/test/burn_2nd_degree/burn_2nd_degree_kg2_81.jpg,test,burn_2nd_degree,burn,burn_2nd_degree_kg2_81.jpg,0.781,14,no
data/test/burn_2nd_degree/burn_2nd_degree_kg2_811.jpg,test,burn_2nd_degree,burn,burn_2nd_degree_kg2_811.jpg,0.759,11,no
data/test/burn_2nd_degree/burn_2nd_degree_kg2_821.jpg,test,burn_2nd_degree,burn,burn_2nd_degree_kg2_821.jpg,0.761,16,no
data/test/burn_2nd_degree/burn_2nd_degree_kg2_838.jpg,test,burn_2nd_degree,burn,burn_2nd_degree_kg2_838.jpg,0.692,18,yes
data/test/burn_2nd_degree/burn_2nd_degree_kg2_842.jpg,test,burn_2nd_degree,burn,burn_2nd_degree_kg2_842.jpg,0.744,12,yes
data/test/burn_2nd_degree/burn_2nd_degree_kg2_848.jpg,test,burn_2nd_degree,burn,burn_2nd_degree_kg2_1023.jpg,0.740,14,yes
data/test/burn_2nd_degree/burn_2nd_degree_kg2_870.jpg,test,burn_2nd_degree,burn,burn_2nd_degree_kg2_870.jpg,0.701,18,yes
data/test/burn_2nd_degree/burn_2nd_degree_kg2_883.jpg,test,burn_2nd_degree,burn,burn_2nd_degree_kg2_883.jpg,0.610,13,yes
data/test/burn_2nd_degree/burn_2nd_degree_kg2_89.jpg,test,burn_2nd_degree,burn,burn_2nd_degree_kg2_89.jpg,0.786,16,no
data/test/burn_2nd_degree/burn_2nd_degree_kg2_932.jpg,test,burn_2nd_degree,burn,burn_1st_degree_kg2_599.jpg,0.778,13,no
data/test/burn_2nd_degree/burn_2nd_degree_kg2_941.jpg,test,burn_2nd_degree,burn,burn_2nd_degree_kg2_488.jpg,0.717,10,yes
data/test/burn_2nd_degree/burn_2nd_degree_kg2_942.jpg,test,burn_2nd_degree,burn,burn_2nd_degree_kg2_942.jpg,0.723,15,yes
data/test/burn_2nd_degree/burn_2nd_degree_kg2_956.jpg,test,burn_2nd_degree,burn,burn_2nd_degree_kg2_956.jpg,0.766,19,no
data/test/burn_2nd_degree/burn_2nd_degree_kg2_957.jpg,test,burn_2nd_degree,burn,burn_2nd_degree_kg2_957.jpg,0.781,14,no
data/test/burn_2nd_degree/burn_2nd_degree_kg2_97.jpg,test,burn_2nd_degree,burn,burn_1st_degree_kg2_75.jpg,0.950,1,no
data/test/burn_2nd_degree/burn_2nd_degree_kg2_976.jpg,test,burn_2nd_degree,burn,burn_2nd_degree_kg2_976.jpg,0.659,11,yes
data/test/burn_2nd_degree/burn_2nd_degree_kg2_980.jpg,test,burn_2nd_degree,burn,burn_2nd_degree_kg2_980.jpg,0.775,18,no
data/test/burn_2nd_degree/burn_2nd_degree_kg2_982.jpg,test,burn_2nd_degree,burn,burn_2nd_degree_kg2_982.jpg,0.656,16,yes
data/test/burn_2nd_degree/burn_2nd_degree_kg2_988.jpg,test,burn_2nd_degree,burn,burn_2nd_degree_kg2_988.jpg,0.711,15,yes
data/test/burn_2nd_degree/burn_2nd_degree_kg2_998.jpg,test,burn_2nd_degree,burn,burn_2nd_degree_kg2_998.jpg,0.708,19,yes
data/test/burn_3rd_degree/burn_3rd_degree_kg2_1021.jpg,test,burn_3rd_degree,burn,burn_3rd_degree_kg2_1021.jpg,0.967,0,no
data/test/burn_3rd_degree/burn_3rd_degree_kg2_1024.jpg,test,burn_3rd_degree,burn,burn_3rd_degree_kg2_1024.jpg,0.975,0,no
data/test/burn_3rd_degree/burn_3rd_degree_kg2_1026.jpg,test,burn_3rd_degree,burn,burn_3rd_degree_kg2_1026.jpg,0.969,0,no
data/test/burn_3rd_degree/burn_3rd_degree_kg2_1040.jpg,test,burn_3rd_degree,burn,burn_3rd_degree_kg2_1040.jpg,0.974,0,no
data/test/burn_3rd_degree/burn_3rd_degree_kg2_168.jpg,test,burn_3rd_degree,burn,burn_3rd_degree_kg2_168.jpg,0.973,0,no
data/test/burn_3rd_degree/burn_3rd_degree_kg2_174.jpg,test,burn_3rd_degree,burn,burn_3rd_degree_kg2_174.jpg,0.736,16,yes
data/test/burn_3rd_degree/burn_3rd_degree_kg2_200.jpg,test,burn_3rd_degree,burn,burn_3rd_degree_kg2_200.jpg,0.979,0,no
data/test/burn_3rd_degree/burn_3rd_degree_kg2_212.jpg,test,burn_3rd_degree,burn,burn_3rd_degree_kg2_1040.jpg,0.974,0,no
data/test/burn_3rd_degree/burn_3rd_degree_kg2_23.jpg,test,burn_3rd_degree,burn,burn_3rd_degree_kg2_23.jpg,0.969,1,no
data/test/burn_3rd_degree/burn_3rd_degree_kg2_252.jpg,test,burn_3rd_degree,burn,burn_3rd_degree_kg2_252.jpg,0.973,0,no
data/test/burn_3rd_degree/burn_3rd_degree_kg2_261.jpg,test,burn_3rd_degree,burn,burn_3rd_degree_kg2_261.jpg,0.969,0,no
data/test/burn_3rd_degree/burn_3rd_degree_kg2_3.jpg,test,burn_3rd_degree,burn,burn_2nd_degree_kg2_146.jpg,0.974,1,no
data/test/burn_3rd_degree/burn_3rd_degree_kg2_300.jpg,test,burn_3rd_degree,burn,burn_3rd_degree_kg2_300.jpg,0.957,0,no
data/test/burn_3rd_degree/burn_3rd_degree_kg2_311.jpg,test,burn_3rd_degree,burn,burn_3rd_degree_kg2_311.jpg,0.818,17,no
data/test/burn_3rd_degree/burn_3rd_degree_kg2_329.jpg,test,burn_3rd_degree,burn,burn_3rd_degree_kg2_329.jpg,0.637,12,yes
data/test/burn_3rd_degree/burn_3rd_degree_kg2_372.jpg,test,burn_3rd_degree,burn,burn_3rd_degree_kg2_1040.jpg,0.974,0,no
data/test/burn_3rd_degree/burn_3rd_degree_kg2_389.jpg,test,burn_3rd_degree,burn,burn_3rd_degree_kg2_389.jpg,0.676,12,yes
data/test/burn_3rd_degree/burn_3rd_degree_kg2_393.jpg,test,burn_3rd_degree,burn,burn_3rd_degree_kg2_393.jpg,0.754,17,no
data/test/burn_3rd_degree/burn_3rd_degree_kg2_411.jpg,test,burn_3rd_degree,burn,burn_3rd_degree_kg2_411.jpg,0.972,1,no
data/test/burn_3rd_degree/burn_3rd_degree_kg2_416.jpg,test,burn_3rd_degree,burn,burn_3rd_degree_kg2_416.jpg,0.970,0,no
data/test/burn_3rd_degree/burn_3rd_degree_kg2_434.jpg,test,burn_3rd_degree,burn,burn_3rd_degree_kg2_434.jpg,0.720,20,yes
data/test/burn_3rd_degree/burn_3rd_degree_kg2_498.jpg,test,burn_3rd_degree,burn,burn_3rd_degree_kg2_498.jpg,0.963,0,no
data/test/burn_3rd_degree/burn_3rd_degree_kg2_499.jpg,test,burn_3rd_degree,burn,burn_3rd_degree_kg2_499.jpg,0.704,17,yes
data/test/burn_3rd_degree/burn_3rd_degree_kg2_519.jpg,test,burn_3rd_degree,burn,burn_3rd_degree_kg2_519.jpg,0.684,18,yes
data/test/burn_3rd_degree/burn_3rd_degree_kg2_531.jpg,test,burn_3rd_degree,burn,burn_3rd_degree_kg2_531.jpg,0.668,21,yes
data/test/burn_3rd_degree/burn_3rd_degree_kg2_551.jpg,test,burn_3rd_degree,burn,burn_3rd_degree_kg2_551.jpg,0.656,15,yes
data/test/burn_3rd_degree/burn_3rd_degree_kg2_560.jpg,test,burn_3rd_degree,burn,burn_3rd_degree_kg2_560.jpg,0.974,0,no
data/test/burn_3rd_degree/burn_3rd_degree_kg2_618.jpg,test,burn_3rd_degree,burn,burn_3rd_degree_kg2_1024.jpg,0.975,0,no
data/test/burn_3rd_degree/burn_3rd_degree_kg2_65.jpg,test,burn_3rd_degree,burn,burn_2nd_degree_kg2_121.jpg,0.659,12,yes
data/test/burn_3rd_degree/burn_3rd_degree_kg2_653.jpg,test,burn_3rd_degree,burn,burn_3rd_degree_kg2_653.jpg,0.979,0,no
data/test/burn_3rd_degree/burn_3rd_degree_kg2_66.jpg,test,burn_3rd_degree,burn,burn_3rd_degree_kg2_416.jpg,0.970,0,no
data/test/burn_3rd_degree/burn_3rd_degree_kg2_678.jpg,test,burn_3rd_degree,burn,burn_3rd_degree_kg2_678.jpg,0.955,0,no
data/test/burn_3rd_degree/burn_3rd_degree_kg2_768.jpg,test,burn_3rd_degree,burn,burn_3rd_degree_kg2_768.jpg,0.930,0,no
data/test/burn_3rd_degree/burn_3rd_degree_kg2_773.jpg,test,burn_3rd_degree,burn,burn_3rd_degree_kg2_773.jpg,0.962,1,no
data/test/burn_3rd_degree/burn_3rd_degree_kg2_8.jpg,test,burn_3rd_degree,burn,burn_3rd_degree_kg2_8.jpg,0.692,13,yes
data/test/burn_3rd_degree/burn_3rd_degree_kg2_806.jpg,test,burn_3rd_degree,burn,burn_3rd_degree_kg2_806.jpg,0.961,0,no
data/test/burn_3rd_degree/burn_3rd_degree_kg2_901.jpg,test,burn_3rd_degree,burn,burn_3rd_degree_kg2_261.jpg,0.920,0,no
data/test/burn_3rd_degree/burn_3rd_degree_kg2_963.jpg,test,burn_3rd_degree,burn,burn_3rd_degree_kg2_963.jpg,0.971,0,no
data/test/burn_3rd_degree/burn_3rd_degree_kg2_969.jpg,test,burn_3rd_degree,burn,burn_3rd_degree_kg2_969.jpg,0.725,16,yes
data/test/burn_3rd_degree/burn_3rd_degree_kg2_997.jpg,test,burn_3rd_degree,burn,burn_3rd_degree_kg2_997.jpg,0.692,15,yes
data/test/cut/cut_kg1_100.jpg,test,cut,cut,cut_kg1_100.jpg,0.627,14,yes
data/test/cut/cut_kg1_110.jpg,test,cut,cut,cut_kg1_100.jpg,0.656,16,yes
data/test/cut/cut_kg1_113.jpg,test,cut,cut,cut_kg1_113.jpg,0.938,0,no
data/test/cut/cut_kg1_116.jpg,test,cut,cut,cut_kg1_116.jpg,0.673,14,yes
data/test/cut/cut_kg1_118.jpg,test,cut,cut,cut_kg1_118.jpg,0.970,0,no
data/test/cut/cut_kg1_120.jpg,test,cut,cut,cut_kg1_120.jpg,0.906,0,no
data/test/cut/cut_kg1_122.jpg,test,cut,cut,cut_kg1_122.jpg,0.968,0,no
data/test/cut/cut_kg1_126.jpg,test,cut,cut,cut_kg1_126.jpg,0.700,17,yes
data/test/cut/cut_kg1_127.jpg,test,cut,cut,cut_kg1_127.jpg,0.889,0,no
data/test/cut/cut_kg1_137.jpg,test,cut,cut,cut_kg1_137.jpg,0.728,14,yes
data/test/cut/cut_kg1_145.jpg,test,cut,cut,cut_kg1_145.jpg,0.980,0,no
data/test/cut/cut_kg1_146.jpg,test,cut,cut,cut_kg1_146.jpg,0.909,0,no
data/test/cut/cut_kg1_15.jpg,test,cut,cut,cut_kg1_15.jpg,0.757,12,no
data/test/cut/cut_kg1_16.jpg,test,cut,cut,cut_kg1_16.jpg,0.725,16,yes
data/test/cut/cut_kg1_168.jpg,test,cut,cut,cut_kg1_168.jpg,0.735,17,yes
data/test/cut/cut_kg1_170.jpg,test,cut,cut,cut_kg1_170.jpg,0.754,14,no
data/test/cut/cut_kg1_174.jpg,test,cut,cut,cut_kg1_174.jpg,0.784,16,no
data/test/cut/cut_kg1_185.jpg,test,cut,cut,cut_kg1_185.jpg,0.721,12,yes
data/test/cut/cut_kg1_188.jpg,test,cut,cut,cut_kg1_113.jpg,0.966,0,no
data/test/cut/cut_kg1_191.jpg,test,cut,cut,cut_kg1_191.jpg,0.924,1,no
data/test/cut/cut_kg1_196.jpg,test,cut,cut,cut_kg1_196.jpg,0.924,1,no
data/test/cut/cut_kg1_198.jpg,test,cut,cut,cut_kg1_198.jpg,0.962,0,no
data/test/cut/cut_kg1_20.jpg,test,cut,cut,cut_kg1_20.jpg,0.742,18,yes
data/test/cut/cut_kg1_214.jpg,test,cut,cut,cut_kg1_214.jpg,0.961,0,no
data/test/cut/cut_kg1_216.jpg,test,cut,cut,cut_kg1_216.jpg,0.977,0,no
data/test/cut/cut_kg1_217.jpg,test,cut,cut,cut_kg1_113.jpg,0.974,0,no
data/test/cut/cut_kg1_22.jpg,test,cut,cut,cut_kg1_22.jpg,0.747,17,yes
data/test/cut/cut_kg1_221.jpg,test,cut,cut,cut_kg1_221.jpg,0.983,0,no
data/test/cut/cut_kg1_223.jpg,test,cut,cut,cut_kg1_223.jpg,0.977,0,no
data/test/cut/cut_kg1_225.jpg,test,cut,cut,cut_kg1_137.jpg,0.733,13,yes
data/test/cut/cut_kg1_227.jpg,test,cut,cut,cut_kg1_227.jpg,0.774,12,no
data/test/cut/cut_kg1_3.jpg,test,cut,cut,cut_kg1_3.jpg,0.929,0,no
data/test/cut/cut_kg1_31.jpg,test,cut,cut,cut_kg1_31.jpg,0.862,15,no
data/test/cut/cut_kg1_34.jpg,test,cut,cut,cut_kg1_34.jpg,0.732,17,yes
data/test/cut/cut_kg1_48.jpg,test,cut,cut,cut_kg1_48.jpg,0.618,15,yes
data/test/cut/cut_kg1_49.jpg,test,cut,cut,cut_kg1_49.jpg,0.762,13,no
data/test/cut/cut_kg1_51.jpg,test,cut,cut,cut_kg1_113.jpg,0.851,0,no
data/test/cut/cut_kg1_52.jpg,test,cut,cut,cut_kg1_52.jpg,0.900,0,no
data/test/cut/cut_kg1_53.jpg,test,cut,cut,cut_kg1_191.jpg,0.924,0,no
data/test/cut/cut_kg1_56.jpg,test,cut,cut,cut_kg1_56.jpg,0.899,0,no
data/test/cut/cut_kg1_6.jpg,test,cut,cut,cut_kg1_6.jpg,0.732,16,yes
data/test/cut/cut_kg1_67.jpg,test,cut,cut,cut_kg1_67.jpg,0.932,0,no
data/test/cut/cut_kg1_68.jpg,test,cut,cut,cut_kg1_68.jpg,0.918,0,no
data/test/cut/cut_kg1_75.jpg,test,cut,cut,cut_kg1_137.jpg,0.727,17,yes
data/test/cut/cut_kg1_78.jpg,test,cut,cut,cut_kg1_78.jpg,0.763,16,no
data/test/cut/cut_kg1_85.jpg,test,cut,cut,cut_kg1_85.jpg,0.982,0,no
data/test/out_of_scope/extra_bites_ants_1.jpg,test,out_of_scope,non_wound,out_of_scope:extra_bites_ants_1.jpg,0.720,17,yes
data/test/out_of_scope/extra_bites_ants_13.jpg,test,out_of_scope,non_wound,out_of_scope:extra_bites_ants_13.jpg,0.680,13,yes
data/test/out_of_scope/extra_bites_ants_38.jpg,test,out_of_scope,non_wound,out_of_scope:extra_bites_ants_38.jpg,0.712,17,yes
data/test/out_of_scope/extra_bites_ants_39.jpg,test,out_of_scope,non_wound,out_of_scope:extra_bites_ants_39.jpg,0.716,16,yes
data/test/out_of_scope/extra_bites_ants_58.jpg,test,out_of_scope,non_wound,out_of_scope:extra_bites_ants_58.jpg,0.703,16,yes
data/test/out_of_scope/extra_bites_ants_67.jpg,test,out_of_scope,non_wound,out_of_scope:extra_bites_ants_67.jpg,0.772,15,no
data/test/out_of_scope/extra_bites_bed_bugs_36.jpg,test,out_of_scope,non_wound,out_of_scope:extra_bites_bed_bugs_36.jpg,0.716,14,yes
data/test/out_of_scope/extra_bites_bed_bugs_42.jpg,test,out_of_scope,non_wound,out_of_scope:extra_bites_bed_bugs_42.jpg,0.696,14,yes
data/test/out_of_scope/extra_bites_bed_bugs_48.jpg,test,out_of_scope,non_wound,out_of_scope:extra_bites_bed_bugs_48.jpg,0.730,12,yes
data/test/out_of_scope/extra_bites_bed_bugs_56.jpg,test,out_of_scope,non_wound,out_of_scope:extra_bites_bed_bugs_56.jpg,0.679,17,yes
data/test/out_of_scope/extra_bites_bed_bugs_61.jpg,test,out_of_scope,non_wound,out_of_scope:extra_bites_bed_bugs_61.jpg,0.678,17,yes
data/test/out_of_scope/extra_bites_bed_bugs_71.jpg,test,out_of_scope,non_wound,out_of_scope:extra_bites_bed_bugs_71.jpg,0.711,10,yes
data/test/out_of_scope/extra_bites_bed_bugs_82.jpg,test,out_of_scope,non_wound,out_of_scope:extra_bites_bed_bugs_82.jpg,0.709,14,yes
data/test/out_of_scope/extra_bites_chiggers_1.jpg,test,out_of_scope,non_wound,out_of_scope:extra_bites_chiggers_1.jpg,0.670,12,yes
data/test/out_of_scope/extra_bites_chiggers_16.jpg,test,out_of_scope,non_wound,out_of_scope:extra_bites_chiggers_16.jpg,0.682,9,yes
data/test/out_of_scope/extra_bites_chiggers_2.jpg,test,out_of_scope,non_wound,out_of_scope:extra_bites_chiggers_2.jpg,0.696,13,yes
data/test/out_of_scope/extra_bites_chiggers_21.jpg,test,out_of_scope,non_wound,out_of_scope:extra_bites_chiggers_21.jpg,0.640,14,yes
data/test/out_of_scope/extra_bites_chiggers_4.jpg,test,out_of_scope,non_wound,out_of_scope:extra_bites_chiggers_4.jpg,0.691,19,yes
data/test/out_of_scope/extra_bites_chiggers_71.jpg,test,out_of_scope,non_wound,out_of_scope:extra_bites_chiggers_71.jpg,0.686,12,yes
data/test/out_of_scope/extra_bites_fleas_62.jpg,test,out_of_scope,non_wound,out_of_scope:extra_bites_fleas_62.jpg,0.650,18,yes
data/test/out_of_scope/extra_bites_mosquitos_28.jpg,test,out_of_scope,non_wound,out_of_scope:extra_bites_mosquitos_28.jpg,0.718,15,yes
data/test/out_of_scope/extra_bites_mosquitos_48.jpg,test,out_of_scope,non_wound,out_of_scope:extra_bites_mosquitos_48.jpg,0.729,13,yes
data/test/out_of_scope/extra_bites_no_bites_101.jpg,test,out_of_scope,non_wound,out_of_scope:extra_bites_no_bites_101.jpg,0.724,12,yes
data/test/out_of_scope/extra_bites_no_bites_113.jpg,test,out_of_scope,non_wound,out_of_scope:extra_bites_no_bites_113.jpg,0.675,15,yes
data/test/out_of_scope/extra_bites_no_bites_34.jpg,test,out_of_scope,non_wound,out_of_scope:extra_bites_no_bites_34.jpg,0.722,17,yes
data/test/out_of_scope/extra_bites_no_bites_49.jpg,test,out_of_scope,non_wound,out_of_scope:extra_bites_no_bites_49.jpg,0.682,12,yes
data/test/out_of_scope/extra_bites_no_bites_50.jpg,test,out_of_scope,non_wound,out_of_scope:extra_bites_no_bites_50.jpg,0.668,17,yes
data/test/out_of_scope/extra_bites_no_bites_55.jpg,test,out_of_scope,non_wound,out_of_scope:extra_bites_no_bites_55.jpg,0.714,12,yes
data/test/out_of_scope/extra_bites_no_bites_56.jpg,test,out_of_scope,non_wound,out_of_scope:extra_bites_no_bites_56.jpg,0.701,14,yes
data/test/out_of_scope/extra_bites_no_bites_68.jpg,test,out_of_scope,non_wound,out_of_scope:extra_bites_no_bites_68.jpg,0.735,17,yes
data/test/out_of_scope/extra_bites_no_bites_71.jpg,test,out_of_scope,non_wound,out_of_scope:extra_bites_no_bites_71.jpg,0.722,16,yes
data/test/out_of_scope/extra_bites_no_bites_85.jpg,test,out_of_scope,non_wound,out_of_scope:extra_bites_no_bites_85.jpg,0.738,18,yes
data/test/out_of_scope/extra_bites_no_bites_89.jpg,test,out_of_scope,non_wound,out_of_scope:extra_bites_no_bites_89.jpg,0.744,13,yes
data/test/out_of_scope/extra_bites_no_bites_94.jpg,test,out_of_scope,non_wound,out_of_scope:extra_bites_no_bites_94.jpg,0.704,13,yes
data/test/out_of_scope/extra_bites_no_bites_96.jpg,test,out_of_scope,non_wound,out_of_scope:extra_bites_no_bites_96.jpg,0.700,11,yes
data/test/out_of_scope/extra_bites_no_bites_99.jpg,test,out_of_scope,non_wound,out_of_scope:extra_bites_no_bites_99.jpg,0.681,9,yes
data/test/out_of_scope/extra_bites_spiders_35.jpg,test,out_of_scope,non_wound,out_of_scope:extra_bites_spiders_35.jpg,0.711,14,yes
data/test/out_of_scope/extra_bites_spiders_4.jpg,test,out_of_scope,non_wound,out_of_scope:extra_bites_spiders_4.jpg,0.765,14,no
data/test/out_of_scope/extra_bites_spiders_45.jpg,test,out_of_scope,non_wound,out_of_scope:extra_bites_spiders_45.jpg,0.694,17,yes
data/test/out_of_scope/extra_bites_spiders_65.jpg,test,out_of_scope,non_wound,out_of_scope:extra_bites_spiders_65.jpg,0.711,15,yes
data/test/out_of_scope/extra_bites_spiders_66.jpg,test,out_of_scope,non_wound,out_of_scope:extra_bites_spiders_66.jpg,0.701,12,yes
data/test/out_of_scope/extra_bites_spiders_69.jpg,test,out_of_scope,non_wound,out_of_scope:extra_bites_spiders_69.jpg,0.679,13,yes
data/test/out_of_scope/extra_bites_spiders_75.jpg,test,out_of_scope,non_wound,out_of_scope:extra_bites_spiders_75.jpg,0.691,16,yes
data/test/out_of_scope/extra_bites_spiders_90.jpg,test,out_of_scope,non_wound,out_of_scope:extra_bites_spiders_90.jpg,0.663,15,yes
data/test/out_of_scope/extra_bites_ticks_11.jpg,test,out_of_scope,non_wound,out_of_scope:extra_bites_ticks_11.jpg,0.724,13,yes
data/test/out_of_scope/extra_bites_ticks_24.jpg,test,out_of_scope,non_wound,out_of_scope:extra_bites_ticks_24.jpg,0.672,13,yes
data/test/out_of_scope/extra_bites_ticks_58.jpg,test,out_of_scope,non_wound,out_of_scope:extra_bites_ticks_58.jpg,0.709,15,yes
data/test/out_of_scope/extra_bites_ticks_6.jpg,test,out_of_scope,non_wound,out_of_scope:extra_bites_ticks_6.jpg,0.704,13,yes
data/test/out_of_scope/extra_bites_ticks_72.jpg,test,out_of_scope,non_wound,out_of_scope:extra_bites_ticks_72.jpg,0.687,12,yes
data/test/out_of_scope/extra_bites_ticks_74.jpg,test,out_of_scope,non_wound,out_of_scope:extra_bites_ticks_74.jpg,0.689,15,yes
data/test/out_of_scope/extra_bites_ticks_90.jpg,test,out_of_scope,non_wound,out_of_scope:extra_bites_ticks_90.jpg,0.710,15,yes
data/test/out_of_scope/extra_bites_ticks_93.jpg,test,out_of_scope,non_wound,out_of_scope:extra_bites_ticks_93.jpg,0.678,15,yes
data/test/out_of_scope/extra_bites_ticks_95.jpg,test,out_of_scope,non_wound,out_of_scope:extra_bites_ticks_95.jpg,0.698,13,yes
data/test/out_of_scope/extra_dermnet_acne_and_rosacea_photos_2.jpg,test,out_of_scope,non_wound,out_of_scope:extra_dermnet_acne_and_rosacea_photos_2.jpg,0.659,12,yes
data/test/out_of_scope/extra_dermnet_acne_and_rosacea_photos_30.jpg,test,out_of_scope,non_wound,out_of_scope:extra_dermnet_acne_and_rosacea_photos_30.jpg,0.688,14,yes
data/test/out_of_scope/extra_dermnet_acne_and_rosacea_photos_44.jpg,test,out_of_scope,non_wound,out_of_scope:extra_dermnet_acne_and_rosacea_photos_44.jpg,0.619,18,yes
data/test/out_of_scope/extra_dermnet_acne_and_rosacea_photos_52.jpg,test,out_of_scope,non_wound,out_of_scope:extra_dermnet_acne_and_rosacea_photos_52.jpg,0.654,15,yes
data/test/out_of_scope/extra_dermnet_acne_and_rosacea_photos_76.jpg,test,out_of_scope,non_wound,out_of_scope:extra_dermnet_acne_and_rosacea_photos_76.jpg,0.696,12,yes
data/test/out_of_scope/extra_dermnet_acne_and_rosacea_photos_77.jpg,test,out_of_scope,non_wound,out_of_scope:extra_dermnet_acne_and_rosacea_photos_77.jpg,0.671,12,yes
data/test/out_of_scope/extra_dermnet_acne_and_rosacea_photos_78.jpg,test,out_of_scope,non_wound,out_of_scope:extra_dermnet_acne_and_rosacea_photos_78.jpg,0.591,9,yes
data/test/out_of_scope/extra_dermnet_actinic_keratosis_basal_cell_carcinoma_and_other_malignant_lesions_0.jpg,test,out_of_scope,non_wound,out_of_scope:extra_dermnet_actinic_keratosis_basal_cell_carcinoma_and_other_malignant_lesions_0.jpg,0.656,13,yes
data/test/out_of_scope/extra_dermnet_actinic_keratosis_basal_cell_carcinoma_and_other_malignant_lesions_4.jpg,test,out_of_scope,non_wound,out_of_scope:extra_dermnet_actinic_keratosis_basal_cell_carcinoma_and_other_malignant_lesions_4.jpg,0.599,11,yes
data/test/out_of_scope/extra_dermnet_actinic_keratosis_basal_cell_carcinoma_and_other_malignant_lesions_40.jpg,test,out_of_scope,non_wound,out_of_scope:extra_dermnet_actinic_keratosis_basal_cell_carcinoma_and_other_malignant_lesions_40.jpg,0.658,11,yes
data/test/out_of_scope/extra_dermnet_actinic_keratosis_basal_cell_carcinoma_and_other_malignant_lesions_66.jpg,test,out_of_scope,non_wound,out_of_scope:extra_dermnet_actinic_keratosis_basal_cell_carcinoma_and_other_malignant_lesions_66.jpg,0.657,14,yes
data/test/out_of_scope/extra_dermnet_actinic_keratosis_basal_cell_carcinoma_and_other_malignant_lesions_74.jpg,test,out_of_scope,non_wound,out_of_scope:extra_dermnet_actinic_keratosis_basal_cell_carcinoma_and_other_malignant_lesions_74.jpg,0.585,15,yes
data/test/out_of_scope/extra_dermnet_actinic_keratosis_basal_cell_carcinoma_and_other_malignant_lesions_89.jpg,test,out_of_scope,non_wound,out_of_scope:extra_dermnet_actinic_keratosis_basal_cell_carcinoma_and_other_malignant_lesions_89.jpg,0.684,17,yes
data/test/out_of_scope/extra_dermnet_atopic_dermatitis_photos_14.jpg,test,out_of_scope,non_wound,out_of_scope:extra_dermnet_atopic_dermatitis_photos_14.jpg,0.674,12,yes
data/test/out_of_scope/extra_dermnet_atopic_dermatitis_photos_16.jpg,test,out_of_scope,non_wound,out_of_scope:extra_dermnet_atopic_dermatitis_photos_16.jpg,0.675,14,yes
data/test/out_of_scope/extra_dermnet_atopic_dermatitis_photos_42.jpg,test,out_of_scope,non_wound,out_of_scope:extra_dermnet_atopic_dermatitis_photos_42.jpg,0.657,10,yes
data/test/out_of_scope/extra_dermnet_atopic_dermatitis_photos_65.jpg,test,out_of_scope,non_wound,out_of_scope:extra_dermnet_atopic_dermatitis_photos_65.jpg,0.653,12,yes
data/test/out_of_scope/extra_dermnet_atopic_dermatitis_photos_71.jpg,test,out_of_scope,non_wound,out_of_scope:extra_dermnet_atopic_dermatitis_photos_71.jpg,0.718,18,yes
data/test/out_of_scope/extra_dermnet_atopic_dermatitis_photos_86.jpg,test,out_of_scope,non_wound,out_of_scope:extra_dermnet_atopic_dermatitis_photos_86.jpg,0.706,17,yes
data/test/out_of_scope/extra_dermnet_atopic_dermatitis_photos_87.jpg,test,out_of_scope,non_wound,out_of_scope:extra_dermnet_atopic_dermatitis_photos_87.jpg,0.652,14,yes
data/test/out_of_scope/extra_dermnet_atopic_dermatitis_photos_89.jpg,test,out_of_scope,non_wound,out_of_scope:extra_dermnet_atopic_dermatitis_photos_89.jpg,0.664,10,yes
data/test/out_of_scope/extra_dermnet_atopic_dermatitis_photos_92.jpg,test,out_of_scope,non_wound,out_of_scope:extra_dermnet_atopic_dermatitis_photos_92.jpg,0.659,14,yes
data/test/out_of_scope/extra_dermnet_cellulitis_impetigo_and_other_bacterial_infections_32.jpg,test,out_of_scope,non_wound,out_of_scope:extra_dermnet_cellulitis_impetigo_and_other_bacterial_infections_32.jpg,0.647,12,yes
data/test/out_of_scope/extra_dermnet_cellulitis_impetigo_and_other_bacterial_infections_59.jpg,test,out_of_scope,non_wound,out_of_scope:extra_dermnet_cellulitis_impetigo_and_other_bacterial_infections_59.jpg,0.690,13,yes
data/test/out_of_scope/extra_dermnet_cellulitis_impetigo_and_other_bacterial_infections_60.jpg,test,out_of_scope,non_wound,out_of_scope:extra_dermnet_cellulitis_impetigo_and_other_bacterial_infections_60.jpg,0.672,16,yes
data/test/out_of_scope/extra_dermnet_cellulitis_impetigo_and_other_bacterial_infections_9.jpg,test,out_of_scope,non_wound,out_of_scope:extra_dermnet_cellulitis_impetigo_and_other_bacterial_infections_9.jpg,0.692,15,yes
data/test/out_of_scope/extra_dermnet_eczema_photos_14.jpg,test,out_of_scope,non_wound,out_of_scope:extra_dermnet_eczema_photos_14.jpg,0.727,15,yes
data/test/out_of_scope/extra_dermnet_eczema_photos_40.jpg,test,out_of_scope,non_wound,out_of_scope:extra_dermnet_eczema_photos_40.jpg,0.750,11,no
data/test/out_of_scope/extra_dermnet_eczema_photos_53.jpg,test,out_of_scope,non_wound,out_of_scope:extra_dermnet_eczema_photos_53.jpg,0.695,13,yes
data/test/out_of_scope/extra_dermnet_eczema_photos_87.jpg,test,out_of_scope,non_wound,out_of_scope:extra_dermnet_eczema_photos_87.jpg,0.701,11,yes
data/test/out_of_scope/extra_dermnet_exanthems_and_drug_eruptions_1.jpg,test,out_of_scope,non_wound,out_of_scope:extra_dermnet_exanthems_and_drug_eruptions_1.jpg,0.696,17,yes
data/test/out_of_scope/extra_dermnet_exanthems_and_drug_eruptions_20.jpg,test,out_of_scope,non_wound,out_of_scope:extra_dermnet_exanthems_and_drug_eruptions_20.jpg,0.690,14,yes
data/test/out_of_scope/extra_dermnet_exanthems_and_drug_eruptions_24.jpg,test,out_of_scope,non_wound,out_of_scope:extra_dermnet_exanthems_and_drug_eruptions_24.jpg,0.725,16,yes
data/test/out_of_scope/extra_dermnet_exanthems_and_drug_eruptions_34.jpg,test,out_of_scope,non_wound,out_of_scope:extra_dermnet_exanthems_and_drug_eruptions_34.jpg,0.710,17,yes
data/test/out_of_scope/extra_dermnet_exanthems_and_drug_eruptions_65.jpg,test,out_of_scope,non_wound,out_of_scope:extra_dermnet_exanthems_and_drug_eruptions_65.jpg,0.666,19,yes
data/test/out_of_scope/extra_dermnet_exanthems_and_drug_eruptions_9.jpg,test,out_of_scope,non_wound,out_of_scope:extra_dermnet_exanthems_and_drug_eruptions_9.jpg,0.700,12,yes
data/test/out_of_scope/extra_dermnet_exanthems_and_drug_eruptions_92.jpg,test,out_of_scope,non_wound,out_of_scope:extra_dermnet_exanthems_and_drug_eruptions_92.jpg,0.686,10,yes
data/test/out_of_scope/extra_dermnet_hair_loss_photos_alopecia_and_other_hair_diseases_28.jpg,test,out_of_scope,non_wound,out_of_scope:extra_dermnet_hair_loss_photos_alopecia_and_other_hair_diseases_28.jpg,0.651,12,yes
data/test/out_of_scope/extra_dermnet_hair_loss_photos_alopecia_and_other_hair_diseases_29.jpg,test,out_of_scope,non_wound,out_of_scope:extra_dermnet_hair_loss_photos_alopecia_and_other_hair_diseases_29.jpg,0.658,13,yes
data/test/out_of_scope/extra_dermnet_hair_loss_photos_alopecia_and_other_hair_diseases_30.jpg,test,out_of_scope,non_wound,out_of_scope:extra_dermnet_hair_loss_photos_alopecia_and_other_hair_diseases_30.jpg,0.603,15,yes
data/test/out_of_scope/extra_dermnet_hair_loss_photos_alopecia_and_other_hair_diseases_69.jpg,test,out_of_scope,non_wound,out_of_scope:extra_dermnet_hair_loss_photos_alopecia_and_other_hair_diseases_69.jpg,0.562,15,yes
data/test/out_of_scope/extra_dermnet_hair_loss_photos_alopecia_and_other_hair_diseases_71.jpg,test,out_of_scope,non_wound,out_of_scope:extra_dermnet_hair_loss_photos_alopecia_and_other_hair_diseases_71.jpg,0.598,16,yes
data/test/out_of_scope/extra_dermnet_hair_loss_photos_alopecia_and_other_hair_diseases_78.jpg,test,out_of_scope,non_wound,out_of_scope:extra_dermnet_hair_loss_photos_alopecia_and_other_hair_diseases_78.jpg,0.624,15,yes
data/test/out_of_scope/extra_dermnet_hair_loss_photos_alopecia_and_other_hair_diseases_87.jpg,test,out_of_scope,non_wound,out_of_scope:extra_dermnet_hair_loss_photos_alopecia_and_other_hair_diseases_87.jpg,0.643,12,yes
data/test/out_of_scope/extra_dermnet_herpes_hpv_and_other_stds_photos_10.jpg,test,out_of_scope,non_wound,out_of_scope:extra_dermnet_herpes_hpv_and_other_stds_photos_10.jpg,0.683,18,yes
data/test/out_of_scope/extra_dermnet_herpes_hpv_and_other_stds_photos_24.jpg,test,out_of_scope,non_wound,out_of_scope:extra_dermnet_herpes_hpv_and_other_stds_photos_24.jpg,0.700,16,yes
data/test/out_of_scope/extra_dermnet_herpes_hpv_and_other_stds_photos_54.jpg,test,out_of_scope,non_wound,out_of_scope:extra_dermnet_herpes_hpv_and_other_stds_photos_54.jpg,0.652,16,yes
data/test/out_of_scope/extra_dermnet_herpes_hpv_and_other_stds_photos_59.jpg,test,out_of_scope,non_wound,out_of_scope:extra_dermnet_herpes_hpv_and_other_stds_photos_59.jpg,0.656,11,yes
data/test/out_of_scope/extra_dermnet_light_diseases_and_disorders_of_pigmentation_22.jpg,test,out_of_scope,non_wound,out_of_scope:extra_dermnet_light_diseases_and_disorders_of_pigmentation_22.jpg,0.621,13,yes
data/test/out_of_scope/extra_dermnet_light_diseases_and_disorders_of_pigmentation_23.jpg,test,out_of_scope,non_wound,out_of_scope:extra_dermnet_light_diseases_and_disorders_of_pigmentation_23.jpg,0.685,15,yes
data/test/out_of_scope/extra_dermnet_light_diseases_and_disorders_of_pigmentation_25.jpg,test,out_of_scope,non_wound,out_of_scope:extra_dermnet_light_diseases_and_disorders_of_pigmentation_25.jpg,0.632,17,yes
data/test/out_of_scope/extra_dermnet_light_diseases_and_disorders_of_pigmentation_68.jpg,test,out_of_scope,non_wound,out_of_scope:extra_dermnet_light_diseases_and_disorders_of_pigmentation_68.jpg,0.650,12,yes
data/test/out_of_scope/extra_dermnet_lupus_and_other_connective_tissue_diseases_3.jpg,test,out_of_scope,non_wound,out_of_scope:extra_dermnet_lupus_and_other_connective_tissue_diseases_3.jpg,0.654,12,yes
data/test/out_of_scope/extra_dermnet_lupus_and_other_connective_tissue_diseases_8.jpg,test,out_of_scope,non_wound,out_of_scope:extra_dermnet_lupus_and_other_connective_tissue_diseases_8.jpg,0.591,16,yes
data/test/out_of_scope/extra_dermnet_lupus_and_other_connective_tissue_diseases_91.jpg,test,out_of_scope,non_wound,out_of_scope:extra_dermnet_lupus_and_other_connective_tissue_diseases_91.jpg,0.739,16,yes
data/test/out_of_scope/extra_dermnet_melanoma_skin_cancer_nevi_and_moles_36.jpg,test,out_of_scope,non_wound,out_of_scope:extra_dermnet_melanoma_skin_cancer_nevi_and_moles_36.jpg,0.617,17,yes
data/test/out_of_scope/extra_dermnet_melanoma_skin_cancer_nevi_and_moles_38.jpg,test,out_of_scope,non_wound,out_of_scope:extra_dermnet_melanoma_skin_cancer_nevi_and_moles_38.jpg,0.647,18,yes
data/test/out_of_scope/extra_dermnet_melanoma_skin_cancer_nevi_and_moles_45.jpg,test,out_of_scope,non_wound,out_of_scope:extra_dermnet_melanoma_skin_cancer_nevi_and_moles_45.jpg,0.635,14,yes
data/test/out_of_scope/extra_dermnet_melanoma_skin_cancer_nevi_and_moles_52.jpg,test,out_of_scope,non_wound,out_of_scope:extra_dermnet_melanoma_skin_cancer_nevi_and_moles_52.jpg,0.700,17,yes
data/test/out_of_scope/extra_dermnet_melanoma_skin_cancer_nevi_and_moles_58.jpg,test,out_of_scope,non_wound,out_of_scope:extra_dermnet_melanoma_skin_cancer_nevi_and_moles_58.jpg,0.690,15,yes
data/test/out_of_scope/extra_dermnet_melanoma_skin_cancer_nevi_and_moles_61.jpg,test,out_of_scope,non_wound,out_of_scope:extra_dermnet_melanoma_skin_cancer_nevi_and_moles_61.jpg,0.697,14,yes
data/test/out_of_scope/extra_dermnet_melanoma_skin_cancer_nevi_and_moles_63.jpg,test,out_of_scope,non_wound,out_of_scope:extra_dermnet_melanoma_skin_cancer_nevi_and_moles_63.jpg,0.693,14,yes
data/test/out_of_scope/extra_dermnet_nail_fungus_and_other_nail_disease_11.jpg,test,out_of_scope,non_wound,out_of_scope:extra_dermnet_nail_fungus_and_other_nail_disease_11.jpg,0.626,17,yes
data/test/out_of_scope/extra_dermnet_nail_fungus_and_other_nail_disease_34.jpg,test,out_of_scope,non_wound,out_of_scope:extra_dermnet_nail_fungus_and_other_nail_disease_34.jpg,0.659,11,yes
data/test/out_of_scope/extra_dermnet_nail_fungus_and_other_nail_disease_47.jpg,test,out_of_scope,non_wound,out_of_scope:extra_dermnet_nail_fungus_and_other_nail_disease_47.jpg,0.647,10,yes
data/test/out_of_scope/extra_dermnet_nail_fungus_and_other_nail_disease_62.jpg,test,out_of_scope,non_wound,out_of_scope:extra_dermnet_nail_fungus_and_other_nail_disease_62.jpg,0.643,14,yes
data/test/out_of_scope/extra_dermnet_nail_fungus_and_other_nail_disease_63.jpg,test,out_of_scope,non_wound,out_of_scope:extra_dermnet_nail_fungus_and_other_nail_disease_63.jpg,0.655,15,yes
data/test/out_of_scope/extra_dermnet_nail_fungus_and_other_nail_disease_69.jpg,test,out_of_scope,non_wound,out_of_scope:extra_dermnet_nail_fungus_and_other_nail_disease_69.jpg,0.648,16,yes
data/test/out_of_scope/extra_dermnet_nail_fungus_and_other_nail_disease_78.jpg,test,out_of_scope,non_wound,out_of_scope:extra_dermnet_nail_fungus_and_other_nail_disease_78.jpg,0.646,13,yes
data/test/out_of_scope/extra_dermnet_poison_ivy_photos_and_other_contact_dermatitis_27.jpg,test,out_of_scope,non_wound,out_of_scope:extra_skindis_dermatitis_kontak_alergi_8.jpg,0.670,17,yes
data/test/out_of_scope/extra_dermnet_poison_ivy_photos_and_other_contact_dermatitis_71.jpg,test,out_of_scope,non_wound,out_of_scope:extra_dermnet_poison_ivy_photos_and_other_contact_dermatitis_71.jpg,0.699,10,yes
data/test/out_of_scope/extra_dermnet_psoriasis_pictures_lichen_planus_and_related_diseases_15.jpg,test,out_of_scope,non_wound,out_of_scope:extra_dermnet_psoriasis_pictures_lichen_planus_and_related_diseases_15.jpg,0.715,18,yes
data/test/out_of_scope/extra_dermnet_psoriasis_pictures_lichen_planus_and_related_diseases_18.jpg,test,out_of_scope,non_wound,out_of_scope:extra_dermnet_psoriasis_pictures_lichen_planus_and_related_diseases_18.jpg,0.697,16,yes
data/test/out_of_scope/extra_dermnet_psoriasis_pictures_lichen_planus_and_related_diseases_89.jpg,test,out_of_scope,non_wound,out_of_scope:extra_dermnet_psoriasis_pictures_lichen_planus_and_related_diseases_89.jpg,0.655,13,yes
data/test/out_of_scope/extra_dermnet_scabies_lyme_disease_and_other_infestations_and_bites_18.jpg,test,out_of_scope,non_wound,out_of_scope:extra_dermnet_scabies_lyme_disease_and_other_infestations_and_bites_18.jpg,0.662,16,yes
data/test/out_of_scope/extra_dermnet_scabies_lyme_disease_and_other_infestations_and_bites_21.jpg,test,out_of_scope,non_wound,out_of_scope:extra_dermnet_scabies_lyme_disease_and_other_infestations_and_bites_21.jpg,0.573,15,yes
data/test/out_of_scope/extra_dermnet_scabies_lyme_disease_and_other_infestations_and_bites_34.jpg,test,out_of_scope,non_wound,out_of_scope:extra_dermnet_scabies_lyme_disease_and_other_infestations_and_bites_34.jpg,0.563,13,yes
data/test/out_of_scope/extra_dermnet_scabies_lyme_disease_and_other_infestations_and_bites_47.jpg,test,out_of_scope,non_wound,out_of_scope:extra_dermnet_scabies_lyme_disease_and_other_infestations_and_bites_47.jpg,0.660,16,yes
data/test/out_of_scope/extra_dermnet_scabies_lyme_disease_and_other_infestations_and_bites_50.jpg,test,out_of_scope,non_wound,out_of_scope:extra_dermnet_scabies_lyme_disease_and_other_infestations_and_bites_50.jpg,0.668,17,yes
data/test/out_of_scope/extra_dermnet_scabies_lyme_disease_and_other_infestations_and_bites_51.jpg,test,out_of_scope,non_wound,out_of_scope:extra_dermnet_scabies_lyme_disease_and_other_infestations_and_bites_51.jpg,0.562,10,yes
data/test/out_of_scope/extra_dermnet_scabies_lyme_disease_and_other_infestations_and_bites_56.jpg,test,out_of_scope,non_wound,out_of_scope:extra_dermnet_scabies_lyme_disease_and_other_infestations_and_bites_56.jpg,0.637,17,yes
data/test/out_of_scope/extra_dermnet_scabies_lyme_disease_and_other_infestations_and_bites_59.jpg,test,out_of_scope,non_wound,out_of_scope:extra_dermnet_scabies_lyme_disease_and_other_infestations_and_bites_59.jpg,0.623,16,yes
data/test/out_of_scope/extra_dermnet_scabies_lyme_disease_and_other_infestations_and_bites_70.jpg,test,out_of_scope,non_wound,out_of_scope:extra_dermnet_scabies_lyme_disease_and_other_infestations_and_bites_70.jpg,0.650,15,yes
data/test/out_of_scope/extra_dermnet_scabies_lyme_disease_and_other_infestations_and_bites_76.jpg,test,out_of_scope,non_wound,out_of_scope:extra_dermnet_scabies_lyme_disease_and_other_infestations_and_bites_76.jpg,0.673,19,yes
data/test/out_of_scope/extra_dermnet_scabies_lyme_disease_and_other_infestations_and_bites_86.jpg,test,out_of_scope,non_wound,out_of_scope:extra_dermnet_scabies_lyme_disease_and_other_infestations_and_bites_86.jpg,0.563,17,yes
data/test/out_of_scope/extra_dermnet_scabies_lyme_disease_and_other_infestations_and_bites_92.jpg,test,out_of_scope,non_wound,out_of_scope:extra_dermnet_scabies_lyme_disease_and_other_infestations_and_bites_92.jpg,0.666,12,yes
data/test/out_of_scope/extra_dermnet_scabies_lyme_disease_and_other_infestations_and_bites_93.jpg,test,out_of_scope,non_wound,out_of_scope:extra_dermnet_scabies_lyme_disease_and_other_infestations_and_bites_93.jpg,0.609,14,yes
data/test/out_of_scope/extra_dermnet_scabies_lyme_disease_and_other_infestations_and_bites_95.jpg,test,out_of_scope,non_wound,out_of_scope:extra_dermnet_scabies_lyme_disease_and_other_infestations_and_bites_95.jpg,0.657,14,yes
data/test/out_of_scope/extra_dermnet_scabies_lyme_disease_and_other_infestations_and_bites_96.jpg,test,out_of_scope,non_wound,out_of_scope:extra_dermnet_scabies_lyme_disease_and_other_infestations_and_bites_96.jpg,0.619,11,yes
data/test/out_of_scope/extra_dermnet_seborrheic_keratoses_and_other_benign_tumors_43.jpg,test,out_of_scope,non_wound,out_of_scope:extra_dermnet_seborrheic_keratoses_and_other_benign_tumors_43.jpg,0.672,14,yes
data/test/out_of_scope/extra_dermnet_seborrheic_keratoses_and_other_benign_tumors_45.jpg,test,out_of_scope,non_wound,out_of_scope:extra_dermnet_seborrheic_keratoses_and_other_benign_tumors_45.jpg,0.592,16,yes
data/test/out_of_scope/extra_dermnet_seborrheic_keratoses_and_other_benign_tumors_47.jpg,test,out_of_scope,non_wound,out_of_scope:extra_dermnet_seborrheic_keratoses_and_other_benign_tumors_47.jpg,0.676,10,yes
data/test/out_of_scope/extra_dermnet_systemic_disease_12.jpg,test,out_of_scope,non_wound,out_of_scope:extra_dermnet_systemic_disease_12.jpg,0.686,9,yes
data/test/out_of_scope/extra_dermnet_systemic_disease_13.jpg,test,out_of_scope,non_wound,out_of_scope:extra_dermnet_systemic_disease_13.jpg,0.694,9,yes
data/test/out_of_scope/extra_dermnet_systemic_disease_40.jpg,test,out_of_scope,non_wound,out_of_scope:extra_dermnet_systemic_disease_40.jpg,0.637,18,yes
data/test/out_of_scope/extra_dermnet_systemic_disease_58.jpg,test,out_of_scope,non_wound,out_of_scope:extra_dermnet_systemic_disease_58.jpg,0.572,15,yes
data/test/out_of_scope/extra_dermnet_systemic_disease_70.jpg,test,out_of_scope,non_wound,out_of_scope:extra_dermnet_systemic_disease_70.jpg,0.600,5,no
data/test/out_of_scope/extra_dermnet_systemic_disease_79.jpg,test,out_of_scope,non_wound,out_of_scope:extra_dermnet_systemic_disease_79.jpg,0.654,17,yes
data/test/out_of_scope/extra_dermnet_systemic_disease_80.jpg,test,out_of_scope,non_wound,out_of_scope:extra_dermnet_systemic_disease_80.jpg,0.685,11,yes
data/test/out_of_scope/extra_dermnet_systemic_disease_81.jpg,test,out_of_scope,non_wound,out_of_scope:extra_dermnet_systemic_disease_81.jpg,0.611,18,yes
data/test/out_of_scope/extra_dermnet_systemic_disease_84.jpg,test,out_of_scope,non_wound,out_of_scope:extra_dermnet_systemic_disease_84.jpg,0.631,16,yes
data/test/out_of_scope/extra_dermnet_systemic_disease_92.jpg,test,out_of_scope,non_wound,out_of_scope:extra_dermnet_systemic_disease_92.jpg,0.698,12,yes
data/test/out_of_scope/extra_dermnet_systemic_disease_93.jpg,test,out_of_scope,non_wound,out_of_scope:extra_dermnet_systemic_disease_93.jpg,0.600,11,yes
data/test/out_of_scope/extra_dermnet_tinea_ringworm_candidiasis_and_other_fungal_infections_46.jpg,test,out_of_scope,non_wound,out_of_scope:extra_dermnet_tinea_ringworm_candidiasis_and_other_fungal_infections_46.jpg,0.732,17,yes
data/test/out_of_scope/extra_dermnet_tinea_ringworm_candidiasis_and_other_fungal_infections_88.jpg,test,out_of_scope,non_wound,out_of_scope:extra_dermnet_tinea_ringworm_candidiasis_and_other_fungal_infections_88.jpg,0.626,14,yes
data/test/out_of_scope/extra_dermnet_tinea_ringworm_candidiasis_and_other_fungal_infections_90.jpg,test,out_of_scope,non_wound,out_of_scope:extra_dermnet_tinea_ringworm_candidiasis_and_other_fungal_infections_90.jpg,0.776,16,no
data/test/out_of_scope/extra_dermnet_urticaria_hives_25.jpg,test,out_of_scope,non_wound,out_of_scope:extra_dermnet_urticaria_hives_25.jpg,0.727,12,yes
data/test/out_of_scope/extra_dermnet_urticaria_hives_77.jpg,test,out_of_scope,non_wound,out_of_scope:extra_dermnet_urticaria_hives_77.jpg,0.706,11,yes
data/test/out_of_scope/extra_dermnet_urticaria_hives_94.jpg,test,out_of_scope,non_wound,out_of_scope:extra_dermnet_urticaria_hives_94.jpg,0.682,16,yes
data/test/out_of_scope/extra_dermnet_vascular_tumors_25.jpg,test,out_of_scope,non_wound,out_of_scope:extra_dermnet_vascular_tumors_25.jpg,0.706,16,yes
data/test/out_of_scope/extra_dermnet_vascular_tumors_34.jpg,test,out_of_scope,non_wound,out_of_scope:extra_dermnet_vascular_tumors_34.jpg,0.672,15,yes
data/test/out_of_scope/extra_dermnet_vascular_tumors_36.jpg,test,out_of_scope,non_wound,out_of_scope:extra_dermnet_vascular_tumors_36.jpg,0.693,12,yes
data/test/out_of_scope/extra_dermnet_vascular_tumors_41.jpg,test,out_of_scope,non_wound,out_of_scope:extra_dermnet_vascular_tumors_41.jpg,0.704,11,yes
data/test/out_of_scope/extra_dermnet_vascular_tumors_50.jpg,test,out_of_scope,non_wound,out_of_scope:extra_dermnet_vascular_tumors_50.jpg,0.702,19,yes
data/test/out_of_scope/extra_dermnet_vascular_tumors_52.jpg,test,out_of_scope,non_wound,out_of_scope:extra_dermnet_vascular_tumors_52.jpg,0.706,17,yes
data/test/out_of_scope/extra_dermnet_vascular_tumors_54.jpg,test,out_of_scope,non_wound,out_of_scope:extra_dermnet_vascular_tumors_54.jpg,0.715,16,yes
data/test/out_of_scope/extra_dermnet_vascular_tumors_65.jpg,test,out_of_scope,non_wound,out_of_scope:extra_dermnet_vascular_tumors_65.jpg,0.701,14,yes
data/test/out_of_scope/extra_dermnet_vascular_tumors_83.jpg,test,out_of_scope,non_wound,out_of_scope:extra_dermnet_vascular_tumors_83.jpg,0.702,10,yes
data/test/out_of_scope/extra_dermnet_vascular_tumors_9.jpg,test,out_of_scope,non_wound,out_of_scope:extra_dermnet_vascular_tumors_9.jpg,0.710,16,yes
data/test/out_of_scope/extra_dermnet_vascular_tumors_95.jpg,test,out_of_scope,non_wound,out_of_scope:extra_dermnet_vascular_tumors_95.jpg,0.592,13,yes
data/test/out_of_scope/extra_dermnet_vasculitis_photos_16.jpg,test,out_of_scope,non_wound,out_of_scope:extra_dermnet_vasculitis_photos_16.jpg,0.684,12,yes
data/test/out_of_scope/extra_dermnet_vasculitis_photos_29.jpg,test,out_of_scope,non_wound,out_of_scope:extra_dermnet_vasculitis_photos_29.jpg,0.683,10,yes
data/test/out_of_scope/extra_dermnet_vasculitis_photos_39.jpg,test,out_of_scope,non_wound,out_of_scope:extra_dermnet_vasculitis_photos_39.jpg,0.675,11,yes
data/test/out_of_scope/extra_dermnet_vasculitis_photos_51.jpg,test,out_of_scope,non_wound,out_of_scope:extra_dermnet_vasculitis_photos_51.jpg,0.672,18,yes
data/test/out_of_scope/extra_dermnet_vasculitis_photos_57.jpg,test,out_of_scope,non_wound,out_of_scope:extra_dermnet_vasculitis_photos_57.jpg,0.664,11,yes
data/test/out_of_scope/extra_dermnet_vasculitis_photos_72.jpg,test,out_of_scope,non_wound,out_of_scope:extra_dermnet_vasculitis_photos_72.jpg,0.675,12,yes
data/test/out_of_scope/extra_dermnet_vasculitis_photos_73.jpg,test,out_of_scope,non_wound,out_of_scope:extra_dermnet_vasculitis_photos_73.jpg,0.643,16,yes
data/test/out_of_scope/extra_dermnet_vasculitis_photos_9.jpg,test,out_of_scope,non_wound,out_of_scope:extra_dermnet_vasculitis_photos_9.jpg,0.698,16,yes
data/test/out_of_scope/extra_dermnet_vasculitis_photos_94.jpg,test,out_of_scope,non_wound,out_of_scope:extra_dermnet_vasculitis_photos_94.jpg,0.713,17,yes
data/test/out_of_scope/extra_dermnet_warts_molluscum_and_other_viral_infections_25.jpg,test,out_of_scope,non_wound,out_of_scope:extra_dermnet_warts_molluscum_and_other_viral_infections_25.jpg,0.687,17,yes
data/test/out_of_scope/extra_dermnet_warts_molluscum_and_other_viral_infections_35.jpg,test,out_of_scope,non_wound,out_of_scope:extra_dermnet_warts_molluscum_and_other_viral_infections_35.jpg,0.706,13,yes
data/test/out_of_scope/extra_dermnet_warts_molluscum_and_other_viral_infections_56.jpg,test,out_of_scope,non_wound,out_of_scope:extra_skinimg_warts_molluscum_and_other_viral_infections_55.jpg,0.730,13,yes
data/test/out_of_scope/extra_dermnet_warts_molluscum_and_other_viral_infections_59.jpg,test,out_of_scope,non_wound,out_of_scope:extra_dermnet_warts_molluscum_and_other_viral_infections_59.jpg,0.655,12,yes
data/test/out_of_scope/extra_dermnet_warts_molluscum_and_other_viral_infections_66.jpg,test,out_of_scope,non_wound,out_of_scope:extra_dermnet_warts_molluscum_and_other_viral_infections_66.jpg,0.670,17,yes
data/test/out_of_scope/extra_dermnet_warts_molluscum_and_other_viral_infections_84.jpg,test,out_of_scope,non_wound,out_of_scope:extra_dermnet_warts_molluscum_and_other_viral_infections_84.jpg,0.687,12,yes
data/test/out_of_scope/extra_dermnet_warts_molluscum_and_other_viral_infections_89.jpg,test,out_of_scope,non_wound,out_of_scope:extra_dermnet_warts_molluscum_and_other_viral_infections_89.jpg,0.678,12,yes
data/test/out_of_scope/extra_dermnet_warts_molluscum_and_other_viral_infections_9.jpg,test,out_of_scope,non_wound,out_of_scope:extra_dermnet_warts_molluscum_and_other_viral_infections_9.jpg,0.769,14,no
data/test/out_of_scope/extra_dermnet_warts_molluscum_and_other_viral_infections_94.jpg,test,out_of_scope,non_wound,out_of_scope:extra_dermnet_warts_molluscum_and_other_viral_infections_94.jpg,0.686,12,yes
data/test/out_of_scope/extra_ibrahim_ood_diabetic_wound_105.jpg,test,out_of_scope,non_wound,out_of_scope:extra_ibrahim_ood_diabetic_wound_105.jpg,0.703,12,yes
data/test/out_of_scope/extra_ibrahim_ood_diabetic_wound_107.jpg,test,out_of_scope,non_wound,out_of_scope:extra_ibrahim_ood_diabetic_wound_107.jpg,0.679,15,yes
data/test/out_of_scope/extra_ibrahim_ood_diabetic_wound_112.jpg,test,out_of_scope,non_wound,out_of_scope:extra_ibrahim_ood_diabetic_wound_112.jpg,0.632,17,yes
data/test/out_of_scope/extra_ibrahim_ood_diabetic_wound_115.jpg,test,out_of_scope,non_wound,out_of_scope:extra_ibrahim_ood_diabetic_wound_115.jpg,0.638,16,yes
data/test/out_of_scope/extra_ibrahim_ood_diabetic_wound_125.jpg,test,out_of_scope,non_wound,out_of_scope:extra_ibrahim_ood_diabetic_wound_125.jpg,0.730,10,yes
data/test/out_of_scope/extra_ibrahim_ood_diabetic_wound_129.jpg,test,out_of_scope,non_wound,out_of_scope:extra_ibrahim_ood_diabetic_wound_129.jpg,0.684,16,yes
data/test/out_of_scope/extra_ibrahim_ood_diabetic_wound_146.jpg,test,out_of_scope,non_wound,out_of_scope:extra_ibrahim_ood_diabetic_wound_146.jpg,0.737,13,yes
data/test/out_of_scope/extra_ibrahim_ood_diabetic_wound_150.jpg,test,out_of_scope,non_wound,out_of_scope:extra_ibrahim_ood_diabetic_wound_150.jpg,0.668,12,yes
data/test/out_of_scope/extra_ibrahim_ood_diabetic_wound_160.jpg,test,out_of_scope,non_wound,out_of_scope:extra_ibrahim_ood_diabetic_wound_160.jpg,0.631,19,yes
data/test/out_of_scope/extra_ibrahim_ood_diabetic_wound_169.jpg,test,out_of_scope,non_wound,out_of_scope:extra_ibrahim_ood_diabetic_wound_169.jpg,0.671,16,yes
data/test/out_of_scope/extra_ibrahim_ood_diabetic_wound_173.jpg,test,out_of_scope,non_wound,out_of_scope:extra_ibrahim_ood_diabetic_wound_173.jpg,0.708,19,yes
data/test/out_of_scope/extra_ibrahim_ood_diabetic_wound_174.jpg,test,out_of_scope,non_wound,out_of_scope:extra_ibrahim_ood_diabetic_wound_174.jpg,0.659,17,yes
data/test/out_of_scope/extra_ibrahim_ood_diabetic_wound_180.jpg,test,out_of_scope,non_wound,out_of_scope:extra_ibrahim_ood_diabetic_wound_180.jpg,0.690,16,yes
data/test/out_of_scope/extra_ibrahim_ood_diabetic_wound_188.jpg,test,out_of_scope,non_wound,out_of_scope:extra_ibrahim_ood_diabetic_wound_188.jpg,0.682,16,yes
data/test/out_of_scope/extra_ibrahim_ood_diabetic_wound_189.jpg,test,out_of_scope,non_wound,out_of_scope:extra_ibrahim_ood_diabetic_wound_189.jpg,0.657,17,yes
data/test/out_of_scope/extra_ibrahim_ood_diabetic_wound_194.jpg,test,out_of_scope,non_wound,out_of_scope:extra_ibrahim_ood_diabetic_wound_194.jpg,0.669,16,yes
data/test/out_of_scope/extra_ibrahim_ood_diabetic_wound_195.jpg,test,out_of_scope,non_wound,out_of_scope:extra_ibrahim_ood_diabetic_wound_195.jpg,0.687,17,yes
data/test/out_of_scope/extra_ibrahim_ood_diabetic_wound_199.jpg,test,out_of_scope,non_wound,out_of_scope:extra_ibrahim_ood_diabetic_wound_199.jpg,0.700,15,yes
data/test/out_of_scope/extra_ibrahim_ood_diabetic_wound_2.jpg,test,out_of_scope,non_wound,out_of_scope:extra_ibrahim_ood_diabetic_wound_2.jpg,0.671,16,yes
data/test/out_of_scope/extra_ibrahim_ood_diabetic_wound_201.jpg,test,out_of_scope,non_wound,out_of_scope:extra_ibrahim_ood_diabetic_wound_201.jpg,0.720,15,yes
data/test/out_of_scope/extra_ibrahim_ood_diabetic_wound_203.jpg,test,out_of_scope,non_wound,out_of_scope:extra_ibrahim_ood_diabetic_wound_203.jpg,0.669,18,yes
data/test/out_of_scope/extra_ibrahim_ood_diabetic_wound_204.jpg,test,out_of_scope,non_wound,out_of_scope:extra_ibrahim_ood_diabetic_wound_204.jpg,0.684,20,yes
data/test/out_of_scope/extra_ibrahim_ood_diabetic_wound_206.jpg,test,out_of_scope,non_wound,out_of_scope:extra_ibrahim_ood_diabetic_wound_206.jpg,0.654,17,yes
data/test/out_of_scope/extra_ibrahim_ood_diabetic_wound_211.jpg,test,out_of_scope,non_wound,out_of_scope:extra_ibrahim_ood_diabetic_wound_211.jpg,0.695,18,yes
data/test/out_of_scope/extra_ibrahim_ood_diabetic_wound_37.jpg,test,out_of_scope,non_wound,out_of_scope:extra_ibrahim_ood_diabetic_wound_37.jpg,0.634,16,yes
data/test/out_of_scope/extra_ibrahim_ood_diabetic_wound_46.jpg,test,out_of_scope,non_wound,out_of_scope:extra_ibrahim_ood_diabetic_wound_46.jpg,0.657,15,yes
data/test/out_of_scope/extra_ibrahim_ood_diabetic_wound_53.jpg,test,out_of_scope,non_wound,out_of_scope:extra_ibrahim_ood_diabetic_wound_53.jpg,0.699,16,yes
data/test/out_of_scope/extra_ibrahim_ood_diabetic_wound_64.jpg,test,out_of_scope,non_wound,out_of_scope:extra_ibrahim_ood_diabetic_wound_64.jpg,0.642,17,yes
data/test/out_of_scope/extra_ibrahim_ood_diabetic_wound_8.jpg,test,out_of_scope,non_wound,out_of_scope:extra_ibrahim_ood_diabetic_wound_8.jpg,0.663,12,yes
data/test/out_of_scope/extra_ibrahim_ood_diabetic_wound_81.jpg,test,out_of_scope,non_wound,out_of_scope:extra_ibrahim_ood_diabetic_wound_81.jpg,0.688,10,yes
data/test/out_of_scope/extra_ibrahim_ood_diabetic_wound_84.jpg,test,out_of_scope,non_wound,out_of_scope:extra_ibrahim_ood_diabetic_wound_84.jpg,0.651,16,yes
data/test/out_of_scope/extra_ibrahim_ood_diabetic_wound_89.jpg,test,out_of_scope,non_wound,out_of_scope:extra_ibrahim_ood_diabetic_wound_89.jpg,0.668,17,yes
data/test/out_of_scope/extra_ibrahim_ood_diabetic_wound_94.jpg,test,out_of_scope,non_wound,out_of_scope:extra_ibrahim_ood_diabetic_wound_94.jpg,0.679,17,yes
data/test/out_of_scope/extra_ibrahim_ood_pressure_wound_104.jpg,test,out_of_scope,non_wound,out_of_scope:extra_ibrahim_ood_pressure_wound_104.jpg,0.688,17,yes
data/test/out_of_scope/extra_ibrahim_ood_pressure_wound_118.jpg,test,out_of_scope,non_wound,out_of_scope:extra_ibrahim_ood_pressure_wound_118.jpg,0.720,14,yes
data/test/out_of_scope/extra_ibrahim_ood_pressure_wound_119.jpg,test,out_of_scope,non_wound,out_of_scope:extra_ibrahim_ood_pressure_wound_119.jpg,0.682,10,yes
data/test/out_of_scope/extra_ibrahim_ood_pressure_wound_122.jpg,test,out_of_scope,non_wound,out_of_scope:extra_ibrahim_ood_pressure_wound_122.jpg,0.698,18,yes
data/test/out_of_scope/extra_ibrahim_ood_pressure_wound_13.jpg,test,out_of_scope,non_wound,out_of_scope:extra_ibrahim_ood_pressure_wound_13.jpg,0.639,13,yes
data/test/out_of_scope/extra_ibrahim_ood_pressure_wound_14.jpg,test,out_of_scope,non_wound,out_of_scope:extra_ibrahim_ood_pressure_wound_14.jpg,0.708,16,yes
data/test/out_of_scope/extra_ibrahim_ood_pressure_wound_149.jpg,test,out_of_scope,non_wound,out_of_scope:extra_ibrahim_ood_pressure_wound_149.jpg,0.696,17,yes
data/test/out_of_scope/extra_ibrahim_ood_pressure_wound_159.jpg,test,out_of_scope,non_wound,out_of_scope:extra_ibrahim_ood_pressure_wound_159.jpg,0.664,14,yes
data/test/out_of_scope/extra_ibrahim_ood_pressure_wound_163.jpg,test,out_of_scope,non_wound,out_of_scope:extra_ibrahim_ood_pressure_wound_163.jpg,0.721,14,yes
data/test/out_of_scope/extra_ibrahim_ood_pressure_wound_164.jpg,test,out_of_scope,non_wound,out_of_scope:extra_ibrahim_ood_pressure_wound_164.jpg,0.703,13,yes
data/test/out_of_scope/extra_ibrahim_ood_pressure_wound_176.jpg,test,out_of_scope,non_wound,out_of_scope:extra_ibrahim_ood_pressure_wound_176.jpg,0.717,16,yes
data/test/out_of_scope/extra_ibrahim_ood_pressure_wound_18.jpg,test,out_of_scope,non_wound,out_of_scope:extra_ibrahim_ood_pressure_wound_18.jpg,0.680,15,yes
data/test/out_of_scope/extra_ibrahim_ood_pressure_wound_180.jpg,test,out_of_scope,non_wound,out_of_scope:extra_ibrahim_ood_pressure_wound_180.jpg,0.655,17,yes
data/test/out_of_scope/extra_ibrahim_ood_pressure_wound_182.jpg,test,out_of_scope,non_wound,out_of_scope:extra_ibrahim_ood_pressure_wound_182.jpg,0.663,15,yes
data/test/out_of_scope/extra_ibrahim_ood_pressure_wound_186.jpg,test,out_of_scope,non_wound,out_of_scope:extra_ibrahim_ood_pressure_wound_186.jpg,0.661,18,yes
data/test/out_of_scope/extra_ibrahim_ood_pressure_wound_187.jpg,test,out_of_scope,non_wound,out_of_scope:extra_ibrahim_ood_pressure_wound_187.jpg,0.683,12,yes
data/test/out_of_scope/extra_ibrahim_ood_pressure_wound_195.jpg,test,out_of_scope,non_wound,out_of_scope:extra_ibrahim_ood_pressure_wound_195.jpg,0.682,16,yes
data/test/out_of_scope/extra_ibrahim_ood_pressure_wound_200.jpg,test,out_of_scope,non_wound,out_of_scope:extra_ibrahim_ood_pressure_wound_200.jpg,0.702,16,yes
data/test/out_of_scope/extra_ibrahim_ood_pressure_wound_202.jpg,test,out_of_scope,non_wound,out_of_scope:extra_ibrahim_ood_pressure_wound_202.jpg,0.685,15,yes
data/test/out_of_scope/extra_ibrahim_ood_pressure_wound_206.jpg,test,out_of_scope,non_wound,out_of_scope:extra_ibrahim_ood_pressure_wound_206.jpg,0.667,14,yes
data/test/out_of_scope/extra_ibrahim_ood_pressure_wound_210.jpg,test,out_of_scope,non_wound,out_of_scope:extra_ibrahim_ood_pressure_wound_210.jpg,0.732,17,yes
data/test/out_of_scope/extra_ibrahim_ood_pressure_wound_211.jpg,test,out_of_scope,non_wound,out_of_scope:extra_ibrahim_ood_pressure_wound_211.jpg,0.637,15,yes
data/test/out_of_scope/extra_ibrahim_ood_pressure_wound_216.jpg,test,out_of_scope,non_wound,out_of_scope:extra_ibrahim_ood_pressure_wound_216.jpg,0.662,19,yes
data/test/out_of_scope/extra_ibrahim_ood_pressure_wound_239.jpg,test,out_of_scope,non_wound,out_of_scope:extra_ibrahim_ood_pressure_wound_239.jpg,0.688,17,yes
data/test/out_of_scope/extra_ibrahim_ood_pressure_wound_256.jpg,test,out_of_scope,non_wound,out_of_scope:extra_ibrahim_ood_pressure_wound_256.jpg,0.676,11,yes
data/test/out_of_scope/extra_ibrahim_ood_pressure_wound_273.jpg,test,out_of_scope,non_wound,out_of_scope:extra_ibrahim_ood_pressure_wound_273.jpg,0.701,16,yes
data/test/out_of_scope/extra_ibrahim_ood_pressure_wound_274.jpg,test,out_of_scope,non_wound,out_of_scope:extra_ibrahim_ood_pressure_wound_274.jpg,0.657,16,yes
data/test/out_of_scope/extra_ibrahim_ood_pressure_wound_275.jpg,test,out_of_scope,non_wound,out_of_scope:extra_ibrahim_ood_pressure_wound_275.jpg,0.700,13,yes
data/test/out_of_scope/extra_ibrahim_ood_pressure_wound_276.jpg,test,out_of_scope,non_wound,out_of_scope:extra_ibrahim_ood_pressure_wound_276.jpg,0.699,13,yes
data/test/out_of_scope/extra_ibrahim_ood_pressure_wound_277.jpg,test,out_of_scope,non_wound,out_of_scope:extra_ibrahim_ood_pressure_wound_277.jpg,0.670,17,yes
data/test/out_of_scope/extra_ibrahim_ood_pressure_wound_292.jpg,test,out_of_scope,non_wound,out_of_scope:extra_ibrahim_ood_pressure_wound_292.jpg,0.623,15,yes
data/test/out_of_scope/extra_ibrahim_ood_pressure_wound_31.jpg,test,out_of_scope,non_wound,out_of_scope:extra_ibrahim_ood_pressure_wound_31.jpg,0.683,18,yes
data/test/out_of_scope/extra_ibrahim_ood_pressure_wound_47.jpg,test,out_of_scope,non_wound,out_of_scope:extra_ibrahim_ood_pressure_wound_47.jpg,0.642,14,yes
data/test/out_of_scope/extra_ibrahim_ood_pressure_wound_54.jpg,test,out_of_scope,non_wound,out_of_scope:extra_ibrahim_ood_pressure_wound_54.jpg,0.710,18,yes
data/test/out_of_scope/extra_ibrahim_ood_pressure_wound_58.jpg,test,out_of_scope,non_wound,out_of_scope:extra_ibrahim_ood_pressure_wound_58.jpg,0.715,16,yes
data/test/out_of_scope/extra_ibrahim_ood_pressure_wound_71.jpg,test,out_of_scope,non_wound,out_of_scope:extra_ibrahim_ood_pressure_wound_71.jpg,0.616,17,yes
data/test/out_of_scope/extra_ibrahim_ood_pressure_wound_79.jpg,test,out_of_scope,non_wound,out_of_scope:extra_ibrahim_ood_pressure_wound_79.jpg,0.716,16,yes
data/test/out_of_scope/extra_ibrahim_ood_pressure_wound_84.jpg,test,out_of_scope,non_wound,out_of_scope:extra_ibrahim_ood_pressure_wound_84.jpg,0.665,18,yes
data/test/out_of_scope/extra_ibrahim_ood_pressure_wound_86.jpg,test,out_of_scope,non_wound,out_of_scope:extra_ibrahim_ood_pressure_wound_86.jpg,0.717,14,yes
data/test/out_of_scope/extra_ibrahim_ood_pressure_wound_89.jpg,test,out_of_scope,non_wound,out_of_scope:extra_ibrahim_ood_pressure_wound_89.jpg,0.691,16,yes
data/test/out_of_scope/extra_ibrahim_ood_pressure_wound_92.jpg,test,out_of_scope,non_wound,out_of_scope:extra_ibrahim_ood_pressure_wound_92.jpg,0.681,16,yes
data/test/out_of_scope/extra_ibrahim_ood_surgical_wound_1.jpg,test,out_of_scope,non_wound,out_of_scope:extra_ibrahim_ood_surgical_wound_1.jpg,0.682,17,yes
data/test/out_of_scope/extra_ibrahim_ood_surgical_wound_107.jpg,test,out_of_scope,non_wound,out_of_scope:extra_ibrahim_ood_surgical_wound_107.jpg,0.671,9,yes
data/test/out_of_scope/extra_ibrahim_ood_surgical_wound_112.jpg,test,out_of_scope,non_wound,out_of_scope:extra_ibrahim_ood_surgical_wound_112.jpg,0.689,11,yes
data/test/out_of_scope/extra_ibrahim_ood_surgical_wound_138.jpg,test,out_of_scope,non_wound,out_of_scope:extra_ibrahim_ood_surgical_wound_138.jpg,0.662,14,yes
data/test/out_of_scope/extra_ibrahim_ood_surgical_wound_140.jpg,test,out_of_scope,non_wound,out_of_scope:extra_ibrahim_ood_surgical_wound_140.jpg,0.684,14,yes
data/test/out_of_scope/extra_ibrahim_ood_surgical_wound_146.jpg,test,out_of_scope,non_wound,out_of_scope:extra_ibrahim_ood_surgical_wound_146.jpg,0.698,10,yes
data/test/out_of_scope/extra_ibrahim_ood_surgical_wound_159.jpg,test,out_of_scope,non_wound,out_of_scope:extra_ibrahim_ood_surgical_wound_159.jpg,0.693,15,yes
data/test/out_of_scope/extra_ibrahim_ood_surgical_wound_16.jpg,test,out_of_scope,non_wound,out_of_scope:extra_ibrahim_ood_surgical_wound_16.jpg,0.736,15,yes
data/test/out_of_scope/extra_ibrahim_ood_surgical_wound_163.jpg,test,out_of_scope,non_wound,out_of_scope:extra_ibrahim_ood_surgical_wound_163.jpg,0.685,16,yes
data/test/out_of_scope/extra_ibrahim_ood_surgical_wound_165.jpg,test,out_of_scope,non_wound,out_of_scope:extra_ibrahim_ood_surgical_wound_165.jpg,0.650,14,yes
data/test/out_of_scope/extra_ibrahim_ood_surgical_wound_166.jpg,test,out_of_scope,non_wound,out_of_scope:extra_ibrahim_ood_surgical_wound_166.jpg,0.690,15,yes
data/test/out_of_scope/extra_ibrahim_ood_surgical_wound_170.jpg,test,out_of_scope,non_wound,out_of_scope:extra_ibrahim_ood_surgical_wound_170.jpg,0.675,16,yes
data/test/out_of_scope/extra_ibrahim_ood_surgical_wound_177.jpg,test,out_of_scope,non_wound,out_of_scope:extra_ibrahim_ood_surgical_wound_177.jpg,0.715,14,yes
data/test/out_of_scope/extra_ibrahim_ood_surgical_wound_180.jpg,test,out_of_scope,non_wound,out_of_scope:extra_ibrahim_ood_surgical_wound_180.jpg,0.736,16,yes
data/test/out_of_scope/extra_ibrahim_ood_surgical_wound_184.jpg,test,out_of_scope,non_wound,out_of_scope:extra_ibrahim_ood_surgical_wound_184.jpg,0.690,17,yes
data/test/out_of_scope/extra_ibrahim_ood_surgical_wound_186.jpg,test,out_of_scope,non_wound,out_of_scope:extra_ibrahim_ood_surgical_wound_186.jpg,0.627,15,yes
data/test/out_of_scope/extra_ibrahim_ood_surgical_wound_188.jpg,test,out_of_scope,non_wound,out_of_scope:extra_ibrahim_ood_surgical_wound_188.jpg,0.662,14,yes
data/test/out_of_scope/extra_ibrahim_ood_surgical_wound_191.jpg,test,out_of_scope,non_wound,out_of_scope:extra_ibrahim_ood_surgical_wound_191.jpg,0.718,19,yes
data/test/out_of_scope/extra_ibrahim_ood_surgical_wound_199.jpg,test,out_of_scope,non_wound,out_of_scope:extra_ibrahim_ood_surgical_wound_199.jpg,0.644,10,yes
data/test/out_of_scope/extra_ibrahim_ood_surgical_wound_2.jpg,test,out_of_scope,non_wound,out_of_scope:extra_ibrahim_ood_surgical_wound_2.jpg,0.693,13,yes
data/test/out_of_scope/extra_ibrahim_ood_surgical_wound_201.jpg,test,out_of_scope,non_wound,out_of_scope:extra_ibrahim_ood_surgical_wound_201.jpg,0.703,17,yes
data/test/out_of_scope/extra_ibrahim_ood_surgical_wound_203.jpg,test,out_of_scope,non_wound,out_of_scope:extra_ibrahim_ood_surgical_wound_203.jpg,0.687,15,yes
data/test/out_of_scope/extra_ibrahim_ood_surgical_wound_204.jpg,test,out_of_scope,non_wound,out_of_scope:extra_ibrahim_ood_surgical_wound_204.jpg,0.688,18,yes
data/test/out_of_scope/extra_ibrahim_ood_surgical_wound_205.jpg,test,out_of_scope,non_wound,out_of_scope:extra_ibrahim_ood_surgical_wound_205.jpg,0.681,15,yes
data/test/out_of_scope/extra_ibrahim_ood_surgical_wound_207.jpg,test,out_of_scope,non_wound,out_of_scope:extra_ibrahim_ood_surgical_wound_207.jpg,0.698,14,yes
data/test/out_of_scope/extra_ibrahim_ood_surgical_wound_22.jpg,test,out_of_scope,non_wound,out_of_scope:extra_ibrahim_ood_surgical_wound_22.jpg,0.680,17,yes
data/test/out_of_scope/extra_ibrahim_ood_surgical_wound_23.jpg,test,out_of_scope,non_wound,out_of_scope:extra_ibrahim_ood_surgical_wound_23.jpg,0.716,11,yes
data/test/out_of_scope/extra_ibrahim_ood_surgical_wound_24.jpg,test,out_of_scope,non_wound,out_of_scope:extra_ibrahim_ood_surgical_wound_24.jpg,0.690,15,yes
data/test/out_of_scope/extra_ibrahim_ood_surgical_wound_28.jpg,test,out_of_scope,non_wound,out_of_scope:extra_ibrahim_ood_surgical_wound_28.jpg,0.731,15,yes
data/test/out_of_scope/extra_ibrahim_ood_surgical_wound_31.jpg,test,out_of_scope,non_wound,out_of_scope:extra_ibrahim_ood_surgical_wound_31.jpg,0.676,15,yes
data/test/out_of_scope/extra_ibrahim_ood_surgical_wound_33.jpg,test,out_of_scope,non_wound,out_of_scope:extra_ibrahim_ood_surgical_wound_33.jpg,0.716,10,yes
data/test/out_of_scope/extra_ibrahim_ood_surgical_wound_4.jpg,test,out_of_scope,non_wound,out_of_scope:extra_ibrahim_ood_surgical_wound_4.jpg,0.709,14,yes
data/test/out_of_scope/extra_ibrahim_ood_surgical_wound_59.jpg,test,out_of_scope,non_wound,out_of_scope:extra_ibrahim_ood_surgical_wound_59.jpg,0.656,14,yes
data/test/out_of_scope/extra_ibrahim_ood_surgical_wound_61.jpg,test,out_of_scope,non_wound,out_of_scope:extra_ibrahim_ood_surgical_wound_61.jpg,0.718,16,yes
data/test/out_of_scope/extra_ibrahim_ood_surgical_wound_64.jpg,test,out_of_scope,non_wound,out_of_scope:extra_ibrahim_ood_surgical_wound_64.jpg,0.660,18,yes
data/test/out_of_scope/extra_ibrahim_ood_surgical_wound_69.jpg,test,out_of_scope,non_wound,out_of_scope:extra_ibrahim_ood_surgical_wound_69.jpg,0.707,20,yes
data/test/out_of_scope/extra_ibrahim_ood_surgical_wound_79.jpg,test,out_of_scope,non_wound,out_of_scope:extra_ibrahim_ood_surgical_wound_79.jpg,0.705,15,yes
data/test/out_of_scope/extra_ibrahim_ood_surgical_wound_87.jpg,test,out_of_scope,non_wound,out_of_scope:extra_ibrahim_ood_surgical_wound_87.jpg,0.694,15,yes
data/test/out_of_scope/extra_ibrahim_ood_venous_wound_103.jpg,test,out_of_scope,non_wound,out_of_scope:extra_ibrahim_ood_venous_wound_103.jpg,0.683,11,yes
data/test/out_of_scope/extra_ibrahim_ood_venous_wound_108.jpg,test,out_of_scope,non_wound,out_of_scope:extra_ibrahim_ood_venous_wound_108.jpg,0.714,17,yes
data/test/out_of_scope/extra_ibrahim_ood_venous_wound_114.jpg,test,out_of_scope,non_wound,out_of_scope:extra_ibrahim_ood_venous_wound_114.jpg,0.691,11,yes
data/test/out_of_scope/extra_ibrahim_ood_venous_wound_12.jpg,test,out_of_scope,non_wound,out_of_scope:extra_ibrahim_ood_venous_wound_12.jpg,0.653,15,yes
data/test/out_of_scope/extra_ibrahim_ood_venous_wound_132.jpg,test,out_of_scope,non_wound,out_of_scope:extra_ibrahim_ood_venous_wound_132.jpg,0.704,16,yes
data/test/out_of_scope/extra_ibrahim_ood_venous_wound_142.jpg,test,out_of_scope,non_wound,out_of_scope:extra_ibrahim_ood_venous_wound_142.jpg,0.671,19,yes
data/test/out_of_scope/extra_ibrahim_ood_venous_wound_143.jpg,test,out_of_scope,non_wound,out_of_scope:extra_ibrahim_ood_venous_wound_143.jpg,0.674,16,yes
data/test/out_of_scope/extra_ibrahim_ood_venous_wound_16.jpg,test,out_of_scope,non_wound,out_of_scope:extra_ibrahim_ood_venous_wound_16.jpg,0.724,12,yes
data/test/out_of_scope/extra_ibrahim_ood_venous_wound_164.jpg,test,out_of_scope,non_wound,out_of_scope:extra_ibrahim_ood_venous_wound_164.jpg,0.683,14,yes
data/test/out_of_scope/extra_ibrahim_ood_venous_wound_17.jpg,test,out_of_scope,non_wound,out_of_scope:extra_ibrahim_ood_venous_wound_17.jpg,0.704,17,yes
data/test/out_of_scope/extra_ibrahim_ood_venous_wound_182.jpg,test,out_of_scope,non_wound,out_of_scope:extra_ibrahim_ood_venous_wound_182.jpg,0.723,17,yes
data/test/out_of_scope/extra_ibrahim_ood_venous_wound_190.jpg,test,out_of_scope,non_wound,out_of_scope:extra_ibrahim_ood_venous_wound_190.jpg,0.684,15,yes
data/test/out_of_scope/extra_ibrahim_ood_venous_wound_203.jpg,test,out_of_scope,non_wound,out_of_scope:extra_ibrahim_ood_venous_wound_203.jpg,0.660,12,yes
data/test/out_of_scope/extra_ibrahim_ood_venous_wound_204.jpg,test,out_of_scope,non_wound,out_of_scope:extra_ibrahim_ood_venous_wound_204.jpg,0.723,14,yes
data/test/out_of_scope/extra_ibrahim_ood_venous_wound_241.jpg,test,out_of_scope,non_wound,out_of_scope:extra_ibrahim_ood_venous_wound_241.jpg,0.763,9,no
data/test/out_of_scope/extra_ibrahim_ood_venous_wound_244.jpg,test,out_of_scope,non_wound,out_of_scope:extra_ibrahim_ood_venous_wound_244.jpg,0.674,16,yes
data/test/out_of_scope/extra_ibrahim_ood_venous_wound_27.jpg,test,out_of_scope,non_wound,out_of_scope:extra_ibrahim_ood_venous_wound_27.jpg,0.697,17,yes
data/test/out_of_scope/extra_ibrahim_ood_venous_wound_8.jpg,test,out_of_scope,non_wound,out_of_scope:extra_ibrahim_ood_venous_wound_8.jpg,0.678,10,yes
data/test/out_of_scope/extra_skindis_dermatitis_atopik_70.jpg,test,out_of_scope,non_wound,out_of_scope:extra_skindis_dermatitis_atopik_70.jpg,0.756,11,no
data/test/out_of_scope/extra_skindis_dermatitis_atopik_71.jpg,test,out_of_scope,non_wound,out_of_scope:extra_skindis_dermatitis_atopik_71.jpg,0.736,14,yes
data/test/out_of_scope/extra_skindis_dermatitis_atopik_89.jpg,test,out_of_scope,non_wound,out_of_scope:extra_skindis_dermatitis_atopik_89.jpg,0.691,15,yes
data/test/out_of_scope/extra_skindis_dermatitis_atopik_96.jpg,test,out_of_scope,non_wound,out_of_scope:extra_skindis_dermatitis_atopik_96.jpg,0.752,18,no
data/test/out_of_scope/extra_skindis_dermatitis_kontak_alergi_23.jpg,test,out_of_scope,non_wound,out_of_scope:extra_skindis_dermatitis_kontak_alergi_23.jpg,0.700,12,yes
data/test/out_of_scope/extra_skindis_dermatitis_kontak_alergi_28.jpg,test,out_of_scope,non_wound,out_of_scope:extra_skindis_dermatitis_kontak_alergi_28.jpg,0.725,18,yes
data/test/out_of_scope/extra_skindis_dermatitis_kontak_alergi_43.jpg,test,out_of_scope,non_wound,out_of_scope:extra_skindis_dermatitis_kontak_alergi_43.jpg,0.648,16,yes
data/test/out_of_scope/extra_skindis_dermatitis_kontak_alergi_8.jpg,test,out_of_scope,non_wound,out_of_scope:extra_skindis_dermatitis_kontak_alergi_8.jpg,0.670,17,yes
data/test/out_of_scope/extra_skindis_dermatitis_perioral_62.jpg,test,out_of_scope,non_wound,out_of_scope:extra_skindis_dermatitis_perioral_62.jpg,0.740,17,yes
data/test/out_of_scope/extra_skindis_dermatitis_seboroik_12.jpg,test,out_of_scope,non_wound,out_of_scope:extra_skindis_dermatitis_seboroik_12.jpg,0.656,13,yes
data/test/out_of_scope/extra_skindis_dermatitis_seboroik_77.jpg,test,out_of_scope,non_wound,out_of_scope:extra_skindis_dermatitis_seboroik_77.jpg,0.639,18,yes
data/test/out_of_scope/extra_skindis_dermatitis_seboroik_79.jpg,test,out_of_scope,non_wound,out_of_scope:extra_skindis_dermatitis_seboroik_79.jpg,0.657,15,yes
data/test/out_of_scope/extra_skindis_neurodermatitis_11.jpg,test,out_of_scope,non_wound,out_of_scope:extra_skindis_neurodermatitis_11.jpg,0.601,17,yes
data/test/out_of_scope/extra_skindis_neurodermatitis_16.jpg,test,out_of_scope,non_wound,out_of_scope:extra_skindis_neurodermatitis_16.jpg,0.657,9,yes
data/test/out_of_scope/extra_skindis_neurodermatitis_18.jpg,test,out_of_scope,non_wound,out_of_scope:extra_skindis_neurodermatitis_18.jpg,0.688,15,yes
data/test/out_of_scope/extra_skindis_neurodermatitis_22.jpg,test,out_of_scope,non_wound,out_of_scope:extra_skindis_neurodermatitis_22.jpg,0.642,14,yes
data/test/out_of_scope/extra_skindis_neurodermatitis_23.jpg,test,out_of_scope,non_wound,out_of_scope:extra_skindis_neurodermatitis_23.jpg,0.679,15,yes
data/test/out_of_scope/extra_skindis_neurodermatitis_24.jpg,test,out_of_scope,non_wound,out_of_scope:extra_skindis_neurodermatitis_24.jpg,0.680,10,yes
data/test/out_of_scope/extra_skindis_neurodermatitis_26.jpg,test,out_of_scope,non_wound,out_of_scope:extra_skindis_neurodermatitis_26.jpg,0.725,18,yes
data/test/out_of_scope/extra_skindis_neurodermatitis_45.jpg,test,out_of_scope,non_wound,out_of_scope:extra_skindis_neurodermatitis_45.jpg,0.721,17,yes
data/test/out_of_scope/extra_skindis_neurodermatitis_58.jpg,test,out_of_scope,non_wound,out_of_scope:extra_skindis_neurodermatitis_58.jpg,0.650,13,yes
data/test/out_of_scope/extra_skindis_neurodermatitis_80.jpg,test,out_of_scope,non_wound,out_of_scope:extra_skindis_neurodermatitis_80.jpg,0.615,11,yes
data/test/out_of_scope/extra_skindis_neurodermatitis_91.jpg,test,out_of_scope,non_wound,out_of_scope:extra_skindis_neurodermatitis_91.jpg,0.682,16,yes
data/test/out_of_scope/extra_skindis_normal_102.jpg,test,out_of_scope,non_wound,out_of_scope:extra_skindis_normal_102.jpg,0.748,14,yes
data/test/out_of_scope/extra_skindis_normal_115.jpg,test,out_of_scope,non_wound,out_of_scope:extra_skindis_normal_115.jpg,0.701,16,yes
data/test/out_of_scope/extra_skindis_normal_125.jpg,test,out_of_scope,non_wound,out_of_scope:extra_skindis_normal_125.jpg,0.707,16,yes
data/test/out_of_scope/extra_skindis_normal_133.jpg,test,out_of_scope,non_wound,out_of_scope:extra_skindis_normal_133.jpg,0.729,17,yes
data/test/out_of_scope/extra_skindis_normal_150.jpg,test,out_of_scope,non_wound,out_of_scope:extra_skindis_normal_150.jpg,0.579,18,yes
data/test/out_of_scope/extra_skindis_normal_156.jpg,test,out_of_scope,non_wound,out_of_scope:extra_skindis_normal_156.jpg,0.648,19,yes
data/test/out_of_scope/extra_skindis_normal_16.jpg,test,out_of_scope,non_wound,out_of_scope:extra_skindis_normal_16.jpg,0.712,16,yes
data/test/out_of_scope/extra_skindis_normal_160.jpg,test,out_of_scope,non_wound,out_of_scope:extra_skindis_normal_160.jpg,0.615,14,yes
data/test/out_of_scope/extra_skindis_normal_167.jpg,test,out_of_scope,non_wound,out_of_scope:extra_skindis_normal_167.jpg,0.680,17,yes
data/test/out_of_scope/extra_skindis_normal_17.jpg,test,out_of_scope,non_wound,out_of_scope:extra_skindis_normal_17.jpg,0.718,15,yes
data/test/out_of_scope/extra_skindis_normal_175.jpg,test,out_of_scope,non_wound,out_of_scope:extra_skindis_normal_175.jpg,0.725,15,yes
data/test/out_of_scope/extra_skindis_normal_177.jpg,test,out_of_scope,non_wound,out_of_scope:extra_skindis_normal_177.jpg,0.685,14,yes
data/test/out_of_scope/extra_skindis_normal_179.jpg,test,out_of_scope,non_wound,out_of_scope:extra_skindis_normal_179.jpg,0.699,14,yes
data/test/out_of_scope/extra_skindis_normal_186.jpg,test,out_of_scope,non_wound,out_of_scope:extra_skindis_normal_186.jpg,0.709,18,yes
data/test/out_of_scope/extra_skindis_normal_202.jpg,test,out_of_scope,non_wound,out_of_scope:extra_skindis_normal_202.jpg,0.680,17,yes
data/test/out_of_scope/extra_skindis_normal_205.jpg,test,out_of_scope,non_wound,out_of_scope:extra_skindis_normal_205.jpg,0.688,17,yes
data/test/out_of_scope/extra_skindis_normal_209.jpg,test,out_of_scope,non_wound,out_of_scope:extra_skindis_normal_209.jpg,0.671,16,yes
data/test/out_of_scope/extra_skindis_normal_211.jpg,test,out_of_scope,non_wound,out_of_scope:extra_skindis_normal_211.jpg,0.690,15,yes
data/test/out_of_scope/extra_skindis_normal_214.jpg,test,out_of_scope,non_wound,out_of_scope:extra_skindis_normal_214.jpg,0.732,13,yes
data/test/out_of_scope/extra_skindis_normal_216.jpg,test,out_of_scope,non_wound,out_of_scope:extra_skindis_normal_216.jpg,0.738,8,yes
data/test/out_of_scope/extra_skindis_normal_23.jpg,test,out_of_scope,non_wound,out_of_scope:extra_skindis_normal_23.jpg,0.612,15,yes
data/test/out_of_scope/extra_skindis_normal_242.jpg,test,out_of_scope,non_wound,out_of_scope:extra_skindis_normal_242.jpg,0.702,13,yes
data/test/out_of_scope/extra_skindis_normal_243.jpg,test,out_of_scope,non_wound,out_of_scope:extra_skindis_normal_243.jpg,0.645,14,yes
data/test/out_of_scope/extra_skindis_normal_244.jpg,test,out_of_scope,non_wound,out_of_scope:extra_skindis_normal_244.jpg,0.710,17,yes
data/test/out_of_scope/extra_skindis_normal_246.jpg,test,out_of_scope,non_wound,out_of_scope:extra_skindis_normal_246.jpg,0.708,18,yes
data/test/out_of_scope/extra_skindis_normal_247.jpg,test,out_of_scope,non_wound,out_of_scope:extra_skindis_normal_247.jpg,0.742,17,yes
data/test/out_of_scope/extra_skindis_normal_250.jpg,test,out_of_scope,non_wound,out_of_scope:extra_skindis_normal_250.jpg,0.693,15,yes
data/test/out_of_scope/extra_skindis_normal_257.jpg,test,out_of_scope,non_wound,out_of_scope:extra_skindis_normal_257.jpg,0.716,16,yes
data/test/out_of_scope/extra_skindis_normal_263.jpg,test,out_of_scope,non_wound,out_of_scope:extra_skindis_normal_263.jpg,0.696,19,yes
data/test/out_of_scope/extra_skindis_normal_266.jpg,test,out_of_scope,non_wound,out_of_scope:extra_skindis_normal_266.jpg,0.695,14,yes
data/test/out_of_scope/extra_skindis_normal_275.jpg,test,out_of_scope,non_wound,out_of_scope:extra_skindis_normal_275.jpg,0.769,13,no
data/test/out_of_scope/extra_skindis_normal_281.jpg,test,out_of_scope,non_wound,out_of_scope:extra_skindis_normal_281.jpg,0.728,14,yes
data/test/out_of_scope/extra_skindis_normal_3.jpg,test,out_of_scope,non_wound,out_of_scope:extra_skindis_normal_3.jpg,0.632,9,yes
data/test/out_of_scope/extra_skindis_normal_31.jpg,test,out_of_scope,non_wound,out_of_scope:extra_skindis_normal_31.jpg,0.670,12,yes
data/test/out_of_scope/extra_skindis_normal_4.jpg,test,out_of_scope,non_wound,out_of_scope:extra_skindis_normal_4.jpg,0.663,12,yes
data/test/out_of_scope/extra_skindis_normal_48.jpg,test,out_of_scope,non_wound,out_of_scope:extra_skindis_normal_48.jpg,0.701,19,yes
data/test/out_of_scope/extra_skindis_normal_49.jpg,test,out_of_scope,non_wound,out_of_scope:extra_skindis_normal_49.jpg,0.668,20,yes
data/test/out_of_scope/extra_skindis_normal_50.jpg,test,out_of_scope,non_wound,out_of_scope:extra_skindis_normal_50.jpg,0.741,17,yes
data/test/out_of_scope/extra_skindis_normal_63.jpg,test,out_of_scope,non_wound,out_of_scope:extra_skindis_normal_63.jpg,0.698,18,yes
data/test/out_of_scope/extra_skindis_normal_65.jpg,test,out_of_scope,non_wound,out_of_scope:extra_skindis_normal_65.jpg,0.726,15,yes
data/test/out_of_scope/extra_skindis_normal_66.jpg,test,out_of_scope,non_wound,out_of_scope:extra_skindis_normal_66.jpg,0.705,12,yes
data/test/out_of_scope/extra_skindis_normal_69.jpg,test,out_of_scope,non_wound,out_of_scope:extra_skindis_normal_69.jpg,0.632,7,yes
data/test/out_of_scope/extra_skindis_normal_7.jpg,test,out_of_scope,non_wound,out_of_scope:extra_skindis_normal_7.jpg,0.672,13,yes
data/test/out_of_scope/extra_skindis_normal_70.jpg,test,out_of_scope,non_wound,out_of_scope:extra_skindis_normal_70.jpg,0.681,14,yes
data/test/out_of_scope/extra_skindis_normal_73.jpg,test,out_of_scope,non_wound,out_of_scope:extra_skindis_normal_73.jpg,0.700,16,yes
data/test/out_of_scope/extra_skindis_normal_75.jpg,test,out_of_scope,non_wound,out_of_scope:extra_skindis_normal_75.jpg,0.646,15,yes
data/test/out_of_scope/extra_skindis_normal_78.jpg,test,out_of_scope,non_wound,out_of_scope:extra_skindis_normal_78.jpg,0.670,16,yes
data/test/out_of_scope/extra_skindis_normal_84.jpg,test,out_of_scope,non_wound,out_of_scope:extra_skindis_normal_84.jpg,0.688,18,yes
data/test/out_of_scope/extra_skindis_normal_86.jpg,test,out_of_scope,non_wound,out_of_scope:extra_skindis_normal_86.jpg,0.714,14,yes
data/test/out_of_scope/extra_skindis_normal_87.jpg,test,out_of_scope,non_wound,out_of_scope:extra_skindis_normal_87.jpg,0.713,14,yes
data/test/out_of_scope/extra_skindis_normal_88.jpg,test,out_of_scope,non_wound,out_of_scope:extra_skindis_normal_88.jpg,0.729,13,yes
data/test/out_of_scope/extra_skindis_normal_92.jpg,test,out_of_scope,non_wound,out_of_scope:extra_skindis_normal_92.jpg,0.918,0,no
data/test/out_of_scope/extra_skinimg_atopic_dermatitis_21.jpg,test,out_of_scope,non_wound,out_of_scope:extra_skinimg_atopic_dermatitis_21.jpg,0.645,16,yes
data/test/out_of_scope/extra_skinimg_atopic_dermatitis_35.jpg,test,out_of_scope,non_wound,out_of_scope:extra_skinimg_atopic_dermatitis_35.jpg,0.673,14,yes
data/test/out_of_scope/extra_skinimg_atopic_dermatitis_38.jpg,test,out_of_scope,non_wound,out_of_scope:extra_skinimg_atopic_dermatitis_38.jpg,0.685,12,yes
data/test/out_of_scope/extra_skinimg_atopic_dermatitis_46.jpg,test,out_of_scope,non_wound,out_of_scope:extra_skinimg_atopic_dermatitis_46.jpg,0.637,16,yes
data/test/out_of_scope/extra_skinimg_atopic_dermatitis_6.jpg,test,out_of_scope,non_wound,out_of_scope:extra_skinimg_atopic_dermatitis_6.jpg,0.703,13,yes
data/test/out_of_scope/extra_skinimg_atopic_dermatitis_7.jpg,test,out_of_scope,non_wound,out_of_scope:extra_skinimg_atopic_dermatitis_7.jpg,0.702,15,yes
data/test/out_of_scope/extra_skinimg_atopic_dermatitis_75.jpg,test,out_of_scope,non_wound,out_of_scope:extra_skinimg_atopic_dermatitis_75.jpg,0.626,11,yes
data/test/out_of_scope/extra_skinimg_basal_cell_carcinoma_bcc_2.jpg,test,out_of_scope,non_wound,out_of_scope:extra_skinimg_basal_cell_carcinoma_bcc_2.jpg,0.679,15,yes
data/test/out_of_scope/extra_skinimg_basal_cell_carcinoma_bcc_4.jpg,test,out_of_scope,non_wound,out_of_scope:extra_skinimg_basal_cell_carcinoma_bcc_4.jpg,0.691,16,yes
data/test/out_of_scope/extra_skinimg_benign_keratosis_like_lesions_bkl_27.jpg,test,out_of_scope,non_wound,out_of_scope:extra_skinimg_benign_keratosis_like_lesions_bkl_27.jpg,0.641,11,yes
data/test/out_of_scope/extra_skinimg_benign_keratosis_like_lesions_bkl_36.jpg,test,out_of_scope,non_wound,out_of_scope:extra_skinimg_benign_keratosis_like_lesions_bkl_36.jpg,0.573,16,yes
data/test/out_of_scope/extra_skinimg_benign_keratosis_like_lesions_bkl_42.jpg,test,out_of_scope,non_wound,out_of_scope:extra_skinimg_benign_keratosis_like_lesions_bkl_42.jpg,0.696,15,yes
data/test/out_of_scope/extra_skinimg_benign_keratosis_like_lesions_bkl_54.jpg,test,out_of_scope,non_wound,out_of_scope:extra_skinimg_benign_keratosis_like_lesions_bkl_54.jpg,0.638,12,yes
data/test/out_of_scope/extra_skinimg_benign_keratosis_like_lesions_bkl_75.jpg,test,out_of_scope,non_wound,out_of_scope:extra_skinimg_benign_keratosis_like_lesions_bkl_75.jpg,0.740,14,yes
data/test/out_of_scope/extra_skinimg_benign_keratosis_like_lesions_bkl_76.jpg,test,out_of_scope,non_wound,out_of_scope:extra_skinimg_benign_keratosis_like_lesions_bkl_76.jpg,0.649,16,yes
data/test/out_of_scope/extra_skinimg_benign_keratosis_like_lesions_bkl_91.jpg,test,out_of_scope,non_wound,out_of_scope:extra_skinimg_benign_keratosis_like_lesions_bkl_91.jpg,0.663,14,yes
data/test/out_of_scope/extra_skinimg_benign_keratosis_like_lesions_bkl_92.jpg,test,out_of_scope,non_wound,out_of_scope:extra_skinimg_benign_keratosis_like_lesions_bkl_92.jpg,0.692,11,yes
data/test/out_of_scope/extra_skinimg_eczema_22.jpg,test,out_of_scope,non_wound,out_of_scope:extra_skinimg_eczema_22.jpg,0.711,19,yes
data/test/out_of_scope/extra_skinimg_eczema_32.jpg,test,out_of_scope,non_wound,out_of_scope:extra_skinimg_eczema_32.jpg,0.685,14,yes
data/test/out_of_scope/extra_skinimg_eczema_4.jpg,test,out_of_scope,non_wound,out_of_scope:extra_skinimg_eczema_4.jpg,0.708,11,yes
data/test/out_of_scope/extra_skinimg_melanocytic_nevi_nv_15.jpg,test,out_of_scope,non_wound,out_of_scope:extra_skinimg_melanocytic_nevi_nv_15.jpg,0.692,18,yes
data/test/out_of_scope/extra_skinimg_melanocytic_nevi_nv_18.jpg,test,out_of_scope,non_wound,out_of_scope:extra_skinimg_melanocytic_nevi_nv_18.jpg,0.751,18,no
data/test/out_of_scope/extra_skinimg_melanocytic_nevi_nv_19.jpg,test,out_of_scope,non_wound,out_of_scope:extra_skinimg_melanocytic_nevi_nv_19.jpg,0.660,16,yes
data/test/out_of_scope/extra_skinimg_melanocytic_nevi_nv_2.jpg,test,out_of_scope,non_wound,out_of_scope:extra_skinimg_melanocytic_nevi_nv_2.jpg,0.710,13,yes
data/test/out_of_scope/extra_skinimg_melanoma_29.jpg,test,out_of_scope,non_wound,out_of_scope:extra_skinimg_melanoma_29.jpg,0.718,13,yes
data/test/out_of_scope/extra_skinimg_melanoma_60.jpg,test,out_of_scope,non_wound,out_of_scope:extra_skinimg_melanoma_60.jpg,0.740,14,yes
data/test/out_of_scope/extra_skinimg_melanoma_72.jpg,test,out_of_scope,non_wound,out_of_scope:extra_skinimg_melanoma_72.jpg,0.692,16,yes
data/test/out_of_scope/extra_skinimg_psoriasis_pictures_lichen_planus_and_related_diseases_12.jpg,test,out_of_scope,non_wound,out_of_scope:extra_skinimg_psoriasis_pictures_lichen_planus_and_related_diseases_12.jpg,0.690,16,yes
data/test/out_of_scope/extra_skinimg_psoriasis_pictures_lichen_planus_and_related_diseases_22.jpg,test,out_of_scope,non_wound,out_of_scope:extra_skinimg_psoriasis_pictures_lichen_planus_and_related_diseases_22.jpg,0.653,11,yes
data/test/out_of_scope/extra_skinimg_psoriasis_pictures_lichen_planus_and_related_diseases_23.jpg,test,out_of_scope,non_wound,out_of_scope:extra_skinimg_psoriasis_pictures_lichen_planus_and_related_diseases_23.jpg,0.665,15,yes
data/test/out_of_scope/extra_skinimg_psoriasis_pictures_lichen_planus_and_related_diseases_24.jpg,test,out_of_scope,non_wound,out_of_scope:extra_skinimg_psoriasis_pictures_lichen_planus_and_related_diseases_24.jpg,0.682,17,yes
data/test/out_of_scope/extra_skinimg_psoriasis_pictures_lichen_planus_and_related_diseases_43.jpg,test,out_of_scope,non_wound,out_of_scope:extra_skinimg_psoriasis_pictures_lichen_planus_and_related_diseases_43.jpg,0.611,18,yes
data/test/out_of_scope/extra_skinimg_psoriasis_pictures_lichen_planus_and_related_diseases_49.jpg,test,out_of_scope,non_wound,out_of_scope:extra_skinimg_psoriasis_pictures_lichen_planus_and_related_diseases_49.jpg,0.670,15,yes
data/test/out_of_scope/extra_skinimg_psoriasis_pictures_lichen_planus_and_related_diseases_50.jpg,test,out_of_scope,non_wound,out_of_scope:extra_skinimg_psoriasis_pictures_lichen_planus_and_related_diseases_50.jpg,0.657,15,yes
data/test/out_of_scope/extra_skinimg_psoriasis_pictures_lichen_planus_and_related_diseases_76.jpg,test,out_of_scope,non_wound,out_of_scope:extra_skinimg_psoriasis_pictures_lichen_planus_and_related_diseases_76.jpg,0.657,14,yes
data/test/out_of_scope/extra_skinimg_psoriasis_pictures_lichen_planus_and_related_diseases_92.jpg,test,out_of_scope,non_wound,out_of_scope:extra_skinimg_psoriasis_pictures_lichen_planus_and_related_diseases_92.jpg,0.680,11,yes
data/test/out_of_scope/extra_skinimg_seborrheic_keratoses_and_other_benign_tumors_26.jpg,test,out_of_scope,non_wound,out_of_scope:extra_skinimg_seborrheic_keratoses_and_other_benign_tumors_26.jpg,0.707,14,yes
data/test/out_of_scope/extra_skinimg_seborrheic_keratoses_and_other_benign_tumors_39.jpg,test,out_of_scope,non_wound,out_of_scope:extra_skinimg_seborrheic_keratoses_and_other_benign_tumors_39.jpg,0.641,17,yes
data/test/out_of_scope/extra_skinimg_seborrheic_keratoses_and_other_benign_tumors_74.jpg,test,out_of_scope,non_wound,out_of_scope:extra_skinimg_seborrheic_keratoses_and_other_benign_tumors_74.jpg,0.694,10,yes
data/test/out_of_scope/extra_skinimg_seborrheic_keratoses_and_other_benign_tumors_9.jpg,test,out_of_scope,non_wound,out_of_scope:extra_skinimg_seborrheic_keratoses_and_other_benign_tumors_9.jpg,0.664,16,yes
data/test/out_of_scope/extra_skinimg_tinea_ringworm_candidiasis_and_other_fungal_infections_21.jpg,test,out_of_scope,non_wound,out_of_scope:extra_skinimg_tinea_ringworm_candidiasis_and_other_fungal_infections_21.jpg,0.689,13,yes
data/test/out_of_scope/extra_skinimg_tinea_ringworm_candidiasis_and_other_fungal_infections_5.jpg,test,out_of_scope,non_wound,out_of_scope:extra_skinimg_tinea_ringworm_candidiasis_and_other_fungal_infections_5.jpg,0.596,12,yes
data/test/out_of_scope/extra_skinimg_tinea_ringworm_candidiasis_and_other_fungal_infections_61.jpg,test,out_of_scope,non_wound,out_of_scope:extra_skinimg_tinea_ringworm_candidiasis_and_other_fungal_infections_61.jpg,0.600,15,yes
data/test/out_of_scope/extra_skinimg_tinea_ringworm_candidiasis_and_other_fungal_infections_68.jpg,test,out_of_scope,non_wound,out_of_scope:extra_skinimg_tinea_ringworm_candidiasis_and_other_fungal_infections_68.jpg,0.625,17,yes
data/test/out_of_scope/extra_skinimg_tinea_ringworm_candidiasis_and_other_fungal_infections_70.jpg,test,out_of_scope,non_wound,out_of_scope:extra_skinimg_tinea_ringworm_candidiasis_and_other_fungal_infections_70.jpg,0.653,16,yes
data/test/out_of_scope/extra_skinimg_tinea_ringworm_candidiasis_and_other_fungal_infections_86.jpg,test,out_of_scope,non_wound,out_of_scope:extra_skinimg_tinea_ringworm_candidiasis_and_other_fungal_infections_86.jpg,0.612,13,yes
data/test/out_of_scope/extra_skinimg_warts_molluscum_and_other_viral_infections_12.jpg,test,out_of_scope,non_wound,out_of_scope:extra_skinimg_warts_molluscum_and_other_viral_infections_12.jpg,0.731,18,yes
data/test/out_of_scope/extra_skinimg_warts_molluscum_and_other_viral_infections_29.jpg,test,out_of_scope,non_wound,out_of_scope:extra_skinimg_warts_molluscum_and_other_viral_infections_29.jpg,0.719,15,yes
data/test/out_of_scope/extra_skinimg_warts_molluscum_and_other_viral_infections_42.jpg,test,out_of_scope,non_wound,out_of_scope:extra_skinimg_warts_molluscum_and_other_viral_infections_42.jpg,0.682,16,yes
data/test/out_of_scope/extra_skinimg_warts_molluscum_and_other_viral_infections_52.jpg,test,out_of_scope,non_wound,out_of_scope:extra_skinimg_warts_molluscum_and_other_viral_infections_52.jpg,0.665,12,yes
data/test/out_of_scope/extra_skinimg_warts_molluscum_and_other_viral_infections_55.jpg,test,out_of_scope,non_wound,out_of_scope:extra_skinimg_warts_molluscum_and_other_viral_infections_55.jpg,0.725,15,yes
data/test/out_of_scope/extra_skinimg_warts_molluscum_and_other_viral_infections_66.jpg,test,out_of_scope,non_wound,out_of_scope:extra_skinimg_warts_molluscum_and_other_viral_infections_66.jpg,0.673,10,yes
data/test/out_of_scope/extra_skinimg_warts_molluscum_and_other_viral_infections_68.jpg,test,out_of_scope,non_wound,out_of_scope:extra_skindis_neurodermatitis_11.jpg,0.603,19,yes
data/test/out_of_scope/extra_skinimg_warts_molluscum_and_other_viral_infections_86.jpg,test,out_of_scope,non_wound,out_of_scope:extra_skinimg_warts_molluscum_and_other_viral_infections_86.jpg,0.590,14,yes
experiments/v2/rit/images/roboflow_wound_v1_33e91c9b9e0bacc4.jpg,rit_roboflow_test,burn_degree_unknown,burn,rit_g0,0.991,1,no
experiments/v2/rit/images/roboflow_wound_v1_41c96e242f10eb3f.jpg,rit_roboflow_test,burn_degree_unknown,burn,rit_g1,0.815,18,no
experiments/v2/rit/images/roboflow_wound_v1_2e61232bdef83e90.jpg,rit_roboflow_test,burn_degree_unknown,burn,rit_g2,0.985,0,no
experiments/v2/rit/images/roboflow_wound_v1_e8d3c41de6ddf481.jpg,rit_roboflow_test,burn_degree_unknown,burn,rit_g3,0.692,17,yes
experiments/v2/rit/images/roboflow_wound_v1_09c43c4eef8c2b28.jpg,rit_roboflow_test,burn_degree_unknown,burn,rit_g4,0.754,17,no
experiments/v2/rit/images/roboflow_wound_v1_bbc5c551f620403c.jpg,rit_roboflow_test,burn_degree_unknown,burn,rit_g5,0.719,14,yes
experiments/v2/rit/images/roboflow_wound_v1_4804121b86d6c6bd.jpg,rit_roboflow_test,burn_degree_unknown,burn,rit_g6,0.650,16,yes
experiments/v2/rit/images/roboflow_wound_v1_c3afb56ac7283932.jpg,rit_roboflow_test,burn_degree_unknown,burn,rit_g7,0.993,0,no
experiments/v2/rit/images/roboflow_wound_v1_2043a9306b7e8bbc.jpg,rit_roboflow_test,burn_degree_unknown,burn,rit_g8,0.714,18,yes
experiments/v2/rit/images/roboflow_wound_v1_f46f8085bfc64317.jpg,rit_roboflow_test,burn_degree_unknown,burn,rit_g9,0.749,11,yes
experiments/v2/rit/images/roboflow_wound_v1_82cadc411f27c93f.jpg,rit_roboflow_test,burn_degree_unknown,burn,rit_g10,0.769,16,no
experiments/v2/rit/images/roboflow_wound_v1_3cabe08d1ae22294.jpg,rit_roboflow_test,healthy_skin,non_wound,rit_g11,0.853,6,no
experiments/v2/rit/images/roboflow_wound_v1_60af29c5a8ee45b9.jpg,rit_roboflow_test,cut,cut,rit_g12,0.706,12,yes
experiments/v2/rit/images/roboflow_wound_v1_011b0beb78a1e278.jpg,rit_roboflow_test,cut,cut,rit_g13,0.727,17,yes
experiments/v2/rit/images/roboflow_wound_v1_fce9f5c2b1f828a8.jpg,rit_roboflow_test,healthy_skin,non_wound,rit_g14,0.860,14,no
experiments/v2/rit/images/roboflow_wound_v1_60b723f96a5c2783.jpg,rit_roboflow_test,bruise,bruise,rit_g15,0.754,19,no
experiments/v2/rit/images/roboflow_wound_v1_929a3e6659924cce.jpg,rit_roboflow_test,bruise,bruise,rit_g16,0.714,15,yes
experiments/v2/rit/images/roboflow_wound_v1_0ea2b2a48c9a80a2.jpg,rit_roboflow_test,bruise,bruise,rit_g17,0.719,16,yes
experiments/v2/rit/images/roboflow_wound_v1_c0c1cac4cdc21c30.jpg,rit_roboflow_test,healthy_skin,non_wound,rit_g18,0.672,15,yes
experiments/v2/rit/images/roboflow_wound_v1_8da0b406942fcbe0.jpg,rit_roboflow_test,burn_degree_unknown,burn,rit_g19,0.999,0,no
experiments/v2/rit/images/roboflow_wound_v1_080b4c0e824b5b0c.jpg,rit_roboflow_train,burn_degree_unknown,burn,rit_g20,1.000,0,no
experiments/v2/rit/images/roboflow_wound_v1_597de6292cc21bb5.jpg,rit_roboflow_train,burn_degree_unknown,burn,rit_g21,1.000,0,no
experiments/v2/rit/images/roboflow_wound_v1_807bcbdf0412ef97.jpg,rit_roboflow_train,burn_degree_unknown,burn,rit_g22,1.000,0,no
experiments/v2/rit/images/roboflow_wound_v1_65d886a5dafdfdca.jpg,rit_roboflow_train,burn_degree_unknown,burn,rit_g23,1.000,0,no
experiments/v2/rit/images/roboflow_wound_v1_fcf9e98eaff3607b.jpg,rit_roboflow_train,burn_degree_unknown,burn,rit_g24,1.000,0,no
experiments/v2/rit/images/roboflow_wound_v1_039087d3ef90701b.jpg,rit_roboflow_train,burn_degree_unknown,burn,rit_g25,1.000,0,no
experiments/v2/rit/images/roboflow_wound_v1_dd8f844286bb5e7a.jpg,rit_roboflow_train,burn_degree_unknown,burn,rit_g26,1.000,0,no
experiments/v2/rit/images/roboflow_wound_v1_9656386a0f821ca1.jpg,rit_roboflow_train,burn_degree_unknown,burn,rit_g27,1.000,0,no
experiments/v2/rit/images/roboflow_wound_v1_ab7b757bc84833e3.jpg,rit_roboflow_train,burn_degree_unknown,burn,rit_g28,1.000,0,no
experiments/v2/rit/images/roboflow_wound_v1_3097062759366365.jpg,rit_roboflow_train,burn_degree_unknown,burn,rit_g29,1.000,1,no
experiments/v2/rit/images/roboflow_wound_v1_fe3de82d8315e477.jpg,rit_roboflow_train,burn_degree_unknown,burn,rit_g30,1.000,0,no
experiments/v2/rit/images/roboflow_wound_v1_30869d3563759126.jpg,rit_roboflow_train,burn_degree_unknown,burn,rit_g31,1.000,0,no
experiments/v2/rit/images/roboflow_wound_v1_217aebee06e27efc.jpg,rit_roboflow_train,burn_degree_unknown,burn,rit_g32,1.000,0,no
experiments/v2/rit/images/roboflow_wound_v1_a832e889c6bdef35.jpg,rit_roboflow_train,burn_degree_unknown,burn,rit_g33,1.000,0,no
experiments/v2/rit/images/roboflow_wound_v1_8a4c8a8469e08196.jpg,rit_roboflow_train,burn_degree_unknown,burn,rit_g34,1.000,0,no
experiments/v2/rit/images/roboflow_wound_v1_159070566af05037.jpg,rit_roboflow_train,burn_degree_unknown,burn,rit_g35,1.000,0,no
experiments/v2/rit/images/roboflow_wound_v1_1476cdadf154f061.jpg,rit_roboflow_train,burn_degree_unknown,burn,rit_g36,1.000,0,no
experiments/v2/rit/images/roboflow_wound_v1_8da6b6207fd8b635.jpg,rit_roboflow_train,burn_degree_unknown,burn,rit_g37,1.000,0,no
experiments/v2/rit/images/roboflow_wound_v1_270a29c8eef94f01.jpg,rit_roboflow_train,burn_degree_unknown,burn,rit_g38,1.000,0,no
experiments/v2/rit/images/roboflow_wound_v1_374711b32241d301.jpg,rit_roboflow_train,burn_degree_unknown,burn,rit_g39,1.000,0,no
experiments/v2/rit/images/roboflow_wound_v1_b1c66657a33f69af.jpg,rit_roboflow_train,burn_degree_unknown,burn,rit_g40,1.000,0,no
experiments/v2/rit/images/roboflow_wound_v1_d4b6cae354857783.jpg,rit_roboflow_train,burn_degree_unknown,burn,rit_g41,1.000,0,no
experiments/v2/rit/images/roboflow_wound_v1_0629e5fe9d7ad8d2.jpg,rit_roboflow_train,burn_degree_unknown,burn,rit_g42,1.000,0,no
experiments/v2/rit/images/roboflow_wound_v1_80ac035045be8bfb.jpg,rit_roboflow_train,burn_degree_unknown,burn,rit_g43,1.000,0,no
experiments/v2/rit/images/roboflow_wound_v1_45b6eca00e438bd0.jpg,rit_roboflow_train,burn_degree_unknown,burn,rit_g44,1.000,0,no
experiments/v2/rit/images/roboflow_wound_v1_57a4dc4c1b07bc66.jpg,rit_roboflow_train,burn_degree_unknown,burn,rit_g45,1.000,0,no
experiments/v2/rit/images/roboflow_wound_v1_5f10f4c0516d31a5.jpg,rit_roboflow_train,burn_degree_unknown,burn,rit_g46,1.000,0,no
experiments/v2/rit/images/roboflow_wound_v1_ecb5a546b3cabe95.jpg,rit_roboflow_train,burn_degree_unknown,burn,rit_g47,1.000,0,no
experiments/v2/rit/images/roboflow_wound_v1_dd7a152d1ad73071.jpg,rit_roboflow_train,burn_degree_unknown,burn,rit_g48,1.000,0,no
experiments/v2/rit/images/roboflow_wound_v1_03cc3d3f5c6358e8.jpg,rit_roboflow_train,burn_degree_unknown,burn,rit_g49,1.000,0,no
experiments/v2/rit/images/roboflow_wound_v1_dcf1f1f1336952cc.jpg,rit_roboflow_train,burn_degree_unknown,burn,rit_g50,1.000,0,no
experiments/v2/rit/images/roboflow_wound_v1_946713a5802a1048.jpg,rit_roboflow_train,burn_degree_unknown,burn,rit_g51,1.000,0,no
experiments/v2/rit/images/roboflow_wound_v1_74d2bf8959c35f37.jpg,rit_roboflow_train,burn_degree_unknown,burn,rit_g52,1.000,0,no
experiments/v2/rit/images/roboflow_wound_v1_6aac8242384fdff1.jpg,rit_roboflow_train,burn_degree_unknown,burn,rit_g53,1.000,0,no
experiments/v2/rit/images/roboflow_wound_v1_1468fd31a45dc27d.jpg,rit_roboflow_train,burn_degree_unknown,burn,rit_g54,1.000,1,no
experiments/v2/rit/images/roboflow_wound_v1_5f094773effcbfcd.jpg,rit_roboflow_train,burn_degree_unknown,burn,rit_g55,1.000,0,no
experiments/v2/rit/images/roboflow_wound_v1_1ca1d475efcb4334.jpg,rit_roboflow_train,burn_degree_unknown,burn,rit_g56,1.000,0,no
experiments/v2/rit/images/roboflow_wound_v1_7dcbd46f2aae2b97.jpg,rit_roboflow_train,burn_degree_unknown,burn,rit_g57,1.000,0,no
experiments/v2/rit/images/roboflow_wound_v1_0bba6b83449bee5f.jpg,rit_roboflow_train,burn_degree_unknown,burn,rit_g58,1.000,0,no
experiments/v2/rit/images/roboflow_wound_v1_a9d7892023780212.jpg,rit_roboflow_train,burn_degree_unknown,burn,rit_g59,1.000,0,no
experiments/v2/rit/images/roboflow_wound_v1_8af656b17a1157e1.jpg,rit_roboflow_train,bruise,bruise,rit_g60,1.000,0,no
experiments/v2/rit/images/roboflow_wound_v1_62137667bbaf413a.jpg,rit_roboflow_train,bruise,bruise,rit_g61,1.000,0,no
experiments/v2/rit/images/roboflow_wound_v1_d8674ce83edcafb8.jpg,rit_roboflow_train,bruise,bruise,rit_g62,1.000,0,no
experiments/v2/rit/images/roboflow_wound_v1_6466efb6736274d0.jpg,rit_roboflow_train,bruise,bruise,rit_g63,1.000,0,no
experiments/v2/rit/images/roboflow_wound_v1_4ce64f58f83505ac.jpg,rit_roboflow_train,bruise,bruise,rit_g64,1.000,0,no
experiments/v2/rit/images/roboflow_wound_v1_5b0047c82ad91474.jpg,rit_roboflow_train,cut,cut,rit_g65,1.000,0,no
experiments/v2/rit/images/roboflow_wound_v1_f3e39a0fc0f9e3a0.jpg,rit_roboflow_train,bruise,bruise,rit_g66,1.000,2,no
experiments/v2/rit/images/roboflow_wound_v1_c6504fc540e4142a.jpg,rit_roboflow_train,cut,cut,rit_g67,1.000,0,no
experiments/v2/rit/images/roboflow_wound_v1_100c95002ee41302.jpg,rit_roboflow_train,abrasion,abrasion,rit_g68,1.000,0,no
experiments/v2/rit/images/roboflow_wound_v1_db4d71b53e4bf540.jpg,rit_roboflow_train,abrasion,abrasion,rit_g69,1.000,0,no
experiments/v2/rit/images/roboflow_wound_v1_c8eb49cfd59a7071.jpg,rit_roboflow_train,bruise,bruise,rit_g70,1.000,0,no
experiments/v2/rit/images/roboflow_wound_v1_882f2fb54fc99b44.jpg,rit_roboflow_train,cut,cut,rit_g71,1.000,1,no
experiments/v2/rit/images/roboflow_wound_v1_b18362fbff5c2d32.jpg,rit_roboflow_train,bruise,bruise,rit_g72,1.000,0,no
experiments/v2/rit/images/roboflow_wound_v1_af8ce014cb87f4c7.jpg,rit_roboflow_train,bruise,bruise,rit_g73,1.000,1,no
experiments/v2/rit/images/roboflow_wound_v1_736933bd24ac8dd7.jpg,rit_roboflow_train,healthy_skin,non_wound,rit_g74,1.000,0,no
experiments/v2/rit/images/roboflow_wound_v1_ba20348f62fe456d.jpg,rit_roboflow_train,bruise,bruise,rit_g75,1.000,0,no
experiments/v2/rit/images/roboflow_wound_v1_afe4a98e1a9a7193.jpg,rit_roboflow_train,bruise,bruise,rit_g76,1.000,0,no
experiments/v2/rit/images/roboflow_wound_v1_833c078fd9686408.jpg,rit_roboflow_train,healthy_skin,non_wound,rit_g77,1.000,0,no
experiments/v2/rit/images/roboflow_wound_v1_ad2fb4b15fd9c7ee.jpg,rit_roboflow_train,bruise,bruise,rit_g78,1.000,0,no
experiments/v2/rit/images/roboflow_wound_v1_34c8699d4e29a994.jpg,rit_roboflow_train,bruise,bruise,rit_g79,1.000,0,no
experiments/v2/rit/images/roboflow_wound_v1_d206bd67c9dae546.jpg,rit_roboflow_train,cut,cut,rit_g80,1.000,0,no
experiments/v2/rit/images/roboflow_wound_v1_2b93d20c7be79307.jpg,rit_roboflow_train,healthy_skin,non_wound,rit_g81,1.000,0,no
experiments/v2/rit/images/roboflow_wound_v1_7a56fff250cfa57f.jpg,rit_roboflow_train,bruise,bruise,rit_g82,1.000,0,no
experiments/v2/rit/images/roboflow_wound_v1_395487ff01e983b2.jpg,rit_roboflow_train,bruise,bruise,rit_g83,1.000,0,no
experiments/v2/rit/images/roboflow_wound_v1_8e6049a3e523d0fa.jpg,rit_roboflow_train,bruise,bruise,rit_g84,1.000,0,no
experiments/v2/rit/images/roboflow_wound_v1_865a91c35e7e123e.jpg,rit_roboflow_train,healthy_skin,non_wound,rit_g85,1.000,0,no
experiments/v2/rit/images/roboflow_wound_v1_6422f3916adc6e1c.jpg,rit_roboflow_train,bruise,bruise,rit_g86,1.000,0,no
experiments/v2/rit/images/roboflow_wound_v1_ac4f9c92d9f8e5b6.jpg,rit_roboflow_train,healthy_skin,non_wound,rit_g87,1.000,1,no
experiments/v2/rit/images/roboflow_wound_v1_ffb36b7c4012ad08.jpg,rit_roboflow_train,healthy_skin,non_wound,rit_g88,1.000,0,no
experiments/v2/rit/images/roboflow_wound_v1_c412f536da6f3ae7.jpg,rit_roboflow_train,burn_degree_unknown,burn,rit_g89,1.000,0,no
experiments/v2/rit/images/roboflow_wound_v1_89c15096f0708af4.jpg,rit_roboflow_train,burn_degree_unknown,burn,rit_g90,1.000,0,no
experiments/v2/rit/images/roboflow_wound_v1_f3adf0bed87ce660.jpg,rit_roboflow_train,bruise,bruise,rit_g91,1.000,0,no
experiments/v2/rit/images/roboflow_wound_v1_9bbeac025aeb944c.jpg,rit_roboflow_train,bruise,bruise,rit_g92,1.000,1,no
experiments/v2/rit/images/roboflow_wound_v1_3e39a90b5d8f8b13.jpg,rit_roboflow_train,bruise,bruise,rit_g93,1.000,0,no
experiments/v2/rit/images/roboflow_wound_v1_cc1cea2629abc18f.jpg,rit_roboflow_train,healthy_skin,non_wound,rit_g94,1.000,0,no
experiments/v2/rit/images/roboflow_wound_v1_694e2bd977036960.jpg,rit_roboflow_train,bruise,bruise,rit_g95,1.000,0,no
experiments/v2/rit/images/roboflow_wound_v1_212d1baaa124b2b8.jpg,rit_roboflow_train,healthy_skin,non_wound,rit_g96,1.000,0,no
experiments/v2/rit/images/roboflow_wound_v1_3e3a666fd08f5802.jpg,rit_roboflow_train,healthy_skin,non_wound,rit_g97,1.000,0,no
experiments/v2/rit/images/roboflow_wound_v1_48796a4f6072eb94.jpg,rit_roboflow_train,bruise,bruise,rit_g98,1.000,0,no
experiments/v2/rit/images/roboflow_wound_v1_566df6266a8e8ad1.jpg,rit_roboflow_train,bruise,bruise,rit_g99,1.000,0,no
experiments/v2/rit/images/roboflow_wound_v1_32e8aa1cf4c27e3e.jpg,rit_roboflow_train,bruise,bruise,rit_g100,1.000,0,no
experiments/v2/rit/images/roboflow_wound_v1_33c7caed1365ac66.jpg,rit_roboflow_train,bruise,bruise,rit_g101,1.000,0,no
experiments/v2/rit/images/roboflow_wound_v1_e6eb2eef82b11f3e.jpg,rit_roboflow_train,bruise,bruise,rit_g102,1.000,0,no
experiments/v2/rit/images/roboflow_wound_v1_2d7e8987fd6aacdb.jpg,rit_roboflow_train,burn_degree_unknown,burn,rit_g103,1.000,0,no
experiments/v2/rit/images/roboflow_wound_v1_77a3a29b08c87880.jpg,rit_roboflow_train,burn_degree_unknown,burn,rit_g104,1.000,0,no
experiments/v2/rit/images/roboflow_wound_v1_6e359709fbe2c54f.jpg,rit_roboflow_train,healthy_skin,non_wound,rit_g105,1.000,0,no
experiments/v2/rit/images/roboflow_wound_v1_3f61591d10fcc139.jpg,rit_roboflow_train,healthy_skin,non_wound,rit_g106,1.000,0,no
experiments/v2/rit/images/roboflow_wound_v1_e8e1b371f44e5767.jpg,rit_roboflow_train,healthy_skin,non_wound,rit_g107,1.000,0,no
experiments/v2/rit/images/roboflow_wound_v1_47fc488ebef954f8.jpg,rit_roboflow_train,healthy_skin,non_wound,rit_g108,1.000,0,no
experiments/v2/rit/images/roboflow_wound_v1_fa54daf4398f3661.jpg,rit_roboflow_train,healthy_skin,non_wound,rit_g109,1.000,0,no
experiments/v2/rit/images/roboflow_wound_v1_3fe27ed08de7cad8.jpg,rit_roboflow_train,healthy_skin,non_wound,rit_g110,1.000,0,no
experiments/v2/rit/images/roboflow_wound_v1_11e8aa4e98c782c8.jpg,rit_roboflow_train,healthy_skin,non_wound,rit_g111,1.000,0,no
experiments/v2/rit/images/roboflow_wound_v1_d77346233919a1a5.jpg,rit_roboflow_train,healthy_skin,non_wound,rit_g112,1.000,0,no
experiments/v2/rit/images/roboflow_wound_v1_d7c0bfa128ad41f5.jpg,rit_roboflow_train,cut,cut,rit_g113,1.000,0,no
experiments/v2/rit/images/roboflow_wound_v1_90d6e8a61a2d7cb6.jpg,rit_roboflow_train,cut,cut,rit_g114,1.000,0,no
experiments/v2/rit/images/roboflow_wound_v1_cfde783cade17e65.jpg,rit_roboflow_valid,burn_degree_unknown,burn,rit_g115,1.000,0,no
experiments/v2/rit/images/roboflow_wound_v1_35c0125bdb0030c5.jpg,rit_roboflow_valid,burn_degree_unknown,burn,rit_g116,1.000,0,no
experiments/v2/rit/images/roboflow_wound_v1_f0de78d8b583ca5d.jpg,rit_roboflow_valid,burn_degree_unknown,burn,rit_g117,1.000,0,no
experiments/v2/rit/images/roboflow_wound_v1_ed2aabb203c60b3d.jpg,rit_roboflow_valid,burn_degree_unknown,burn,rit_g118,1.000,0,no
experiments/v2/rit/images/roboflow_wound_v1_732dd46bf3755dd6.jpg,rit_roboflow_valid,burn_degree_unknown,burn,rit_g119,1.000,0,no
experiments/v2/rit/images/roboflow_wound_v1_e635cdb3ecc03e81.jpg,rit_roboflow_valid,burn_degree_unknown,burn,rit_g120,1.000,0,no
experiments/v2/rit/images/roboflow_wound_v1_7dd04c5c6cf470f5.jpg,rit_roboflow_valid,burn_degree_unknown,burn,rit_g121,1.000,0,no
experiments/v2/rit/images/roboflow_wound_v1_912a5e6e1971ef27.jpg,rit_roboflow_valid,burn_degree_unknown,burn,rit_g122,1.000,0,no
experiments/v2/rit/images/roboflow_wound_v1_a87e81b1a8cc8153.jpg,rit_roboflow_valid,burn_degree_unknown,burn,rit_g123,1.000,0,no
experiments/v2/rit/images/roboflow_wound_v1_5026bf54a60e33b6.jpg,rit_roboflow_valid,bruise,bruise,rit_g124,1.000,0,no
experiments/v2/rit/images/roboflow_wound_v1_ae5b71b2ed0d4b53.jpg,rit_roboflow_valid,cut,cut,rit_g125,1.000,0,no
experiments/v2/rit/images/roboflow_wound_v1_12f06ca6df88332e.jpg,rit_roboflow_valid,cut,cut,rit_g126,1.000,0,no
experiments/v2/rit/images/roboflow_wound_v1_92653434d20ae88c.jpg,rit_roboflow_valid,bruise,bruise,rit_g127,1.000,0,no
experiments/v2/rit/images/roboflow_wound_v1_4958d3534d04480b.jpg,rit_roboflow_valid,healthy_skin,non_wound,rit_g128,1.000,0,no
experiments/v2/rit/images/roboflow_wound_v1_19c2d6b609d65f5e.jpg,rit_roboflow_valid,bruise,bruise,rit_g129,1.000,0,no
experiments/v2/rit/images/roboflow_wound_v1_7a3059ce621679b4.jpg,rit_roboflow_valid,bruise,bruise,rit_g130,1.000,0,no
experiments/v2/rit/images/roboflow_wound_v1_ac9fd9269435cd55.jpg,rit_roboflow_valid,bruise,bruise,rit_g131,1.000,0,no
experiments/v2/rit/images/roboflow_wound_v1_a1bcede127f07600.jpg,rit_roboflow_valid,bruise,bruise,rit_g132,1.000,0,no
experiments/v2/rit/images/roboflow_wound_v1_eb3f9e3674c529ba.jpg,rit_roboflow_valid,healthy_skin,non_wound,rit_g133,1.000,2,no
experiments/v2/rit/images/roboflow_wound_v1_c5da39fa1f000a1a.jpg,rit_roboflow_valid,burn_degree_unknown,burn,rit_g134,1.000,0,no
experiments/v2/rit/images/roboflow_wound_v1_46731ca6b0ffbaa1.jpg,rit_roboflow_valid,abrasion,abrasion,rit_g135,1.000,0,no
experiments/v2/rit/images/roboflow_wound_v1_385db79939185ff0.jpg,rit_roboflow_valid,burn_degree_unknown,burn,rit_g136,1.000,0,no
experiments/v2/rit/images/lower_limb_feet_a823002b86c5b0c6.jpg,rit_healthy_feet,healthy_skin,non_wound,rit_g137,0.708,19,yes
experiments/v2/rit/images/lower_limb_feet_b601c8a32bb8bd93.jpg,rit_healthy_feet,healthy_skin,non_wound,rit_g138,0.726,16,yes
experiments/v2/rit/images/lower_limb_feet_868ecc5314722dee.jpg,rit_healthy_feet,healthy_skin,non_wound,rit_g139,0.712,19,yes
experiments/v2/rit/images/lower_limb_feet_ce9a8b0372cd6e55.jpg,rit_healthy_feet,healthy_skin,non_wound,rit_g140,0.721,19,yes
experiments/v2/rit/images/lower_limb_feet_3d77a5184a9802ee.jpg,rit_healthy_feet,healthy_skin,non_wound,rit_g1728,0.718,9,yes
experiments/v2/rit/images/lower_limb_feet_213827de50792d98.jpg,rit_healthy_feet,healthy_skin,non_wound,rit_g142,0.721,10,yes
experiments/v2/rit/images/lower_limb_feet_e2a8b2dbaf92aa53.jpg,rit_healthy_feet,healthy_skin,non_wound,rit_g143,0.732,15,yes
experiments/v2/rit/images/lower_limb_feet_ddbc4d41c42e9b27.jpg,rit_healthy_feet,healthy_skin,non_wound,rit_g144,0.727,12,yes
experiments/v2/rit/images/lower_limb_feet_f654b099cfc22744.jpg,rit_healthy_feet,healthy_skin,non_wound,rit_g145,0.723,17,yes
experiments/v2/rit/images/lower_limb_feet_214ad54a1f0aabfa.jpg,rit_healthy_feet,healthy_skin,non_wound,rit_g146,0.724,13,yes
experiments/v2/rit/images/lower_limb_feet_a44e78bc3ec84172.jpg,rit_healthy_feet,healthy_skin,non_wound,rit_g147,0.756,12,no
experiments/v2/rit/images/lower_limb_feet_a6b7d62840b2939e.jpg,rit_healthy_feet,healthy_skin,non_wound,rit_g148,0.751,17,no
experiments/v2/rit/images/lower_limb_feet_28e8eba3889b72b0.jpg,rit_healthy_feet,healthy_skin,non_wound,rit_g149,0.705,11,yes
experiments/v2/rit/images/lower_limb_feet_328db9bebb9c4b46.jpg,rit_healthy_feet,healthy_skin,non_wound,rit_g150,0.738,15,yes
experiments/v2/rit/images/lower_limb_feet_93c935de302ca519.jpg,rit_healthy_feet,healthy_skin,non_wound,rit_g151,0.721,16,yes
experiments/v2/rit/images/lower_limb_feet_32ad304403acf20a.jpg,rit_healthy_feet,healthy_skin,non_wound,rit_g152,0.723,11,yes
experiments/v2/rit/images/lower_limb_feet_c2d17e3897746185.jpg,rit_healthy_feet,healthy_skin,non_wound,rit_g153,0.774,14,no
experiments/v2/rit/images/lower_limb_feet_63f374ff5e02adc4.jpg,rit_healthy_feet,healthy_skin,non_wound,rit_g154,0.731,17,yes
experiments/v2/rit/images/lower_limb_feet_4dacf8399ed02c8c.jpg,rit_healthy_feet,healthy_skin,non_wound,rit_g155,0.713,15,yes
experiments/v2/rit/images/lower_limb_feet_e44c883c83b04dbf.jpg,rit_healthy_feet,healthy_skin,non_wound,rit_g156,0.699,15,yes
experiments/v2/rit/images/lower_limb_feet_80c6c50f33dca877.jpg,rit_healthy_feet,healthy_skin,non_wound,rit_g157,0.702,16,yes
experiments/v2/rit/images/lower_limb_feet_c573a40f379065a9.jpg,rit_healthy_feet,healthy_skin,non_wound,rit_g1728,0.694,18,yes
experiments/v2/rit/images/lower_limb_feet_8514f4dd690f40bb.jpg,rit_healthy_feet,healthy_skin,non_wound,rit_g1678,0.747,16,yes
experiments/v2/rit/images/lower_limb_feet_dd1abc3f80de8823.jpg,rit_healthy_feet,healthy_skin,non_wound,rit_g1728,0.781,17,no
experiments/v2/rit/images/lower_limb_feet_9883176f9f00d345.jpg,rit_healthy_feet,healthy_skin,non_wound,rit_g1678,0.751,15,no
experiments/v2/rit/images/lower_limb_feet_38a1ae821ef6d6aa.jpg,rit_healthy_feet,healthy_skin,non_wound,rit_g162,0.702,11,yes
experiments/v2/rit/images/lower_limb_feet_b62e2d3b84f52f96.jpg,rit_healthy_feet,healthy_skin,non_wound,rit_g1678,0.753,16,no
experiments/v2/rit/images/lower_limb_feet_2f326b31568adecb.jpg,rit_healthy_feet,healthy_skin,non_wound,rit_g1678,0.698,16,yes
experiments/v2/rit/images/lower_limb_feet_785d3640ddb4c4d9.jpg,rit_healthy_feet,healthy_skin,non_wound,rit_g1678,0.687,13,yes
experiments/v2/rit/images/lower_limb_feet_7c496228c7e340fb.jpg,rit_healthy_feet,healthy_skin,non_wound,rit_g1678,0.711,12,yes
experiments/v2/rit/images/lower_limb_feet_5f9cce0d3940d65c.jpg,rit_healthy_feet,healthy_skin,non_wound,rit_g1678,0.741,17,yes
experiments/v2/rit/images/lower_limb_feet_1f51876280858cec.jpg,rit_healthy_feet,healthy_skin,non_wound,rit_g168,0.749,16,yes
experiments/v2/rit/images/lower_limb_feet_bbded1603bede682.jpg,rit_healthy_feet,healthy_skin,non_wound,rit_g378,0.707,16,yes
experiments/v2/rit/images/lower_limb_feet_8254f63715429a07.jpg,rit_healthy_feet,healthy_skin,non_wound,rit_g170,0.708,18,yes
experiments/v2/rit/images/lower_limb_feet_ba8b146d0d8b9004.jpg,rit_healthy_feet,healthy_skin,non_wound,rit_g405,0.744,16,yes
experiments/v2/rit/images/lower_limb_feet_eda810a19962567b.jpg,rit_healthy_feet,healthy_skin,non_wound,rit_g172,0.710,12,yes
experiments/v2/rit/images/lower_limb_feet_fd303945427ca0fc.jpg,rit_healthy_feet,healthy_skin,non_wound,rit_g173,0.673,14,yes
experiments/v2/rit/images/lower_limb_feet_bf32d069717fff6d.jpg,rit_healthy_feet,healthy_skin,non_wound,rit_g464,0.727,18,yes
experiments/v2/rit/images/lower_limb_feet_603c6e85020a5e5b.jpg,rit_healthy_feet,healthy_skin,non_wound,rit_g175,0.664,13,yes
experiments/v2/rit/images/lower_limb_feet_e0f44b6a1e09f054.jpg,rit_healthy_feet,healthy_skin,non_wound,rit_g176,0.685,10,yes
experiments/v2/rit/images/lower_limb_feet_69badd622465cc98.jpg,rit_healthy_feet,healthy_skin,non_wound,rit_g478,0.723,15,yes
experiments/v2/rit/images/lower_limb_feet_7a03bccdd9810790.jpg,rit_healthy_feet,healthy_skin,non_wound,rit_g478,0.733,13,yes
experiments/v2/rit/images/lower_limb_feet_75f36cf8def7939a.jpg,rit_healthy_feet,healthy_skin,non_wound,rit_g537,0.693,17,yes
experiments/v2/rit/images/lower_limb_feet_13bc0b5410a883ec.jpg,rit_healthy_feet,healthy_skin,non_wound,rit_g180,0.681,17,yes
experiments/v2/rit/images/lower_limb_feet_d64f2bc142b45ea3.jpg,rit_healthy_feet,healthy_skin,non_wound,rit_g181,0.687,16,yes
experiments/v2/rit/images/lower_limb_feet_fb0218a797d85f87.jpg,rit_healthy_feet,healthy_skin,non_wound,rit_g1023,0.731,13,yes
experiments/v2/rit/images/lower_limb_feet_41de628e8813eae7.jpg,rit_healthy_feet,healthy_skin,non_wound,rit_g183,0.705,14,yes
experiments/v2/rit/images/lower_limb_feet_cf8a053316ae077f.jpg,rit_healthy_feet,healthy_skin,non_wound,rit_g184,0.674,9,yes
experiments/v2/rit/images/lower_limb_feet_ebfb543328d52de2.jpg,rit_healthy_feet,healthy_skin,non_wound,rit_g185,0.718,13,yes
experiments/v2/rit/images/lower_limb_feet_623c9bac0b98f727.jpg,rit_healthy_feet,healthy_skin,non_wound,rit_g1728,0.721,16,yes
experiments/v2/rit/images/lower_limb_feet_f53213a81c8fa444.jpg,rit_healthy_feet,healthy_skin,non_wound,rit_g1728,0.708,17,yes
experiments/v2/rit/images/lower_limb_feet_a0ea638795cbc28f.jpg,rit_healthy_feet,healthy_skin,non_wound,rit_g1728,0.708,15,yes
experiments/v2/rit/images/lower_limb_feet_c37b0f4f60de5e61.jpg,rit_healthy_feet,healthy_skin,non_wound,rit_g1728,0.677,12,yes
experiments/v2/rit/images/lower_limb_feet_42aae6dc29d0849b.jpg,rit_healthy_feet,healthy_skin,non_wound,rit_g1728,0.714,16,yes
experiments/v2/rit/images/lower_limb_feet_bcbbcbf6c8d1cda2.jpg,rit_healthy_feet,healthy_skin,non_wound,rit_g1728,0.713,14,yes
experiments/v2/rit/images/lower_limb_feet_9553bf4b9da76985.jpg,rit_healthy_feet,healthy_skin,non_wound,rit_g192,0.701,19,yes
experiments/v2/rit/images/lower_limb_feet_ee1b13622ed2f678.jpg,rit_healthy_feet,healthy_skin,non_wound,rit_g1728,0.714,15,yes
experiments/v2/rit/images/lower_limb_feet_c2f748dfb2341522.jpg,rit_healthy_feet,healthy_skin,non_wound,rit_g194,0.727,18,yes
experiments/v2/rit/images/lower_limb_feet_eba2803e1b6858f3.jpg,rit_healthy_feet,healthy_skin,non_wound,rit_g195,0.737,18,yes
experiments/v2/rit/images/lower_limb_feet_d4fbcc381bb55296.jpg,rit_healthy_feet,healthy_skin,non_wound,rit_g196,0.717,16,yes
experiments/v2/rit/images/lower_limb_feet_fa47712ccb1d32ff.jpg,rit_healthy_feet,healthy_skin,non_wound,rit_g1728,0.705,13,yes
experiments/v2/rit/images/lower_limb_feet_296db6a4fa47f039.jpg,rit_healthy_feet,healthy_skin,non_wound,rit_g198,0.670,13,yes
experiments/v2/rit/images/lower_limb_feet_f2933c10b6867b3f.jpg,rit_healthy_feet,healthy_skin,non_wound,rit_g199,0.708,10,yes
experiments/v2/rit/images/lower_limb_feet_945f799ae5fd9775.jpg,rit_healthy_feet,healthy_skin,non_wound,rit_g1728,0.755,14,no
experiments/v2/rit/images/lower_limb_feet_b5cb529b090ab4e7.jpg,rit_healthy_feet,healthy_skin,non_wound,rit_g1678,0.713,16,yes
experiments/v2/rit/images/lower_limb_feet_d2dd2267e683b77d.jpg,rit_healthy_feet,healthy_skin,non_wound,rit_g202,0.716,14,yes
experiments/v2/rit/images/lower_limb_feet_5f126821bc8af0d3.jpg,rit_healthy_feet,healthy_skin,non_wound,rit_g1728,0.753,17,no
experiments/v2/rit/images/lower_limb_feet_ffc8a3aa8cf547e6.jpg,rit_healthy_feet,healthy_skin,non_wound,rit_g1728,0.699,17,yes
experiments/v2/rit/images/lower_limb_feet_2d480cbd65508b36.jpg,rit_healthy_feet,healthy_skin,non_wound,rit_g1728,0.715,12,yes
experiments/v2/rit/images/lower_limb_feet_a0274f8e6c16f5b1.jpg,rit_healthy_feet,healthy_skin,non_wound,rit_g1728,0.706,19,yes
experiments/v2/rit/images/lower_limb_feet_a72fcc5e4bf21e61.jpg,rit_healthy_feet,healthy_skin,non_wound,rit_g1728,0.693,16,yes
experiments/v2/rit/images/lower_limb_feet_9cada6a2b8a2cdc5.jpg,rit_healthy_feet,healthy_skin,non_wound,rit_g1728,0.707,11,yes
experiments/v2/rit/images/lower_limb_feet_3592b0cb4cfa5d67.jpg,rit_healthy_feet,healthy_skin,non_wound,rit_g1728,0.724,13,yes
experiments/v2/rit/images/lower_limb_feet_6506ef9ba1be5881.jpg,rit_healthy_feet,healthy_skin,non_wound,rit_g1728,0.698,16,yes
experiments/v2/rit/images/lower_limb_feet_850bf98bae20e70b.jpg,rit_healthy_feet,healthy_skin,non_wound,rit_g1728,0.720,19,yes
experiments/v2/rit/images/lower_limb_feet_27af8a4a4a6d3761.jpg,rit_healthy_feet,healthy_skin,non_wound,rit_g212,0.698,16,yes
experiments/v2/rit/images/lower_limb_feet_baacce637cf195ef.jpg,rit_healthy_feet,healthy_skin,non_wound,rit_g213,0.710,15,yes
experiments/v2/rit/images/lower_limb_feet_64b1e878036c0586.jpg,rit_healthy_feet,healthy_skin,non_wound,rit_g1728,0.671,19,yes
experiments/v2/rit/images/lower_limb_feet_ba125e4fabb47346.jpg,rit_healthy_feet,healthy_skin,non_wound,rit_g1728,0.705,17,yes
experiments/v2/rit/images/lower_limb_feet_9cc4e965492ef995.jpg,rit_healthy_feet,healthy_skin,non_wound,rit_g1728,0.716,17,yes
experiments/v2/rit/images/lower_limb_feet_4e6be1d043220327.jpg,rit_healthy_feet,healthy_skin,non_wound,rit_g1728,0.707,12,yes
experiments/v2/rit/images/lower_limb_feet_be3266d3476eb61d.jpg,rit_healthy_feet,healthy_skin,non_wound,rit_g1728,0.721,17,yes
experiments/v2/rit/images/lower_limb_feet_e331878df756e249.jpg,rit_healthy_feet,healthy_skin,non_wound,rit_g1728,0.754,14,no
experiments/v2/rit/images/lower_limb_feet_0dab31a6ed0fdbab.jpg,rit_healthy_feet,healthy_skin,non_wound,rit_g1728,0.726,16,yes
experiments/v2/rit/images/lower_limb_feet_321f8be11c7c6fab.jpg,rit_healthy_feet,healthy_skin,non_wound,rit_g221,0.672,17,yes
experiments/v2/rit/images/lower_limb_feet_f192f35bd3ef2a3a.jpg,rit_healthy_feet,healthy_skin,non_wound,rit_g222,0.647,15,yes
experiments/v2/rit/images/lower_limb_feet_59315fdaad01370a.jpg,rit_healthy_feet,healthy_skin,non_wound,rit_g1728,0.696,13,yes
experiments/v2/rit/images/lower_limb_feet_ab3c5e7a3a84e6e5.jpg,rit_healthy_feet,healthy_skin,non_wound,rit_g1728,0.696,16,yes
experiments/v2/rit/images/lower_limb_feet_8474ec8ce276c40c.jpg,rit_healthy_feet,healthy_skin,non_wound,rit_g225,0.696,15,yes
experiments/v2/rit/images/lower_limb_feet_0f4581d937bb00f6.jpg,rit_healthy_feet,healthy_skin,non_wound,rit_g226,0.669,16,yes
experiments/v2/rit/images/lower_limb_feet_5915b0ff1edb6028.jpg,rit_healthy_feet,healthy_skin,non_wound,rit_g1728,0.706,16,yes
experiments/v2/rit/images/lower_limb_feet_52aad78bf34b5993.jpg,rit_healthy_feet,healthy_skin,non_wound,rit_g1728,0.717,12,yes
experiments/v2/rit/images/lower_limb_feet_a704c3a288b02569.jpg,rit_healthy_feet,healthy_skin,non_wound,rit_g1728,0.734,17,yes
experiments/v2/rit/images/lower_limb_feet_00dc77b6c5093771.jpg,rit_healthy_feet,healthy_skin,non_wound,rit_g1678,0.763,15,no
experiments/v2/rit/images/lower_limb_feet_4f72ee022a109a68.jpg,rit_healthy_feet,healthy_skin,non_wound,rit_g1728,0.715,15,yes
experiments/v2/rit/images/lower_limb_feet_b86d2bad3dc6e20b.jpg,rit_healthy_feet,healthy_skin,non_wound,rit_g1728,0.711,14,yes
experiments/v2/rit/images/lower_limb_feet_81ade40be11742a4.jpg,rit_healthy_feet,healthy_skin,non_wound,rit_g1728,0.659,15,yes
experiments/v2/rit/images/lower_limb_feet_c67f7927b3743619.jpg,rit_healthy_feet,healthy_skin,non_wound,rit_g1728,0.695,11,yes
experiments/v2/rit/images/lower_limb_feet_c9382bce8e8d65b6.jpg,rit_healthy_feet,healthy_skin,non_wound,rit_g1678,0.766,14,no
experiments/v2/rit/images/lower_limb_feet_f0bf5aba112e18d8.jpg,rit_healthy_feet,healthy_skin,non_wound,rit_g1728,0.712,14,yes
experiments/v2/rit/images/lower_limb_feet_a934963facc49ed4.jpg,rit_healthy_feet,healthy_skin,non_wound,rit_g1728,0.715,10,yes
experiments/v2/rit/images/lower_limb_feet_125bd33478ab3771.jpg,rit_healthy_feet,healthy_skin,non_wound,rit_g1728,0.720,15,yes
experiments/v2/rit/images/lower_limb_feet_b9e4d4b33cf69889.jpg,rit_healthy_feet,healthy_skin,non_wound,rit_g1728,0.713,17,yes
experiments/v2/rit/images/lower_limb_feet_b3630a7166521af3.jpg,rit_healthy_feet,healthy_skin,non_wound,rit_g1728,0.702,7,yes
experiments/v2/rit/images/lower_limb_feet_31b8729ce6b85afc.jpg,rit_healthy_feet,healthy_skin,non_wound,rit_g1728,0.672,14,yes
experiments/v2/rit/images/lower_limb_feet_428e33f12813dc33.jpg,rit_healthy_feet,healthy_skin,non_wound,rit_g1728,0.733,12,yes
experiments/v2/rit/images/lower_limb_feet_4201d058499e1559.jpg,rit_healthy_feet,healthy_skin,non_wound,rit_g243,0.687,8,yes
experiments/v2/rit/images/lower_limb_feet_cf074ea43531eb5a.jpg,rit_healthy_feet,healthy_skin,non_wound,rit_g1678,0.703,18,yes
experiments/v2/rit/images/lower_limb_feet_ecfd261218e6a621.jpg,rit_healthy_feet,healthy_skin,non_wound,rit_g1728,0.733,14,yes
experiments/v2/rit/images/lower_limb_feet_f618ce20709d5c2f.jpg,rit_healthy_feet,healthy_skin,non_wound,rit_g1728,0.738,14,yes
experiments/v2/rit/images/lower_limb_feet_e08ab996d5666ee9.jpg,rit_healthy_feet,healthy_skin,non_wound,rit_g1728,0.743,17,yes
experiments/v2/rit/images/lower_limb_feet_dd76ce37e0c58bad.jpg,rit_healthy_feet,healthy_skin,non_wound,rit_g248,0.700,13,yes
experiments/v2/rit/images/lower_limb_feet_fe8b26289f1edab4.jpg,rit_healthy_feet,healthy_skin,non_wound,rit_g1728,0.689,11,yes
experiments/v2/rit/images/lower_limb_feet_9471245931fbfeb9.jpg,rit_healthy_feet,healthy_skin,non_wound,rit_g1678,0.761,17,no
experiments/v2/rit/images/lower_limb_feet_008d7fc1fd6d0501.jpg,rit_healthy_feet,healthy_skin,non_wound,rit_g1728,0.708,12,yes
experiments/v2/rit/images/lower_limb_feet_072555a376d89da2.jpg,rit_healthy_feet,healthy_skin,non_wound,rit_g1728,0.701,16,yes
experiments/v2/rit/images/lower_limb_feet_87afb5b8c1f0da98.jpg,rit_healthy_feet,healthy_skin,non_wound,rit_g1728,0.704,16,yes
experiments/v2/rit/images/lower_limb_feet_ea3114acc331ac78.jpg,rit_healthy_feet,healthy_skin,non_wound,rit_g1678,0.768,13,no
experiments/v2/rit/images/lower_limb_feet_1e441c2ccb188c30.jpg,rit_healthy_feet,healthy_skin,non_wound,rit_g1728,0.745,12,yes
experiments/v2/rit/images/lower_limb_feet_42fbc8703da63243.jpg,rit_healthy_feet,healthy_skin,non_wound,rit_g1728,0.708,20,yes
experiments/v2/rit/images/lower_limb_feet_b76d4e313048051c.jpg,rit_healthy_feet,healthy_skin,non_wound,rit_g1728,0.699,17,yes
experiments/v2/rit/images/lower_limb_feet_e20381716439decf.jpg,rit_healthy_feet,healthy_skin,non_wound,rit_g1728,0.744,16,yes
experiments/v2/rit/images/lower_limb_feet_20142fb6c71e21c6.jpg,rit_healthy_feet,healthy_skin,non_wound,rit_g1728,0.736,14,yes
experiments/v2/rit/images/lower_limb_feet_e84f6c87b32c9a45.jpg,rit_healthy_feet,healthy_skin,non_wound,rit_g1678,0.754,14,no
experiments/v2/rit/images/lower_limb_feet_7a5a6094b34f6619.jpg,rit_healthy_feet,healthy_skin,non_wound,rit_g1728,0.719,14,yes
experiments/v2/rit/images/lower_limb_feet_9c3d44c7a2256ea3.jpg,rit_healthy_feet,healthy_skin,non_wound,rit_g1728,0.740,17,yes
experiments/v2/rit/images/lower_limb_feet_83c6db23755820a2.jpg,rit_healthy_feet,healthy_skin,non_wound,rit_g1728,0.683,12,yes
experiments/v2/rit/images/lower_limb_feet_4829ae78cac42d09.jpg,rit_healthy_feet,healthy_skin,non_wound,rit_g1728,0.730,11,yes
experiments/v2/rit/images/lower_limb_feet_f3f783c9dfbc2ba9.jpg,rit_healthy_feet,healthy_skin,non_wound,rit_g1728,0.734,16,yes
experiments/v2/rit/images/lower_limb_feet_2d7dc149563d3eb5.jpg,rit_healthy_feet,healthy_skin,non_wound,rit_g1728,0.724,18,yes
experiments/v2/rit/images/lower_limb_feet_82affbb6be081122.jpg,rit_healthy_feet,healthy_skin,non_wound,rit_g1728,0.705,14,yes
experiments/v2/rit/images/lower_limb_feet_5903731a66a6ab5c.jpg,rit_healthy_feet,healthy_skin,non_wound,rit_g1728,0.717,10,yes
experiments/v2/rit/images/lower_limb_feet_976cf5d6661eba8e.jpg,rit_healthy_feet,healthy_skin,non_wound,rit_g1728,0.707,18,yes
experiments/v2/rit/images/lower_limb_feet_6c213e81455e02bd.jpg,rit_healthy_feet,healthy_skin,non_wound,rit_g270,0.692,14,yes
experiments/v2/rit/images/lower_limb_feet_16fcea7a5349b4b9.jpg,rit_healthy_feet,healthy_skin,non_wound,rit_g1728,0.715,12,yes
experiments/v2/rit/images/lower_limb_feet_c17cad119068416f.jpg,rit_healthy_feet,healthy_skin,non_wound,rit_g1728,0.746,18,yes
experiments/v2/rit/images/lower_limb_feet_94aad9a474b26ca6.jpg,rit_healthy_feet,healthy_skin,non_wound,rit_g1728,0.697,16,yes
experiments/v2/rit/images/lower_limb_feet_4644a2460ac25318.jpg,rit_healthy_feet,healthy_skin,non_wound,rit_g1728,0.725,13,yes
experiments/v2/rit/images/lower_limb_feet_a2044afc976e9284.jpg,rit_healthy_feet,healthy_skin,non_wound,rit_g275,0.731,15,yes
experiments/v2/rit/images/lower_limb_feet_58d6388b178837ff.jpg,rit_healthy_feet,healthy_skin,non_wound,rit_g276,0.708,18,yes
experiments/v2/rit/images/lower_limb_feet_bb8da8ca2759c81e.jpg,rit_healthy_feet,healthy_skin,non_wound,rit_g277,0.711,14,yes
experiments/v2/rit/images/lower_limb_feet_c242036eba40ffd8.jpg,rit_healthy_feet,healthy_skin,non_wound,rit_g1728,0.690,12,yes
experiments/v2/rit/images/lower_limb_feet_7f1f23f6b79e512f.jpg,rit_healthy_feet,healthy_skin,non_wound,rit_g1728,0.736,14,yes
experiments/v2/rit/images/lower_limb_feet_fe89192144cfcf2d.jpg,rit_healthy_feet,healthy_skin,non_wound,rit_g1728,0.747,15,yes
experiments/v2/rit/images/lower_limb_feet_8fe9cb7ff5c21170.jpg,rit_healthy_feet,healthy_skin,non_wound,rit_g1728,0.749,11,yes
experiments/v2/rit/images/lower_limb_feet_5a449b888d360d86.jpg,rit_healthy_feet,healthy_skin,non_wound,rit_g1728,0.700,19,yes
experiments/v2/rit/images/lower_limb_feet_70f2f9327ebdfab8.jpg,rit_healthy_feet,healthy_skin,non_wound,rit_g283,0.717,15,yes
experiments/v2/rit/images/lower_limb_feet_9ff7b1e9aa7af0b3.jpg,rit_healthy_feet,healthy_skin,non_wound,rit_g284,0.675,10,yes
experiments/v2/rit/images/lower_limb_feet_2981274401c35370.jpg,rit_healthy_feet,healthy_skin,non_wound,rit_g285,0.687,16,yes
experiments/v2/rit/images/lower_limb_feet_ecf12df779cd33bd.jpg,rit_healthy_feet,healthy_skin,non_wound,rit_g1678,0.731,16,yes
experiments/v2/rit/images/lower_limb_feet_5309f7c17cbca87c.jpg,rit_healthy_feet,healthy_skin,non_wound,rit_g287,0.687,15,yes
experiments/v2/rit/images/lower_limb_feet_4c747d34f3337aaa.jpg,rit_healthy_feet,healthy_skin,non_wound,rit_g288,0.736,12,yes
experiments/v2/rit/images/lower_limb_feet_8a8ab38162057326.jpg,rit_healthy_feet,healthy_skin,non_wound,rit_g289,0.721,15,yes
experiments/v2/rit/images/lower_limb_feet_8e1372d850658662.jpg,rit_healthy_feet,healthy_skin,non_wound,rit_g290,0.724,13,yes
experiments/v2/rit/images/lower_limb_feet_7abde9f3270b10d8.jpg,rit_healthy_feet,healthy_skin,non_wound,rit_g1728,0.681,17,yes
experiments/v2/rit/images/lower_limb_feet_507ae90360d272a0.jpg,rit_healthy_feet,healthy_skin,non_wound,rit_g292,0.726,16,yes
experiments/v2/rit/images/lower_limb_feet_bd3f3ec134dfd7f3.jpg,rit_healthy_feet,healthy_skin,non_wound,rit_g293,0.691,16,yes
experiments/v2/rit/images/lower_limb_feet_7d268b06da32341a.jpg,rit_healthy_feet,healthy_skin,non_wound,rit_g294,0.718,16,yes
experiments/v2/rit/images/lower_limb_feet_3c6f94ff0152dc8b.jpg,rit_healthy_feet,healthy_skin,non_wound,rit_g1728,0.672,11,yes
experiments/v2/rit/images/lower_limb_feet_1b305f9ef6495176.jpg,rit_healthy_feet,healthy_skin,non_wound,rit_g1728,0.712,18,yes
experiments/v2/rit/images/lower_limb_feet_19fc68c962bc8529.jpg,rit_healthy_feet,healthy_skin,non_wound,rit_g1678,0.727,15,yes
experiments/v2/rit/images/lower_limb_feet_484879423bad391d.jpg,rit_healthy_feet,healthy_skin,non_wound,rit_g298,0.642,15,yes
experiments/v2/rit/images/lower_limb_feet_0aafae8789c1127b.jpg,rit_healthy_feet,healthy_skin,non_wound,rit_g299,0.674,14,yes
experiments/v2/rit/images/lower_limb_feet_f15ccacd2311b527.jpg,rit_healthy_feet,healthy_skin,non_wound,rit_g300,0.736,14,yes
experiments/v2/rit/images/lower_limb_feet_212c188f5ada9db4.jpg,rit_healthy_feet,healthy_skin,non_wound,rit_g301,0.716,10,yes
experiments/v2/rit/images/lower_limb_feet_d1beb977a7906fdf.jpg,rit_healthy_feet,healthy_skin,non_wound,rit_g302,0.724,14,yes
experiments/v2/rit/images/lower_limb_feet_4afcda15336dabfd.jpg,rit_healthy_feet,healthy_skin,non_wound,rit_g1678,0.731,17,yes
experiments/v2/rit/images/lower_limb_feet_a4b1b701d3454bd2.jpg,rit_healthy_feet,healthy_skin,non_wound,rit_g304,0.742,14,yes
experiments/v2/rit/images/lower_limb_feet_448c726833743279.jpg,rit_healthy_feet,healthy_skin,non_wound,rit_g305,0.730,15,yes
experiments/v2/rit/images/lower_limb_feet_7945f00ec838d6fa.jpg,rit_healthy_feet,healthy_skin,non_wound,rit_g1678,0.765,15,no
experiments/v2/rit/images/lower_limb_feet_644974a1befce11c.jpg,rit_healthy_feet,healthy_skin,non_wound,rit_g1728,0.718,12,yes
experiments/v2/rit/images/lower_limb_feet_71372bb98a3fedbe.jpg,rit_healthy_feet,healthy_skin,non_wound,rit_g308,0.713,8,yes
experiments/v2/rit/images/lower_limb_feet_fd8982b33faaaad3.jpg,rit_healthy_feet,healthy_skin,non_wound,rit_g310,0.697,14,yes
experiments/v2/rit/images/lower_limb_feet_b3fcaaed828f50df.jpg,rit_healthy_feet,healthy_skin,non_wound,rit_g310,0.697,15,yes
experiments/v2/rit/images/lower_limb_feet_fb69c31c0e3f7d4d.jpg,rit_healthy_feet,healthy_skin,non_wound,rit_g311,0.741,17,yes
experiments/v2/rit/images/lower_limb_feet_2ab678eb5e068cdf.jpg,rit_healthy_feet,healthy_skin,non_wound,rit_g312,0.703,17,yes
experiments/v2/rit/images/lower_limb_feet_98637eebd72023e8.jpg,rit_healthy_feet,healthy_skin,non_wound,rit_g314,0.710,15,yes
experiments/v2/rit/images/lower_limb_feet_80d1da0869de1df2.jpg,rit_healthy_feet,healthy_skin,non_wound,rit_g314,0.693,15,yes
experiments/v2/rit/images/lower_limb_feet_76972d82beee7be6.jpg,rit_healthy_feet,healthy_skin,non_wound,rit_g1728,0.714,17,yes
experiments/v2/rit/images/lower_limb_feet_553af6b3fd590aaf.jpg,rit_healthy_feet,healthy_skin,non_wound,rit_g1728,0.726,15,yes
experiments/v2/rit/images/lower_limb_feet_9c7b0201d4f4fae1.jpg,rit_healthy_feet,healthy_skin,non_wound,rit_g320,0.667,11,yes
experiments/v2/rit/images/lower_limb_feet_700fbdeed5bd728f.jpg,rit_healthy_feet,healthy_skin,non_wound,rit_g1728,0.712,17,yes
experiments/v2/rit/images/lower_limb_feet_086d5efccfba9e72.jpg,rit_healthy_feet,healthy_skin,non_wound,rit_g319,0.659,18,yes
experiments/v2/rit/images/lower_limb_feet_3339a6359a4c6370.jpg,rit_healthy_feet,healthy_skin,non_wound,rit_g320,0.699,12,yes
experiments/v2/rit/images/lower_limb_feet_8757634428fc72d5.jpg,rit_healthy_feet,healthy_skin,non_wound,rit_g321,0.668,13,yes
experiments/v2/rit/images/lower_limb_feet_9bb1a8e8aa1b13ba.jpg,rit_healthy_feet,healthy_skin,non_wound,rit_g322,0.680,17,yes
experiments/v2/rit/images/lower_limb_feet_311b93b3ac96b07c.jpg,rit_healthy_feet,healthy_skin,non_wound,rit_g1728,0.706,13,yes
experiments/v2/rit/images/lower_limb_feet_e115c76252ffd909.jpg,rit_healthy_feet,healthy_skin,non_wound,rit_g324,0.733,19,yes
experiments/v2/rit/images/lower_limb_feet_743173d0b44a514d.jpg,rit_healthy_feet,healthy_skin,non_wound,rit_g1678,0.694,17,yes
experiments/v2/rit/images/lower_limb_feet_9d9f448991761225.jpg,rit_healthy_feet,healthy_skin,non_wound,rit_g1728,0.701,12,yes
experiments/v2/rit/images/lower_limb_feet_53f864c3313af796.jpg,rit_healthy_feet,healthy_skin,non_wound,rit_g1728,0.774,15,no
experiments/v2/rit/images/lower_limb_feet_9360294fe904710e.jpg,rit_healthy_feet,healthy_skin,non_wound,rit_g1728,0.683,16,yes
experiments/v2/rit/images/lower_limb_feet_3ca6ab7180d7f2f7.jpg,rit_healthy_feet,healthy_skin,non_wound,rit_g1728,0.699,13,yes
experiments/v2/rit/images/lower_limb_feet_d755fefc5845accc.jpg,rit_healthy_feet,healthy_skin,non_wound,rit_g1728,0.744,10,yes
experiments/v2/rit/images/lower_limb_feet_9b53e3edfb5e006b.jpg,rit_healthy_feet,healthy_skin,non_wound,rit_g420,0.684,10,yes
experiments/v2/rit/images/lower_limb_feet_58c5b46a74216350.jpg,rit_healthy_feet,healthy_skin,non_wound,rit_g332,0.706,10,yes
experiments/v2/rit/images/lower_limb_feet_31d3bf83858c1467.jpg,rit_healthy_feet,healthy_skin,non_wound,rit_g1678,0.755,17,no
experiments/v2/rit/images/lower_limb_feet_55fa65f1ec595f85.jpg,rit_healthy_feet,healthy_skin,non_wound,rit_g334,0.707,17,yes
experiments/v2/rit/images/lower_limb_feet_30640d7235e73710.jpg,rit_healthy_feet,healthy_skin,non_wound,rit_g335,0.689,18,yes
experiments/v2/rit/images/lower_limb_feet_ee25164aaa3eaf25.jpg,rit_healthy_feet,healthy_skin,non_wound,rit_g1678,0.758,15,no
experiments/v2/rit/images/lower_limb_feet_4c80e72d65a885e4.jpg,rit_healthy_feet,healthy_skin,non_wound,rit_g337,0.707,14,yes
experiments/v2/rit/images/lower_limb_feet_8bacaf6ea0a60857.jpg,rit_healthy_feet,healthy_skin,non_wound,rit_g1678,0.729,15,yes
experiments/v2/rit/images/lower_limb_feet_eb0bbc11bbf304bf.jpg,rit_healthy_feet,healthy_skin,non_wound,rit_g1728,0.711,10,yes
experiments/v2/rit/images/lower_limb_feet_2501043fb1577a16.jpg,rit_healthy_feet,healthy_skin,non_wound,rit_g340,0.699,16,yes
experiments/v2/rit/images/lower_limb_feet_8deaa37099b98bc4.jpg,rit_healthy_feet,healthy_skin,non_wound,rit_g341,0.689,17,yes
experiments/v2/rit/images/lower_limb_feet_e8dac2f2e0b225af.jpg,rit_healthy_feet,healthy_skin,non_wound,rit_g1728,0.746,20,yes
experiments/v2/rit/images/lower_limb_feet_81445a8a8857c3d6.jpg,rit_healthy_feet,healthy_skin,non_wound,rit_g343,0.710,16,yes
experiments/v2/rit/images/lower_limb_feet_36d6107e7082456b.jpg,rit_healthy_feet,healthy_skin,non_wound,rit_g344,0.736,14,yes
experiments/v2/rit/images/lower_limb_feet_07f3544b134b509c.jpg,rit_healthy_feet,healthy_skin,non_wound,rit_g345,0.673,14,yes
experiments/v2/rit/images/lower_limb_feet_9fc6bb20681a999e.jpg,rit_healthy_feet,healthy_skin,non_wound,rit_g346,0.686,11,yes
experiments/v2/rit/images/lower_limb_feet_bc3aa0124169bdfa.jpg,rit_healthy_feet,healthy_skin,non_wound,rit_g347,0.703,16,yes
experiments/v2/rit/images/lower_limb_feet_dbc4e1ad50c8f3e7.jpg,rit_healthy_feet,healthy_skin,non_wound,rit_g349,0.673,16,yes
experiments/v2/rit/images/lower_limb_feet_c1267e11156670c1.jpg,rit_healthy_feet,healthy_skin,non_wound,rit_g349,0.663,15,yes
experiments/v2/rit/images/lower_limb_feet_79427c88030c6af8.jpg,rit_healthy_feet,healthy_skin,non_wound,rit_g350,0.650,17,yes
experiments/v2/rit/images/lower_limb_feet_ed191a6c49db78f9.jpg,rit_healthy_feet,healthy_skin,non_wound,rit_g351,0.648,13,yes
experiments/v2/rit/images/lower_limb_feet_4d2a89a85925f41c.jpg,rit_healthy_feet,healthy_skin,non_wound,rit_g1728,0.710,12,yes
experiments/v2/rit/images/lower_limb_feet_41e236085d99c54d.jpg,rit_healthy_feet,healthy_skin,non_wound,rit_g353,0.689,11,yes
experiments/v2/rit/images/lower_limb_feet_785c6caefba94620.jpg,rit_healthy_feet,healthy_skin,non_wound,rit_g354,0.676,14,yes
experiments/v2/rit/images/lower_limb_feet_57812f76af654f3c.jpg,rit_healthy_feet,healthy_skin,non_wound,rit_g1678,0.728,15,yes
experiments/v2/rit/images/lower_limb_feet_e6673498ae9c349e.jpg,rit_healthy_feet,healthy_skin,non_wound,rit_g356,0.608,15,yes
experiments/v2/rit/images/lower_limb_feet_4ebf253b6ebed18c.jpg,rit_healthy_feet,healthy_skin,non_wound,rit_g357,0.670,12,yes
experiments/v2/rit/images/lower_limb_feet_498afc36f0b62b58.jpg,rit_healthy_feet,healthy_skin,non_wound,rit_g358,0.713,17,yes
experiments/v2/rit/images/lower_limb_feet_d0db3f2e7dae973d.jpg,rit_healthy_feet,healthy_skin,non_wound,rit_g1728,0.679,9,yes
experiments/v2/rit/images/lower_limb_feet_6467fe7f25df10e5.jpg,rit_healthy_feet,healthy_skin,non_wound,rit_g360,0.701,17,yes
experiments/v2/rit/images/lower_limb_feet_3b50898e8f000eaa.jpg,rit_healthy_feet,healthy_skin,non_wound,rit_g361,0.724,16,yes
experiments/v2/rit/images/lower_limb_feet_5afb82a3d1ee2e10.jpg,rit_healthy_feet,healthy_skin,non_wound,rit_g1728,0.710,12,yes
experiments/v2/rit/images/lower_limb_feet_56924236a9ec1dae.jpg,rit_healthy_feet,healthy_skin,non_wound,rit_g1728,0.725,15,yes
experiments/v2/rit/images/lower_limb_feet_0ea45115edc3b2da.jpg,rit_healthy_feet,healthy_skin,non_wound,rit_g1728,0.685,14,yes
experiments/v2/rit/images/lower_limb_feet_4c8d0de1c66dffd1.jpg,rit_healthy_feet,healthy_skin,non_wound,rit_g1728,0.736,17,yes
experiments/v2/rit/images/lower_limb_feet_67c3380a4f3f61bf.jpg,rit_healthy_feet,healthy_skin,non_wound,rit_g1728,0.703,15,yes
experiments/v2/rit/images/lower_limb_feet_d81a4f3ec869430a.jpg,rit_healthy_feet,healthy_skin,non_wound,rit_g367,0.726,15,yes
experiments/v2/rit/images/lower_limb_feet_37bedac0df37b6cc.jpg,rit_healthy_feet,healthy_skin,non_wound,rit_g368,0.724,18,yes
experiments/v2/rit/images/lower_limb_feet_0b07873ba2bd091c.jpg,rit_healthy_feet,healthy_skin,non_wound,rit_g1678,0.735,15,yes
experiments/v2/rit/images/lower_limb_feet_f5a05eafbccacc37.jpg,rit_healthy_feet,healthy_skin,non_wound,rit_g1678,0.730,12,yes
experiments/v2/rit/images/lower_limb_feet_2231c59bdb7d1538.jpg,rit_healthy_feet,healthy_skin,non_wound,rit_g371,0.724,15,yes
experiments/v2/rit/images/lower_limb_feet_504222222b0f862d.jpg,rit_healthy_feet,healthy_skin,non_wound,rit_g1678,0.744,17,yes
experiments/v2/rit/images/lower_limb_feet_0e28f5f26116be05.jpg,rit_healthy_feet,healthy_skin,non_wound,rit_g1728,0.701,16,yes
experiments/v2/rit/images/lower_limb_feet_865906dda5fc0f50.jpg,rit_healthy_feet,healthy_skin,non_wound,rit_g374,0.692,12,yes
experiments/v2/rit/images/lower_limb_feet_08e8a1f05c7dbc58.jpg,rit_healthy_feet,healthy_skin,non_wound,rit_g1678,0.730,14,yes
experiments/v2/rit/images/lower_limb_feet_88ac73790c7597ec.jpg,rit_healthy_feet,healthy_skin,non_wound,rit_g1728,0.723,13,yes
experiments/v2/rit/images/lower_limb_feet_7f84613f6995f2a0.jpg,rit_healthy_feet,healthy_skin,non_wound,rit_g1728,0.723,13,yes
experiments/v2/rit/images/lower_limb_feet_945c8794af841be9.jpg,rit_healthy_feet,healthy_skin,non_wound,rit_g378,0.702,16,yes
experiments/v2/rit/images/lower_limb_feet_83597f635630d4b0.jpg,rit_healthy_feet,healthy_skin,non_wound,rit_g379,0.702,14,yes
experiments/v2/rit/images/lower_limb_feet_71e9be01d2e61838.jpg,rit_healthy_feet,healthy_skin,non_wound,rit_g380,0.707,16,yes
experiments/v2/rit/images/lower_limb_feet_4d59ea08e3f58bc7.jpg,rit_healthy_feet,healthy_skin,non_wound,rit_g381,0.707,15,yes
experiments/v2/rit/images/lower_limb_feet_cd8a4e6eef911aba.jpg,rit_healthy_feet,healthy_skin,non_wound,rit_g1678,0.729,14,yes
experiments/v2/rit/images/lower_limb_feet_7163bdb08ac524ff.jpg,rit_healthy_feet,healthy_skin,non_wound,rit_g1728,0.740,13,yes
experiments/v2/rit/images/lower_limb_feet_268983c16005c549.jpg,rit_healthy_feet,healthy_skin,non_wound,rit_g384,0.685,18,yes
experiments/v2/rit/images/lower_limb_feet_c2956b3239a42067.jpg,rit_healthy_feet,healthy_skin,non_wound,rit_g1728,0.730,15,yes
experiments/v2/rit/images/lower_limb_feet_d200f8cfad00fa9b.jpg,rit_healthy_feet,healthy_skin,non_wound,rit_g1728,0.757,13,no
experiments/v2/rit/images/lower_limb_feet_ef63c8bec3aa1ac4.jpg,rit_healthy_feet,healthy_skin,non_wound,rit_g1678,0.791,15,no
experiments/v2/rit/images/lower_limb_feet_f8ca19c768e4247a.jpg,rit_healthy_feet,healthy_skin,non_wound,rit_g1678,0.778,16,no
experiments/v2/rit/images/lower_limb_feet_67d518aa1458ed5c.jpg,rit_healthy_feet,healthy_skin,non_wound,rit_g389,0.742,13,yes
experiments/v2/rit/images/lower_limb_feet_968094fe1735892a.jpg,rit_healthy_feet,healthy_skin,non_wound,rit_g1728,0.770,16,no
experiments/v2/rit/images/lower_limb_feet_8af88a74a7f5c3de.jpg,rit_healthy_feet,healthy_skin,non_wound,rit_g391,0.703,16,yes
experiments/v2/rit/images/lower_limb_feet_7933cc8cb5925d39.jpg,rit_healthy_feet,healthy_skin,non_wound,rit_g1728,0.750,19,yes
experiments/v2/rit/images/lower_limb_feet_8fa7436a0e652ec6.jpg,rit_healthy_feet,healthy_skin,non_wound,rit_g1728,0.715,15,yes
experiments/v2/rit/images/lower_limb_feet_99444465b2a96139.jpg,rit_healthy_feet,healthy_skin,non_wound,rit_g1728,0.738,12,yes
experiments/v2/rit/images/lower_limb_feet_2dc7f6e98c9f8a5e.jpg,rit_healthy_feet,healthy_skin,non_wound,rit_g1728,0.733,16,yes
experiments/v2/rit/images/lower_limb_feet_804ab67614cd1bea.jpg,rit_healthy_feet,healthy_skin,non_wound,rit_g396,0.730,14,yes
experiments/v2/rit/images/lower_limb_feet_18b2e9526323d591.jpg,rit_healthy_feet,healthy_skin,non_wound,rit_g397,0.749,16,yes
experiments/v2/rit/images/lower_limb_feet_e3dc2c61030e1956.jpg,rit_healthy_feet,healthy_skin,non_wound,rit_g398,0.744,17,yes
experiments/v2/rit/images/lower_limb_feet_ba87cd7fcb5cb14f.jpg,rit_healthy_feet,healthy_skin,non_wound,rit_g399,0.745,15,yes
experiments/v2/rit/images/lower_limb_feet_0c9d299011a6c7d5.jpg,rit_healthy_feet,healthy_skin,non_wound,rit_g400,0.762,14,no
experiments/v2/rit/images/lower_limb_feet_8df91fa9ba929a8a.jpg,rit_healthy_feet,healthy_skin,non_wound,rit_g401,0.707,15,yes
experiments/v2/rit/images/lower_limb_feet_db5d8834bf3226ae.jpg,rit_healthy_feet,healthy_skin,non_wound,rit_g1728,0.760,15,no
experiments/v2/rit/images/lower_limb_feet_c9173bff305252a2.jpg,rit_healthy_feet,healthy_skin,non_wound,rit_g404,0.675,16,yes
experiments/v2/rit/images/lower_limb_feet_cfdc6684457a5001.jpg,rit_healthy_feet,healthy_skin,non_wound,rit_g404,0.708,13,yes
experiments/v2/rit/images/lower_limb_feet_c8ebb382b7235b10.jpg,rit_healthy_feet,healthy_skin,non_wound,rit_g405,0.724,16,yes
experiments/v2/rit/images/lower_limb_feet_3f613cd4ee3f0939.jpg,rit_healthy_feet,healthy_skin,non_wound,rit_g1023,0.697,12,yes
experiments/v2/rit/images/lower_limb_feet_24af141a035924db.jpg,rit_healthy_feet,healthy_skin,non_wound,rit_g1728,0.725,17,yes
experiments/v2/rit/images/lower_limb_feet_74c2f24a547359a5.jpg,rit_healthy_feet,healthy_skin,non_wound,rit_g408,0.675,12,yes
experiments/v2/rit/images/lower_limb_feet_d3ab9146bda1a057.jpg,rit_healthy_feet,healthy_skin,non_wound,rit_g409,0.740,14,yes
experiments/v2/rit/images/lower_limb_feet_f5c9ffc01fa4a8c4.jpg,rit_healthy_feet,healthy_skin,non_wound,rit_g410,0.689,12,yes
experiments/v2/rit/images/lower_limb_feet_c8305d46a61bffb7.jpg,rit_healthy_feet,healthy_skin,non_wound,rit_g411,0.721,20,yes
experiments/v2/rit/images/lower_limb_feet_e0566c263119c82b.jpg,rit_healthy_feet,healthy_skin,non_wound,rit_g420,0.742,15,yes
experiments/v2/rit/images/lower_limb_feet_80291ff685753cb4.jpg,rit_healthy_feet,healthy_skin,non_wound,rit_g420,0.757,16,no
experiments/v2/rit/images/lower_limb_feet_baee2ddb5dd17ac5.jpg,rit_healthy_feet,healthy_skin,non_wound,rit_g414,0.685,16,yes
experiments/v2/rit/images/lower_limb_feet_a8c146efc6c5b4cb.jpg,rit_healthy_feet,healthy_skin,non_wound,rit_g415,0.687,14,yes
experiments/v2/rit/images/lower_limb_feet_45cab8a85c93deae.jpg,rit_healthy_feet,healthy_skin,non_wound,rit_g416,0.742,19,yes
experiments/v2/rit/images/lower_limb_feet_777091aab05a4b86.jpg,rit_healthy_feet,healthy_skin,non_wound,rit_g417,0.721,16,yes
experiments/v2/rit/images/lower_limb_feet_2013a8749b2a1c09.jpg,rit_healthy_feet,healthy_skin,non_wound,rit_g418,0.663,18,yes
experiments/v2/rit/images/lower_limb_feet_6e84e93d1cae0e5c.jpg,rit_healthy_feet,healthy_skin,non_wound,rit_g1728,0.697,18,yes
experiments/v2/rit/images/lower_limb_feet_3e68dd548299117b.jpg,rit_healthy_feet,healthy_skin,non_wound,rit_g420,0.723,17,yes
experiments/v2/rit/images/lower_limb_feet_069538fda597c951.jpg,rit_healthy_feet,healthy_skin,non_wound,rit_g421,0.762,14,no
experiments/v2/rit/images/lower_limb_feet_c4e1292fd3754a42.jpg,rit_healthy_feet,healthy_skin,non_wound,rit_g1023,0.730,13,yes
experiments/v2/rit/images/lower_limb_feet_7febcdcea6696719.jpg,rit_healthy_feet,healthy_skin,non_wound,rit_g1678,0.722,15,yes
experiments/v2/rit/images/lower_limb_feet_33b036097a4d9782.jpg,rit_healthy_feet,healthy_skin,non_wound,rit_g1728,0.675,9,yes
experiments/v2/rit/images/lower_limb_feet_17792743a262033a.jpg,rit_healthy_feet,healthy_skin,non_wound,rit_g425,0.678,13,yes
experiments/v2/rit/images/lower_limb_feet_8918ad8f4a34d735.jpg,rit_healthy_feet,healthy_skin,non_wound,rit_g426,0.723,18,yes
experiments/v2/rit/images/lower_limb_feet_66df70aa73982c55.jpg,rit_healthy_feet,healthy_skin,non_wound,rit_g427,0.708,17,yes
experiments/v2/rit/images/lower_limb_feet_77736eb5987b3367.jpg,rit_healthy_feet,healthy_skin,non_wound,rit_g1678,0.732,16,yes
experiments/v2/rit/images/lower_limb_feet_b95894a6436d3f83.jpg,rit_healthy_feet,healthy_skin,non_wound,rit_g429,0.697,11,yes
experiments/v2/rit/images/lower_limb_feet_cd37c53f5e6c6908.jpg,rit_healthy_feet,healthy_skin,non_wound,rit_g1728,0.683,13,yes
experiments/v2/rit/images/lower_limb_feet_06e361a3ae50c59d.jpg,rit_healthy_feet,healthy_skin,non_wound,rit_g431,0.750,12,yes
experiments/v2/rit/images/lower_limb_feet_4652241aec709bd5.jpg,rit_healthy_feet,healthy_skin,non_wound,rit_g1728,0.705,18,yes
experiments/v2/rit/images/lower_limb_feet_fea5382f7c2583b9.jpg,rit_healthy_feet,healthy_skin,non_wound,rit_g1728,0.703,17,yes
experiments/v2/rit/images/lower_limb_feet_7eb90119f3d05210.jpg,rit_healthy_feet,healthy_skin,non_wound,rit_g434,0.697,14,yes
experiments/v2/rit/images/lower_limb_feet_3e6ba510ea517699.jpg,rit_healthy_feet,healthy_skin,non_wound,rit_g435,0.728,15,yes
experiments/v2/rit/images/lower_limb_feet_7f8825090acc1b73.jpg,rit_healthy_feet,healthy_skin,non_wound,rit_g436,0.721,17,yes
experiments/v2/rit/images/lower_limb_feet_05cfc084ad1cd8f7.jpg,rit_healthy_feet,healthy_skin,non_wound,rit_g1728,0.730,13,yes
experiments/v2/rit/images/lower_limb_feet_0066a7859998478d.jpg,rit_healthy_feet,healthy_skin,non_wound,rit_g438,0.729,19,yes
experiments/v2/rit/images/lower_limb_feet_7b9381e6129edcd4.jpg,rit_healthy_feet,healthy_skin,non_wound,rit_g439,0.725,16,yes
experiments/v2/rit/images/lower_limb_feet_22b8b32b0a96922f.jpg,rit_healthy_feet,healthy_skin,non_wound,rit_g1728,0.701,12,yes
experiments/v2/rit/images/lower_limb_feet_9b1f7c31920069c3.jpg,rit_healthy_feet,healthy_skin,non_wound,rit_g1728,0.711,16,yes
experiments/v2/rit/images/lower_limb_feet_306acc8481bfd47d.jpg,rit_healthy_feet,healthy_skin,non_wound,rit_g1678,0.739,17,yes
experiments/v2/rit/images/lower_limb_feet_5e73b8e4667759ae.jpg,rit_healthy_feet,healthy_skin,non_wound,rit_g447,0.693,13,yes
experiments/v2/rit/images/lower_limb_feet_b4383634d46cbc1d.jpg,rit_healthy_feet,healthy_skin,non_wound,rit_g1728,0.683,13,yes
experiments/v2/rit/images/lower_limb_feet_4a9eb38fa66f1963.jpg,rit_healthy_feet,healthy_skin,non_wound,rit_g445,0.710,17,yes
experiments/v2/rit/images/lower_limb_feet_1821fec35bebf6ea.jpg,rit_healthy_feet,healthy_skin,non_wound,rit_g1728,0.693,11,yes
experiments/v2/rit/images/lower_limb_feet_ff25f6640cb1f8f4.jpg,rit_healthy_feet,healthy_skin,non_wound,rit_g447,0.706,14,yes
experiments/v2/rit/images/lower_limb_feet_80e7c2c219dc540c.jpg,rit_healthy_feet,healthy_skin,non_wound,rit_g448,0.727,14,yes
experiments/v2/rit/images/lower_limb_feet_6fa82373990667b5.jpg,rit_healthy_feet,healthy_skin,non_wound,rit_g1728,0.712,14,yes
experiments/v2/rit/images/lower_limb_feet_c54e2ceee3b3c216.jpg,rit_healthy_feet,healthy_skin,non_wound,rit_g450,0.682,19,yes
experiments/v2/rit/images/lower_limb_feet_6f9938d8d6737d4c.jpg,rit_healthy_feet,healthy_skin,non_wound,rit_g451,0.737,17,yes
experiments/v2/rit/images/lower_limb_feet_8ffedabb15d55c74.jpg,rit_healthy_feet,healthy_skin,non_wound,rit_g452,0.659,19,yes
experiments/v2/rit/images/lower_limb_feet_ea9254f6bd237588.jpg,rit_healthy_feet,healthy_skin,non_wound,rit_g453,0.704,18,yes
experiments/v2/rit/images/lower_limb_feet_78058903d5cf384c.jpg,rit_healthy_feet,healthy_skin,non_wound,rit_g454,0.701,13,yes
experiments/v2/rit/images/lower_limb_feet_52c8fb39a87b48aa.jpg,rit_healthy_feet,healthy_skin,non_wound,rit_g455,0.714,14,yes
experiments/v2/rit/images/lower_limb_feet_1eecba2d473af37d.jpg,rit_healthy_feet,healthy_skin,non_wound,rit_g456,0.720,12,yes
experiments/v2/rit/images/lower_limb_feet_d5a51b959bfd40fa.jpg,rit_healthy_feet,healthy_skin,non_wound,rit_g1728,0.711,14,yes
experiments/v2/rit/images/lower_limb_feet_4d3091c7948f09f1.jpg,rit_healthy_feet,healthy_skin,non_wound,rit_g1728,0.748,18,yes
experiments/v2/rit/images/lower_limb_feet_f8afcadd29f45efe.jpg,rit_healthy_feet,healthy_skin,non_wound,rit_g459,0.743,13,yes
experiments/v2/rit/images/lower_limb_feet_2aa2eab3ae276d57.jpg,rit_healthy_feet,healthy_skin,non_wound,rit_g1678,0.718,19,yes
experiments/v2/rit/images/lower_limb_feet_76530c760bf4b45e.jpg,rit_healthy_feet,healthy_skin,non_wound,rit_g461,0.705,14,yes
experiments/v2/rit/images/lower_limb_feet_c4af34b6a5c2ed1a.jpg,rit_healthy_feet,healthy_skin,non_wound,rit_g462,0.694,17,yes
experiments/v2/rit/images/lower_limb_feet_09132b46287853db.jpg,rit_healthy_feet,healthy_skin,non_wound,rit_g463,0.662,13,yes
experiments/v2/rit/images/lower_limb_feet_7b3b372c7b929468.jpg,rit_healthy_feet,healthy_skin,non_wound,rit_g464,0.692,19,yes
experiments/v2/rit/images/lower_limb_feet_b49df55b32365eec.jpg,rit_healthy_feet,healthy_skin,non_wound,rit_g465,0.672,13,yes
experiments/v2/rit/images/lower_limb_feet_dbe70c3f84fa96ed.jpg,rit_healthy_feet,healthy_skin,non_wound,rit_g466,0.711,13,yes
experiments/v2/rit/images/lower_limb_feet_abee4331eaf2fff3.jpg,rit_healthy_feet,healthy_skin,non_wound,rit_g1728,0.692,15,yes
experiments/v2/rit/images/lower_limb_feet_30033180d7cd315e.jpg,rit_healthy_feet,healthy_skin,non_wound,rit_g468,0.744,15,yes
experiments/v2/rit/images/lower_limb_feet_e3ede164ca5f989c.jpg,rit_healthy_feet,healthy_skin,non_wound,rit_g1678,0.720,12,yes
experiments/v2/rit/images/lower_limb_feet_5bff1469788392e1.jpg,rit_healthy_feet,healthy_skin,non_wound,rit_g470,0.727,18,yes
experiments/v2/rit/images/lower_limb_feet_f3ecc8d14af0896c.jpg,rit_healthy_feet,healthy_skin,non_wound,rit_g471,0.724,15,yes
experiments/v2/rit/images/lower_limb_feet_5cf1e855282f08d2.jpg,rit_healthy_feet,healthy_skin,non_wound,rit_g472,0.716,15,yes
experiments/v2/rit/images/lower_limb_feet_677d3c9b0e8cfa20.jpg,rit_healthy_feet,healthy_skin,non_wound,rit_g475,0.701,12,yes
experiments/v2/rit/images/lower_limb_feet_1a9899c887d2202b.jpg,rit_healthy_feet,healthy_skin,non_wound,rit_g474,0.686,13,yes
experiments/v2/rit/images/lower_limb_feet_63fa6d1ee5db3b4d.jpg,rit_healthy_feet,healthy_skin,non_wound,rit_g475,0.676,13,yes
experiments/v2/rit/images/lower_limb_feet_fd7e7f678eb8b689.jpg,rit_healthy_feet,healthy_skin,non_wound,rit_g1728,0.707,14,yes
experiments/v2/rit/images/lower_limb_feet_7b4f9d676bfd65cc.jpg,rit_healthy_feet,healthy_skin,non_wound,rit_g1728,0.731,16,yes
experiments/v2/rit/images/lower_limb_feet_803649084416ad73.jpg,rit_healthy_feet,healthy_skin,non_wound,rit_g478,0.692,14,yes
experiments/v2/rit/images/lower_limb_feet_341e948968cba543.jpg,rit_healthy_feet,healthy_skin,non_wound,rit_g479,0.681,14,yes
experiments/v2/rit/images/lower_limb_feet_cd2af1cdac5d0f98.jpg,rit_healthy_feet,healthy_skin,non_wound,rit_g1728,0.732,16,yes
experiments/v2/rit/images/lower_limb_feet_dc91492520bd5740.jpg,rit_healthy_feet,healthy_skin,non_wound,rit_g1678,0.740,17,yes
experiments/v2/rit/images/lower_limb_feet_113f6cab745355f8.jpg,rit_healthy_feet,healthy_skin,non_wound,rit_g482,0.686,11,yes
experiments/v2/rit/images/lower_limb_feet_f934938ae7c85b30.jpg,rit_healthy_feet,healthy_skin,non_wound,rit_g1728,0.702,12,yes
experiments/v2/rit/images/lower_limb_feet_48acedef73aed59f.jpg,rit_healthy_feet,healthy_skin,non_wound,rit_g1728,0.723,18,yes
experiments/v2/rit/images/lower_limb_feet_41df070d929a21c0.jpg,rit_healthy_feet,healthy_skin,non_wound,rit_g485,0.704,16,yes
experiments/v2/rit/images/lower_limb_feet_11291abcc97fb918.jpg,rit_healthy_feet,healthy_skin,non_wound,rit_g486,0.725,13,yes
experiments/v2/rit/images/lower_limb_feet_95cc4d57a4f38e74.jpg,rit_healthy_feet,healthy_skin,non_wound,rit_g487,0.674,12,yes
experiments/v2/rit/images/lower_limb_feet_ccfc86e5ab98b6ce.jpg,rit_healthy_feet,healthy_skin,non_wound,rit_g488,0.728,18,yes
experiments/v2/rit/images/lower_limb_feet_d8b634a0e3b8bef3.jpg,rit_healthy_feet,healthy_skin,non_wound,rit_g1728,0.677,16,yes
experiments/v2/rit/images/lower_limb_feet_b7aaac341b2f0514.jpg,rit_healthy_feet,healthy_skin,non_wound,rit_g1728,0.741,15,yes
experiments/v2/rit/images/lower_limb_feet_ead3a4c46ca0b448.jpg,rit_healthy_feet,healthy_skin,non_wound,rit_g491,0.693,13,yes
experiments/v2/rit/images/lower_limb_feet_fd8dfa1d8d3ac13e.jpg,rit_healthy_feet,healthy_skin,non_wound,rit_g492,0.726,15,yes
experiments/v2/rit/images/lower_limb_feet_d9038eaccef7f535.jpg,rit_healthy_feet,healthy_skin,non_wound,rit_g1728,0.697,17,yes
experiments/v2/rit/images/lower_limb_feet_c69609d1b4780b08.jpg,rit_healthy_feet,healthy_skin,non_wound,rit_g494,0.757,17,no
experiments/v2/rit/images/lower_limb_feet_7d6b6ac4cf47b739.jpg,rit_healthy_feet,healthy_skin,non_wound,rit_g495,0.690,19,yes
experiments/v2/rit/images/lower_limb_feet_3e02d782359776e0.jpg,rit_healthy_feet,healthy_skin,non_wound,rit_g1728,0.691,18,yes
experiments/v2/rit/images/lower_limb_feet_7800349e54656ca4.jpg,rit_healthy_feet,healthy_skin,non_wound,rit_g497,0.719,12,yes
experiments/v2/rit/images/lower_limb_feet_7a1339d84939d7e2.jpg,rit_healthy_feet,healthy_skin,non_wound,rit_g498,0.730,15,yes
experiments/v2/rit/images/lower_limb_feet_0a53ec533211ce37.jpg,rit_healthy_feet,healthy_skin,non_wound,rit_g1728,0.685,12,yes
experiments/v2/rit/images/lower_limb_feet_f6c9da73c8cb4c7f.jpg,rit_healthy_feet,healthy_skin,non_wound,rit_g1728,0.701,16,yes
experiments/v2/rit/images/lower_limb_feet_f51545396bf11d58.jpg,rit_healthy_feet,healthy_skin,non_wound,rit_g501,0.691,16,yes
experiments/v2/rit/images/lower_limb_feet_4c0b2209399f687d.jpg,rit_healthy_feet,healthy_skin,non_wound,rit_g503,0.737,14,yes
experiments/v2/rit/images/lower_limb_feet_15d62f58bc5af7b8.jpg,rit_healthy_feet,healthy_skin,non_wound,rit_g503,0.705,14,yes
experiments/v2/rit/images/lower_limb_feet_d30d94b523f2fbd6.jpg,rit_healthy_feet,healthy_skin,non_wound,rit_g1678,0.748,15,yes
experiments/v2/rit/images/lower_limb_feet_41ca00b932456f75.jpg,rit_healthy_feet,healthy_skin,non_wound,rit_g1728,0.695,14,yes
experiments/v2/rit/images/lower_limb_feet_5097fca066aa3d47.jpg,rit_healthy_feet,healthy_skin,non_wound,rit_g1728,0.743,14,yes
experiments/v2/rit/images/lower_limb_feet_0db2cbdf1d18960b.jpg,rit_healthy_feet,healthy_skin,non_wound,rit_g507,0.746,14,yes
experiments/v2/rit/images/lower_limb_feet_ec0bcc3047ba2a4b.jpg,rit_healthy_feet,healthy_skin,non_wound,rit_g508,0.656,15,yes
experiments/v2/rit/images/lower_limb_feet_cfea9d0bbd24338e.jpg,rit_healthy_feet,healthy_skin,non_wound,rit_g1728,0.716,12,yes
experiments/v2/rit/images/lower_limb_feet_6d2c13f625298d56.jpg,rit_healthy_feet,healthy_skin,non_wound,rit_g513,0.734,17,yes
experiments/v2/rit/images/lower_limb_feet_f174b6b9731b5bfc.jpg,rit_healthy_feet,healthy_skin,non_wound,rit_g1728,0.712,13,yes
experiments/v2/rit/images/lower_limb_feet_ff1d4cf397608aa9.jpg,rit_healthy_feet,healthy_skin,non_wound,rit_g1728,0.708,16,yes
experiments/v2/rit/images/lower_limb_feet_69df1e5232691dcc.jpg,rit_healthy_feet,healthy_skin,non_wound,rit_g513,0.743,14,yes
experiments/v2/rit/images/lower_limb_feet_8986272cf37fca7f.jpg,rit_healthy_feet,healthy_skin,non_wound,rit_g514,0.745,16,yes
experiments/v2/rit/images/lower_limb_feet_759c81d577b71064.jpg,rit_healthy_feet,healthy_skin,non_wound,rit_g1678,0.707,18,yes
experiments/v2/rit/images/lower_limb_feet_0e910d3bb4909288.jpg,rit_healthy_feet,healthy_skin,non_wound,rit_g1728,0.779,18,no
experiments/v2/rit/images/lower_limb_feet_a4c26719d20ccff8.jpg,rit_healthy_feet,healthy_skin,non_wound,rit_g1728,0.693,15,yes
experiments/v2/rit/images/lower_limb_feet_82ef6ad49414f07e.jpg,rit_healthy_feet,healthy_skin,non_wound,rit_g1678,0.742,17,yes
experiments/v2/rit/images/lower_limb_feet_f45ebb7aaedc77c5.jpg,rit_healthy_feet,healthy_skin,non_wound,rit_g1728,0.725,13,yes
experiments/v2/rit/images/lower_limb_feet_46629640b98b5041.jpg,rit_healthy_feet,healthy_skin,non_wound,rit_g520,0.703,13,yes
experiments/v2/rit/images/lower_limb_feet_b3af9f5b7c8d5de7.jpg,rit_healthy_feet,healthy_skin,non_wound,rit_g521,0.730,11,yes
experiments/v2/rit/images/lower_limb_feet_8e229ca1f7d36ead.jpg,rit_healthy_feet,healthy_skin,non_wound,rit_g522,0.705,13,yes
experiments/v2/rit/images/lower_limb_feet_fddd24f8922468d1.jpg,rit_healthy_feet,healthy_skin,non_wound,rit_g1678,0.753,17,no
experiments/v2/rit/images/lower_limb_feet_6a34cc975d1ad41c.jpg,rit_healthy_feet,healthy_skin,non_wound,rit_g1728,0.746,11,yes
experiments/v2/rit/images/lower_limb_feet_a79ee2cc6c1f2c8a.jpg,rit_healthy_feet,healthy_skin,non_wound,rit_g1728,0.753,14,no
experiments/v2/rit/images/lower_limb_feet_8647b04910da9470.jpg,rit_healthy_feet,healthy_skin,non_wound,rit_g526,0.721,16,yes
experiments/v2/rit/images/lower_limb_feet_63efe06d7ffcdccb.jpg,rit_healthy_feet,healthy_skin,non_wound,rit_g527,0.689,17,yes
experiments/v2/rit/images/lower_limb_feet_61d0d78150fe4526.jpg,rit_healthy_feet,healthy_skin,non_wound,rit_g528,0.700,13,yes
experiments/v2/rit/images/lower_limb_feet_351e7ddbcb30fca4.jpg,rit_healthy_feet,healthy_skin,non_wound,rit_g529,0.734,14,yes
experiments/v2/rit/images/lower_limb_feet_cd6676b32cdca61d.jpg,rit_healthy_feet,healthy_skin,non_wound,rit_g530,0.683,15,yes
experiments/v2/rit/images/lower_limb_feet_c2fa36d313d1224c.jpg,rit_healthy_feet,healthy_skin,non_wound,rit_g531,0.655,13,yes
experiments/v2/rit/images/lower_limb_feet_1df9381b76f280a4.jpg,rit_healthy_feet,healthy_skin,non_wound,rit_g532,0.726,14,yes
experiments/v2/rit/images/lower_limb_feet_c8c63607d89f14a2.jpg,rit_healthy_feet,healthy_skin,non_wound,rit_g533,0.711,14,yes
experiments/v2/rit/images/lower_limb_feet_310bfcf74a8a61ec.jpg,rit_healthy_feet,healthy_skin,non_wound,rit_g534,0.648,15,yes
experiments/v2/rit/images/lower_limb_feet_97086f4e7fbfc4f6.jpg,rit_healthy_feet,healthy_skin,non_wound,rit_g535,0.795,15,no
experiments/v2/rit/images/lower_limb_feet_9c367bab5782f732.jpg,rit_healthy_feet,healthy_skin,non_wound,rit_g536,0.629,14,yes
experiments/v2/rit/images/lower_limb_feet_2e0b4dea860e9bdf.jpg,rit_healthy_feet,healthy_skin,non_wound,rit_g537,0.680,18,yes
experiments/v2/rit/images/lower_limb_feet_111ad6a0c415b082.jpg,rit_healthy_feet,healthy_skin,non_wound,rit_g538,0.674,14,yes
experiments/v2/rit/images/lower_limb_feet_f4fc731b3940fa04.jpg,rit_healthy_feet,healthy_skin,non_wound,rit_g539,0.740,11,yes
experiments/v2/rit/images/lower_limb_feet_468d42c06ee5f701.jpg,rit_healthy_feet,healthy_skin,non_wound,rit_g540,0.691,14,yes
experiments/v2/rit/images/lower_limb_feet_254af7acff9681d6.jpg,rit_healthy_feet,healthy_skin,non_wound,rit_g541,0.708,18,yes
experiments/v2/rit/images/lower_limb_feet_948680e5b0a41a87.jpg,rit_healthy_feet,healthy_skin,non_wound,rit_g542,0.697,16,yes
experiments/v2/rit/images/lower_limb_feet_f136cf21425e022c.jpg,rit_healthy_feet,healthy_skin,non_wound,rit_g1728,0.694,14,yes
experiments/v2/rit/images/lower_limb_feet_4c25524aa08ddc8f.jpg,rit_healthy_feet,healthy_skin,non_wound,rit_g544,0.717,11,yes
experiments/v2/rit/images/lower_limb_feet_726b3e3ffa90877e.jpg,rit_healthy_feet,healthy_skin,non_wound,rit_g1728,0.693,14,yes
experiments/v2/rit/images/lower_limb_feet_e67ee019ffba0a29.jpg,rit_healthy_feet,healthy_skin,non_wound,rit_g1728,0.725,15,yes
experiments/v2/rit/images/lower_limb_feet_a97f50d6884e1270.jpg,rit_healthy_feet,healthy_skin,non_wound,rit_g547,0.753,14,no
experiments/v2/rit/images/lower_limb_feet_f05969a6b7962b15.jpg,rit_healthy_feet,healthy_skin,non_wound,rit_g1678,0.770,15,no
experiments/v2/rit/images/lower_limb_feet_13dae1dbd33238bb.jpg,rit_healthy_feet,healthy_skin,non_wound,rit_g1678,0.684,17,yes
experiments/v2/rit/images/lower_limb_feet_c3e3c2cc6e7c8112.jpg,rit_healthy_feet,healthy_skin,non_wound,rit_g1728,0.696,14,yes
experiments/v2/rit/images/lower_limb_feet_936c5f8c92035005.jpg,rit_healthy_feet,healthy_skin,non_wound,rit_g551,0.723,13,yes
experiments/v2/rit/images/lower_limb_feet_22344e523e350f5e.jpg,rit_healthy_feet,healthy_skin,non_wound,rit_g552,0.688,16,yes
experiments/v2/rit/images/lower_limb_feet_a904e3cb4c3b3818.jpg,rit_healthy_feet,healthy_skin,non_wound,rit_g1728,0.705,12,yes
experiments/v2/rit/images/lower_limb_feet_ec35030e1e3577c6.jpg,rit_healthy_feet,healthy_skin,non_wound,rit_g554,0.786,17,no
experiments/v2/rit/images/lower_limb_feet_ddaf1ded178bdb6e.jpg,rit_healthy_feet,healthy_skin,non_wound,rit_g1678,0.734,13,yes
experiments/v2/rit/images/lower_limb_feet_6bcb2811d79bcb9d.jpg,rit_healthy_feet,healthy_skin,non_wound,rit_g1728,0.707,11,yes
experiments/v2/rit/images/lower_limb_feet_98c90f9f4c061a8f.jpg,rit_healthy_feet,healthy_skin,non_wound,rit_g1728,0.735,12,yes
experiments/v2/rit/images/lower_limb_feet_fa5195205c46a497.jpg,rit_healthy_feet,healthy_skin,non_wound,rit_g558,0.715,15,yes
experiments/v2/rit/images/lower_limb_feet_3830afb3b4878823.jpg,rit_healthy_feet,healthy_skin,non_wound,rit_g1678,0.725,16,yes
experiments/v2/rit/images/lower_limb_feet_5cbb8b3442e907ef.jpg,rit_healthy_feet,healthy_skin,non_wound,rit_g1728,0.728,13,yes
experiments/v2/rit/images/lower_limb_feet_4f6e04cf13d0f1e3.jpg,rit_healthy_feet,healthy_skin,non_wound,rit_g561,0.739,14,yes
experiments/v2/rit/images/lower_limb_feet_27110a1c87158448.jpg,rit_healthy_feet,healthy_skin,non_wound,rit_g1728,0.733,8,yes
experiments/v2/rit/images/lower_limb_feet_da07beefafcea9ea.jpg,rit_healthy_feet,healthy_skin,non_wound,rit_g563,0.739,13,yes
experiments/v2/rit/images/lower_limb_feet_6d256122cac48e62.jpg,rit_healthy_feet,healthy_skin,non_wound,rit_g1728,0.738,12,yes
experiments/v2/rit/images/lower_limb_feet_de0333d24acac2ad.jpg,rit_healthy_feet,healthy_skin,non_wound,rit_g565,0.729,18,yes
experiments/v2/rit/images/lower_limb_feet_14290e2dc9ed91fb.jpg,rit_healthy_feet,healthy_skin,non_wound,rit_g566,0.724,13,yes
experiments/v2/rit/images/lower_limb_feet_1c0019fc61541db7.jpg,rit_healthy_feet,healthy_skin,non_wound,rit_g567,0.687,5,no
experiments/v2/rit/images/lower_limb_feet_2dd54219c99f99dd.jpg,rit_healthy_feet,healthy_skin,non_wound,rit_g1678,0.745,16,yes
experiments/v2/rit/images/lower_limb_feet_8a7e9630020fa591.jpg,rit_healthy_feet,healthy_skin,non_wound,rit_g569,0.740,17,yes
experiments/v2/rit/images/lower_limb_feet_a6111828c38815ac.jpg,rit_healthy_feet,healthy_skin,non_wound,rit_g570,0.710,17,yes
experiments/v2/rit/images/lower_limb_feet_86115dcd1892558d.jpg,rit_healthy_feet,healthy_skin,non_wound,rit_g1728,0.700,15,yes
experiments/v2/rit/images/lower_limb_feet_b08a74c3e8f52fa9.jpg,rit_healthy_feet,healthy_skin,non_wound,rit_g572,0.719,19,yes
experiments/v2/rit/images/lower_limb_feet_cdd9d90ce4449929.jpg,rit_healthy_feet,healthy_skin,non_wound,rit_g1678,0.755,14,no
experiments/v2/rit/images/lower_limb_feet_cbaed8364aad367c.jpg,rit_healthy_feet,healthy_skin,non_wound,rit_g1728,0.659,12,yes
experiments/v2/rit/images/lower_limb_feet_f290cc79ea0197bd.jpg,rit_healthy_feet,healthy_skin,non_wound,rit_g575,0.695,16,yes
experiments/v2/rit/images/lower_limb_feet_e3b80e34122496bc.jpg,rit_healthy_feet,healthy_skin,non_wound,rit_g1728,0.722,13,yes
experiments/v2/rit/images/lower_limb_feet_f752423afea34f57.jpg,rit_healthy_feet,healthy_skin,non_wound,rit_g577,0.713,19,yes
experiments/v2/rit/images/lower_limb_feet_9e2958b06c5ca2cb.jpg,rit_healthy_feet,healthy_skin,non_wound,rit_g578,0.708,15,yes
experiments/v2/rit/images/lower_limb_feet_8a60ab653c5862cc.jpg,rit_healthy_feet,healthy_skin,non_wound,rit_g1728,0.659,14,yes
experiments/v2/rit/images/lower_limb_feet_fc7ad6e1ff93148a.jpg,rit_healthy_feet,healthy_skin,non_wound,rit_g580,0.711,15,yes
experiments/v2/rit/images/lower_limb_feet_5ab3f105cc966e8e.jpg,rit_healthy_feet,healthy_skin,non_wound,rit_g1728,0.732,14,yes
experiments/v2/rit/images/lower_limb_feet_716d1ad8730c5c26.jpg,rit_healthy_feet,healthy_skin,non_wound,rit_g1728,0.700,13,yes
experiments/v2/rit/images/lower_limb_feet_ad71bd0106585330.jpg,rit_healthy_feet,healthy_skin,non_wound,rit_g583,0.713,19,yes
experiments/v2/rit/images/lower_limb_feet_5f5e78207394f307.jpg,rit_healthy_feet,healthy_skin,non_wound,rit_g584,0.662,14,yes
experiments/v2/rit/images/lower_limb_feet_2a773875830ccdb9.jpg,rit_healthy_feet,healthy_skin,non_wound,rit_g585,0.677,13,yes
experiments/v2/rit/images/lower_limb_feet_9864170ba8c13814.jpg,rit_healthy_feet,healthy_skin,non_wound,rit_g586,0.640,16,yes
experiments/v2/rit/images/lower_limb_feet_d24b624e488866a7.jpg,rit_healthy_feet,healthy_skin,non_wound,rit_g587,0.712,8,yes
experiments/v2/rit/images/lower_limb_feet_8ef8667cdfdf9523.jpg,rit_healthy_feet,healthy_skin,non_wound,rit_g588,0.758,16,no
experiments/v2/rit/images/lower_limb_feet_36aa01243ec1b15b.jpg,rit_healthy_feet,healthy_skin,non_wound,rit_g589,0.732,12,yes
experiments/v2/rit/images/lower_limb_feet_6b9a124705b77dda.jpg,rit_healthy_feet,healthy_skin,non_wound,rit_g590,0.772,17,no
experiments/v2/rit/images/lower_limb_feet_1ea2f7b763c328c5.jpg,rit_healthy_feet,healthy_skin,non_wound,rit_g591,0.724,13,yes
experiments/v2/rit/images/lower_limb_feet_e1b52f3ae7461a95.jpg,rit_healthy_feet,healthy_skin,non_wound,rit_g592,0.699,16,yes
experiments/v2/rit/images/lower_limb_feet_511c3dba2b74804a.jpg,rit_healthy_feet,healthy_skin,non_wound,rit_g1728,0.693,14,yes
experiments/v2/rit/images/lower_limb_feet_fc7b24ec327ae0a8.jpg,rit_healthy_feet,healthy_skin,non_wound,rit_g1728,0.727,15,yes
experiments/v2/rit/images/lower_limb_feet_a22e14aa9939386f.jpg,rit_healthy_feet,healthy_skin,non_wound,rit_g595,0.700,19,yes
experiments/v2/rit/images/lower_limb_feet_f1e5e13105fdd98f.jpg,rit_healthy_feet,healthy_skin,non_wound,rit_g1678,0.745,16,yes
experiments/v2/rit/images/lower_limb_feet_808421a364d17ec7.jpg,rit_healthy_feet,healthy_skin,non_wound,rit_g1728,0.721,13,yes
experiments/v2/rit/images/lower_limb_feet_7ae08a0af73258fc.jpg,rit_healthy_feet,healthy_skin,non_wound,rit_g1728,0.691,12,yes
experiments/v2/rit/images/lower_limb_feet_27ed75bd2bf2a3be.jpg,rit_healthy_feet,healthy_skin,non_wound,rit_g1728,0.763,14,no
experiments/v2/rit/images/lower_limb_feet_63375122d9da8fa8.jpg,rit_healthy_feet,healthy_skin,non_wound,rit_g600,0.727,9,yes
experiments/v2/rit/images/lower_limb_feet_cef81efec6541e3c.jpg,rit_healthy_feet,healthy_skin,non_wound,rit_g601,0.707,13,yes
experiments/v2/rit/images/lower_limb_feet_e022cebc8e467b0b.jpg,rit_healthy_feet,healthy_skin,non_wound,rit_g602,0.699,19,yes
experiments/v2/rit/images/lower_limb_feet_e84d30286f367ecc.jpg,rit_healthy_feet,healthy_skin,non_wound,rit_g603,0.701,14,yes
experiments/v2/rit/images/lower_limb_feet_e4283b31b2e64fa6.jpg,rit_healthy_feet,healthy_skin,non_wound,rit_g1678,0.750,15,yes
experiments/v2/rit/images/lower_limb_feet_d33551898b64f968.jpg,rit_healthy_feet,healthy_skin,non_wound,rit_g1728,0.733,7,yes
experiments/v2/rit/images/lower_limb_feet_9ef5216158df77f9.jpg,rit_healthy_feet,healthy_skin,non_wound,rit_g606,0.730,18,yes
experiments/v2/rit/images/lower_limb_feet_a0a3acffbcf24c9d.jpg,rit_healthy_feet,healthy_skin,non_wound,rit_g607,0.729,15,yes
experiments/v2/rit/images/lower_limb_feet_9e0d06326312f5e2.jpg,rit_healthy_feet,healthy_skin,non_wound,rit_g608,0.718,11,yes
experiments/v2/rit/images/lower_limb_feet_e87f655cf332499a.jpg,rit_healthy_feet,healthy_skin,non_wound,rit_g1678,0.745,15,yes
experiments/v2/rit/images/lower_limb_feet_07ff64f2880900dd.jpg,rit_healthy_feet,healthy_skin,non_wound,rit_g610,0.749,11,yes
experiments/v2/rit/images/lower_limb_feet_fe0cb3456edeb451.jpg,rit_healthy_feet,healthy_skin,non_wound,rit_g1728,0.715,13,yes
experiments/v2/rit/images/lower_limb_feet_acb97ed4c2540107.jpg,rit_healthy_feet,healthy_skin,non_wound,rit_g1728,0.713,15,yes
experiments/v2/rit/images/lower_limb_feet_f46408226e71dd8c.jpg,rit_healthy_feet,healthy_skin,non_wound,rit_g613,0.742,14,yes
experiments/v2/rit/images/lower_limb_feet_be4d6f180196bdc1.jpg,rit_healthy_feet,healthy_skin,non_wound,rit_g614,0.721,14,yes
experiments/v2/rit/images/lower_limb_feet_afe2fbb743ad1ae1.jpg,rit_healthy_feet,healthy_skin,non_wound,rit_g1728,0.670,13,yes
experiments/v2/rit/images/lower_limb_feet_70b54847415f2e7e.jpg,rit_healthy_feet,healthy_skin,non_wound,rit_g1728,0.746,15,yes
experiments/v2/rit/images/lower_limb_feet_5421b754931361e5.jpg,rit_healthy_feet,healthy_skin,non_wound,rit_g1728,0.681,13,yes
experiments/v2/rit/images/lower_limb_feet_d421d14e65d9265a.jpg,rit_healthy_feet,healthy_skin,non_wound,rit_g1678,0.716,14,yes
experiments/v2/rit/images/lower_limb_feet_7089686bde39e06d.jpg,rit_healthy_feet,healthy_skin,non_wound,rit_g619,0.720,17,yes
experiments/v2/rit/images/lower_limb_feet_5a7b4df7c662fee6.jpg,rit_healthy_feet,healthy_skin,non_wound,rit_g1672,0.753,16,no
experiments/v2/rit/images/lower_limb_feet_6e1715c796f9d402.jpg,rit_healthy_feet,healthy_skin,non_wound,rit_g1728,0.717,11,yes
experiments/v2/rit/images/lower_limb_feet_5ddc2e84bcd123b4.jpg,rit_healthy_feet,healthy_skin,non_wound,rit_g1728,0.716,12,yes
experiments/v2/rit/images/lower_limb_feet_883592ef8efe6532.jpg,rit_healthy_feet,healthy_skin,non_wound,rit_g623,0.721,12,yes
experiments/v2/rit/images/lower_limb_feet_881633ebd547da87.jpg,rit_healthy_feet,healthy_skin,non_wound,rit_g624,0.732,13,yes
experiments/v2/rit/images/lower_limb_feet_633d65bb36792384.jpg,rit_healthy_feet,healthy_skin,non_wound,rit_g1728,0.703,16,yes
experiments/v2/rit/images/lower_limb_feet_1a0b7fd267125acd.jpg,rit_healthy_feet,healthy_skin,non_wound,rit_g626,0.670,18,yes
experiments/v2/rit/images/lower_limb_feet_ff738e280062f759.jpg,rit_healthy_feet,healthy_skin,non_wound,rit_g1672,0.723,15,yes
experiments/v2/rit/images/lower_limb_feet_dff007cb142ba402.jpg,rit_healthy_feet,healthy_skin,non_wound,rit_g628,0.687,17,yes
experiments/v2/rit/images/lower_limb_feet_2243d5c77b80b5a5.jpg,rit_healthy_feet,healthy_skin,non_wound,rit_g1672,0.691,15,yes
experiments/v2/rit/images/lower_limb_feet_eaef203d99e17a1c.jpg,rit_healthy_feet,healthy_skin,non_wound,rit_g1728,0.652,12,yes
experiments/v2/rit/images/lower_limb_feet_61ab44f071516a39.jpg,rit_healthy_feet,healthy_skin,non_wound,rit_g1728,0.696,8,yes
experiments/v2/rit/images/lower_limb_feet_2966f57eab71bb00.jpg,rit_healthy_feet,healthy_skin,non_wound,rit_g632,0.735,10,yes
experiments/v2/rit/images/lower_limb_feet_57dc28a5c5b8dcfe.jpg,rit_healthy_feet,healthy_skin,non_wound,rit_g633,0.695,15,yes
experiments/v2/rit/images/lower_limb_feet_7bf3167a4f5f79c1.jpg,rit_healthy_feet,healthy_skin,non_wound,rit_g634,0.739,17,yes
experiments/v2/rit/images/lower_limb_feet_76b615210d89d885.jpg,rit_healthy_feet,healthy_skin,non_wound,rit_g1728,0.691,14,yes
experiments/v2/rit/images/lower_limb_feet_2dbfea3b71954098.jpg,rit_healthy_feet,healthy_skin,non_wound,rit_g636,0.742,18,yes
experiments/v2/rit/images/lower_limb_feet_2f2c67bbce1fc35d.jpg,rit_healthy_feet,healthy_skin,non_wound,rit_g1728,0.689,9,yes
experiments/v2/rit/images/lower_limb_feet_1167026799773caf.jpg,rit_healthy_feet,healthy_skin,non_wound,rit_g1728,0.682,15,yes
experiments/v2/rit/images/lower_limb_feet_20813f5c316fab8e.jpg,rit_healthy_feet,healthy_skin,non_wound,rit_g1728,0.724,14,yes
experiments/v2/rit/images/lower_limb_feet_ea6c351911d67f6a.jpg,rit_healthy_feet,healthy_skin,non_wound,rit_g1678,0.722,17,yes
experiments/v2/rit/images/lower_limb_feet_583489237029a275.jpg,rit_healthy_feet,healthy_skin,non_wound,rit_g641,0.696,15,yes
experiments/v2/rit/images/lower_limb_feet_b7c11b50a37189ff.jpg,rit_healthy_feet,healthy_skin,non_wound,rit_g642,0.739,11,yes
experiments/v2/rit/images/lower_limb_feet_b81d3dbf7607c105.jpg,rit_healthy_feet,healthy_skin,non_wound,rit_g1728,0.731,16,yes
experiments/v2/rit/images/lower_limb_feet_cc757c588435a777.jpg,rit_healthy_feet,healthy_skin,non_wound,rit_g1728,0.727,13,yes
experiments/v2/rit/images/lower_limb_feet_3f13098b774bce7c.jpg,rit_healthy_feet,healthy_skin,non_wound,rit_g1728,0.740,16,yes
experiments/v2/rit/images/lower_limb_feet_cb0e715772ac9311.jpg,rit_healthy_feet,healthy_skin,non_wound,rit_g1728,0.667,14,yes
experiments/v2/rit/images/lower_limb_feet_e5b9e69d7d17bf9d.jpg,rit_healthy_feet,healthy_skin,non_wound,rit_g1728,0.723,10,yes
experiments/v2/rit/images/lower_limb_feet_852e4e1647862645.jpg,rit_healthy_feet,healthy_skin,non_wound,rit_g1728,0.694,13,yes
experiments/v2/rit/images/lower_limb_feet_37f613ff4a267619.jpg,rit_healthy_feet,healthy_skin,non_wound,rit_g649,0.721,12,yes
experiments/v2/rit/images/lower_limb_feet_f342235c6621ac28.jpg,rit_healthy_feet,healthy_skin,non_wound,rit_g1678,0.714,13,yes
experiments/v2/rit/images/lower_limb_feet_110d02aad523a615.jpg,rit_healthy_feet,healthy_skin,non_wound,rit_g651,0.718,17,yes
experiments/v2/rit/images/lower_limb_feet_4867478b709ed360.jpg,rit_healthy_feet,healthy_skin,non_wound,rit_g1678,0.683,17,yes
experiments/v2/rit/images/lower_limb_feet_a00e3278977c3056.jpg,rit_healthy_feet,healthy_skin,non_wound,rit_g1122,0.742,12,yes
experiments/v2/rit/images/lower_limb_feet_f4a93510d7fd9c89.jpg,rit_healthy_feet,healthy_skin,non_wound,rit_g1728,0.728,14,yes
experiments/v2/rit/images/lower_limb_feet_cfc3188ce4214a8b.jpg,rit_healthy_feet,healthy_skin,non_wound,rit_g1728,0.683,9,yes
experiments/v2/rit/images/lower_limb_feet_6721b48684619d9d.jpg,rit_healthy_feet,healthy_skin,non_wound,rit_g1728,0.715,14,yes
experiments/v2/rit/images/lower_limb_feet_f93c38ff727abf9a.jpg,rit_healthy_feet,healthy_skin,non_wound,rit_g1678,0.725,17,yes
experiments/v2/rit/images/lower_limb_feet_6189873461a88622.jpg,rit_healthy_feet,healthy_skin,non_wound,rit_g1672,0.728,14,yes
experiments/v2/rit/images/lower_limb_feet_076d830b0d4d6be0.jpg,rit_healthy_feet,healthy_skin,non_wound,rit_g1678,0.711,16,yes
experiments/v2/rit/images/lower_limb_feet_2139b6e9f15b648f.jpg,rit_healthy_feet,healthy_skin,non_wound,rit_g660,0.730,17,yes
experiments/v2/rit/images/lower_limb_feet_170607ddc826daa9.jpg,rit_healthy_feet,healthy_skin,non_wound,rit_g1728,0.693,10,yes
experiments/v2/rit/images/lower_limb_feet_9548cea4e7db7cf8.jpg,rit_healthy_feet,healthy_skin,non_wound,rit_g662,0.702,14,yes
experiments/v2/rit/images/lower_limb_feet_af4e33646b640505.jpg,rit_healthy_feet,healthy_skin,non_wound,rit_g1678,0.700,19,yes
experiments/v2/rit/images/lower_limb_feet_9069721a0073b14c.jpg,rit_healthy_feet,healthy_skin,non_wound,rit_g1678,0.687,18,yes
experiments/v2/rit/images/lower_limb_feet_3513ccef4025bb60.jpg,rit_healthy_feet,healthy_skin,non_wound,rit_g1728,0.711,16,yes
experiments/v2/rit/images/lower_limb_feet_8627df273c7eb84f.jpg,rit_healthy_feet,healthy_skin,non_wound,rit_g1728,0.651,17,yes
experiments/v2/rit/images/lower_limb_feet_3dc5f23966200a55.jpg,rit_healthy_feet,healthy_skin,non_wound,rit_g1728,0.725,9,yes
experiments/v2/rit/images/lower_limb_feet_940c9133256101e3.jpg,rit_healthy_feet,healthy_skin,non_wound,rit_g1728,0.642,12,yes
experiments/v2/rit/images/lower_limb_feet_107582d133c7e7b8.jpg,rit_healthy_feet,healthy_skin,non_wound,rit_g1678,0.723,16,yes
experiments/v2/rit/images/lower_limb_feet_b9ee6c4aca414050.jpg,rit_healthy_feet,healthy_skin,non_wound,rit_g1672,0.755,15,no
experiments/v2/rit/images/lower_limb_feet_02e71d4df7a7c5d5.jpg,rit_healthy_feet,healthy_skin,non_wound,rit_g1693,0.761,16,no
experiments/v2/rit/images/lower_limb_feet_03901adaec686218.jpg,rit_healthy_feet,healthy_skin,non_wound,rit_g1728,0.698,14,yes
experiments/v2/rit/images/lower_limb_feet_2b5ca98923408d5e.jpg,rit_healthy_feet,healthy_skin,non_wound,rit_g1728,0.677,17,yes
experiments/v2/rit/images/lower_limb_feet_6f0bc6c0f41c4455.jpg,rit_healthy_feet,healthy_skin,non_wound,rit_g1728,0.700,14,yes
experiments/v2/rit/images/lower_limb_feet_30a16d068622a7fa.jpg,rit_healthy_feet,healthy_skin,non_wound,rit_g1672,0.711,18,yes
experiments/v2/rit/images/lower_limb_feet_d057a4925db6930c.jpg,rit_healthy_feet,healthy_skin,non_wound,rit_g1678,0.716,16,yes
experiments/v2/rit/images/lower_limb_feet_a33a5c6cfdf5337a.jpg,rit_healthy_feet,healthy_skin,non_wound,rit_g677,0.731,17,yes
experiments/v2/rit/images/lower_limb_feet_943a9ef6919a9f6d.jpg,rit_healthy_feet,healthy_skin,non_wound,rit_g1728,0.677,15,yes
experiments/v2/rit/images/lower_limb_feet_45490f8f5ea61c71.jpg,rit_healthy_feet,healthy_skin,non_wound,rit_g1728,0.696,8,yes
experiments/v2/rit/images/lower_limb_feet_e1a10a6291bbd340.jpg,rit_healthy_feet,healthy_skin,non_wound,rit_g680,0.708,14,yes
experiments/v2/rit/images/lower_limb_feet_58e86a737ac5e22a.jpg,rit_healthy_feet,healthy_skin,non_wound,rit_g1728,0.695,16,yes
experiments/v2/rit/images/lower_limb_feet_9bcc8d79b76a3c5c.jpg,rit_healthy_feet,healthy_skin,non_wound,rit_g1672,0.714,16,yes
experiments/v2/rit/images/lower_limb_feet_a51f20dd88db385b.jpg,rit_healthy_feet,healthy_skin,non_wound,rit_g1672,0.715,15,yes
experiments/v2/rit/images/lower_limb_feet_b0b8e6fe17b062bc.jpg,rit_healthy_feet,healthy_skin,non_wound,rit_g684,0.690,13,yes
experiments/v2/rit/images/lower_limb_feet_6c2aa5ca08d198d0.jpg,rit_healthy_feet,healthy_skin,non_wound,rit_g685,0.697,15,yes
experiments/v2/rit/images/lower_limb_feet_100acfb3b0ac7586.jpg,rit_healthy_feet,healthy_skin,non_wound,rit_g686,0.685,11,yes
experiments/v2/rit/images/lower_limb_feet_ed9f58f9714efd81.jpg,rit_healthy_feet,healthy_skin,non_wound,rit_g1678,0.722,14,yes
experiments/v2/rit/images/lower_limb_feet_de89bdb02a2a1454.jpg,rit_healthy_feet,healthy_skin,non_wound,rit_g688,0.720,16,yes
experiments/v2/rit/images/lower_limb_feet_8a57f71a1bf5c65a.jpg,rit_healthy_feet,healthy_skin,non_wound,rit_g1728,0.673,10,yes
experiments/v2/rit/images/lower_limb_feet_5b9c068c88f06701.jpg,rit_healthy_feet,healthy_skin,non_wound,rit_g1728,0.718,15,yes
experiments/v2/rit/images/lower_limb_feet_d413d54661d4943a.jpg,rit_healthy_feet,healthy_skin,non_wound,rit_g1728,0.698,13,yes
experiments/v2/rit/images/lower_limb_feet_3f9cff4a996f0209.jpg,rit_healthy_feet,healthy_skin,non_wound,rit_g1728,0.731,13,yes
experiments/v2/rit/images/lower_limb_feet_8d5a9284e43fe026.jpg,rit_healthy_feet,healthy_skin,non_wound,rit_g1728,0.720,13,yes
experiments/v2/rit/images/lower_limb_feet_eb25b4a39284f718.jpg,rit_healthy_feet,healthy_skin,non_wound,rit_g694,0.700,10,yes
experiments/v2/rit/images/lower_limb_feet_52dbab9344d79c8b.jpg,rit_healthy_feet,healthy_skin,non_wound,rit_g695,0.669,16,yes
experiments/v2/rit/images/lower_limb_feet_9dc0a45a324263f9.jpg,rit_healthy_feet,healthy_skin,non_wound,rit_g1728,0.669,8,yes
experiments/v2/rit/images/lower_limb_feet_3ee1de8351c94f69.jpg,rit_healthy_feet,healthy_skin,non_wound,rit_g1728,0.718,15,yes
experiments/v2/rit/images/lower_limb_feet_f7cd246bfb789dee.jpg,rit_healthy_feet,healthy_skin,non_wound,rit_g1728,0.690,14,yes
experiments/v2/rit/images/lower_limb_feet_9932d07c16dd5f6c.jpg,rit_healthy_feet,healthy_skin,non_wound,rit_g1728,0.675,8,yes
experiments/v2/rit/images/lower_limb_feet_316c52ef640daf4c.jpg,rit_healthy_feet,healthy_skin,non_wound,rit_g1728,0.710,13,yes
experiments/v2/rit/images/lower_limb_feet_7352497250bb1573.jpg,rit_healthy_feet,healthy_skin,non_wound,rit_g1672,0.757,15,no
experiments/v2/rit/images/lower_limb_feet_65f3f27063b122ae.jpg,rit_healthy_feet,healthy_skin,non_wound,rit_g1626,0.721,18,yes
experiments/v2/rit/images/lower_limb_feet_2a2dddbef2a11245.jpg,rit_healthy_feet,healthy_skin,non_wound,rit_g1728,0.701,15,yes
experiments/v2/rit/images/lower_limb_feet_d69e6f126579f128.jpg,rit_healthy_feet,healthy_skin,non_wound,rit_g1728,0.723,8,yes
experiments/v2/rit/images/lower_limb_feet_076f3c27fcd0a80e.jpg,rit_healthy_feet,healthy_skin,non_wound,rit_g1728,0.730,15,yes
experiments/v2/rit/images/lower_limb_feet_1a2a44db5c754a1a.jpg,rit_healthy_feet,healthy_skin,non_wound,rit_g1728,0.698,16,yes
experiments/v2/rit/images/lower_limb_feet_3643395ee3349862.jpg,rit_healthy_feet,healthy_skin,non_wound,rit_g1728,0.729,14,yes
experiments/v2/rit/images/lower_limb_feet_fb8988e0b635e043.jpg,rit_healthy_feet,healthy_skin,non_wound,rit_g1728,0.704,14,yes
experiments/v2/rit/images/lower_limb_feet_a312b27c91d0a5ad.jpg,rit_healthy_feet,healthy_skin,non_wound,rit_g1678,0.719,14,yes
experiments/v2/rit/images/lower_limb_feet_6beb9581ed5818dc.jpg,rit_healthy_feet,healthy_skin,non_wound,rit_g710,0.711,16,yes
experiments/v2/rit/images/lower_limb_feet_9d62227614259304.jpg,rit_healthy_feet,healthy_skin,non_wound,rit_g1122,0.689,12,yes
experiments/v2/rit/images/lower_limb_feet_5504de402a60157d.jpg,rit_healthy_feet,healthy_skin,non_wound,rit_g1728,0.669,13,yes
experiments/v2/rit/images/lower_limb_feet_815f922c626cecd0.jpg,rit_healthy_feet,healthy_skin,non_wound,rit_g1728,0.696,16,yes
experiments/v2/rit/images/lower_limb_feet_b28dde1562b66b98.jpg,rit_healthy_feet,healthy_skin,non_wound,rit_g1728,0.689,13,yes
experiments/v2/rit/images/lower_limb_feet_461e397f5c9b4147.jpg,rit_healthy_feet,healthy_skin,non_wound,rit_g1678,0.718,14,yes
experiments/v2/rit/images/lower_limb_feet_739f3f97e3988e08.jpg,rit_healthy_feet,healthy_skin,non_wound,rit_g1678,0.721,15,yes
experiments/v2/rit/images/lower_limb_feet_e326396a353232a0.jpg,rit_healthy_feet,healthy_skin,non_wound,rit_g1636,0.739,13,yes
experiments/v2/rit/images/lower_limb_feet_bb2b5550612a0db5.jpg,rit_healthy_feet,healthy_skin,non_wound,rit_g1728,0.726,16,yes
experiments/v2/rit/images/lower_limb_feet_953c582df2d59d90.jpg,rit_healthy_feet,healthy_skin,non_wound,rit_g1418,0.738,18,yes
experiments/v2/rit/images/lower_limb_feet_3d529d7e0429e5b8.jpg,rit_healthy_feet,healthy_skin,non_wound,rit_g1728,0.691,12,yes
experiments/v2/rit/images/lower_limb_feet_1fdb50fb6d229116.jpg,rit_healthy_feet,healthy_skin,non_wound,rit_g721,0.707,14,yes
experiments/v2/rit/images/lower_limb_feet_2e4a63bba37fa6a4.jpg,rit_healthy_feet,healthy_skin,non_wound,rit_g1728,0.760,15,no
experiments/v2/rit/images/lower_limb_feet_f2d7286fa2ff34f7.jpg,rit_healthy_feet,healthy_skin,non_wound,rit_g723,0.675,15,yes
experiments/v2/rit/images/lower_limb_feet_68152b87377d43aa.jpg,rit_healthy_feet,healthy_skin,non_wound,rit_g1728,0.672,13,yes
experiments/v2/rit/images/lower_limb_feet_5d82310d66fb8867.jpg,rit_healthy_feet,healthy_skin,non_wound,rit_g1728,0.660,14,yes
experiments/v2/rit/images/lower_limb_feet_945580e48a402206.jpg,rit_healthy_feet,healthy_skin,non_wound,rit_g726,0.697,15,yes
experiments/v2/rit/images/lower_limb_feet_887ee20bb81743dc.jpg,rit_healthy_feet,healthy_skin,non_wound,rit_g1678,0.718,19,yes
experiments/v2/rit/images/lower_limb_feet_f8f0ca64833edb4b.jpg,rit_healthy_feet,healthy_skin,non_wound,rit_g728,0.689,14,yes
experiments/v2/rit/images/lower_limb_feet_b531a57a2cdcc33e.jpg,rit_healthy_feet,healthy_skin,non_wound,rit_g729,0.714,17,yes
experiments/v2/rit/images/lower_limb_feet_1ce5913270c1c4b1.jpg,rit_healthy_feet,healthy_skin,non_wound,rit_g730,0.731,14,yes
experiments/v2/rit/images/lower_limb_feet_0ce531b3de5013cd.jpg,rit_healthy_feet,healthy_skin,non_wound,rit_g731,0.733,17,yes
experiments/v2/rit/images/lower_limb_feet_e32842eec0c41186.jpg,rit_healthy_feet,healthy_skin,non_wound,rit_g732,0.734,10,yes
experiments/v2/rit/images/lower_limb_feet_1146c738c91c90fb.jpg,rit_healthy_feet,healthy_skin,non_wound,rit_g733,0.732,14,yes
experiments/v2/rit/images/lower_limb_feet_385995a4476c59d0.jpg,rit_healthy_feet,healthy_skin,non_wound,rit_g1728,0.742,13,yes
experiments/v2/rit/images/lower_limb_feet_d86fb34b305a6cb6.jpg,rit_healthy_feet,healthy_skin,non_wound,rit_g735,0.708,17,yes
experiments/v2/rit/images/lower_limb_feet_499802f807a3e2e6.jpg,rit_healthy_feet,healthy_skin,non_wound,rit_g736,0.698,10,yes
experiments/v2/rit/images/lower_limb_feet_56e517594d2ef923.jpg,rit_healthy_feet,healthy_skin,non_wound,rit_g737,0.729,16,yes
experiments/v2/rit/images/lower_limb_feet_737ad0691c69bd8d.jpg,rit_healthy_feet,healthy_skin,non_wound,rit_g738,0.713,18,yes
experiments/v2/rit/images/lower_limb_feet_43b45d920fe96c24.jpg,rit_healthy_feet,healthy_skin,non_wound,rit_g754,0.737,16,yes
experiments/v2/rit/images/lower_limb_feet_db3cebebf8aae407.jpg,rit_healthy_feet,healthy_skin,non_wound,rit_g1728,0.700,15,yes
experiments/v2/rit/images/lower_limb_feet_e7b268105600f1e5.jpg,rit_healthy_feet,healthy_skin,non_wound,rit_g1728,0.688,15,yes
experiments/v2/rit/images/lower_limb_feet_876acf4857aa086b.jpg,rit_healthy_feet,healthy_skin,non_wound,rit_g742,0.735,14,yes
experiments/v2/rit/images/lower_limb_feet_a34bf54714297980.jpg,rit_healthy_feet,healthy_skin,non_wound,rit_g743,0.735,16,yes
experiments/v2/rit/images/lower_limb_feet_4c3b9d067a5a8c48.jpg,rit_healthy_feet,healthy_skin,non_wound,rit_g744,0.684,16,yes
experiments/v2/rit/images/lower_limb_feet_c6f6040796cfd4e2.jpg,rit_healthy_feet,healthy_skin,non_wound,rit_g745,0.727,18,yes
experiments/v2/rit/images/lower_limb_feet_f02db376ad9a8a93.jpg,rit_healthy_feet,healthy_skin,non_wound,rit_g750,0.708,15,yes
experiments/v2/rit/images/lower_limb_feet_c925ef4a4e00bd64.jpg,rit_healthy_feet,healthy_skin,non_wound,rit_g747,0.735,14,yes
experiments/v2/rit/images/lower_limb_feet_68e200d5dddbee7e.jpg,rit_healthy_feet,healthy_skin,non_wound,rit_g748,0.692,15,yes
experiments/v2/rit/images/lower_limb_feet_5da8f3e77e354723.jpg,rit_healthy_feet,healthy_skin,non_wound,rit_g749,0.718,15,yes
experiments/v2/rit/images/lower_limb_feet_b428338bfd0dff3b.jpg,rit_healthy_feet,healthy_skin,non_wound,rit_g750,0.758,12,no
experiments/v2/rit/images/lower_limb_feet_441ab892d0a794cf.jpg,rit_healthy_feet,healthy_skin,non_wound,rit_g766,0.716,13,yes
experiments/v2/rit/images/lower_limb_feet_ec07abae9284bb25.jpg,rit_healthy_feet,healthy_skin,non_wound,rit_g1728,0.680,12,yes
experiments/v2/rit/images/lower_limb_feet_3da5d79d24b18be1.jpg,rit_healthy_feet,healthy_skin,non_wound,rit_g845,0.723,15,yes
experiments/v2/rit/images/lower_limb_feet_cdac62535c1184cc.jpg,rit_healthy_feet,healthy_skin,non_wound,rit_g754,0.733,17,yes
experiments/v2/rit/images/lower_limb_feet_a3a92adfec85d16f.jpg,rit_healthy_feet,healthy_skin,non_wound,rit_g845,0.751,15,no
experiments/v2/rit/images/lower_limb_feet_ec0360713f488fd5.jpg,rit_healthy_feet,healthy_skin,non_wound,rit_g756,0.721,15,yes
experiments/v2/rit/images/lower_limb_feet_38e8b7bce7051bac.jpg,rit_healthy_feet,healthy_skin,non_wound,rit_g757,0.710,12,yes
experiments/v2/rit/images/lower_limb_feet_88b4013cdd037c2b.jpg,rit_healthy_feet,healthy_skin,non_wound,rit_g758,0.737,14,yes
experiments/v2/rit/images/lower_limb_feet_3deb1d07e6a2d88e.jpg,rit_healthy_feet,healthy_skin,non_wound,rit_g1728,0.692,14,yes
experiments/v2/rit/images/lower_limb_feet_177fa2fbae513384.jpg,rit_healthy_feet,healthy_skin,non_wound,rit_g764,0.687,12,yes
experiments/v2/rit/images/lower_limb_feet_ebbcdcb673a3e537.jpg,rit_healthy_feet,healthy_skin,non_wound,rit_g761,0.744,17,yes
experiments/v2/rit/images/lower_limb_feet_0d2719e91d33e9df.jpg,rit_healthy_feet,healthy_skin,non_wound,rit_g1728,0.693,12,yes
experiments/v2/rit/images/lower_limb_feet_c09224be6da806d8.jpg,rit_healthy_feet,healthy_skin,non_wound,rit_g763,0.717,13,yes
experiments/v2/rit/images/lower_limb_feet_f116f2bf63048c9f.jpg,rit_healthy_feet,healthy_skin,non_wound,rit_g764,0.714,15,yes
experiments/v2/rit/images/lower_limb_feet_f228ab20aba25aac.jpg,rit_healthy_feet,healthy_skin,non_wound,rit_g765,0.684,13,yes
experiments/v2/rit/images/lower_limb_feet_00b71bffc00827f6.jpg,rit_healthy_feet,healthy_skin,non_wound,rit_g766,0.717,16,yes
experiments/v2/rit/images/lower_limb_feet_723ca8b26a5ebdd2.jpg,rit_healthy_feet,healthy_skin,non_wound,rit_g1728,0.699,16,yes
experiments/v2/rit/images/lower_limb_feet_3a0b9c179261defc.jpg,rit_healthy_feet,healthy_skin,non_wound,rit_g768,0.727,15,yes
experiments/v2/rit/images/lower_limb_feet_b76fcfd015d63be0.jpg,rit_healthy_feet,healthy_skin,non_wound,rit_g845,0.717,15,yes
experiments/v2/rit/images/lower_limb_feet_18ccb3b536ca9ff0.jpg,rit_healthy_feet,healthy_skin,non_wound,rit_g770,0.685,14,yes
experiments/v2/rit/images/lower_limb_feet_9c570209b5d7bae9.jpg,rit_healthy_feet,healthy_skin,non_wound,rit_g1728,0.695,14,yes
experiments/v2/rit/images/lower_limb_feet_48c61311741e3ba9.jpg,rit_healthy_feet,healthy_skin,non_wound,rit_g1728,0.690,16,yes
experiments/v2/rit/images/lower_limb_feet_f093ceec666fb830.jpg,rit_healthy_feet,healthy_skin,non_wound,rit_g1728,0.709,19,yes
experiments/v2/rit/images/lower_limb_feet_0b4231962a78c09e.jpg,rit_healthy_feet,healthy_skin,non_wound,rit_g1728,0.693,15,yes
experiments/v2/rit/images/lower_limb_feet_c3d65517cc428810.jpg,rit_healthy_feet,healthy_skin,non_wound,rit_g1728,0.680,14,yes
experiments/v2/rit/images/lower_limb_feet_04299882d2fe3c6e.jpg,rit_healthy_feet,healthy_skin,non_wound,rit_g1728,0.682,17,yes
experiments/v2/rit/images/lower_limb_feet_15e22b7ef68dd3fb.jpg,rit_healthy_feet,healthy_skin,non_wound,rit_g1728,0.693,17,yes
experiments/v2/rit/images/lower_limb_feet_ef36dcba634a1458.jpg,rit_healthy_feet,healthy_skin,non_wound,rit_g1678,0.735,13,yes
experiments/v2/rit/images/lower_limb_feet_5d4be5c6aa7e78f2.jpg,rit_healthy_feet,healthy_skin,non_wound,rit_g1728,0.692,16,yes
experiments/v2/rit/images/lower_limb_feet_9d08a00bd2cf6d02.jpg,rit_healthy_feet,healthy_skin,non_wound,rit_g1728,0.681,15,yes
experiments/v2/rit/images/lower_limb_feet_7ca24d71f4657d36.jpg,rit_healthy_feet,healthy_skin,non_wound,rit_g1728,0.702,16,yes
experiments/v2/rit/images/lower_limb_feet_f3839c9e320b7bf2.jpg,rit_healthy_feet,healthy_skin,non_wound,rit_g782,0.674,19,yes
experiments/v2/rit/images/lower_limb_feet_b751866a19b616d1.jpg,rit_healthy_feet,healthy_skin,non_wound,rit_g783,0.726,15,yes
experiments/v2/rit/images/lower_limb_feet_f64bffcde1884a53.jpg,rit_healthy_feet,healthy_skin,non_wound,rit_g1728,0.652,13,yes
experiments/v2/rit/images/lower_limb_feet_480e24469824f6bf.jpg,rit_healthy_feet,healthy_skin,non_wound,rit_g1728,0.653,13,yes
experiments/v2/rit/images/lower_limb_feet_20a5ef5eceaa5a77.jpg,rit_healthy_feet,healthy_skin,non_wound,rit_g1728,0.694,14,yes
experiments/v2/rit/images/lower_limb_feet_aa93ee2cb79fce4d.jpg,rit_healthy_feet,healthy_skin,non_wound,rit_g1728,0.695,16,yes
experiments/v2/rit/images/lower_limb_feet_b2568662a3fbffd7.jpg,rit_healthy_feet,healthy_skin,non_wound,rit_g788,0.751,19,no
experiments/v2/rit/images/lower_limb_feet_b1c67ea7880ed908.jpg,rit_healthy_feet,healthy_skin,non_wound,rit_g1728,0.685,15,yes
experiments/v2/rit/images/lower_limb_feet_acffcf89a5ed1f01.jpg,rit_healthy_feet,healthy_skin,non_wound,rit_g1728,0.692,15,yes
experiments/v2/rit/images/lower_limb_feet_bebcefd93659baf5.jpg,rit_healthy_feet,healthy_skin,non_wound,rit_g1728,0.701,16,yes
experiments/v2/rit/images/lower_limb_feet_25999927ef0749bb.jpg,rit_healthy_feet,healthy_skin,non_wound,rit_g1728,0.678,13,yes
experiments/v2/rit/images/lower_limb_feet_6d632d7219dc1474.jpg,rit_healthy_feet,healthy_skin,non_wound,rit_g1728,0.693,18,yes
experiments/v2/rit/images/lower_limb_feet_c3a32469637e6d95.jpg,rit_healthy_feet,healthy_skin,non_wound,rit_g1728,0.716,14,yes
experiments/v2/rit/images/lower_limb_feet_c8f87f97a9f0e5d4.jpg,rit_healthy_feet,healthy_skin,non_wound,rit_g1678,0.735,17,yes
experiments/v2/rit/images/lower_limb_feet_3f512b729cced70d.jpg,rit_healthy_feet,healthy_skin,non_wound,rit_g796,0.747,19,yes
experiments/v2/rit/images/lower_limb_feet_a9d7a37b3382d335.jpg,rit_healthy_feet,healthy_skin,non_wound,rit_g1728,0.684,10,yes
experiments/v2/rit/images/lower_limb_feet_99b56e3254c3f79c.jpg,rit_healthy_feet,healthy_skin,non_wound,rit_g1728,0.667,17,yes
experiments/v2/rit/images/lower_limb_feet_cab08ad3600fd7b5.jpg,rit_healthy_feet,healthy_skin,non_wound,rit_g1728,0.681,14,yes
experiments/v2/rit/images/lower_limb_feet_1ecf8ce06fbc30bc.jpg,rit_healthy_feet,healthy_skin,non_wound,rit_g1728,0.699,14,yes
experiments/v2/rit/images/lower_limb_feet_5b54c7a3b73a6852.jpg,rit_healthy_feet,healthy_skin,non_wound,rit_g801,0.672,13,yes
experiments/v2/rit/images/lower_limb_feet_3bc46486628fad82.jpg,rit_healthy_feet,healthy_skin,non_wound,rit_g824,0.754,18,no
experiments/v2/rit/images/lower_limb_feet_2394ee81918d103e.jpg,rit_healthy_feet,healthy_skin,non_wound,rit_g1728,0.697,12,yes
experiments/v2/rit/images/lower_limb_feet_446096e57eab50f2.jpg,rit_healthy_feet,healthy_skin,non_wound,rit_g1728,0.717,12,yes
experiments/v2/rit/images/lower_limb_feet_5e8322fe7bb4ba5d.jpg,rit_healthy_feet,healthy_skin,non_wound,rit_g1728,0.713,14,yes
experiments/v2/rit/images/lower_limb_feet_f48ddd77ab3152be.jpg,rit_healthy_feet,healthy_skin,non_wound,rit_g1728,0.677,14,yes
experiments/v2/rit/images/lower_limb_feet_50925f515ebf0141.jpg,rit_healthy_feet,healthy_skin,non_wound,rit_g1728,0.679,14,yes
experiments/v2/rit/images/lower_limb_feet_1b9d7c3694bb1034.jpg,rit_healthy_feet,healthy_skin,non_wound,rit_g808,0.699,16,yes
experiments/v2/rit/images/lower_limb_feet_9c19e3b6b99b7f6c.jpg,rit_healthy_feet,healthy_skin,non_wound,rit_g809,0.736,12,yes
experiments/v2/rit/images/lower_limb_feet_575b455ab940f7d2.jpg,rit_healthy_feet,healthy_skin,non_wound,rit_g1728,0.692,13,yes
experiments/v2/rit/images/lower_limb_feet_1eaeb52b5338c91c.jpg,rit_healthy_feet,healthy_skin,non_wound,rit_g811,0.690,16,yes
experiments/v2/rit/images/lower_limb_feet_71b1a9b6c8c9021e.jpg,rit_healthy_feet,healthy_skin,non_wound,rit_g1728,0.681,9,yes
experiments/v2/rit/images/lower_limb_feet_277b3133f26f928e.jpg,rit_healthy_feet,healthy_skin,non_wound,rit_g1678,0.734,12,yes
experiments/v2/rit/images/lower_limb_feet_303ae3dac728924a.jpg,rit_healthy_feet,healthy_skin,non_wound,rit_g1728,0.724,13,yes
experiments/v2/rit/images/lower_limb_feet_a50fc911d5f860a4.jpg,rit_healthy_feet,healthy_skin,non_wound,rit_g822,0.705,17,yes
experiments/v2/rit/images/lower_limb_feet_0df1505354d301d6.jpg,rit_healthy_feet,healthy_skin,non_wound,rit_g1728,0.716,17,yes
experiments/v2/rit/images/lower_limb_feet_7053e02ae1eec082.jpg,rit_healthy_feet,healthy_skin,non_wound,rit_g1728,0.710,17,yes
experiments/v2/rit/images/lower_limb_feet_8a94cd94c579c501.jpg,rit_healthy_feet,healthy_skin,non_wound,rit_g820,0.713,9,yes
experiments/v2/rit/images/lower_limb_feet_65e336eec5664456.jpg,rit_healthy_feet,healthy_skin,non_wound,rit_g1728,0.726,14,yes
experiments/v2/rit/images/lower_limb_feet_79954e174688861b.jpg,rit_healthy_feet,healthy_skin,non_wound,rit_g820,0.678,13,yes
experiments/v2/rit/images/lower_limb_feet_9992f66c8bb94e03.jpg,rit_healthy_feet,healthy_skin,non_wound,rit_g821,0.717,18,yes
experiments/v2/rit/images/lower_limb_feet_cc7bd09d8aaf36ec.jpg,rit_healthy_feet,healthy_skin,non_wound,rit_g822,0.719,15,yes
experiments/v2/rit/images/lower_limb_feet_a37adec76ecc8a84.jpg,rit_healthy_feet,healthy_skin,non_wound,rit_g823,0.661,12,yes
experiments/v2/rit/images/lower_limb_feet_f07ebe15b903afa6.jpg,rit_healthy_feet,healthy_skin,non_wound,rit_g824,0.723,16,yes
experiments/v2/rit/images/lower_limb_feet_74595cdbdbc60deb.jpg,rit_healthy_feet,healthy_skin,non_wound,rit_g1728,0.691,15,yes
experiments/v2/rit/images/lower_limb_feet_a1493c8aaa4a3463.jpg,rit_healthy_feet,healthy_skin,non_wound,rit_g1728,0.696,17,yes
experiments/v2/rit/images/lower_limb_feet_6907948978ae5af2.jpg,rit_healthy_feet,healthy_skin,non_wound,rit_g1728,0.721,17,yes
experiments/v2/rit/images/lower_limb_feet_f7ba556d81a3ad0e.jpg,rit_healthy_feet,healthy_skin,non_wound,rit_g828,0.690,14,yes
experiments/v2/rit/images/lower_limb_feet_cc5fcb5440f057da.jpg,rit_healthy_feet,healthy_skin,non_wound,rit_g829,0.702,14,yes
experiments/v2/rit/images/lower_limb_feet_44737c3bdddc5149.jpg,rit_healthy_feet,healthy_skin,non_wound,rit_g1678,0.723,17,yes
experiments/v2/rit/images/lower_limb_feet_59d6d40d023fed73.jpg,rit_healthy_feet,healthy_skin,non_wound,rit_g1678,0.742,17,yes
experiments/v2/rit/images/lower_limb_feet_8af093a5561c8199.jpg,rit_healthy_feet,healthy_skin,non_wound,rit_g1728,0.709,13,yes
experiments/v2/rit/images/lower_limb_feet_38ee5d5b3af8c386.jpg,rit_healthy_feet,healthy_skin,non_wound,rit_g833,0.679,18,yes
experiments/v2/rit/images/lower_limb_feet_97520a6ee1bdcbb0.jpg,rit_healthy_feet,healthy_skin,non_wound,rit_g1728,0.714,14,yes
experiments/v2/rit/images/lower_limb_feet_bb44580bfeb712cc.jpg,rit_healthy_feet,healthy_skin,non_wound,rit_g1728,0.675,10,yes
experiments/v2/rit/images/lower_limb_feet_8fb8ae0bb512ee78.jpg,rit_healthy_feet,healthy_skin,non_wound,rit_g836,0.702,18,yes
experiments/v2/rit/images/lower_limb_feet_a50399d1da7f21b6.jpg,rit_healthy_feet,healthy_skin,non_wound,rit_g1678,0.743,17,yes
experiments/v2/rit/images/lower_limb_feet_2c7fae5e4365c401.jpg,rit_healthy_feet,healthy_skin,non_wound,rit_g1728,0.696,9,yes
experiments/v2/rit/images/lower_limb_feet_e59faca79cbc8ea9.jpg,rit_healthy_feet,healthy_skin,non_wound,rit_g1728,0.676,18,yes
experiments/v2/rit/images/lower_limb_feet_6ff4b70518ac4873.jpg,rit_healthy_feet,healthy_skin,non_wound,rit_g1728,0.682,13,yes
experiments/v2/rit/images/lower_limb_feet_7367ff976afdc427.jpg,rit_healthy_feet,healthy_skin,non_wound,rit_g841,0.746,16,yes
experiments/v2/rit/images/lower_limb_feet_323b2b8a078e0ead.jpg,rit_healthy_feet,healthy_skin,non_wound,rit_g1728,0.670,17,yes
experiments/v2/rit/images/lower_limb_feet_de1babb3cc44ba41.jpg,rit_healthy_feet,healthy_skin,non_wound,rit_g1728,0.683,15,yes
experiments/v2/rit/images/lower_limb_feet_ec73a9467f3d9174.jpg,rit_healthy_feet,healthy_skin,non_wound,rit_g844,0.666,14,yes
experiments/v2/rit/images/lower_limb_feet_03ebf809b131d8fa.jpg,rit_healthy_feet,healthy_skin,non_wound,rit_g845,0.766,15,no
experiments/v2/rit/images/lower_limb_feet_04395b808b9c0366.jpg,rit_healthy_feet,healthy_skin,non_wound,rit_g1728,0.671,14,yes
experiments/v2/rit/images/lower_limb_feet_a4a483a201884cba.jpg,rit_healthy_feet,healthy_skin,non_wound,rit_g1728,0.689,10,yes
experiments/v2/rit/images/lower_limb_feet_82be9e8a16bc0ffc.jpg,rit_healthy_feet,healthy_skin,non_wound,rit_g1728,0.698,15,yes
experiments/v2/rit/images/lower_limb_feet_aaf73e1dddc498a6.jpg,rit_healthy_feet,healthy_skin,non_wound,rit_g1728,0.670,16,yes
experiments/v2/rit/images/lower_limb_feet_ba1cbbf2e7d49fe7.jpg,rit_healthy_feet,healthy_skin,non_wound,rit_g1728,0.696,15,yes
experiments/v2/rit/images/lower_limb_feet_ef6d816fe27289e8.jpg,rit_healthy_feet,healthy_skin,non_wound,rit_g1728,0.679,13,yes
experiments/v2/rit/images/lower_limb_feet_d1afdc7bb9f61460.jpg,rit_healthy_feet,healthy_skin,non_wound,rit_g1728,0.716,13,yes
experiments/v2/rit/images/lower_limb_feet_74f46485662120ea.jpg,rit_healthy_feet,healthy_skin,non_wound,rit_g1728,0.776,15,no
experiments/v2/rit/images/lower_limb_feet_df7346453b9e28ad.jpg,rit_healthy_feet,healthy_skin,non_wound,rit_g891,0.740,16,yes
experiments/v2/rit/images/lower_limb_feet_d3bf8cc0affbb763.jpg,rit_healthy_feet,healthy_skin,non_wound,rit_g1728,0.732,14,yes
experiments/v2/rit/images/lower_limb_feet_cc522b66c30bcef0.jpg,rit_healthy_feet,healthy_skin,non_wound,rit_g1728,0.731,9,yes
experiments/v2/rit/images/lower_limb_feet_9d330841afab3bb7.jpg,rit_healthy_feet,healthy_skin,non_wound,rit_g1728,0.704,16,yes
experiments/v2/rit/images/lower_limb_feet_23814f7fcac7b282.jpg,rit_healthy_feet,healthy_skin,non_wound,rit_g1728,0.721,17,yes
experiments/v2/rit/images/lower_limb_feet_bffc0cb008bad692.jpg,rit_healthy_feet,healthy_skin,non_wound,rit_g1728,0.707,10,yes
experiments/v2/rit/images/lower_limb_feet_623a33c69b34bb27.jpg,rit_healthy_feet,healthy_skin,non_wound,rit_g860,0.763,10,no
experiments/v2/rit/images/lower_limb_feet_c0c89a027d7603ed.jpg,rit_healthy_feet,healthy_skin,non_wound,rit_g861,0.781,16,no
experiments/v2/rit/images/lower_limb_feet_6fe78d09829ef100.jpg,rit_healthy_feet,healthy_skin,non_wound,rit_g864,0.736,14,yes
experiments/v2/rit/images/lower_limb_feet_1ca71906b137ec3b.jpg,rit_healthy_feet,healthy_skin,non_wound,rit_g863,0.679,16,yes
experiments/v2/rit/images/lower_limb_feet_0117a67d7208b6d6.jpg,rit_healthy_feet,healthy_skin,non_wound,rit_g864,0.741,8,yes
experiments/v2/rit/images/lower_limb_feet_fba7eae88bfc58da.jpg,rit_healthy_feet,healthy_skin,non_wound,rit_g1728,0.718,16,yes
experiments/v2/rit/images/lower_limb_feet_2a7573c80c44df92.jpg,rit_healthy_feet,healthy_skin,non_wound,rit_g1728,0.723,16,yes
experiments/v2/rit/images/lower_limb_feet_25f1d57faf198bb5.jpg,rit_healthy_feet,healthy_skin,non_wound,rit_g1728,0.715,12,yes
experiments/v2/rit/images/lower_limb_feet_92be0650ed3f1b9c.jpg,rit_healthy_feet,healthy_skin,non_wound,rit_g1728,0.670,18,yes
experiments/v2/rit/images/lower_limb_feet_1aaf77398be65c5d.jpg,rit_healthy_feet,healthy_skin,non_wound,rit_g1728,0.704,16,yes
experiments/v2/rit/images/lower_limb_feet_c00ab767c7a36395.jpg,rit_healthy_feet,healthy_skin,non_wound,rit_g1728,0.685,14,yes
experiments/v2/rit/images/lower_limb_feet_c7f03cb8e697e136.jpg,rit_healthy_feet,healthy_skin,non_wound,rit_g1728,0.678,11,yes
experiments/v2/rit/images/lower_limb_feet_adf65231446a8383.jpg,rit_healthy_feet,healthy_skin,non_wound,rit_g873,0.713,16,yes
experiments/v2/rit/images/lower_limb_feet_2310a2635532e120.jpg,rit_healthy_feet,healthy_skin,non_wound,rit_g873,0.706,16,yes
experiments/v2/rit/images/lower_limb_feet_cfecaef9c1a5c570.jpg,rit_healthy_feet,healthy_skin,non_wound,rit_g874,0.714,7,yes
experiments/v2/rit/images/lower_limb_feet_fb26572639b8667e.jpg,rit_healthy_feet,healthy_skin,non_wound,rit_g875,0.719,12,yes
experiments/v2/rit/images/lower_limb_feet_62717a8f48942462.jpg,rit_healthy_feet,healthy_skin,non_wound,rit_g1728,0.700,17,yes
experiments/v2/rit/images/lower_limb_feet_b69a7bd049b70a8b.jpg,rit_healthy_feet,healthy_skin,non_wound,rit_g1728,0.675,11,yes
experiments/v2/rit/images/lower_limb_feet_2b261341c54d40dd.jpg,rit_healthy_feet,healthy_skin,non_wound,rit_g1728,0.708,14,yes
experiments/v2/rit/images/lower_limb_feet_b3e90a361e8a8c49.jpg,rit_healthy_feet,healthy_skin,non_wound,rit_g1728,0.716,15,yes
experiments/v2/rit/images/lower_limb_feet_31617857f026e71f.jpg,rit_healthy_feet,healthy_skin,non_wound,rit_g880,0.780,17,no
experiments/v2/rit/images/lower_limb_feet_d734f004ac14ff6c.jpg,rit_healthy_feet,healthy_skin,non_wound,rit_g1728,0.720,17,yes
experiments/v2/rit/images/lower_limb_feet_19a51dcf73802c71.jpg,rit_healthy_feet,healthy_skin,non_wound,rit_g1728,0.693,12,yes
experiments/v2/rit/images/lower_limb_feet_3541deba436cb9e5.jpg,rit_healthy_feet,healthy_skin,non_wound,rit_g1728,0.729,16,yes
experiments/v2/rit/images/lower_limb_feet_b27f6a4688232812.jpg,rit_healthy_feet,healthy_skin,non_wound,rit_g1728,0.709,19,yes
experiments/v2/rit/images/lower_limb_feet_e4be859186281b38.jpg,rit_healthy_feet,healthy_skin,non_wound,rit_g1728,0.694,15,yes
experiments/v2/rit/images/lower_limb_feet_be4cad7d82006014.jpg,rit_healthy_feet,healthy_skin,non_wound,rit_g1728,0.700,17,yes
experiments/v2/rit/images/lower_limb_feet_b78587fd74f19d78.jpg,rit_healthy_feet,healthy_skin,non_wound,rit_g1728,0.728,13,yes
experiments/v2/rit/images/lower_limb_feet_172146f7ab1840a8.jpg,rit_healthy_feet,healthy_skin,non_wound,rit_g1728,0.698,13,yes
experiments/v2/rit/images/lower_limb_feet_85d57757c927a63e.jpg,rit_healthy_feet,healthy_skin,non_wound,rit_g1728,0.713,15,yes
experiments/v2/rit/images/lower_limb_feet_30ae371287b55846.jpg,rit_healthy_feet,healthy_skin,non_wound,rit_g890,0.713,18,yes
experiments/v2/rit/images/lower_limb_feet_15d84b805e551ece.jpg,rit_healthy_feet,healthy_skin,non_wound,rit_g891,0.769,17,no
experiments/v2/rit/images/lower_limb_feet_ee88a2c1f6c8f2c7.jpg,rit_healthy_feet,healthy_skin,non_wound,rit_g1728,0.680,16,yes
experiments/v2/rit/images/lower_limb_feet_01efc9cdfd918952.jpg,rit_healthy_feet,healthy_skin,non_wound,rit_g1728,0.708,12,yes
experiments/v2/rit/images/lower_limb_feet_0ccfaab8cc19fcf8.jpg,rit_healthy_feet,healthy_skin,non_wound,rit_g1728,0.664,10,yes
experiments/v2/rit/images/lower_limb_feet_ac3aa4e74d1a754e.jpg,rit_healthy_feet,healthy_skin,non_wound,rit_g1728,0.717,16,yes
experiments/v2/rit/images/lower_limb_feet_c9c8e1006a83336a.jpg,rit_healthy_feet,healthy_skin,non_wound,rit_g1728,0.709,10,yes
experiments/v2/rit/images/lower_limb_feet_41bc953b563f6f0c.jpg,rit_healthy_feet,healthy_skin,non_wound,rit_g898,0.689,17,yes
experiments/v2/rit/images/lower_limb_feet_811de70257b40e9d.jpg,rit_healthy_feet,healthy_skin,non_wound,rit_g898,0.674,16,yes
experiments/v2/rit/images/lower_limb_feet_ff242651f30add9a.jpg,rit_healthy_feet,healthy_skin,non_wound,rit_g899,0.726,14,yes
experiments/v2/rit/images/lower_limb_feet_8e811e3d7bf22576.jpg,rit_healthy_feet,healthy_skin,non_wound,rit_g900,0.709,18,yes
experiments/v2/rit/images/lower_limb_feet_d748a7fda221b318.jpg,rit_healthy_feet,healthy_skin,non_wound,rit_g1728,0.710,12,yes
experiments/v2/rit/images/lower_limb_feet_b6d7c195276b4824.jpg,rit_healthy_feet,healthy_skin,non_wound,rit_g1728,0.766,11,no
experiments/v2/rit/images/lower_limb_feet_8049d5c35851195c.jpg,rit_healthy_feet,healthy_skin,non_wound,rit_g1728,0.703,9,yes
experiments/v2/rit/images/lower_limb_feet_711837d321438fb0.jpg,rit_healthy_feet,healthy_skin,non_wound,rit_g904,0.686,11,yes
experiments/v2/rit/images/lower_limb_feet_0dfad6420f0bc598.jpg,rit_healthy_feet,healthy_skin,non_wound,rit_g905,0.716,11,yes
experiments/v2/rit/images/lower_limb_feet_25b626b8d45ec6d9.jpg,rit_healthy_feet,healthy_skin,non_wound,rit_g906,0.702,18,yes
experiments/v2/rit/images/lower_limb_feet_d5cda8c3e924b94c.jpg,rit_healthy_feet,healthy_skin,non_wound,rit_g907,0.741,15,yes
experiments/v2/rit/images/lower_limb_feet_5bdc3ce56a7bd1be.jpg,rit_healthy_feet,healthy_skin,non_wound,rit_g1728,0.747,17,yes
experiments/v2/rit/images/lower_limb_feet_550652dfdaa50b26.jpg,rit_healthy_feet,healthy_skin,non_wound,rit_g909,0.719,13,yes
experiments/v2/rit/images/lower_limb_feet_4ebce1c6e4b355d7.jpg,rit_healthy_feet,healthy_skin,non_wound,rit_g910,0.693,13,yes
experiments/v2/rit/images/lower_limb_feet_4e5d92e42313ad1a.jpg,rit_healthy_feet,healthy_skin,non_wound,rit_g1728,0.715,16,yes
experiments/v2/rit/images/lower_limb_feet_d0e58540f78d7f0d.jpg,rit_healthy_feet,healthy_skin,non_wound,rit_g1728,0.711,12,yes
experiments/v2/rit/images/lower_limb_feet_b508d9a5b97efc6b.jpg,rit_healthy_feet,healthy_skin,non_wound,rit_g1728,0.748,12,yes
experiments/v2/rit/images/lower_limb_feet_ca81d7062f57e2e9.jpg,rit_healthy_feet,healthy_skin,non_wound,rit_g1678,0.701,11,yes
experiments/v2/rit/images/lower_limb_feet_9160891eda1d8c5e.jpg,rit_healthy_feet,healthy_skin,non_wound,rit_g1728,0.724,17,yes
experiments/v2/rit/images/lower_limb_feet_183c0ec355914523.jpg,rit_healthy_feet,healthy_skin,non_wound,rit_g916,0.685,12,yes
experiments/v2/rit/images/lower_limb_feet_2efdd243853484ad.jpg,rit_healthy_feet,healthy_skin,non_wound,rit_g1728,0.727,12,yes
experiments/v2/rit/images/lower_limb_feet_e8ac8338826cd9d3.jpg,rit_healthy_feet,healthy_skin,non_wound,rit_g918,0.694,11,yes
experiments/v2/rit/images/lower_limb_feet_9616269673c8adcd.jpg,rit_healthy_feet,healthy_skin,non_wound,rit_g1728,0.671,16,yes
experiments/v2/rit/images/lower_limb_feet_4e8ccceaa3ae5a6d.jpg,rit_healthy_feet,healthy_skin,non_wound,rit_g920,0.706,11,yes
experiments/v2/rit/images/lower_limb_feet_60231def9c574693.jpg,rit_healthy_feet,healthy_skin,non_wound,rit_g1728,0.753,18,no
experiments/v2/rit/images/lower_limb_feet_db90975af2280baa.jpg,rit_healthy_feet,healthy_skin,non_wound,rit_g1728,0.702,17,yes
experiments/v2/rit/images/lower_limb_feet_1ff3d78a6b65375e.jpg,rit_healthy_feet,healthy_skin,non_wound,rit_g1678,0.721,13,yes
experiments/v2/rit/images/lower_limb_feet_bf3a4f1100be8149.jpg,rit_healthy_feet,healthy_skin,non_wound,rit_g1678,0.717,9,yes
experiments/v2/rit/images/lower_limb_feet_82eee7a0a675a641.jpg,rit_healthy_feet,healthy_skin,non_wound,rit_g1728,0.729,17,yes
experiments/v2/rit/images/lower_limb_feet_6f00eb28bc68f5a8.jpg,rit_healthy_feet,healthy_skin,non_wound,rit_g1728,0.685,13,yes
experiments/v2/rit/images/lower_limb_feet_bfc275ab62266ab9.jpg,rit_healthy_feet,healthy_skin,non_wound,rit_g1728,0.710,17,yes
experiments/v2/rit/images/lower_limb_feet_a491e2dde16ecb2e.jpg,rit_healthy_feet,healthy_skin,non_wound,rit_g1678,0.719,13,yes
experiments/v2/rit/images/lower_limb_feet_c8c06f7cdb49a213.jpg,rit_healthy_feet,healthy_skin,non_wound,rit_g1678,0.701,10,yes
experiments/v2/rit/images/lower_limb_feet_e909ed8c4b912354.jpg,rit_healthy_feet,healthy_skin,non_wound,rit_g1728,0.715,16,yes
experiments/v2/rit/images/lower_limb_feet_f3083b1c17eb1b82.jpg,rit_healthy_feet,healthy_skin,non_wound,rit_g1728,0.705,15,yes
experiments/v2/rit/images/lower_limb_feet_188dc1a1fe1cbf72.jpg,rit_healthy_feet,healthy_skin,non_wound,rit_g1728,0.644,12,yes
experiments/v2/rit/images/lower_limb_feet_fa3a9f54a61fdc4f.jpg,rit_healthy_feet,healthy_skin,non_wound,rit_g1728,0.671,15,yes
experiments/v2/rit/images/lower_limb_feet_835de2fc0d1e3f9b.jpg,rit_healthy_feet,healthy_skin,non_wound,rit_g934,0.691,15,yes
experiments/v2/rit/images/lower_limb_feet_e277ceba75a2edae.jpg,rit_healthy_feet,healthy_skin,non_wound,rit_g1678,0.715,16,yes
experiments/v2/rit/images/lower_limb_feet_6c08e28630a9a257.jpg,rit_healthy_feet,healthy_skin,non_wound,rit_g1728,0.711,17,yes
experiments/v2/rit/images/lower_limb_feet_70bada9cca738f25.jpg,rit_healthy_feet,healthy_skin,non_wound,rit_g937,0.753,15,no
experiments/v2/rit/images/lower_limb_feet_845d4153397f14c5.jpg,rit_healthy_feet,healthy_skin,non_wound,rit_g1728,0.709,11,yes
experiments/v2/rit/images/lower_limb_feet_199c75c65fe1d368.jpg,rit_healthy_feet,healthy_skin,non_wound,rit_g1728,0.716,10,yes
experiments/v2/rit/images/lower_limb_feet_89f9231d6db5a2f3.jpg,rit_healthy_feet,healthy_skin,non_wound,rit_g1728,0.672,12,yes
experiments/v2/rit/images/lower_limb_feet_497ec28a9d07ff01.jpg,rit_healthy_feet,healthy_skin,non_wound,rit_g1728,0.724,12,yes
experiments/v2/rit/images/lower_limb_feet_e3d25a887066e754.jpg,rit_healthy_feet,healthy_skin,non_wound,rit_g942,0.705,15,yes
experiments/v2/rit/images/lower_limb_feet_246bee085c3c6b53.jpg,rit_healthy_feet,healthy_skin,non_wound,rit_g943,0.705,16,yes
experiments/v2/rit/images/lower_limb_feet_7ab7f520bbcfacb4.jpg,rit_healthy_feet,healthy_skin,non_wound,rit_g1728,0.682,9,yes
experiments/v2/rit/images/lower_limb_feet_266e7b05d130916d.jpg,rit_healthy_feet,healthy_skin,non_wound,rit_g1728,0.689,8,yes
experiments/v2/rit/images/lower_limb_feet_e86573cc0bfccd48.jpg,rit_healthy_feet,healthy_skin,non_wound,rit_g946,0.729,16,yes
experiments/v2/rit/images/lower_limb_feet_329bbbaecf899fb1.jpg,rit_healthy_feet,healthy_skin,non_wound,rit_g947,0.750,17,yes
experiments/v2/rit/images/lower_limb_feet_d4e5c8ec34c59ceb.jpg,rit_healthy_feet,healthy_skin,non_wound,rit_g1728,0.740,13,yes
experiments/v2/rit/images/lower_limb_feet_eac49f92d216bd20.jpg,rit_healthy_feet,healthy_skin,non_wound,rit_g1728,0.742,12,yes
experiments/v2/rit/images/lower_limb_feet_be1054b2d8643c22.jpg,rit_healthy_feet,healthy_skin,non_wound,rit_g1728,0.742,11,yes
experiments/v2/rit/images/lower_limb_feet_d952609841f526cd.jpg,rit_healthy_feet,healthy_skin,non_wound,rit_g1728,0.691,13,yes
experiments/v2/rit/images/lower_limb_feet_a2ca84f81852e810.jpg,rit_healthy_feet,healthy_skin,non_wound,rit_g1728,0.730,11,yes
experiments/v2/rit/images/lower_limb_feet_9219f200433f624c.jpg,rit_healthy_feet,healthy_skin,non_wound,rit_g953,0.691,13,yes
experiments/v2/rit/images/lower_limb_feet_582a50a4536352fc.jpg,rit_healthy_feet,healthy_skin,non_wound,rit_g1728,0.705,16,yes
experiments/v2/rit/images/lower_limb_feet_388bb45c59787c4f.jpg,rit_healthy_feet,healthy_skin,non_wound,rit_g1728,0.730,12,yes
experiments/v2/rit/images/lower_limb_feet_1e821a8b299e38ef.jpg,rit_healthy_feet,healthy_skin,non_wound,rit_g956,0.651,12,yes
experiments/v2/rit/images/lower_limb_feet_5e3967f94617ca5d.jpg,rit_healthy_feet,healthy_skin,non_wound,rit_g1728,0.684,14,yes
experiments/v2/rit/images/lower_limb_feet_f282da2f5a966a8d.jpg,rit_healthy_feet,healthy_skin,non_wound,rit_g1728,0.707,13,yes
experiments/v2/rit/images/lower_limb_feet_02bb54a6900d2df4.jpg,rit_healthy_feet,healthy_skin,non_wound,rit_g959,0.703,11,yes
experiments/v2/rit/images/lower_limb_feet_538753f3d65d58f2.jpg,rit_healthy_feet,healthy_skin,non_wound,rit_g1728,0.713,15,yes
experiments/v2/rit/images/lower_limb_feet_5687f2e67b12706a.jpg,rit_healthy_feet,healthy_skin,non_wound,rit_g1728,0.711,13,yes
experiments/v2/rit/images/lower_limb_feet_1dcd9eacbf93e8a0.jpg,rit_healthy_feet,healthy_skin,non_wound,rit_g1678,0.737,15,yes
experiments/v2/rit/images/lower_limb_feet_b0032005d9a8cc1a.jpg,rit_healthy_feet,healthy_skin,non_wound,rit_g963,0.733,15,yes
experiments/v2/rit/images/lower_limb_feet_db7ddeae2a818e3f.jpg,rit_healthy_feet,healthy_skin,non_wound,rit_g1728,0.678,12,yes
experiments/v2/rit/images/lower_limb_feet_c54b1ffc66fe9132.jpg,rit_healthy_feet,healthy_skin,non_wound,rit_g1728,0.697,14,yes
experiments/v2/rit/images/lower_limb_feet_935d492c38a2c91a.jpg,rit_healthy_feet,healthy_skin,non_wound,rit_g1728,0.696,15,yes
experiments/v2/rit/images/lower_limb_feet_a7c89b4ccd0a19bd.jpg,rit_healthy_feet,healthy_skin,non_wound,rit_g1728,0.710,15,yes
experiments/v2/rit/images/lower_limb_feet_50be73adf3e53bd6.jpg,rit_healthy_feet,healthy_skin,non_wound,rit_g968,0.697,16,yes
experiments/v2/rit/images/lower_limb_feet_8585dbfa35b424c0.jpg,rit_healthy_feet,healthy_skin,non_wound,rit_g1728,0.705,16,yes
experiments/v2/rit/images/lower_limb_feet_f4a2e4b1460f49f6.jpg,rit_healthy_feet,healthy_skin,non_wound,rit_g1728,0.753,15,no
experiments/v2/rit/images/lower_limb_feet_f94c55efd3e79b96.jpg,rit_healthy_feet,healthy_skin,non_wound,rit_g971,0.704,13,yes
experiments/v2/rit/images/lower_limb_feet_f22d54e8a1fb53bf.jpg,rit_healthy_feet,healthy_skin,non_wound,rit_g1678,0.767,17,no
experiments/v2/rit/images/lower_limb_feet_6e1997dabe42d1a2.jpg,rit_healthy_feet,healthy_skin,non_wound,rit_g1728,0.731,14,yes
experiments/v2/rit/images/lower_limb_feet_07e0193e3883f2e3.jpg,rit_healthy_feet,healthy_skin,non_wound,rit_g974,0.694,16,yes
experiments/v2/rit/images/lower_limb_feet_a86ccd5c95f8aed0.jpg,rit_healthy_feet,healthy_skin,non_wound,rit_g1728,0.703,16,yes
experiments/v2/rit/images/lower_limb_feet_76f716fdd081cd72.jpg,rit_healthy_feet,healthy_skin,non_wound,rit_g976,0.720,16,yes
experiments/v2/rit/images/lower_limb_feet_31d30f4101373980.jpg,rit_healthy_feet,healthy_skin,non_wound,rit_g1678,0.769,16,no
experiments/v2/rit/images/lower_limb_feet_74413963b2f51dca.jpg,rit_healthy_feet,healthy_skin,non_wound,rit_g1728,0.707,15,yes
experiments/v2/rit/images/lower_limb_feet_0f30554bdebbc4cb.jpg,rit_healthy_feet,healthy_skin,non_wound,rit_g1728,0.733,16,yes
experiments/v2/rit/images/lower_limb_feet_cc884f6a91d70c74.jpg,rit_healthy_feet,healthy_skin,non_wound,rit_g1728,0.723,16,yes
experiments/v2/rit/images/lower_limb_feet_59d51bec102a2b6d.jpg,rit_healthy_feet,healthy_skin,non_wound,rit_g981,0.707,17,yes
experiments/v2/rit/images/lower_limb_feet_e013923216c6869b.jpg,rit_healthy_feet,healthy_skin,non_wound,rit_g982,0.718,14,yes
experiments/v2/rit/images/lower_limb_feet_291beb1a6fcaea1a.jpg,rit_healthy_feet,healthy_skin,non_wound,rit_g1728,0.707,18,yes
experiments/v2/rit/images/lower_limb_feet_d0bfed8a7b0d155e.jpg,rit_healthy_feet,healthy_skin,non_wound,rit_g1728,0.707,18,yes
experiments/v2/rit/images/lower_limb_feet_dc92bc3d5650341a.jpg,rit_healthy_feet,healthy_skin,non_wound,rit_g985,0.656,18,yes
experiments/v2/rit/images/lower_limb_feet_aa2b9febe26d165a.jpg,rit_healthy_feet,healthy_skin,non_wound,rit_g1728,0.713,17,yes
experiments/v2/rit/images/lower_limb_feet_6becd04d97e7d3fe.jpg,rit_healthy_feet,healthy_skin,non_wound,rit_g1728,0.718,14,yes
experiments/v2/rit/images/lower_limb_feet_3718abf11f5d0f45.jpg,rit_healthy_feet,healthy_skin,non_wound,rit_g988,0.699,18,yes
experiments/v2/rit/images/lower_limb_feet_02afd61b7c907636.jpg,rit_healthy_feet,healthy_skin,non_wound,rit_g989,0.703,15,yes
experiments/v2/rit/images/lower_limb_feet_43055e14a3a22f61.jpg,rit_healthy_feet,healthy_skin,non_wound,rit_g1728,0.681,13,yes
experiments/v2/rit/images/lower_limb_feet_c8c31acda9f29ea6.jpg,rit_healthy_feet,healthy_skin,non_wound,rit_g1728,0.720,17,yes
experiments/v2/rit/images/lower_limb_feet_d901081c43fee723.jpg,rit_healthy_feet,healthy_skin,non_wound,rit_g1728,0.711,14,yes
experiments/v2/rit/images/lower_limb_feet_b03a752154e097cd.jpg,rit_healthy_feet,healthy_skin,non_wound,rit_g1728,0.662,16,yes
experiments/v2/rit/images/lower_limb_feet_7dad151073336430.jpg,rit_healthy_feet,healthy_skin,non_wound,rit_g1728,0.693,10,yes
experiments/v2/rit/images/lower_limb_feet_75582bc3c3354be9.jpg,rit_healthy_feet,healthy_skin,non_wound,rit_g1678,0.725,14,yes
experiments/v2/rit/images/lower_limb_feet_58c0fc5c30e96ab4.jpg,rit_healthy_feet,healthy_skin,non_wound,rit_g1678,0.699,10,yes
experiments/v2/rit/images/lower_limb_feet_e16855dae700a6f5.jpg,rit_healthy_feet,healthy_skin,non_wound,rit_g1728,0.714,15,yes
experiments/v2/rit/images/lower_limb_feet_3316a02df957fb44.jpg,rit_healthy_feet,healthy_skin,non_wound,rit_g1728,0.693,9,yes
experiments/v2/rit/images/lower_limb_feet_fa110c5f90767ae7.jpg,rit_healthy_feet,healthy_skin,non_wound,rit_g1728,0.710,14,yes
experiments/v2/rit/images/lower_limb_feet_716264446e2cc401.jpg,rit_healthy_feet,healthy_skin,non_wound,rit_g1728,0.726,19,yes
experiments/v2/rit/images/lower_limb_feet_344a8ae641aa5e62.jpg,rit_healthy_feet,healthy_skin,non_wound,rit_g1678,0.682,15,yes
experiments/v2/rit/images/lower_limb_feet_bccbcf124826776c.jpg,rit_healthy_feet,healthy_skin,non_wound,rit_g1728,0.702,17,yes
experiments/v2/rit/images/lower_limb_feet_d1225b79099bf1b8.jpg,rit_healthy_feet,healthy_skin,non_wound,rit_g1728,0.694,19,yes
experiments/v2/rit/images/lower_limb_feet_875fc4a49b3934c4.jpg,rit_healthy_feet,healthy_skin,non_wound,rit_g1728,0.699,10,yes
experiments/v2/rit/images/lower_limb_feet_ce2a19f90b2b8afe.jpg,rit_healthy_feet,healthy_skin,non_wound,rit_g1728,0.704,17,yes
experiments/v2/rit/images/lower_limb_feet_770e728d3c6b6bd4.jpg,rit_healthy_feet,healthy_skin,non_wound,rit_g1728,0.693,13,yes
experiments/v2/rit/images/lower_limb_feet_d9b2ff98dc151e1b.jpg,rit_healthy_feet,healthy_skin,non_wound,rit_g1728,0.727,11,yes
experiments/v2/rit/images/lower_limb_feet_226142636ac73f70.jpg,rit_healthy_feet,healthy_skin,non_wound,rit_g1678,0.727,17,yes
experiments/v2/rit/images/lower_limb_feet_18e0d4656f514184.jpg,rit_healthy_feet,healthy_skin,non_wound,rit_g1009,0.768,15,no
experiments/v2/rit/images/lower_limb_feet_4901687f923c6c7a.jpg,rit_healthy_feet,healthy_skin,non_wound,rit_g1010,0.705,17,yes
experiments/v2/rit/images/lower_limb_feet_aed48343b7c91c3b.jpg,rit_healthy_feet,healthy_skin,non_wound,rit_g1011,0.731,17,yes
experiments/v2/rit/images/lower_limb_feet_cd344a3b5eddc6cf.jpg,rit_healthy_feet,healthy_skin,non_wound,rit_g1012,0.714,16,yes
experiments/v2/rit/images/lower_limb_feet_0a2e94cdf21fad93.jpg,rit_healthy_feet,healthy_skin,non_wound,rit_g1013,0.698,14,yes
experiments/v2/rit/images/lower_limb_feet_fb54523f0dcfa3fd.jpg,rit_healthy_feet,healthy_skin,non_wound,rit_g1014,0.791,15,no
experiments/v2/rit/images/lower_limb_feet_a2e4d494e12d8ba4.jpg,rit_healthy_feet,healthy_skin,non_wound,rit_g1015,0.723,15,yes
experiments/v2/rit/images/lower_limb_feet_6d9cd9fc152db005.jpg,rit_healthy_feet,healthy_skin,non_wound,rit_g1016,0.749,16,yes
experiments/v2/rit/images/lower_limb_feet_b74c273e0db81cd9.jpg,rit_healthy_feet,healthy_skin,non_wound,rit_g1728,0.719,16,yes
experiments/v2/rit/images/lower_limb_feet_11c5292f5b26516e.jpg,rit_healthy_feet,healthy_skin,non_wound,rit_g1018,0.699,19,yes
experiments/v2/rit/images/lower_limb_feet_9b69e8a1b7d396d9.jpg,rit_healthy_feet,healthy_skin,non_wound,rit_g1728,0.692,14,yes
experiments/v2/rit/images/lower_limb_feet_003373311fe43aa6.jpg,rit_healthy_feet,healthy_skin,non_wound,rit_g1728,0.700,14,yes
experiments/v2/rit/images/lower_limb_feet_92c665b0a3b77b6a.jpg,rit_healthy_feet,healthy_skin,non_wound,rit_g1728,0.650,14,yes
experiments/v2/rit/images/lower_limb_feet_c70b4a2e20eee5ad.jpg,rit_healthy_feet,healthy_skin,non_wound,rit_g1728,0.722,16,yes
experiments/v2/rit/images/lower_limb_feet_ae5bb9e8c2659126.jpg,rit_healthy_feet,healthy_skin,non_wound,rit_g1023,0.730,15,yes
experiments/v2/rit/images/lower_limb_feet_2a661199f714a64f.jpg,rit_healthy_feet,healthy_skin,non_wound,rit_g1024,0.719,14,yes
experiments/v2/rit/images/lower_limb_feet_f7b2f3c9e94c2a7e.jpg,rit_healthy_feet,healthy_skin,non_wound,rit_g1728,0.674,19,yes
experiments/v2/rit/images/lower_limb_feet_0834a36cc1d8d0d2.jpg,rit_healthy_feet,healthy_skin,non_wound,rit_g1728,0.704,16,yes
experiments/v2/rit/images/lower_limb_feet_77b54834b0d4e812.jpg,rit_healthy_feet,healthy_skin,non_wound,rit_g1431,0.693,16,yes
experiments/v2/rit/images/lower_limb_feet_33cbbc2aca2d8fbe.jpg,rit_healthy_feet,healthy_skin,non_wound,rit_g1028,0.712,14,yes
experiments/v2/rit/images/lower_limb_feet_d314bbd136f987f6.jpg,rit_healthy_feet,healthy_skin,non_wound,rit_g1678,0.759,17,no
experiments/v2/rit/images/lower_limb_feet_b38b4e0750858526.jpg,rit_healthy_feet,healthy_skin,non_wound,rit_g1728,0.780,16,no
experiments/v2/rit/images/lower_limb_feet_ba1e76bfcd4751a1.jpg,rit_healthy_feet,healthy_skin,non_wound,rit_g1031,0.709,17,yes
experiments/v2/rit/images/lower_limb_feet_86cc3763eb406b32.jpg,rit_healthy_feet,healthy_skin,non_wound,rit_g1728,0.714,17,yes
experiments/v2/rit/images/lower_limb_feet_0cbabb05a2adb23a.jpg,rit_healthy_feet,healthy_skin,non_wound,rit_g1033,0.698,16,yes
experiments/v2/rit/images/lower_limb_feet_4294934e05fb7f28.jpg,rit_healthy_feet,healthy_skin,non_wound,rit_g1678,0.705,13,yes
experiments/v2/rit/images/lower_limb_feet_f295c01c46e66aa2.jpg,rit_healthy_feet,healthy_skin,non_wound,rit_g1728,0.726,16,yes
experiments/v2/rit/images/lower_limb_feet_50ab9e9f41f3c6df.jpg,rit_healthy_feet,healthy_skin,non_wound,rit_g1036,0.724,14,yes
experiments/v2/rit/images/lower_limb_feet_f80d77480b02acfb.jpg,rit_healthy_feet,healthy_skin,non_wound,rit_g1037,0.673,15,yes
experiments/v2/rit/images/lower_limb_feet_df725b8f4cb8c503.jpg,rit_healthy_feet,healthy_skin,non_wound,rit_g1038,0.730,15,yes
experiments/v2/rit/images/lower_limb_feet_a6b81560e709025f.jpg,rit_healthy_feet,healthy_skin,non_wound,rit_g1039,0.721,16,yes
experiments/v2/rit/images/lower_limb_feet_739a71efa973289f.jpg,rit_healthy_feet,healthy_skin,non_wound,rit_g1728,0.725,16,yes
experiments/v2/rit/images/lower_limb_feet_32b070c26c2c32df.jpg,rit_healthy_feet,healthy_skin,non_wound,rit_g1728,0.685,16,yes
experiments/v2/rit/images/lower_limb_feet_f3ebb15302a316bd.jpg,rit_healthy_feet,healthy_skin,non_wound,rit_g1728,0.723,17,yes
experiments/v2/rit/images/lower_limb_feet_9d9ef3890e903289.jpg,rit_healthy_feet,healthy_skin,non_wound,rit_g1043,0.737,17,yes
experiments/v2/rit/images/lower_limb_feet_087e219560d65d76.jpg,rit_healthy_feet,healthy_skin,non_wound,rit_g1044,0.708,16,yes
experiments/v2/rit/images/lower_limb_feet_493e9e12ff2ebe75.jpg,rit_healthy_feet,healthy_skin,non_wound,rit_g1045,0.732,13,yes
experiments/v2/rit/images/lower_limb_feet_92ece0037fce397c.jpg,rit_healthy_feet,healthy_skin,non_wound,rit_g1728,0.735,13,yes
experiments/v2/rit/images/lower_limb_feet_e14991fbb1b84275.jpg,rit_healthy_feet,healthy_skin,non_wound,rit_g1728,0.741,17,yes
experiments/v2/rit/images/lower_limb_feet_4922b87d5d1d7f29.jpg,rit_healthy_feet,healthy_skin,non_wound,rit_g1728,0.702,19,yes
experiments/v2/rit/images/lower_limb_feet_5c0f8a7fbf3d1225.jpg,rit_healthy_feet,healthy_skin,non_wound,rit_g1728,0.716,17,yes
experiments/v2/rit/images/lower_limb_feet_28d7da30da224c58.jpg,rit_healthy_feet,healthy_skin,non_wound,rit_g1678,0.725,13,yes
experiments/v2/rit/images/lower_limb_feet_108f4fe7f83f42da.jpg,rit_healthy_feet,healthy_skin,non_wound,rit_g1728,0.739,17,yes
experiments/v2/rit/images/lower_limb_feet_99a915794fe053f4.jpg,rit_healthy_feet,healthy_skin,non_wound,rit_g1728,0.721,15,yes
experiments/v2/rit/images/lower_limb_feet_5931ea298c259c84.jpg,rit_healthy_feet,healthy_skin,non_wound,rit_g1728,0.705,18,yes
experiments/v2/rit/images/lower_limb_feet_60e2047d97ff772b.jpg,rit_healthy_feet,healthy_skin,non_wound,rit_g1678,0.727,10,yes
experiments/v2/rit/images/lower_limb_feet_ca16fb6d0e9c3b14.jpg,rit_healthy_feet,healthy_skin,non_wound,rit_g1678,0.741,14,yes
experiments/v2/rit/images/lower_limb_feet_36b040859e68e236.jpg,rit_healthy_feet,healthy_skin,non_wound,rit_g1728,0.754,19,no
experiments/v2/rit/images/lower_limb_feet_c5e303ed343f95bf.jpg,rit_healthy_feet,healthy_skin,non_wound,rit_g1057,0.668,16,yes
experiments/v2/rit/images/lower_limb_feet_7b7231ff58473402.jpg,rit_healthy_feet,healthy_skin,non_wound,rit_g1728,0.692,18,yes
experiments/v2/rit/images/lower_limb_feet_ad332ace92ec9f87.jpg,rit_healthy_feet,healthy_skin,non_wound,rit_g1436,0.721,17,yes
experiments/v2/rit/images/lower_limb_feet_1e379dc12cf0e56a.jpg,rit_healthy_feet,healthy_skin,non_wound,rit_g1728,0.741,15,yes
experiments/v2/rit/images/lower_limb_feet_0cfa7b75eabfab92.jpg,rit_healthy_feet,healthy_skin,non_wound,rit_g1678,0.697,14,yes
experiments/v2/rit/images/lower_limb_feet_406b819440ecb013.jpg,rit_healthy_feet,healthy_skin,non_wound,rit_g1678,0.708,17,yes
experiments/v2/rit/images/lower_limb_feet_1112b13caf644f97.jpg,rit_healthy_feet,healthy_skin,non_wound,rit_g1728,0.729,18,yes
experiments/v2/rit/images/lower_limb_feet_52deecfefc982960.jpg,rit_healthy_feet,healthy_skin,non_wound,rit_g1728,0.726,16,yes
experiments/v2/rit/images/lower_limb_feet_6d033dbb5eeb6836.jpg,rit_healthy_feet,healthy_skin,non_wound,rit_g1728,0.688,19,yes
experiments/v2/rit/images/lower_limb_feet_5d2032cb35b30e51.jpg,rit_healthy_feet,healthy_skin,non_wound,rit_g1678,0.747,17,yes
experiments/v2/rit/images/lower_limb_feet_37ba7184be7f0a0a.jpg,rit_healthy_feet,healthy_skin,non_wound,rit_g1728,0.753,13,no
experiments/v2/rit/images/lower_limb_feet_617612bd23c4996e.jpg,rit_healthy_feet,healthy_skin,non_wound,rit_g1728,0.719,17,yes
experiments/v2/rit/images/lower_limb_feet_4adf40e5428e13c8.jpg,rit_healthy_feet,healthy_skin,non_wound,rit_g1728,0.736,13,yes
experiments/v2/rit/images/lower_limb_feet_1052251baeb02544.jpg,rit_healthy_feet,healthy_skin,non_wound,rit_g1070,0.728,14,yes
experiments/v2/rit/images/lower_limb_feet_5bfa5b7be17c79c9.jpg,rit_healthy_feet,healthy_skin,non_wound,rit_g1678,0.728,15,yes
experiments/v2/rit/images/lower_limb_feet_6f2e12b53f8797d6.jpg,rit_healthy_feet,healthy_skin,non_wound,rit_g1678,0.710,15,yes
experiments/v2/rit/images/lower_limb_feet_120e39193ab36c71.jpg,rit_healthy_feet,healthy_skin,non_wound,rit_g1728,0.714,16,yes
experiments/v2/rit/images/lower_limb_feet_5bd1829aa137ff4a.jpg,rit_healthy_feet,healthy_skin,non_wound,rit_g1074,0.718,16,yes
experiments/v2/rit/images/lower_limb_feet_db374d0504249c48.jpg,rit_healthy_feet,healthy_skin,non_wound,rit_g1678,0.710,16,yes
experiments/v2/rit/images/lower_limb_feet_9102b62e32f1afe8.jpg,rit_healthy_feet,healthy_skin,non_wound,rit_g1076,0.725,15,yes
experiments/v2/rit/images/lower_limb_feet_79904854a79bc7af.jpg,rit_healthy_feet,healthy_skin,non_wound,rit_g1728,0.718,15,yes
experiments/v2/rit/images/lower_limb_feet_3126f3bbc062452b.jpg,rit_healthy_feet,healthy_skin,non_wound,rit_g1078,0.763,16,no
experiments/v2/rit/images/lower_limb_feet_492cc60a7e3a9819.jpg,rit_healthy_feet,healthy_skin,non_wound,rit_g1079,0.707,15,yes
experiments/v2/rit/images/lower_limb_feet_e6836c9a574fd53b.jpg,rit_healthy_feet,healthy_skin,non_wound,rit_g1678,0.711,12,yes
experiments/v2/rit/images/lower_limb_feet_d9776269a60c0e8c.jpg,rit_healthy_feet,healthy_skin,non_wound,rit_g1081,0.726,15,yes
experiments/v2/rit/images/lower_limb_feet_2930aad0f1ce5660.jpg,rit_healthy_feet,healthy_skin,non_wound,rit_g1728,0.744,12,yes
experiments/v2/rit/images/lower_limb_feet_19e246801a7fb3af.jpg,rit_healthy_feet,healthy_skin,non_wound,rit_g1083,0.711,16,yes
experiments/v2/rit/images/lower_limb_feet_e81f0d77298462c1.jpg,rit_healthy_feet,healthy_skin,non_wound,rit_g1728,0.744,16,yes
experiments/v2/rit/images/lower_limb_feet_6629a37977240f22.jpg,rit_healthy_feet,healthy_skin,non_wound,rit_g1085,0.695,16,yes
experiments/v2/rit/images/lower_limb_feet_dd617bdd4185acbc.jpg,rit_healthy_feet,healthy_skin,non_wound,rit_g1728,0.725,9,yes
experiments/v2/rit/images/lower_limb_feet_46dee5fe0676d12c.jpg,rit_healthy_feet,healthy_skin,non_wound,rit_g1728,0.733,18,yes
experiments/v2/rit/images/lower_limb_feet_442901b5fce3880d.jpg,rit_healthy_feet,healthy_skin,non_wound,rit_g1728,0.716,16,yes
experiments/v2/rit/images/lower_limb_feet_1959b1cb11f7c95c.jpg,rit_healthy_feet,healthy_skin,non_wound,rit_g1728,0.653,16,yes
experiments/v2/rit/images/lower_limb_feet_34e64ae420db6025.jpg,rit_healthy_feet,healthy_skin,non_wound,rit_g1728,0.703,9,yes
experiments/v2/rit/images/lower_limb_feet_caf893bc6227a1c8.jpg,rit_healthy_feet,healthy_skin,non_wound,rit_g1091,0.738,16,yes
experiments/v2/rit/images/lower_limb_feet_d0e8efba9965781d.jpg,rit_healthy_feet,healthy_skin,non_wound,rit_g1092,0.712,11,yes
experiments/v2/rit/images/lower_limb_feet_d42f926be8f002e5.jpg,rit_healthy_feet,healthy_skin,non_wound,rit_g1093,0.703,15,yes
experiments/v2/rit/images/lower_limb_feet_e9bea1deb779e1b4.jpg,rit_healthy_feet,healthy_skin,non_wound,rit_g1094,0.694,13,yes
experiments/v2/rit/images/lower_limb_feet_fd7edab78d589523.jpg,rit_healthy_feet,healthy_skin,non_wound,rit_g1678,0.724,12,yes
experiments/v2/rit/images/lower_limb_feet_93298750a590c691.jpg,rit_healthy_feet,healthy_skin,non_wound,rit_g1678,0.725,17,yes
experiments/v2/rit/images/lower_limb_feet_9c4265cd35f4f177.jpg,rit_healthy_feet,healthy_skin,non_wound,rit_g1097,0.715,12,yes
experiments/v2/rit/images/lower_limb_feet_b879c34b105e728e.jpg,rit_healthy_feet,healthy_skin,non_wound,rit_g1405,0.708,12,yes
experiments/v2/rit/images/lower_limb_feet_059b179bdd2c9fd5.jpg,rit_healthy_feet,healthy_skin,non_wound,rit_g1099,0.727,15,yes
experiments/v2/rit/images/lower_limb_feet_8dea06cb922e90d9.jpg,rit_healthy_feet,healthy_skin,non_wound,rit_g1122,0.728,15,yes
experiments/v2/rit/images/lower_limb_feet_53281560b52188cd.jpg,rit_healthy_feet,healthy_skin,non_wound,rit_g1728,0.684,13,yes
experiments/v2/rit/images/lower_limb_feet_5e8d4fa0ca27217e.jpg,rit_healthy_feet,healthy_skin,non_wound,rit_g1102,0.688,15,yes
experiments/v2/rit/images/lower_limb_feet_9228e996541b48ab.jpg,rit_healthy_feet,healthy_skin,non_wound,rit_g1112,0.707,14,yes
experiments/v2/rit/images/lower_limb_feet_3f726fb2b18f09cd.jpg,rit_healthy_feet,healthy_skin,non_wound,rit_g1728,0.722,13,yes
experiments/v2/rit/images/lower_limb_feet_94cec6ee113a683f.jpg,rit_healthy_feet,healthy_skin,non_wound,rit_g1122,0.701,15,yes
experiments/v2/rit/images/lower_limb_feet_4ea7051eab07042c.jpg,rit_healthy_feet,healthy_skin,non_wound,rit_g1106,0.725,12,yes
experiments/v2/rit/images/lower_limb_feet_79e179bec73a9bb9.jpg,rit_healthy_feet,healthy_skin,non_wound,rit_g1107,0.680,18,yes
experiments/v2/rit/images/lower_limb_feet_b4f5e45106710c2f.jpg,rit_healthy_feet,healthy_skin,non_wound,rit_g1108,0.715,16,yes
experiments/v2/rit/images/lower_limb_feet_72c9a14b8321c833.jpg,rit_healthy_feet,healthy_skin,non_wound,rit_g1109,0.697,15,yes
experiments/v2/rit/images/lower_limb_feet_49164f3a80ab9920.jpg,rit_healthy_feet,healthy_skin,non_wound,rit_g1728,0.702,13,yes
experiments/v2/rit/images/lower_limb_feet_9f363c89a0e1d308.jpg,rit_healthy_feet,healthy_skin,non_wound,rit_g1122,0.699,12,yes
experiments/v2/rit/images/lower_limb_feet_c21e4be4135feb80.jpg,rit_healthy_feet,healthy_skin,non_wound,rit_g1112,0.702,16,yes
experiments/v2/rit/images/lower_limb_feet_9373dc768acecbb7.jpg,rit_healthy_feet,healthy_skin,non_wound,rit_g1113,0.691,13,yes
experiments/v2/rit/images/lower_limb_feet_ff4c8c0f8ff6ced9.jpg,rit_healthy_feet,healthy_skin,non_wound,rit_g1678,0.684,17,yes
experiments/v2/rit/images/lower_limb_feet_e4fe0db74703e3d9.jpg,rit_healthy_feet,healthy_skin,non_wound,rit_g1678,0.699,14,yes
experiments/v2/rit/images/lower_limb_feet_3d12df9b68a34f1a.jpg,rit_healthy_feet,healthy_skin,non_wound,rit_g1116,0.657,12,yes
experiments/v2/rit/images/lower_limb_feet_caa79e382cad8281.jpg,rit_healthy_feet,healthy_skin,non_wound,rit_g1117,0.724,15,yes
experiments/v2/rit/images/lower_limb_feet_c531a54180e6bd42.jpg,rit_healthy_feet,healthy_skin,non_wound,rit_g1119,0.699,12,yes
experiments/v2/rit/images/lower_limb_feet_12a94eac1051abb9.jpg,rit_healthy_feet,healthy_skin,non_wound,rit_g1119,0.705,12,yes
experiments/v2/rit/images/lower_limb_feet_50dbcc9ffee5ba71.jpg,rit_healthy_feet,healthy_skin,non_wound,rit_g1120,0.697,11,yes
experiments/v2/rit/images/lower_limb_feet_0c9d81a1c8d0ab56.jpg,rit_healthy_feet,healthy_skin,non_wound,rit_g1121,0.718,14,yes
experiments/v2/rit/images/lower_limb_feet_445d0d7dc1581e4c.jpg,rit_healthy_feet,healthy_skin,non_wound,rit_g1122,0.719,13,yes
experiments/v2/rit/images/lower_limb_feet_974adea50cb5a7fa.jpg,rit_healthy_feet,healthy_skin,non_wound,rit_g1123,0.718,16,yes
experiments/v2/rit/images/lower_limb_feet_6bf5ae73b08f0427.jpg,rit_healthy_feet,healthy_skin,non_wound,rit_g1678,0.739,17,yes
experiments/v2/rit/images/lower_limb_feet_2f787a6ff433ea7f.jpg,rit_healthy_feet,healthy_skin,non_wound,rit_g1125,0.697,16,yes
experiments/v2/rit/images/lower_limb_feet_16da30f6d5c82c1c.jpg,rit_healthy_feet,healthy_skin,non_wound,rit_g1126,0.668,14,yes
experiments/v2/rit/images/lower_limb_feet_c519351b20f78a78.jpg,rit_healthy_feet,healthy_skin,non_wound,rit_g1127,0.687,14,yes
experiments/v2/rit/images/lower_limb_feet_0a8f28159d80054c.jpg,rit_healthy_feet,healthy_skin,non_wound,rit_g1728,0.698,14,yes
experiments/v2/rit/images/lower_limb_feet_f09d84630dbedf91.jpg,rit_healthy_feet,healthy_skin,non_wound,rit_g1129,0.685,16,yes
experiments/v2/rit/images/lower_limb_feet_377d0c5618079d3c.jpg,rit_healthy_feet,healthy_skin,non_wound,rit_g1130,0.729,13,yes
experiments/v2/rit/images/lower_limb_feet_422aff2b7b53a2b7.jpg,rit_healthy_feet,healthy_skin,non_wound,rit_g1678,0.719,18,yes
experiments/v2/rit/images/lower_limb_feet_26b4d38ab4d6696c.jpg,rit_healthy_feet,healthy_skin,non_wound,rit_g1678,0.742,16,yes
experiments/v2/rit/images/lower_limb_feet_224acf5962ab53cf.jpg,rit_healthy_feet,healthy_skin,non_wound,rit_g1133,0.741,17,yes
experiments/v2/rit/images/lower_limb_feet_603e49996c837766.jpg,rit_healthy_feet,healthy_skin,non_wound,rit_g1134,0.750,18,yes
experiments/v2/rit/images/lower_limb_feet_676612010d255022.jpg,rit_healthy_feet,healthy_skin,non_wound,rit_g1135,0.700,13,yes
experiments/v2/rit/images/lower_limb_feet_a75ffc98c4ddad13.jpg,rit_healthy_feet,healthy_skin,non_wound,rit_g1136,0.700,15,yes
experiments/v2/rit/images/lower_limb_feet_24510b0b62aae50c.jpg,rit_healthy_feet,healthy_skin,non_wound,rit_g1137,0.733,15,yes
experiments/v2/rit/images/lower_limb_feet_316b44b15c0ad5af.jpg,rit_healthy_feet,healthy_skin,non_wound,rit_g1138,0.677,14,yes
experiments/v2/rit/images/lower_limb_feet_dffa17ff578d9383.jpg,rit_healthy_feet,healthy_skin,non_wound,rit_g1139,0.700,17,yes
experiments/v2/rit/images/lower_limb_feet_d07df47be7a6ec17.jpg,rit_healthy_feet,healthy_skin,non_wound,rit_g1140,0.707,14,yes
experiments/v2/rit/images/lower_limb_feet_548741f55ceac692.jpg,rit_healthy_feet,healthy_skin,non_wound,rit_g1141,0.657,13,yes
experiments/v2/rit/images/lower_limb_feet_6949413967e35ba1.jpg,rit_healthy_feet,healthy_skin,non_wound,rit_g1142,0.659,12,yes
experiments/v2/rit/images/lower_limb_feet_0ec0aaa1665e5362.jpg,rit_healthy_feet,healthy_skin,non_wound,rit_g1174,0.721,17,yes
experiments/v2/rit/images/lower_limb_feet_0e4226b340200343.jpg,rit_healthy_feet,healthy_skin,non_wound,rit_g1678,0.733,17,yes
experiments/v2/rit/images/lower_limb_feet_b70387244316498a.jpg,rit_healthy_feet,healthy_skin,non_wound,rit_g1156,0.703,14,yes
experiments/v2/rit/images/lower_limb_feet_5b45025645477040.jpg,rit_healthy_feet,healthy_skin,non_wound,rit_g1728,0.717,15,yes
experiments/v2/rit/images/lower_limb_feet_8ec915c69e054d9f.jpg,rit_healthy_feet,healthy_skin,non_wound,rit_g1147,0.729,14,yes
experiments/v2/rit/images/lower_limb_feet_44052b9ed0a4c05c.jpg,rit_healthy_feet,healthy_skin,non_wound,rit_g1148,0.719,17,yes
experiments/v2/rit/images/lower_limb_feet_a6b870f5272ccf71.jpg,rit_healthy_feet,healthy_skin,non_wound,rit_g1678,0.709,18,yes
experiments/v2/rit/images/lower_limb_feet_5a08fc1b99a1ecd1.jpg,rit_healthy_feet,healthy_skin,non_wound,rit_g1150,0.690,15,yes
experiments/v2/rit/images/lower_limb_feet_28ac1877a87a0d99.jpg,rit_healthy_feet,healthy_skin,non_wound,rit_g1194,0.727,12,yes
experiments/v2/rit/images/lower_limb_feet_34811d44d019e71f.jpg,rit_healthy_feet,healthy_skin,non_wound,rit_g1728,0.713,15,yes
experiments/v2/rit/images/lower_limb_feet_e770c28e00d9c19c.jpg,rit_healthy_feet,healthy_skin,non_wound,rit_g1728,0.732,15,yes
experiments/v2/rit/images/lower_limb_feet_fe3a215a47d3575e.jpg,rit_healthy_feet,healthy_skin,non_wound,rit_g1154,0.729,17,yes
experiments/v2/rit/images/lower_limb_feet_211e0ae9004de1fb.jpg,rit_healthy_feet,healthy_skin,non_wound,rit_g1155,0.706,14,yes
experiments/v2/rit/images/lower_limb_feet_cf9dcc8c8d1d637a.jpg,rit_healthy_feet,healthy_skin,non_wound,rit_g1156,0.727,15,yes
experiments/v2/rit/images/lower_limb_feet_770519751d66bf32.jpg,rit_healthy_feet,healthy_skin,non_wound,rit_g1194,0.719,13,yes
experiments/v2/rit/images/lower_limb_feet_1dd41083e269ebc3.jpg,rit_healthy_feet,healthy_skin,non_wound,rit_g1728,0.712,13,yes
experiments/v2/rit/images/lower_limb_feet_ca770303ed3c6195.jpg,rit_healthy_feet,healthy_skin,non_wound,rit_g1678,0.734,17,yes
experiments/v2/rit/images/lower_limb_feet_49b02e2eb8941f99.jpg,rit_healthy_feet,healthy_skin,non_wound,rit_g1678,0.680,18,yes
experiments/v2/rit/images/lower_limb_feet_bd868828b4379331.jpg,rit_healthy_feet,healthy_skin,non_wound,rit_g1728,0.704,14,yes
experiments/v2/rit/images/lower_limb_feet_f599f6d072212c37.jpg,rit_healthy_feet,healthy_skin,non_wound,rit_g1162,0.702,13,yes
experiments/v2/rit/images/lower_limb_feet_51f77f42c694ebd6.jpg,rit_healthy_feet,healthy_skin,non_wound,rit_g1163,0.704,16,yes
experiments/v2/rit/images/lower_limb_feet_cafcacf034fbe776.jpg,rit_healthy_feet,healthy_skin,non_wound,rit_g1165,0.680,11,yes
experiments/v2/rit/images/lower_limb_feet_171e85f5efdd18e3.jpg,rit_healthy_feet,healthy_skin,non_wound,rit_g1165,0.693,16,yes
experiments/v2/rit/images/lower_limb_feet_9e4ded08fec8c977.jpg,rit_healthy_feet,healthy_skin,non_wound,rit_g1166,0.731,13,yes
experiments/v2/rit/images/lower_limb_feet_559308fda66b3c9b.jpg,rit_healthy_feet,healthy_skin,non_wound,rit_g1167,0.748,17,yes
experiments/v2/rit/images/lower_limb_feet_8c70864d564233b5.jpg,rit_healthy_feet,healthy_skin,non_wound,rit_g1168,0.713,16,yes
experiments/v2/rit/images/lower_limb_feet_82fb7461e8dbdeba.jpg,rit_healthy_feet,healthy_skin,non_wound,rit_g1728,0.721,13,yes
experiments/v2/rit/images/lower_limb_feet_4cac6ce48ca41ef2.jpg,rit_healthy_feet,healthy_skin,non_wound,rit_g1170,0.731,16,yes
experiments/v2/rit/images/lower_limb_feet_24a7d0178f9c93c4.jpg,rit_healthy_feet,healthy_skin,non_wound,rit_g1171,0.747,17,yes
experiments/v2/rit/images/lower_limb_feet_cbc5a98876372d91.jpg,rit_healthy_feet,healthy_skin,non_wound,rit_g1172,0.696,16,yes
experiments/v2/rit/images/lower_limb_feet_8c2f619a251e08ae.jpg,rit_healthy_feet,healthy_skin,non_wound,rit_g1173,0.723,14,yes
experiments/v2/rit/images/lower_limb_feet_a7364fa4668275ce.jpg,rit_healthy_feet,healthy_skin,non_wound,rit_g1174,0.680,18,yes
experiments/v2/rit/images/lower_limb_feet_85b620abdd1694bc.jpg,rit_healthy_feet,healthy_skin,non_wound,rit_g1175,0.729,16,yes
experiments/v2/rit/images/lower_limb_feet_f99ddeb45f804335.jpg,rit_healthy_feet,healthy_skin,non_wound,rit_g1678,0.734,13,yes
experiments/v2/rit/images/lower_limb_feet_baf75cea0417379e.jpg,rit_healthy_feet,healthy_skin,non_wound,rit_g1177,0.717,14,yes
experiments/v2/rit/images/lower_limb_feet_2cb3bd56c63aaecf.jpg,rit_healthy_feet,healthy_skin,non_wound,rit_g1678,0.711,17,yes
experiments/v2/rit/images/lower_limb_feet_64a782e3af26c201.jpg,rit_healthy_feet,healthy_skin,non_wound,rit_g1728,0.736,17,yes
experiments/v2/rit/images/lower_limb_feet_da7fbaaaa80999c8.jpg,rit_healthy_feet,healthy_skin,non_wound,rit_g1180,0.717,9,yes
experiments/v2/rit/images/lower_limb_feet_c12c7d711e8ad22b.jpg,rit_healthy_feet,healthy_skin,non_wound,rit_g1678,0.719,16,yes
experiments/v2/rit/images/lower_limb_feet_6de0e0e6e52cfcda.jpg,rit_healthy_feet,healthy_skin,non_wound,rit_g1678,0.762,17,no
experiments/v2/rit/images/lower_limb_feet_bd5bb73b87a1ccef.jpg,rit_healthy_feet,healthy_skin,non_wound,rit_g1183,0.706,16,yes
experiments/v2/rit/images/lower_limb_feet_60af2116ec132271.jpg,rit_healthy_feet,healthy_skin,non_wound,rit_g1728,0.716,16,yes
experiments/v2/rit/images/lower_limb_feet_d81d2ed94f967131.jpg,rit_healthy_feet,healthy_skin,non_wound,rit_g1678,0.753,14,no
experiments/v2/rit/images/lower_limb_feet_02fc96fd53e519d7.jpg,rit_healthy_feet,healthy_skin,non_wound,rit_g1186,0.724,14,yes
experiments/v2/rit/images/lower_limb_feet_25d103eb9b6a6c8e.jpg,rit_healthy_feet,healthy_skin,non_wound,rit_g1678,0.708,16,yes
experiments/v2/rit/images/lower_limb_feet_af6aae64baba8a78.jpg,rit_healthy_feet,healthy_skin,non_wound,rit_g1678,0.736,16,yes
experiments/v2/rit/images/lower_limb_feet_572f1cd46c9ceb8a.jpg,rit_healthy_feet,healthy_skin,non_wound,rit_g1189,0.705,10,yes
experiments/v2/rit/images/lower_limb_feet_152e253b3832baea.jpg,rit_healthy_feet,healthy_skin,non_wound,rit_g1678,0.731,14,yes
experiments/v2/rit/images/lower_limb_feet_b9c71c1dfec298e5.jpg,rit_healthy_feet,healthy_skin,non_wound,rit_g1728,0.713,17,yes
experiments/v2/rit/images/lower_limb_feet_dd520ee6eaf739cf.jpg,rit_healthy_feet,healthy_skin,non_wound,rit_g1728,0.710,13,yes
experiments/v2/rit/images/lower_limb_feet_ae683b5940757bdb.jpg,rit_healthy_feet,healthy_skin,non_wound,rit_g1193,0.720,14,yes
experiments/v2/rit/images/lower_limb_feet_0437f501d34424d1.jpg,rit_healthy_feet,healthy_skin,non_wound,rit_g1194,0.704,11,yes
experiments/v2/rit/images/lower_limb_feet_62ed3c8fce1cb603.jpg,rit_healthy_feet,healthy_skin,non_wound,rit_g1728,0.675,11,yes
experiments/v2/rit/images/lower_limb_feet_653c4097ae3c69b6.jpg,rit_healthy_feet,healthy_skin,non_wound,rit_g1678,0.785,16,no
experiments/v2/rit/images/lower_limb_feet_a1c96e98a951f935.jpg,rit_healthy_feet,healthy_skin,non_wound,rit_g1197,0.703,15,yes
experiments/v2/rit/images/lower_limb_feet_f7326922f683568b.jpg,rit_healthy_feet,healthy_skin,non_wound,rit_g1198,0.742,15,yes
experiments/v2/rit/images/lower_limb_feet_7ca1eccfbe0c0f93.jpg,rit_healthy_feet,healthy_skin,non_wound,rit_g1199,0.724,13,yes
experiments/v2/rit/images/lower_limb_feet_0e75a4713b08add2.jpg,rit_healthy_feet,healthy_skin,non_wound,rit_g1200,0.725,16,yes
experiments/v2/rit/images/lower_limb_feet_5d83feebae97a308.jpg,rit_healthy_feet,healthy_skin,non_wound,rit_g1678,0.724,16,yes
experiments/v2/rit/images/lower_limb_feet_6d815ffb9882afcb.jpg,rit_healthy_feet,healthy_skin,non_wound,rit_g1728,0.695,18,yes
experiments/v2/rit/images/lower_limb_feet_64fd7a651e660185.jpg,rit_healthy_feet,healthy_skin,non_wound,rit_g1203,0.719,15,yes
experiments/v2/rit/images/lower_limb_feet_1e6b60e740ced067.jpg,rit_healthy_feet,healthy_skin,non_wound,rit_g1204,0.754,15,no
experiments/v2/rit/images/lower_limb_feet_4d67205e1a7528a5.jpg,rit_healthy_feet,healthy_skin,non_wound,rit_g1678,0.766,11,no
experiments/v2/rit/images/lower_limb_feet_d5d1c1d3d7ae6e1c.jpg,rit_healthy_feet,healthy_skin,non_wound,rit_g1678,0.731,12,yes
experiments/v2/rit/images/lower_limb_feet_f16baba215883055.jpg,rit_healthy_feet,healthy_skin,non_wound,rit_g1728,0.729,15,yes
experiments/v2/rit/images/lower_limb_feet_82b49bc6a95595ba.jpg,rit_healthy_feet,healthy_skin,non_wound,rit_g1728,0.741,12,yes
experiments/v2/rit/images/lower_limb_feet_533afdc14d3ad0d0.jpg,rit_healthy_feet,healthy_skin,non_wound,rit_g1728,0.748,16,yes
experiments/v2/rit/images/lower_limb_feet_bfa0919b3285660f.jpg,rit_healthy_feet,healthy_skin,non_wound,rit_g1728,0.725,17,yes
experiments/v2/rit/images/lower_limb_feet_6444f1d97bd82bd1.jpg,rit_healthy_feet,healthy_skin,non_wound,rit_g1211,0.697,13,yes
experiments/v2/rit/images/lower_limb_feet_a8279a5f900c9af7.jpg,rit_healthy_feet,healthy_skin,non_wound,rit_g1678,0.748,16,yes
experiments/v2/rit/images/lower_limb_feet_30528b9ba8c1931c.jpg,rit_healthy_feet,healthy_skin,non_wound,rit_g1728,0.725,17,yes
experiments/v2/rit/images/lower_limb_feet_e9393f25451efce8.jpg,rit_healthy_feet,healthy_skin,non_wound,rit_g1728,0.700,9,yes
experiments/v2/rit/images/lower_limb_feet_ab093a964f8613cc.jpg,rit_healthy_feet,healthy_skin,non_wound,rit_g1728,0.741,15,yes
experiments/v2/rit/images/lower_limb_feet_2e4b41324897eb9d.jpg,rit_healthy_feet,healthy_skin,non_wound,rit_g1216,0.720,18,yes
experiments/v2/rit/images/lower_limb_feet_35ec99767b6fad58.jpg,rit_healthy_feet,healthy_skin,non_wound,rit_g1728,0.737,14,yes
experiments/v2/rit/images/lower_limb_feet_4e852f65570279ab.jpg,rit_healthy_feet,healthy_skin,non_wound,rit_g1218,0.693,13,yes
experiments/v2/rit/images/lower_limb_feet_56694c177865e4af.jpg,rit_healthy_feet,healthy_skin,non_wound,rit_g1219,0.759,16,no
experiments/v2/rit/images/lower_limb_feet_94a561962819e006.jpg,rit_healthy_feet,healthy_skin,non_wound,rit_g1220,0.695,16,yes
experiments/v2/rit/images/lower_limb_feet_6e508335869bebd5.jpg,rit_healthy_feet,healthy_skin,non_wound,rit_g1678,0.689,15,yes
experiments/v2/rit/images/lower_limb_feet_ef4da720cce892aa.jpg,rit_healthy_feet,healthy_skin,non_wound,rit_g1728,0.691,16,yes
experiments/v2/rit/images/lower_limb_feet_e5a701eda846168e.jpg,rit_healthy_feet,healthy_skin,non_wound,rit_g1223,0.732,18,yes
experiments/v2/rit/images/lower_limb_feet_0d16fc17981bf102.jpg,rit_healthy_feet,healthy_skin,non_wound,rit_g1728,0.713,12,yes
experiments/v2/rit/images/lower_limb_feet_a5ad8705cd7e51f3.jpg,rit_healthy_feet,healthy_skin,non_wound,rit_g1728,0.730,16,yes
experiments/v2/rit/images/lower_limb_feet_ff42e38207ec41f3.jpg,rit_healthy_feet,healthy_skin,non_wound,rit_g1728,0.721,15,yes
experiments/v2/rit/images/lower_limb_feet_f574b0d6fca4ab86.jpg,rit_healthy_feet,healthy_skin,non_wound,rit_g1728,0.757,14,no
experiments/v2/rit/images/lower_limb_feet_c03560b62d92926c.jpg,rit_healthy_feet,healthy_skin,non_wound,rit_g1228,0.706,15,yes
experiments/v2/rit/images/lower_limb_feet_0abbf99d87f13b31.jpg,rit_healthy_feet,healthy_skin,non_wound,rit_g1678,0.726,16,yes
experiments/v2/rit/images/lower_limb_feet_9ec8eb32b467506e.jpg,rit_healthy_feet,healthy_skin,non_wound,rit_g1230,0.715,17,yes
experiments/v2/rit/images/lower_limb_feet_a50abfac06c8fdac.jpg,rit_healthy_feet,healthy_skin,non_wound,rit_g1231,0.713,15,yes
experiments/v2/rit/images/lower_limb_feet_fc9efe55d5614de7.jpg,rit_healthy_feet,healthy_skin,non_wound,rit_g1728,0.731,12,yes
experiments/v2/rit/images/lower_limb_feet_394eafdbe919cf05.jpg,rit_healthy_feet,healthy_skin,non_wound,rit_g1672,0.731,16,yes
experiments/v2/rit/images/lower_limb_feet_00986457b7d81b4d.jpg,rit_healthy_feet,healthy_skin,non_wound,rit_g1678,0.742,16,yes
experiments/v2/rit/images/lower_limb_feet_b49473b4107fa911.jpg,rit_healthy_feet,healthy_skin,non_wound,rit_g1728,0.719,17,yes
experiments/v2/rit/images/lower_limb_feet_96990a6eff1f3f64.jpg,rit_healthy_feet,healthy_skin,non_wound,rit_g1728,0.736,19,yes
experiments/v2/rit/images/lower_limb_feet_3673faf14bcd2e42.jpg,rit_healthy_feet,healthy_skin,non_wound,rit_g1728,0.727,15,yes
experiments/v2/rit/images/lower_limb_feet_58509cfce97d63c5.jpg,rit_healthy_feet,healthy_skin,non_wound,rit_g1678,0.711,17,yes
experiments/v2/rit/images/lower_limb_feet_a5b78e3bea7e72f7.jpg,rit_healthy_feet,healthy_skin,non_wound,rit_g1728,0.713,16,yes
experiments/v2/rit/images/lower_limb_feet_ee2db9538fdc96f6.jpg,rit_healthy_feet,healthy_skin,non_wound,rit_g1728,0.685,15,yes
experiments/v2/rit/images/lower_limb_feet_5984b993564ac9ee.jpg,rit_healthy_feet,healthy_skin,non_wound,rit_g1728,0.714,11,yes
experiments/v2/rit/images/lower_limb_feet_13e794d006aec826.jpg,rit_healthy_feet,healthy_skin,non_wound,rit_g1728,0.742,14,yes
experiments/v2/rit/images/lower_limb_feet_115358786ab8921c.jpg,rit_healthy_feet,healthy_skin,non_wound,rit_g1243,0.729,13,yes
experiments/v2/rit/images/lower_limb_feet_3568b930db6edd30.jpg,rit_healthy_feet,healthy_skin,non_wound,rit_g1244,0.727,15,yes
experiments/v2/rit/images/lower_limb_feet_0990d9b3dab09edf.jpg,rit_healthy_feet,healthy_skin,non_wound,rit_g1678,0.714,13,yes
experiments/v2/rit/images/lower_limb_feet_aa81c27a6ff90242.jpg,rit_healthy_feet,healthy_skin,non_wound,rit_g1728,0.714,16,yes
experiments/v2/rit/images/lower_limb_feet_744f5df502605e66.jpg,rit_healthy_feet,healthy_skin,non_wound,rit_g1728,0.662,17,yes
experiments/v2/rit/images/lower_limb_feet_3e3e54b690faf327.jpg,rit_healthy_feet,healthy_skin,non_wound,rit_g1728,0.666,12,yes
experiments/v2/rit/images/lower_limb_feet_ff6a0111d44fa026.jpg,rit_healthy_feet,healthy_skin,non_wound,rit_g1263,0.736,15,yes
experiments/v2/rit/images/lower_limb_feet_d78970250fdd4c45.jpg,rit_healthy_feet,healthy_skin,non_wound,rit_g1728,0.721,19,yes
experiments/v2/rit/images/lower_limb_feet_37f3d1dd3d166269.jpg,rit_healthy_feet,healthy_skin,non_wound,rit_g1678,0.670,16,yes
experiments/v2/rit/images/lower_limb_feet_7c4e089e8ed3d720.jpg,rit_healthy_feet,healthy_skin,non_wound,rit_g1728,0.716,15,yes
experiments/v2/rit/images/lower_limb_feet_750e5a948084cab6.jpg,rit_healthy_feet,healthy_skin,non_wound,rit_g1728,0.733,16,yes
experiments/v2/rit/images/lower_limb_feet_4828c3e4176de10c.jpg,rit_healthy_feet,healthy_skin,non_wound,rit_g1254,0.726,15,yes
experiments/v2/rit/images/lower_limb_feet_b245ac99e3998432.jpg,rit_healthy_feet,healthy_skin,non_wound,rit_g1678,0.723,12,yes
experiments/v2/rit/images/lower_limb_feet_adc08b607f306241.jpg,rit_healthy_feet,healthy_skin,non_wound,rit_g1728,0.708,16,yes
experiments/v2/rit/images/lower_limb_feet_1cbd238b45141d7f.jpg,rit_healthy_feet,healthy_skin,non_wound,rit_g1728,0.693,17,yes
experiments/v2/rit/images/lower_limb_feet_4f8b415e9bfdee91.jpg,rit_healthy_feet,healthy_skin,non_wound,rit_g1728,0.674,15,yes
experiments/v2/rit/images/lower_limb_feet_877527c5c52049c1.jpg,rit_healthy_feet,healthy_skin,non_wound,rit_g1728,0.704,15,yes
experiments/v2/rit/images/lower_limb_feet_6f708333b6965e30.jpg,rit_healthy_feet,healthy_skin,non_wound,rit_g1260,0.692,15,yes
experiments/v2/rit/images/lower_limb_feet_7d98c875ee8c7a14.jpg,rit_healthy_feet,healthy_skin,non_wound,rit_g1728,0.736,17,yes
experiments/v2/rit/images/lower_limb_feet_d428f1b72edc3abd.jpg,rit_healthy_feet,healthy_skin,non_wound,rit_g1728,0.716,17,yes
experiments/v2/rit/images/lower_limb_feet_b7f49e764fb5d7fe.jpg,rit_healthy_feet,healthy_skin,non_wound,rit_g1263,0.758,17,no
experiments/v2/rit/images/lower_limb_feet_b81708d22753605b.jpg,rit_healthy_feet,healthy_skin,non_wound,rit_g1678,0.715,15,yes
experiments/v2/rit/images/lower_limb_feet_5e60d2c5ede48a8a.jpg,rit_healthy_feet,healthy_skin,non_wound,rit_g1728,0.740,17,yes
experiments/v2/rit/images/lower_limb_feet_aecfda2fcdc0ac44.jpg,rit_healthy_feet,healthy_skin,non_wound,rit_g1678,0.709,16,yes
experiments/v2/rit/images/lower_limb_feet_8b59df3b09435a53.jpg,rit_healthy_feet,healthy_skin,non_wound,rit_g1728,0.684,18,yes
experiments/v2/rit/images/lower_limb_feet_817bafaba0f8ab44.jpg,rit_healthy_feet,healthy_skin,non_wound,rit_g1728,0.742,15,yes
experiments/v2/rit/images/lower_limb_feet_7e56a9af792f3ea0.jpg,rit_healthy_feet,healthy_skin,non_wound,rit_g1728,0.716,13,yes
experiments/v2/rit/images/lower_limb_feet_83fbe299243ac82b.jpg,rit_healthy_feet,healthy_skin,non_wound,rit_g1728,0.721,18,yes
experiments/v2/rit/images/lower_limb_feet_23dcf89190bfe867.jpg,rit_healthy_feet,healthy_skin,non_wound,rit_g1728,0.748,15,yes
experiments/v2/rit/images/lower_limb_feet_79c07ff5be963a5c.jpg,rit_healthy_feet,healthy_skin,non_wound,rit_g1272,0.718,12,yes
experiments/v2/rit/images/lower_limb_feet_056f45eeb5b4d4a4.jpg,rit_healthy_feet,healthy_skin,non_wound,rit_g1728,0.732,14,yes
experiments/v2/rit/images/lower_limb_feet_07816ad5c8dd7c81.jpg,rit_healthy_feet,healthy_skin,non_wound,rit_g1274,0.730,11,yes
experiments/v2/rit/images/lower_limb_feet_56896e7fcb253fda.jpg,rit_healthy_feet,healthy_skin,non_wound,rit_g1275,0.717,9,yes
experiments/v2/rit/images/lower_limb_feet_09cd34b4fe486ea9.jpg,rit_healthy_feet,healthy_skin,non_wound,rit_g1728,0.736,15,yes
experiments/v2/rit/images/lower_limb_feet_2f41acbd0238b9fc.jpg,rit_healthy_feet,healthy_skin,non_wound,rit_g1277,0.709,17,yes
experiments/v2/rit/images/lower_limb_feet_d29ef258684d866c.jpg,rit_healthy_feet,healthy_skin,non_wound,rit_g1278,0.692,13,yes
experiments/v2/rit/images/lower_limb_feet_beb31487056e9957.jpg,rit_healthy_feet,healthy_skin,non_wound,rit_g1728,0.680,13,yes
experiments/v2/rit/images/lower_limb_feet_5445c1a6eaf4c81c.jpg,rit_healthy_feet,healthy_skin,non_wound,rit_g1280,0.734,15,yes
experiments/v2/rit/images/lower_limb_feet_b7ce420442c23f78.jpg,rit_healthy_feet,healthy_skin,non_wound,rit_g1728,0.755,19,no
experiments/v2/rit/images/lower_limb_feet_68ec0addf8a7365a.jpg,rit_healthy_feet,healthy_skin,non_wound,rit_g1282,0.742,13,yes
experiments/v2/rit/images/lower_limb_feet_983abe9adf4e2c4d.jpg,rit_healthy_feet,healthy_skin,non_wound,rit_g1728,0.729,18,yes
experiments/v2/rit/images/lower_limb_feet_8ffb79e47f2b2c98.jpg,rit_healthy_feet,healthy_skin,non_wound,rit_g1728,0.733,16,yes
experiments/v2/rit/images/lower_limb_feet_0195ee472b8fbfa6.jpg,rit_healthy_feet,healthy_skin,non_wound,rit_g1285,0.663,18,yes
experiments/v2/rit/images/lower_limb_feet_20756035c20684a7.jpg,rit_healthy_feet,healthy_skin,non_wound,rit_g1728,0.681,15,yes
experiments/v2/rit/images/lower_limb_feet_86a1da49c502a3a6.jpg,rit_healthy_feet,healthy_skin,non_wound,rit_g1287,0.729,13,yes
experiments/v2/rit/images/lower_limb_feet_d013211f82b57f2f.jpg,rit_healthy_feet,healthy_skin,non_wound,rit_g1728,0.708,18,yes
experiments/v2/rit/images/lower_limb_feet_b0ca5cdddf26cc50.jpg,rit_healthy_feet,healthy_skin,non_wound,rit_g1728,0.713,15,yes
experiments/v2/rit/images/lower_limb_feet_2b037dfb56eab7fe.jpg,rit_healthy_feet,healthy_skin,non_wound,rit_g1678,0.687,16,yes
experiments/v2/rit/images/lower_limb_feet_27db16c5c74852bd.jpg,rit_healthy_feet,healthy_skin,non_wound,rit_g1678,0.740,13,yes
experiments/v2/rit/images/lower_limb_feet_e8aad2da16f233cd.jpg,rit_healthy_feet,healthy_skin,non_wound,rit_g1728,0.725,19,yes
experiments/v2/rit/images/lower_limb_feet_e3e0f4127f7ef7e6.jpg,rit_healthy_feet,healthy_skin,non_wound,rit_g1728,0.751,16,no
experiments/v2/rit/images/lower_limb_feet_10f97e80ef24dc77.jpg,rit_healthy_feet,healthy_skin,non_wound,rit_g1294,0.728,15,yes
experiments/v2/rit/images/lower_limb_feet_5cd12d64fb9707cc.jpg,rit_healthy_feet,healthy_skin,non_wound,rit_g1728,0.764,15,no
experiments/v2/rit/images/lower_limb_feet_b0b744b7c5aac8ed.jpg,rit_healthy_feet,healthy_skin,non_wound,rit_g1728,0.756,17,no
experiments/v2/rit/images/lower_limb_feet_8cfdea3b7dca4255.jpg,rit_healthy_feet,healthy_skin,non_wound,rit_g1297,0.722,16,yes
experiments/v2/rit/images/lower_limb_feet_a512dee9b6c6d927.jpg,rit_healthy_feet,healthy_skin,non_wound,rit_g1728,0.737,12,yes
experiments/v2/rit/images/lower_limb_feet_6aa8d61c1ba03627.jpg,rit_healthy_feet,healthy_skin,non_wound,rit_g1728,0.729,14,yes
experiments/v2/rit/images/lower_limb_feet_409cf9a2552c5012.jpg,rit_healthy_feet,healthy_skin,non_wound,rit_g1728,0.726,11,yes
experiments/v2/rit/images/lower_limb_feet_393032a9267515dd.jpg,rit_healthy_feet,healthy_skin,non_wound,rit_g1301,0.709,12,yes
experiments/v2/rit/images/lower_limb_feet_4dd754dba3f02c9d.jpg,rit_healthy_feet,healthy_skin,non_wound,rit_g1678,0.711,17,yes
experiments/v2/rit/images/lower_limb_feet_2ed9e055d80736d1.jpg,rit_healthy_feet,healthy_skin,non_wound,rit_g1303,0.714,16,yes
experiments/v2/rit/images/lower_limb_feet_e5fb7640411b2c8f.jpg,rit_healthy_feet,healthy_skin,non_wound,rit_g1304,0.751,14,no
experiments/v2/rit/images/lower_limb_feet_553f7f73a7641f44.jpg,rit_healthy_feet,healthy_skin,non_wound,rit_g1728,0.737,17,yes
experiments/v2/rit/images/lower_limb_feet_461a4e7ac0ad368c.jpg,rit_healthy_feet,healthy_skin,non_wound,rit_g1306,0.747,16,yes
experiments/v2/rit/images/lower_limb_feet_a6a4adf6a11c5a8f.jpg,rit_healthy_feet,healthy_skin,non_wound,rit_g1728,0.716,15,yes
experiments/v2/rit/images/lower_limb_feet_29730753feea5f0e.jpg,rit_healthy_feet,healthy_skin,non_wound,rit_g1728,0.726,10,yes
experiments/v2/rit/images/lower_limb_feet_db8cf5dbfeb388bc.jpg,rit_healthy_feet,healthy_skin,non_wound,rit_g1678,0.720,15,yes
experiments/v2/rit/images/lower_limb_feet_33dbd18fa61107ac.jpg,rit_healthy_feet,healthy_skin,non_wound,rit_g1728,0.715,16,yes
experiments/v2/rit/images/lower_limb_feet_b8ceae87b33669a9.jpg,rit_healthy_feet,healthy_skin,non_wound,rit_g1311,0.726,16,yes
experiments/v2/rit/images/lower_limb_feet_ee3745bf81c6a94a.jpg,rit_healthy_feet,healthy_skin,non_wound,rit_g1728,0.741,15,yes
experiments/v2/rit/images/lower_limb_feet_16523ad3399f5ee5.jpg,rit_healthy_feet,healthy_skin,non_wound,rit_g1355,0.688,11,yes
experiments/v2/rit/images/lower_limb_feet_0e27a50aa4959065.jpg,rit_healthy_feet,healthy_skin,non_wound,rit_g1314,0.722,11,yes
experiments/v2/rit/images/lower_limb_feet_5757e6d31461f1a6.jpg,rit_healthy_feet,healthy_skin,non_wound,rit_g1728,0.747,13,yes
experiments/v2/rit/images/lower_limb_feet_abc74d18676e1c0d.jpg,rit_healthy_feet,healthy_skin,non_wound,rit_g1728,0.729,15,yes
experiments/v2/rit/images/lower_limb_feet_dc829707f05796cc.jpg,rit_healthy_feet,healthy_skin,non_wound,rit_g1728,0.744,15,yes
experiments/v2/rit/images/lower_limb_feet_f7599ce5d67eea2a.jpg,rit_healthy_feet,healthy_skin,non_wound,rit_g1728,0.733,16,yes
experiments/v2/rit/images/lower_limb_feet_8d6b98a091be5657.jpg,rit_healthy_feet,healthy_skin,non_wound,rit_g1319,0.683,14,yes
experiments/v2/rit/images/lower_limb_feet_a29a37ac0ebc5896.jpg,rit_healthy_feet,healthy_skin,non_wound,rit_g1728,0.688,10,yes
experiments/v2/rit/images/lower_limb_feet_3d1b7c7afba9e334.jpg,rit_healthy_feet,healthy_skin,non_wound,rit_g1728,0.724,11,yes
experiments/v2/rit/images/lower_limb_feet_2575f4260e2576ba.jpg,rit_healthy_feet,healthy_skin,non_wound,rit_g1728,0.777,16,no
experiments/v2/rit/images/lower_limb_feet_3ca26db808237c21.jpg,rit_healthy_feet,healthy_skin,non_wound,rit_g1728,0.728,16,yes
experiments/v2/rit/images/lower_limb_feet_43be0868d57546fc.jpg,rit_healthy_feet,healthy_skin,non_wound,rit_g1678,0.725,15,yes
experiments/v2/rit/images/lower_limb_feet_2fa3ee49687e264c.jpg,rit_healthy_feet,healthy_skin,non_wound,rit_g1678,0.750,15,yes
experiments/v2/rit/images/lower_limb_feet_2bec35a5685b08e8.jpg,rit_healthy_feet,healthy_skin,non_wound,rit_g1326,0.687,14,yes
experiments/v2/rit/images/lower_limb_feet_389fb3980349e028.jpg,rit_healthy_feet,healthy_skin,non_wound,rit_g1728,0.671,11,yes
experiments/v2/rit/images/lower_limb_feet_2e1c477fcad97f2f.jpg,rit_healthy_feet,healthy_skin,non_wound,rit_g1328,0.694,15,yes
experiments/v2/rit/images/lower_limb_feet_8ce23778ff8f2db0.jpg,rit_healthy_feet,healthy_skin,non_wound,rit_g1329,0.698,13,yes
experiments/v2/rit/images/lower_limb_feet_035e0e124c87b725.jpg,rit_healthy_feet,healthy_skin,non_wound,rit_g1728,0.707,12,yes
experiments/v2/rit/images/lower_limb_feet_a8e271f370818aaf.jpg,rit_healthy_feet,healthy_skin,non_wound,rit_g1331,0.697,15,yes
experiments/v2/rit/images/lower_limb_feet_07ce4f9644ff7087.jpg,rit_healthy_feet,healthy_skin,non_wound,rit_g1332,0.714,15,yes
experiments/v2/rit/images/lower_limb_feet_a05cab3b6455a604.jpg,rit_healthy_feet,healthy_skin,non_wound,rit_g1728,0.704,17,yes
experiments/v2/rit/images/lower_limb_feet_db945bb38ab13bc4.jpg,rit_healthy_feet,healthy_skin,non_wound,rit_g1728,0.700,16,yes
experiments/v2/rit/images/lower_limb_feet_39eb608562ede2cd.jpg,rit_healthy_feet,healthy_skin,non_wound,rit_g1728,0.726,13,yes
experiments/v2/rit/images/lower_limb_feet_d74de9c6fed19a1e.jpg,rit_healthy_feet,healthy_skin,non_wound,rit_g1336,0.727,14,yes
experiments/v2/rit/images/lower_limb_feet_49cdf3720b2b026b.jpg,rit_healthy_feet,healthy_skin,non_wound,rit_g1337,0.732,17,yes
experiments/v2/rit/images/lower_limb_feet_5cbda2589131f10d.jpg,rit_healthy_feet,healthy_skin,non_wound,rit_g1338,0.715,15,yes
experiments/v2/rit/images/lower_limb_feet_495d3ea8b5ac679e.jpg,rit_healthy_feet,healthy_skin,non_wound,rit_g1728,0.751,15,no
experiments/v2/rit/images/lower_limb_feet_0ca37fb4da352bbd.jpg,rit_healthy_feet,healthy_skin,non_wound,rit_g1340,0.716,16,yes
experiments/v2/rit/images/lower_limb_feet_553046220294e9d7.jpg,rit_healthy_feet,healthy_skin,non_wound,rit_g1341,0.748,14,yes
experiments/v2/rit/images/lower_limb_feet_a3e950eb8edd9870.jpg,rit_healthy_feet,healthy_skin,non_wound,rit_g1728,0.719,11,yes
experiments/v2/rit/images/lower_limb_feet_22fd4283ca34f408.jpg,rit_healthy_feet,healthy_skin,non_wound,rit_g1728,0.744,16,yes
experiments/v2/rit/images/lower_limb_feet_9716d3d58d11dff7.jpg,rit_healthy_feet,healthy_skin,non_wound,rit_g1678,0.740,16,yes
experiments/v2/rit/images/lower_limb_feet_aed0e3e115183d5c.jpg,rit_healthy_feet,healthy_skin,non_wound,rit_g1728,0.732,10,yes
experiments/v2/rit/images/lower_limb_feet_b016064560cd9504.jpg,rit_healthy_feet,healthy_skin,non_wound,rit_g1678,0.711,16,yes
experiments/v2/rit/images/lower_limb_feet_14e6ab83782b2a5f.jpg,rit_healthy_feet,healthy_skin,non_wound,rit_g1347,0.706,17,yes
experiments/v2/rit/images/lower_limb_feet_370b3bc46c9b4c76.jpg,rit_healthy_feet,healthy_skin,non_wound,rit_g1728,0.752,15,no
experiments/v2/rit/images/lower_limb_feet_9b80d3c3b4e37e07.jpg,rit_healthy_feet,healthy_skin,non_wound,rit_g1349,0.707,17,yes
experiments/v2/rit/images/lower_limb_feet_6b61f32a2947f131.jpg,rit_healthy_feet,healthy_skin,non_wound,rit_g1678,0.727,14,yes
experiments/v2/rit/images/lower_limb_feet_605645f708939d8d.jpg,rit_healthy_feet,healthy_skin,non_wound,rit_g1728,0.705,14,yes
experiments/v2/rit/images/lower_limb_feet_20e1e10a5c14b51e.jpg,rit_healthy_feet,healthy_skin,non_wound,rit_g1678,0.739,14,yes
experiments/v2/rit/images/lower_limb_feet_9b1d87156863c09f.jpg,rit_healthy_feet,healthy_skin,non_wound,rit_g1728,0.733,16,yes
experiments/v2/rit/images/lower_limb_feet_d6a07f731d26fee4.jpg,rit_healthy_feet,healthy_skin,non_wound,rit_g1678,0.705,16,yes
experiments/v2/rit/images/lower_limb_feet_620053ec34b51a9f.jpg,rit_healthy_feet,healthy_skin,non_wound,rit_g1355,0.709,16,yes
experiments/v2/rit/images/lower_limb_feet_ba9f8284f9c51877.jpg,rit_healthy_feet,healthy_skin,non_wound,rit_g1356,0.680,15,yes
experiments/v2/rit/images/lower_limb_feet_64b7c1019bcb6cbd.jpg,rit_healthy_feet,healthy_skin,non_wound,rit_g1357,0.726,17,yes
experiments/v2/rit/images/lower_limb_feet_4e42974f1579ec5e.jpg,rit_healthy_feet,healthy_skin,non_wound,rit_g1358,0.714,13,yes
experiments/v2/rit/images/lower_limb_feet_88869a9310565d04.jpg,rit_healthy_feet,healthy_skin,non_wound,rit_g1728,0.691,15,yes
experiments/v2/rit/images/lower_limb_feet_91e5ea7c94f32786.jpg,rit_healthy_feet,healthy_skin,non_wound,rit_g1728,0.709,18,yes
experiments/v2/rit/images/lower_limb_feet_fb9d372797a3fe73.jpg,rit_healthy_feet,healthy_skin,non_wound,rit_g1361,0.704,14,yes
experiments/v2/rit/images/lower_limb_feet_3436a6b3a3dfa202.jpg,rit_healthy_feet,healthy_skin,non_wound,rit_g1728,0.704,14,yes
experiments/v2/rit/images/lower_limb_feet_0ae81b881d22209b.jpg,rit_healthy_feet,healthy_skin,non_wound,rit_g1728,0.723,7,yes
experiments/v2/rit/images/lower_limb_feet_ddf5f9ea06c23048.jpg,rit_healthy_feet,healthy_skin,non_wound,rit_g1728,0.720,14,yes
experiments/v2/rit/images/lower_limb_feet_00d51e5c6bac35b3.jpg,rit_healthy_feet,healthy_skin,non_wound,rit_g1365,0.706,15,yes
experiments/v2/rit/images/lower_limb_feet_82dafb3b313421fd.jpg,rit_healthy_feet,healthy_skin,non_wound,rit_g1366,0.685,15,yes
experiments/v2/rit/images/lower_limb_feet_aa9f48ac5e356a3f.jpg,rit_healthy_feet,healthy_skin,non_wound,rit_g1728,0.708,10,yes
experiments/v2/rit/images/lower_limb_feet_b69a2194ef40c981.jpg,rit_healthy_feet,healthy_skin,non_wound,rit_g1728,0.746,14,yes
experiments/v2/rit/images/lower_limb_feet_8ba9a8f27ce5043f.jpg,rit_healthy_feet,healthy_skin,non_wound,rit_g1369,0.720,15,yes
experiments/v2/rit/images/lower_limb_feet_b56942a0172470dd.jpg,rit_healthy_feet,healthy_skin,non_wound,rit_g1728,0.772,15,no
experiments/v2/rit/images/lower_limb_feet_32eb614421ebc60a.jpg,rit_healthy_feet,healthy_skin,non_wound,rit_g1728,0.759,15,no
experiments/v2/rit/images/lower_limb_feet_fa18a9d15303abf1.jpg,rit_healthy_feet,healthy_skin,non_wound,rit_g1728,0.734,13,yes
experiments/v2/rit/images/lower_limb_feet_c34e2759be873733.jpg,rit_healthy_feet,healthy_skin,non_wound,rit_g1373,0.715,14,yes
experiments/v2/rit/images/lower_limb_feet_ecdbf44cf829037e.jpg,rit_healthy_feet,healthy_skin,non_wound,rit_g1728,0.727,14,yes
experiments/v2/rit/images/lower_limb_feet_dac8a261a0159fd7.jpg,rit_healthy_feet,healthy_skin,non_wound,rit_g1678,0.730,16,yes
experiments/v2/rit/images/lower_limb_feet_d109b4eb6df6551e.jpg,rit_healthy_feet,healthy_skin,non_wound,rit_g1728,0.710,16,yes
experiments/v2/rit/images/lower_limb_feet_c00323ee7db894ec.jpg,rit_healthy_feet,healthy_skin,non_wound,rit_g1728,0.729,17,yes
experiments/v2/rit/images/lower_limb_feet_4639a6ae5480000d.jpg,rit_healthy_feet,healthy_skin,non_wound,rit_g1728,0.694,16,yes
experiments/v2/rit/images/lower_limb_feet_d55e567e7c0839c4.jpg,rit_healthy_feet,healthy_skin,non_wound,rit_g1379,0.699,18,yes
experiments/v2/rit/images/lower_limb_feet_7c7857dff06e62ad.jpg,rit_healthy_feet,healthy_skin,non_wound,rit_g1728,0.723,15,yes
experiments/v2/rit/images/lower_limb_feet_c0f3a6a5e11f298a.jpg,rit_healthy_feet,healthy_skin,non_wound,rit_g1728,0.699,16,yes
experiments/v2/rit/images/lower_limb_feet_65af09d2694ce780.jpg,rit_healthy_feet,healthy_skin,non_wound,rit_g1678,0.721,16,yes
experiments/v2/rit/images/lower_limb_feet_35a9d2cb73b1ed96.jpg,rit_healthy_feet,healthy_skin,non_wound,rit_g1383,0.699,13,yes
experiments/v2/rit/images/lower_limb_feet_ffb72e813311d5a1.jpg,rit_healthy_feet,healthy_skin,non_wound,rit_g1384,0.691,16,yes
experiments/v2/rit/images/lower_limb_feet_b7cdf7eace3d8ea5.jpg,rit_healthy_feet,healthy_skin,non_wound,rit_g1728,0.705,15,yes
experiments/v2/rit/images/lower_limb_feet_2eb949a4d66af5a3.jpg,rit_healthy_feet,healthy_skin,non_wound,rit_g1728,0.706,14,yes
experiments/v2/rit/images/lower_limb_feet_2c72e19d1b7aa20b.jpg,rit_healthy_feet,healthy_skin,non_wound,rit_g1728,0.690,15,yes
experiments/v2/rit/images/lower_limb_feet_824897580192b493.jpg,rit_healthy_feet,healthy_skin,non_wound,rit_g1388,0.707,13,yes
experiments/v2/rit/images/lower_limb_feet_8c095b604f1ab68d.jpg,rit_healthy_feet,healthy_skin,non_wound,rit_g1728,0.696,17,yes
experiments/v2/rit/images/lower_limb_feet_b215810b6ab2a8fb.jpg,rit_healthy_feet,healthy_skin,non_wound,rit_g1390,0.647,15,yes
experiments/v2/rit/images/lower_limb_feet_0d653664112ea3af.jpg,rit_healthy_feet,healthy_skin,non_wound,rit_g1728,0.667,14,yes
experiments/v2/rit/images/lower_limb_feet_3867335e8f995e6e.jpg,rit_healthy_feet,healthy_skin,non_wound,rit_g1392,0.705,17,yes
experiments/v2/rit/images/lower_limb_feet_cf4c68fec67c3b49.jpg,rit_healthy_feet,healthy_skin,non_wound,rit_g1393,0.751,17,no
experiments/v2/rit/images/lower_limb_feet_f40ca8175d0424ba.jpg,rit_healthy_feet,healthy_skin,non_wound,rit_g1394,0.727,15,yes
experiments/v2/rit/images/lower_limb_feet_a5a057f8637598f9.jpg,rit_healthy_feet,healthy_skin,non_wound,rit_g1395,0.725,13,yes
experiments/v2/rit/images/lower_limb_feet_4b8f599c5cff49ad.jpg,rit_healthy_feet,healthy_skin,non_wound,rit_g1396,0.733,10,yes
experiments/v2/rit/images/lower_limb_feet_b3858fd7f8687047.jpg,rit_healthy_feet,healthy_skin,non_wound,rit_g1397,0.708,13,yes
experiments/v2/rit/images/lower_limb_feet_8756c9758a014ee6.jpg,rit_healthy_feet,healthy_skin,non_wound,rit_g1398,0.707,14,yes
experiments/v2/rit/images/lower_limb_feet_36420e11002a2104.jpg,rit_healthy_feet,healthy_skin,non_wound,rit_g1399,0.721,13,yes
experiments/v2/rit/images/lower_limb_feet_2cb4dcaf088ddeea.jpg,rit_healthy_feet,healthy_skin,non_wound,rit_g1678,0.695,15,yes
experiments/v2/rit/images/lower_limb_feet_98fff1ce8a5586bf.jpg,rit_healthy_feet,healthy_skin,non_wound,rit_g1401,0.746,14,yes
experiments/v2/rit/images/lower_limb_feet_acff8aceebce8169.jpg,rit_healthy_feet,healthy_skin,non_wound,rit_g1678,0.713,13,yes
experiments/v2/rit/images/lower_limb_feet_a4f3cc67875b43ec.jpg,rit_healthy_feet,healthy_skin,non_wound,rit_g1728,0.741,18,yes
experiments/v2/rit/images/lower_limb_feet_ca9acb8412fa4902.jpg,rit_healthy_feet,healthy_skin,non_wound,rit_g1728,0.720,14,yes
experiments/v2/rit/images/lower_limb_feet_60acd57a7e98590f.jpg,rit_healthy_feet,healthy_skin,non_wound,rit_g1405,0.743,13,yes
experiments/v2/rit/images/lower_limb_feet_501eb5759dcfcbf6.jpg,rit_healthy_feet,healthy_skin,non_wound,rit_g1406,0.729,16,yes
experiments/v2/rit/images/lower_limb_feet_e6b1c21043df1bed.jpg,rit_healthy_feet,healthy_skin,non_wound,rit_g1407,0.716,15,yes
experiments/v2/rit/images/lower_limb_feet_3c402cfc35ba28ba.jpg,rit_healthy_feet,healthy_skin,non_wound,rit_g1728,0.687,18,yes
experiments/v2/rit/images/lower_limb_feet_e39c8563bebfc209.jpg,rit_healthy_feet,healthy_skin,non_wound,rit_g1728,0.679,16,yes
experiments/v2/rit/images/lower_limb_feet_210768185c2a2adc.jpg,rit_healthy_feet,healthy_skin,non_wound,rit_g1728,0.684,17,yes
experiments/v2/rit/images/lower_limb_feet_f4e36bcb21dfb99f.jpg,rit_healthy_feet,healthy_skin,non_wound,rit_g1728,0.676,15,yes
experiments/v2/rit/images/lower_limb_feet_226de10b38cc3826.jpg,rit_healthy_feet,healthy_skin,non_wound,rit_g1728,0.690,20,yes
experiments/v2/rit/images/lower_limb_feet_3c94e7a4d41bcbf2.jpg,rit_healthy_feet,healthy_skin,non_wound,rit_g1413,0.756,14,no
experiments/v2/rit/images/lower_limb_feet_0f27bd6aa7e70b73.jpg,rit_healthy_feet,healthy_skin,non_wound,rit_g1728,0.719,11,yes
experiments/v2/rit/images/lower_limb_feet_d5a4851d04d34d16.jpg,rit_healthy_feet,healthy_skin,non_wound,rit_g1728,0.697,12,yes
experiments/v2/rit/images/lower_limb_feet_e0c8ba48ab5cb757.jpg,rit_healthy_feet,healthy_skin,non_wound,rit_g1728,0.698,13,yes
experiments/v2/rit/images/lower_limb_feet_8ee5ee33b7b4980d.jpg,rit_healthy_feet,healthy_skin,non_wound,rit_g1678,0.713,12,yes
experiments/v2/rit/images/lower_limb_feet_fa7a59ef52194ccb.jpg,rit_healthy_feet,healthy_skin,non_wound,rit_g1418,0.732,12,yes
experiments/v2/rit/images/lower_limb_feet_9663b791273768dd.jpg,rit_healthy_feet,healthy_skin,non_wound,rit_g1728,0.726,13,yes
experiments/v2/rit/images/lower_limb_feet_45f96ab670dd1d92.jpg,rit_healthy_feet,healthy_skin,non_wound,rit_g1420,0.717,15,yes
experiments/v2/rit/images/lower_limb_feet_a02cc21ee1f1ca76.jpg,rit_healthy_feet,healthy_skin,non_wound,rit_g1678,0.739,16,yes
experiments/v2/rit/images/lower_limb_feet_9ec9e937f658eb62.jpg,rit_healthy_feet,healthy_skin,non_wound,rit_g1678,0.712,14,yes
experiments/v2/rit/images/lower_limb_feet_e1c80ce758795219.jpg,rit_healthy_feet,healthy_skin,non_wound,rit_g1423,0.714,15,yes
experiments/v2/rit/images/lower_limb_feet_9e752e6e396eda60.jpg,rit_healthy_feet,healthy_skin,non_wound,rit_g1728,0.682,14,yes
experiments/v2/rit/images/lower_limb_feet_589cf6ae1bfa7bed.jpg,rit_healthy_feet,healthy_skin,non_wound,rit_g1728,0.703,17,yes
experiments/v2/rit/images/lower_limb_feet_6650a399a3902def.jpg,rit_healthy_feet,healthy_skin,non_wound,rit_g1728,0.722,20,yes
experiments/v2/rit/images/lower_limb_feet_a493281ff6cd06e3.jpg,rit_healthy_feet,healthy_skin,non_wound,rit_g1728,0.674,14,yes
experiments/v2/rit/images/lower_limb_feet_f85065c71762391f.jpg,rit_healthy_feet,healthy_skin,non_wound,rit_g1678,0.712,13,yes
experiments/v2/rit/images/lower_limb_feet_91a34299c2754154.jpg,rit_healthy_feet,healthy_skin,non_wound,rit_g1678,0.711,14,yes
experiments/v2/rit/images/lower_limb_feet_c1e9fdcb96b38dc5.jpg,rit_healthy_feet,healthy_skin,non_wound,rit_g1430,0.709,17,yes
experiments/v2/rit/images/lower_limb_feet_b178cd3603f59102.jpg,rit_healthy_feet,healthy_skin,non_wound,rit_g1431,0.716,18,yes
experiments/v2/rit/images/lower_limb_feet_c60789e9cba20566.jpg,rit_healthy_feet,healthy_skin,non_wound,rit_g1432,0.660,17,yes
experiments/v2/rit/images/lower_limb_feet_d28989a84722e9f7.jpg,rit_healthy_feet,healthy_skin,non_wound,rit_g1728,0.704,16,yes
experiments/v2/rit/images/lower_limb_feet_3cc208715ac98766.jpg,rit_healthy_feet,healthy_skin,non_wound,rit_g1728,0.688,14,yes
experiments/v2/rit/images/lower_limb_feet_eaa2ca8f1df5d162.jpg,rit_healthy_feet,healthy_skin,non_wound,rit_g1728,0.681,14,yes
experiments/v2/rit/images/lower_limb_feet_9508ae7843e5df3a.jpg,rit_healthy_feet,healthy_skin,non_wound,rit_g1436,0.727,19,yes
experiments/v2/rit/images/lower_limb_feet_3cfc08cde11bb229.jpg,rit_healthy_feet,healthy_skin,non_wound,rit_g1437,0.696,15,yes
experiments/v2/rit/images/lower_limb_feet_8e59407df461961b.jpg,rit_healthy_feet,healthy_skin,non_wound,rit_g1728,0.691,15,yes
experiments/v2/rit/images/lower_limb_feet_1dd476e6b938098a.jpg,rit_healthy_feet,healthy_skin,non_wound,rit_g1678,0.705,16,yes
experiments/v2/rit/images/lower_limb_feet_9c15bbf51715ae3c.jpg,rit_healthy_feet,healthy_skin,non_wound,rit_g1728,0.710,16,yes
experiments/v2/rit/images/lower_limb_feet_5452ba3385100101.jpg,rit_healthy_feet,healthy_skin,non_wound,rit_g1441,0.693,12,yes
experiments/v2/rit/images/lower_limb_feet_400ef5da033ff37e.jpg,rit_healthy_feet,healthy_skin,non_wound,rit_g1728,0.728,16,yes
experiments/v2/rit/images/lower_limb_feet_69d148258b4e6af9.jpg,rit_healthy_feet,healthy_skin,non_wound,rit_g1678,0.702,14,yes
experiments/v2/rit/images/lower_limb_feet_aed3e9d9cef2f072.jpg,rit_healthy_feet,healthy_skin,non_wound,rit_g1444,0.749,15,yes
experiments/v2/rit/images/lower_limb_feet_77353a3515c8ee1b.jpg,rit_healthy_feet,healthy_skin,non_wound,rit_g1728,0.727,17,yes
experiments/v2/rit/images/lower_limb_feet_2ddd2a3a32d197ab.jpg,rit_healthy_feet,healthy_skin,non_wound,rit_g1446,0.702,15,yes
experiments/v2/rit/images/lower_limb_feet_8c7134aae5a9e25a.jpg,rit_healthy_feet,healthy_skin,non_wound,rit_g1728,0.670,9,yes
experiments/v2/rit/images/lower_limb_feet_2d4636d2cb834c19.jpg,rit_healthy_feet,healthy_skin,non_wound,rit_g1448,0.643,16,yes
experiments/v2/rit/images/lower_limb_feet_f513368a13927071.jpg,rit_healthy_feet,healthy_skin,non_wound,rit_g1728,0.698,16,yes
experiments/v2/rit/images/lower_limb_feet_21541465138122c5.jpg,rit_healthy_feet,healthy_skin,non_wound,rit_g1678,0.731,13,yes
experiments/v2/rit/images/lower_limb_feet_605ccf8cd11d1b05.jpg,rit_healthy_feet,healthy_skin,non_wound,rit_g1678,0.687,15,yes
experiments/v2/rit/images/lower_limb_feet_41e0e5fe4d2a8c22.jpg,rit_healthy_feet,healthy_skin,non_wound,rit_g1728,0.688,12,yes
experiments/v2/rit/images/lower_limb_feet_5f07bd4bc133223a.jpg,rit_healthy_feet,healthy_skin,non_wound,rit_g1728,0.705,15,yes
experiments/v2/rit/images/lower_limb_feet_2f7b3cd855cdab84.jpg,rit_healthy_feet,healthy_skin,non_wound,rit_g1454,0.742,15,yes
experiments/v2/rit/images/lower_limb_feet_1202a6cfcfb16cfc.jpg,rit_healthy_feet,healthy_skin,non_wound,rit_g1455,0.664,16,yes
experiments/v2/rit/images/lower_limb_feet_db96ebe8bac68563.jpg,rit_healthy_feet,healthy_skin,non_wound,rit_g1456,0.691,14,yes
experiments/v2/rit/images/lower_limb_feet_55801427a11dcb0e.jpg,rit_healthy_feet,healthy_skin,non_wound,rit_g1728,0.705,16,yes
experiments/v2/rit/images/lower_limb_feet_519fae52216c5881.jpg,rit_healthy_feet,healthy_skin,non_wound,rit_g1728,0.709,20,yes
experiments/v2/rit/images/lower_limb_feet_2c3afeb1bdbaf7fa.jpg,rit_healthy_feet,healthy_skin,non_wound,rit_g1459,0.695,16,yes
experiments/v2/rit/images/lower_limb_feet_c0dba9beec59fbc5.jpg,rit_healthy_feet,healthy_skin,non_wound,rit_g1678,0.714,13,yes
experiments/v2/rit/images/lower_limb_feet_ef36be53f3a9b916.jpg,rit_healthy_feet,healthy_skin,non_wound,rit_g1461,0.706,15,yes
experiments/v2/rit/images/lower_limb_feet_ce239f0c56df4cfc.jpg,rit_healthy_feet,healthy_skin,non_wound,rit_g1462,0.736,15,yes
experiments/v2/rit/images/lower_limb_feet_17cb10855dc33f14.jpg,rit_healthy_feet,healthy_skin,non_wound,rit_g1463,0.719,13,yes
experiments/v2/rit/images/lower_limb_feet_5b6da5b94d07abf3.jpg,rit_healthy_feet,healthy_skin,non_wound,rit_g1464,0.707,15,yes
experiments/v2/rit/images/lower_limb_feet_d253ca1c662bad49.jpg,rit_healthy_feet,healthy_skin,non_wound,rit_g1465,0.679,17,yes
experiments/v2/rit/images/lower_limb_feet_e22dc3d0c3e55c1b.jpg,rit_healthy_feet,healthy_skin,non_wound,rit_g1466,0.685,17,yes
experiments/v2/rit/images/lower_limb_feet_ce2840efd2bf9cef.jpg,rit_healthy_feet,healthy_skin,non_wound,rit_g1467,0.718,16,yes
experiments/v2/rit/images/lower_limb_feet_5b4a2b70b38adbea.jpg,rit_healthy_feet,healthy_skin,non_wound,rit_g1468,0.680,15,yes
experiments/v2/rit/images/lower_limb_feet_ca2991ed3295cc43.jpg,rit_healthy_feet,healthy_skin,non_wound,rit_g1469,0.675,19,yes
experiments/v2/rit/images/lower_limb_feet_95511f349a449adc.jpg,rit_healthy_feet,healthy_skin,non_wound,rit_g1470,0.464,14,yes
experiments/v2/rit/images/lower_limb_feet_817800c5703f7f0e.jpg,rit_healthy_feet,healthy_skin,non_wound,rit_g1728,0.685,11,yes
experiments/v2/rit/images/lower_limb_feet_4d4e3830f2ad0e16.jpg,rit_healthy_feet,healthy_skin,non_wound,rit_g1728,0.703,13,yes
experiments/v2/rit/images/lower_limb_feet_67c050b7bfe3169d.jpg,rit_healthy_feet,healthy_skin,non_wound,rit_g1728,0.737,18,yes
experiments/v2/rit/images/lower_limb_feet_ea9ffb66a238dc4f.jpg,rit_healthy_feet,healthy_skin,non_wound,rit_g1678,0.712,12,yes
experiments/v2/rit/images/lower_limb_feet_e551f37793890773.jpg,rit_healthy_feet,healthy_skin,non_wound,rit_g1728,0.704,13,yes
experiments/v2/rit/images/lower_limb_feet_df27976d805a2acd.jpg,rit_healthy_feet,healthy_skin,non_wound,rit_g1728,0.744,15,yes
experiments/v2/rit/images/lower_limb_feet_4aaed3910bec0fe6.jpg,rit_healthy_feet,healthy_skin,non_wound,rit_g1728,0.652,13,yes
experiments/v2/rit/images/lower_limb_feet_9c65aa4ab19d9413.jpg,rit_healthy_feet,healthy_skin,non_wound,rit_g1728,0.724,13,yes
experiments/v2/rit/images/lower_limb_feet_cd7ae193cd079da7.jpg,rit_healthy_feet,healthy_skin,non_wound,rit_g1728,0.679,11,yes
experiments/v2/rit/images/lower_limb_feet_0b4d9a1aa13fb327.jpg,rit_healthy_feet,healthy_skin,non_wound,rit_g1480,0.703,15,yes
experiments/v2/rit/images/lower_limb_feet_42d12d72aec4908c.jpg,rit_healthy_feet,healthy_skin,non_wound,rit_g1481,0.722,18,yes
experiments/v2/rit/images/lower_limb_feet_de7944211d55c4b9.jpg,rit_healthy_feet,healthy_skin,non_wound,rit_g1482,0.749,18,yes
experiments/v2/rit/images/lower_limb_feet_728f3de1bbddf3b9.jpg,rit_healthy_feet,healthy_skin,non_wound,rit_g1483,0.765,12,no
experiments/v2/rit/images/lower_limb_feet_60dc40a90d6dfb53.jpg,rit_healthy_feet,healthy_skin,non_wound,rit_g1728,0.720,12,yes
experiments/v2/rit/images/lower_limb_feet_653d9d336a5fea52.jpg,rit_healthy_feet,healthy_skin,non_wound,rit_g1728,0.752,17,no
experiments/v2/rit/images/lower_limb_feet_a93ee173967d90db.jpg,rit_healthy_feet,healthy_skin,non_wound,rit_g1486,0.718,14,yes
experiments/v2/rit/images/lower_limb_feet_32a9e545007f82a7.jpg,rit_healthy_feet,healthy_skin,non_wound,rit_g1487,0.724,15,yes
experiments/v2/rit/images/lower_limb_feet_2a1adca24de34b28.jpg,rit_healthy_feet,healthy_skin,non_wound,rit_g1488,0.732,18,yes
experiments/v2/rit/images/lower_limb_feet_471d2268877580ad.jpg,rit_healthy_feet,healthy_skin,non_wound,rit_g1678,0.715,15,yes
experiments/v2/rit/images/lower_limb_feet_53e3adc7ad3c02ea.jpg,rit_healthy_feet,healthy_skin,non_wound,rit_g1490,0.740,18,yes
experiments/v2/rit/images/lower_limb_feet_fe89dddd22d78af7.jpg,rit_healthy_feet,healthy_skin,non_wound,rit_g1728,0.696,8,yes
experiments/v2/rit/images/lower_limb_feet_7b33135a27a7dfdb.jpg,rit_healthy_feet,healthy_skin,non_wound,rit_g1728,0.738,16,yes
experiments/v2/rit/images/lower_limb_feet_b9b6286afe2b2660.jpg,rit_healthy_feet,healthy_skin,non_wound,rit_g1728,0.683,17,yes
experiments/v2/rit/images/lower_limb_feet_e04f8cb3d7ae0a40.jpg,rit_healthy_feet,healthy_skin,non_wound,rit_g1728,0.697,13,yes
experiments/v2/rit/images/lower_limb_feet_3ed127e67e06a373.jpg,rit_healthy_feet,healthy_skin,non_wound,rit_g1728,0.725,14,yes
experiments/v2/rit/images/lower_limb_feet_824d1b536cbaef8a.jpg,rit_healthy_feet,healthy_skin,non_wound,rit_g1728,0.702,15,yes
experiments/v2/rit/images/lower_limb_feet_e8e98953e07bf5fe.jpg,rit_healthy_feet,healthy_skin,non_wound,rit_g1678,0.724,13,yes
experiments/v2/rit/images/lower_limb_feet_b0913acd53a84046.jpg,rit_healthy_feet,healthy_skin,non_wound,rit_g1498,0.721,14,yes
experiments/v2/rit/images/lower_limb_feet_6c39835f0d785261.jpg,rit_healthy_feet,healthy_skin,non_wound,rit_g1728,0.731,14,yes
experiments/v2/rit/images/lower_limb_feet_de14b7a572de1f02.jpg,rit_healthy_feet,healthy_skin,non_wound,rit_g1500,0.734,16,yes
experiments/v2/rit/images/lower_limb_feet_f343bb0ed229a685.jpg,rit_healthy_feet,healthy_skin,non_wound,rit_g1678,0.730,14,yes
experiments/v2/rit/images/lower_limb_feet_f953159291022c1b.jpg,rit_healthy_feet,healthy_skin,non_wound,rit_g1502,0.752,16,no
experiments/v2/rit/images/lower_limb_feet_155c3a62fa5e155f.jpg,rit_healthy_feet,healthy_skin,non_wound,rit_g1728,0.764,10,no
experiments/v2/rit/images/lower_limb_feet_dc13f3927956aded.jpg,rit_healthy_feet,healthy_skin,non_wound,rit_g1728,0.757,14,no
experiments/v2/rit/images/lower_limb_feet_6cdd2dc2f78c7959.jpg,rit_healthy_feet,healthy_skin,non_wound,rit_g1728,0.713,11,yes
experiments/v2/rit/images/lower_limb_feet_d0555d84690f868a.jpg,rit_healthy_feet,healthy_skin,non_wound,rit_g1728,0.737,18,yes
experiments/v2/rit/images/lower_limb_feet_bbb476ededa626b7.jpg,rit_healthy_feet,healthy_skin,non_wound,rit_g1507,0.716,16,yes
experiments/v2/rit/images/lower_limb_feet_7a6389e31e8a0073.jpg,rit_healthy_feet,healthy_skin,non_wound,rit_g1508,0.712,12,yes
experiments/v2/rit/images/lower_limb_feet_2562662cbf99f01f.jpg,rit_healthy_feet,healthy_skin,non_wound,rit_g1510,0.691,14,yes
experiments/v2/rit/images/lower_limb_feet_e3b4b5aa85fbc3e1.jpg,rit_healthy_feet,healthy_skin,non_wound,rit_g1510,0.679,14,yes
experiments/v2/rit/images/lower_limb_feet_ae1f4fd9f2875797.jpg,rit_healthy_feet,healthy_skin,non_wound,rit_g1511,0.725,10,yes
experiments/v2/rit/images/lower_limb_feet_ee9eb2784b35625a.jpg,rit_healthy_feet,healthy_skin,non_wound,rit_g1513,0.719,14,yes
experiments/v2/rit/images/lower_limb_feet_8b040861e99295ff.jpg,rit_healthy_feet,healthy_skin,non_wound,rit_g1513,0.737,17,yes
experiments/v2/rit/images/lower_limb_feet_812415dbfa9f567d.jpg,rit_healthy_feet,healthy_skin,non_wound,rit_g1728,0.680,14,yes
experiments/v2/rit/images/lower_limb_feet_e41fcfd402c7bc47.jpg,rit_healthy_feet,healthy_skin,non_wound,rit_g1515,0.701,11,yes
experiments/v2/rit/images/lower_limb_feet_6e1b86128d092644.jpg,rit_healthy_feet,healthy_skin,non_wound,rit_g1728,0.690,16,yes
experiments/v2/rit/images/lower_limb_feet_6e450f751bfa8625.jpg,rit_healthy_feet,healthy_skin,non_wound,rit_g1728,0.707,18,yes
experiments/v2/rit/images/lower_limb_feet_9319d4ac4e118143.jpg,rit_healthy_feet,healthy_skin,non_wound,rit_g1728,0.692,15,yes
experiments/v2/rit/images/lower_limb_feet_9a097944eed14f6e.jpg,rit_healthy_feet,healthy_skin,non_wound,rit_g1728,0.718,18,yes
experiments/v2/rit/images/lower_limb_feet_37d50f4072096466.jpg,rit_healthy_feet,healthy_skin,non_wound,rit_g1520,0.727,11,yes
experiments/v2/rit/images/lower_limb_feet_f3e3d8ca84da483a.jpg,rit_healthy_feet,healthy_skin,non_wound,rit_g1521,0.714,16,yes
experiments/v2/rit/images/lower_limb_feet_0d7b9737019dc02c.jpg,rit_healthy_feet,healthy_skin,non_wound,rit_g1672,0.734,16,yes
experiments/v2/rit/images/lower_limb_feet_432a31eca06d2748.jpg,rit_healthy_feet,healthy_skin,non_wound,rit_g1523,0.728,12,yes
experiments/v2/rit/images/lower_limb_feet_72ee44685c90f6ba.jpg,rit_healthy_feet,healthy_skin,non_wound,rit_g1524,0.744,15,yes
experiments/v2/rit/images/lower_limb_feet_e899deee7d57d330.jpg,rit_healthy_feet,healthy_skin,non_wound,rit_g1728,0.707,16,yes
experiments/v2/rit/images/lower_limb_feet_d37eb8bd9074257b.jpg,rit_healthy_feet,healthy_skin,non_wound,rit_g1728,0.749,15,yes
experiments/v2/rit/images/lower_limb_feet_a343f0a06cd78bee.jpg,rit_healthy_feet,healthy_skin,non_wound,rit_g1728,0.741,14,yes
experiments/v2/rit/images/lower_limb_feet_571b28fbaab69cc7.jpg,rit_healthy_feet,healthy_skin,non_wound,rit_g1528,0.714,15,yes
experiments/v2/rit/images/lower_limb_feet_ca4552d72e7cd8af.jpg,rit_healthy_feet,healthy_skin,non_wound,rit_g1728,0.706,14,yes
experiments/v2/rit/images/lower_limb_feet_7eec8ce88225bc00.jpg,rit_healthy_feet,healthy_skin,non_wound,rit_g1728,0.695,15,yes
experiments/v2/rit/images/lower_limb_feet_f4c4d1d4b84a573b.jpg,rit_healthy_feet,healthy_skin,non_wound,rit_g1531,0.742,10,yes
experiments/v2/rit/images/lower_limb_feet_1e6bbe305e29bd2b.jpg,rit_healthy_feet,healthy_skin,non_wound,rit_g1532,0.700,13,yes
experiments/v2/rit/images/lower_limb_feet_c140029cd09185a8.jpg,rit_healthy_feet,healthy_skin,non_wound,rit_g1728,0.703,11,yes
experiments/v2/rit/images/lower_limb_feet_9bcfef7cae17d297.jpg,rit_healthy_feet,healthy_skin,non_wound,rit_g1728,0.717,13,yes
experiments/v2/rit/images/lower_limb_feet_f8f2ccb1e9431776.jpg,rit_healthy_feet,healthy_skin,non_wound,rit_g1728,0.762,11,no
experiments/v2/rit/images/lower_limb_feet_0c9dbb0e401cd555.jpg,rit_healthy_feet,healthy_skin,non_wound,rit_g1678,0.712,14,yes
experiments/v2/rit/images/lower_limb_feet_291c71a31a4984e2.jpg,rit_healthy_feet,healthy_skin,non_wound,rit_g1537,0.691,13,yes
experiments/v2/rit/images/lower_limb_feet_760b6a7f2b982448.jpg,rit_healthy_feet,healthy_skin,non_wound,rit_g1538,0.693,16,yes
experiments/v2/rit/images/lower_limb_feet_53ac512297aef0b7.jpg,rit_healthy_feet,healthy_skin,non_wound,rit_g1728,0.688,8,yes
experiments/v2/rit/images/lower_limb_feet_ee5609e4fced5c2a.jpg,rit_healthy_feet,healthy_skin,non_wound,rit_g1678,0.716,12,yes
experiments/v2/rit/images/lower_limb_feet_bb66fb5bc1896ea7.jpg,rit_healthy_feet,healthy_skin,non_wound,rit_g1678,0.716,15,yes
experiments/v2/rit/images/lower_limb_feet_d46902b48d92b206.jpg,rit_healthy_feet,healthy_skin,non_wound,rit_g1542,0.734,17,yes
experiments/v2/rit/images/lower_limb_feet_2d5ef28f70b26c56.jpg,rit_healthy_feet,healthy_skin,non_wound,rit_g1728,0.754,14,no
experiments/v2/rit/images/lower_limb_feet_9c969157965245c4.jpg,rit_healthy_feet,healthy_skin,non_wound,rit_g1544,0.731,13,yes
experiments/v2/rit/images/lower_limb_feet_3525e0bef791a761.jpg,rit_healthy_feet,healthy_skin,non_wound,rit_g1545,0.732,19,yes
experiments/v2/rit/images/lower_limb_feet_3ef51ca393df8800.jpg,rit_healthy_feet,healthy_skin,non_wound,rit_g1546,0.728,14,yes
experiments/v2/rit/images/lower_limb_feet_525f3c21b44d4f90.jpg,rit_healthy_feet,healthy_skin,non_wound,rit_g1547,0.711,16,yes
experiments/v2/rit/images/lower_limb_feet_5e055900f3338cf4.jpg,rit_healthy_feet,healthy_skin,non_wound,rit_g1548,0.690,12,yes
experiments/v2/rit/images/lower_limb_feet_5b2df5c8591c164e.jpg,rit_healthy_feet,healthy_skin,non_wound,rit_g1678,0.743,16,yes
experiments/v2/rit/images/lower_limb_feet_d9d5945ec7f06c11.jpg,rit_healthy_feet,healthy_skin,non_wound,rit_g1550,0.711,15,yes
experiments/v2/rit/images/lower_limb_feet_490e7cf139d7e20c.jpg,rit_healthy_feet,healthy_skin,non_wound,rit_g1728,0.728,15,yes
experiments/v2/rit/images/lower_limb_feet_17c37d2984222d5a.jpg,rit_healthy_feet,healthy_skin,non_wound,rit_g1678,0.750,15,no
experiments/v2/rit/images/lower_limb_feet_863df72e7bd97e78.jpg,rit_healthy_feet,healthy_skin,non_wound,rit_g1553,0.716,20,yes
experiments/v2/rit/images/lower_limb_feet_d388f28fca5532e8.jpg,rit_healthy_feet,healthy_skin,non_wound,rit_g1728,0.748,12,yes
experiments/v2/rit/images/lower_limb_feet_333ee439c4285152.jpg,rit_healthy_feet,healthy_skin,non_wound,rit_g1728,0.723,14,yes
experiments/v2/rit/images/lower_limb_feet_9dda3bf5ed23936e.jpg,rit_healthy_feet,healthy_skin,non_wound,rit_g1556,0.771,15,no
experiments/v2/rit/images/lower_limb_feet_1d878232c0944ff5.jpg,rit_healthy_feet,healthy_skin,non_wound,rit_g1557,0.745,14,yes
experiments/v2/rit/images/lower_limb_feet_89452d9f1f6994d9.jpg,rit_healthy_feet,healthy_skin,non_wound,rit_g1558,0.684,13,yes
experiments/v2/rit/images/lower_limb_feet_ea0386519de50a0d.jpg,rit_healthy_feet,healthy_skin,non_wound,rit_g1728,0.764,16,no
experiments/v2/rit/images/lower_limb_feet_14c3f05b70f574cf.jpg,rit_healthy_feet,healthy_skin,non_wound,rit_g1678,0.783,13,no
experiments/v2/rit/images/lower_limb_feet_a91505bf23f14e64.jpg,rit_healthy_feet,healthy_skin,non_wound,rit_g1728,0.731,14,yes
experiments/v2/rit/images/lower_limb_feet_774c6273997f8b6b.jpg,rit_healthy_feet,healthy_skin,non_wound,rit_g1728,0.721,15,yes
experiments/v2/rit/images/lower_limb_feet_3a124418518dc2a7.jpg,rit_healthy_feet,healthy_skin,non_wound,rit_g1728,0.694,13,yes
experiments/v2/rit/images/lower_limb_feet_5b078aea1b3c4e3f.jpg,rit_healthy_feet,healthy_skin,non_wound,rit_g1728,0.705,16,yes
experiments/v2/rit/images/lower_limb_feet_579fa5935adffc49.jpg,rit_healthy_feet,healthy_skin,non_wound,rit_g1728,0.717,14,yes
experiments/v2/rit/images/lower_limb_feet_70d9f529ffbb85dc.jpg,rit_healthy_feet,healthy_skin,non_wound,rit_g1728,0.714,15,yes
experiments/v2/rit/images/lower_limb_feet_ab66d4be2c4658c4.jpg,rit_healthy_feet,healthy_skin,non_wound,rit_g1678,0.732,18,yes
experiments/v2/rit/images/lower_limb_feet_a9dc78f7543f5b26.jpg,rit_healthy_feet,healthy_skin,non_wound,rit_g1678,0.687,14,yes
experiments/v2/rit/images/lower_limb_feet_318d8286836f973d.jpg,rit_healthy_feet,healthy_skin,non_wound,rit_g1569,0.704,17,yes
experiments/v2/rit/images/lower_limb_feet_e44e04ccbc4c10a0.jpg,rit_healthy_feet,healthy_skin,non_wound,rit_g1728,0.752,13,no
experiments/v2/rit/images/lower_limb_feet_250d527151088feb.jpg,rit_healthy_feet,healthy_skin,non_wound,rit_g1571,0.710,16,yes
experiments/v2/rit/images/lower_limb_feet_159949b584ebe26c.jpg,rit_healthy_feet,healthy_skin,non_wound,rit_g1728,0.723,13,yes
experiments/v2/rit/images/lower_limb_feet_e34c3b93763cbe7c.jpg,rit_healthy_feet,healthy_skin,non_wound,rit_g1573,0.734,16,yes
experiments/v2/rit/images/lower_limb_feet_03a6e2a221a2434e.jpg,rit_healthy_feet,healthy_skin,non_wound,rit_g1728,0.719,14,yes
experiments/v2/rit/images/lower_limb_feet_5c4373b558df000b.jpg,rit_healthy_feet,healthy_skin,non_wound,rit_g1575,0.705,12,yes
experiments/v2/rit/images/lower_limb_feet_332bd2048c6f0db1.jpg,rit_healthy_feet,healthy_skin,non_wound,rit_g1576,0.758,14,no
experiments/v2/rit/images/lower_limb_feet_127c1f06c2714d6d.jpg,rit_healthy_feet,healthy_skin,non_wound,rit_g1577,0.731,18,yes
experiments/v2/rit/images/lower_limb_feet_701762eadc70b458.jpg,rit_healthy_feet,healthy_skin,non_wound,rit_g1728,0.731,15,yes
experiments/v2/rit/images/lower_limb_feet_34e540bf2243207c.jpg,rit_healthy_feet,healthy_skin,non_wound,rit_g1728,0.702,15,yes
experiments/v2/rit/images/lower_limb_feet_56cfda9840acb8a8.jpg,rit_healthy_feet,healthy_skin,non_wound,rit_g1728,0.695,13,yes
experiments/v2/rit/images/lower_limb_feet_f04e4d0c66ba3f55.jpg,rit_healthy_feet,healthy_skin,non_wound,rit_g1581,0.673,9,yes
experiments/v2/rit/images/lower_limb_feet_d10c3c1c17412bbe.jpg,rit_healthy_feet,healthy_skin,non_wound,rit_g1728,0.743,17,yes
experiments/v2/rit/images/lower_limb_feet_a5837833f5bea303.jpg,rit_healthy_feet,healthy_skin,non_wound,rit_g1583,0.709,17,yes
experiments/v2/rit/images/lower_limb_feet_1af6e4502dd0140b.jpg,rit_healthy_feet,healthy_skin,non_wound,rit_g1584,0.707,18,yes
experiments/v2/rit/images/lower_limb_feet_ea3f3b423ccbf526.jpg,rit_healthy_feet,healthy_skin,non_wound,rit_g1585,0.727,16,yes
experiments/v2/rit/images/lower_limb_feet_e817822c8c2175a5.jpg,rit_healthy_feet,healthy_skin,non_wound,rit_g1586,0.735,14,yes
experiments/v2/rit/images/lower_limb_feet_9aa6d7f0e29d9957.jpg,rit_healthy_feet,healthy_skin,non_wound,rit_g1728,0.740,14,yes
experiments/v2/rit/images/lower_limb_feet_193cbe48ecfdfccb.jpg,rit_healthy_feet,healthy_skin,non_wound,rit_g1678,0.735,16,yes
experiments/v2/rit/images/lower_limb_feet_da368bb702bd2498.jpg,rit_healthy_feet,healthy_skin,non_wound,rit_g1589,0.763,13,no
experiments/v2/rit/images/lower_limb_feet_ac740cdc9f52dbb9.jpg,rit_healthy_feet,healthy_skin,non_wound,rit_g1678,0.720,16,yes
experiments/v2/rit/images/lower_limb_feet_2e5423f7efdb5e5d.jpg,rit_healthy_feet,healthy_skin,non_wound,rit_g1678,0.761,16,no
experiments/v2/rit/images/lower_limb_feet_175394fc67fbc374.jpg,rit_healthy_feet,healthy_skin,non_wound,rit_g1592,0.749,18,yes
experiments/v2/rit/images/lower_limb_feet_8b8979832af28ae5.jpg,rit_healthy_feet,healthy_skin,non_wound,rit_g1728,0.709,7,yes
experiments/v2/rit/images/lower_limb_feet_1ff3e10ebd0147cd.jpg,rit_healthy_feet,healthy_skin,non_wound,rit_g1626,0.728,15,yes
experiments/v2/rit/images/lower_limb_feet_9be6c1bb0a0cbbd0.jpg,rit_healthy_feet,healthy_skin,non_wound,rit_g1728,0.690,14,yes
experiments/v2/rit/images/lower_limb_feet_81d85eb2b714d682.jpg,rit_healthy_feet,healthy_skin,non_wound,rit_g1728,0.683,17,yes
experiments/v2/rit/images/lower_limb_feet_4e09a4c95c9f3495.jpg,rit_healthy_feet,healthy_skin,non_wound,rit_g1728,0.699,15,yes
experiments/v2/rit/images/lower_limb_feet_6ce2da21053b3517.jpg,rit_healthy_feet,healthy_skin,non_wound,rit_g1598,0.707,16,yes
experiments/v2/rit/images/lower_limb_feet_6ccf02dbd9b90fc8.jpg,rit_healthy_feet,healthy_skin,non_wound,rit_g1599,0.731,15,yes
experiments/v2/rit/images/lower_limb_feet_4235febf592a8561.jpg,rit_healthy_feet,healthy_skin,non_wound,rit_g1728,0.671,10,yes
experiments/v2/rit/images/lower_limb_feet_5cc80c41e6d03e6f.jpg,rit_healthy_feet,healthy_skin,non_wound,rit_g1728,0.694,14,yes
experiments/v2/rit/images/lower_limb_feet_e99958bb6cd21dd1.jpg,rit_healthy_feet,healthy_skin,non_wound,rit_g1122,0.700,15,yes
experiments/v2/rit/images/lower_limb_feet_72559f3655f50efe.jpg,rit_healthy_feet,healthy_skin,non_wound,rit_g1728,0.729,13,yes
experiments/v2/rit/images/lower_limb_feet_a49d18ee35bbb6e3.jpg,rit_healthy_feet,healthy_skin,non_wound,rit_g1678,0.692,12,yes
experiments/v2/rit/images/lower_limb_feet_eda0c37bf1af7fce.jpg,rit_healthy_feet,healthy_skin,non_wound,rit_g1672,0.747,15,yes
experiments/v2/rit/images/lower_limb_feet_44135cf4bdd59eb1.jpg,rit_healthy_feet,healthy_skin,non_wound,rit_g1626,0.701,16,yes
experiments/v2/rit/images/lower_limb_feet_9ece5dfd7f0726e8.jpg,rit_healthy_feet,healthy_skin,non_wound,rit_g1728,0.688,7,yes
experiments/v2/rit/images/lower_limb_feet_2221e8b268a32d6f.jpg,rit_healthy_feet,healthy_skin,non_wound,rit_g1728,0.706,13,yes
experiments/v2/rit/images/lower_limb_feet_85fcd26786f2f3a2.jpg,rit_healthy_feet,healthy_skin,non_wound,rit_g1728,0.700,13,yes
experiments/v2/rit/images/lower_limb_feet_f2de5f6ac61e5c76.jpg,rit_healthy_feet,healthy_skin,non_wound,rit_g1610,0.689,16,yes
experiments/v2/rit/images/lower_limb_feet_d55c967326ae9276.jpg,rit_healthy_feet,healthy_skin,non_wound,rit_g1728,0.746,16,yes
experiments/v2/rit/images/lower_limb_feet_5b8b4cf8e60131c8.jpg,rit_healthy_feet,healthy_skin,non_wound,rit_g1678,0.696,17,yes
experiments/v2/rit/images/lower_limb_feet_ff4a2fa497c3ce2e.jpg,rit_healthy_feet,healthy_skin,non_wound,rit_g1613,0.732,17,yes
experiments/v2/rit/images/lower_limb_feet_0dd69b88b2201734.jpg,rit_healthy_feet,healthy_skin,non_wound,rit_g1614,0.718,16,yes
experiments/v2/rit/images/lower_limb_feet_56d278e951025335.jpg,rit_healthy_feet,healthy_skin,non_wound,rit_g1728,0.704,11,yes
experiments/v2/rit/images/lower_limb_feet_fc85ee0662be6401.jpg,rit_healthy_feet,healthy_skin,non_wound,rit_g1728,0.703,13,yes
experiments/v2/rit/images/lower_limb_feet_56fd80aef6a8a0a3.jpg,rit_healthy_feet,healthy_skin,non_wound,rit_g1728,0.656,14,yes
experiments/v2/rit/images/lower_limb_feet_a0e70e4734ab03b8.jpg,rit_healthy_feet,healthy_skin,non_wound,rit_g1618,0.683,16,yes
experiments/v2/rit/images/lower_limb_feet_0a54b8978ddfcce8.jpg,rit_healthy_feet,healthy_skin,non_wound,rit_g1620,0.698,17,yes
experiments/v2/rit/images/lower_limb_feet_018b490be181bfec.jpg,rit_healthy_feet,healthy_skin,non_wound,rit_g1620,0.682,15,yes
experiments/v2/rit/images/lower_limb_feet_5fb9eb9142989f1f.jpg,rit_healthy_feet,healthy_skin,non_wound,rit_g1728,0.692,16,yes
experiments/v2/rit/images/lower_limb_feet_f446ae9818e5839a.jpg,rit_healthy_feet,healthy_skin,non_wound,rit_g1728,0.674,15,yes
experiments/v2/rit/images/lower_limb_feet_5cba081e65c12f56.jpg,rit_healthy_feet,healthy_skin,non_wound,rit_g1630,0.631,12,yes
experiments/v2/rit/images/lower_limb_feet_5a6eee24d19311ef.jpg,rit_healthy_feet,healthy_skin,non_wound,rit_g1624,0.693,16,yes
experiments/v2/rit/images/lower_limb_feet_89361435762182c0.jpg,rit_healthy_feet,healthy_skin,non_wound,rit_g1728,0.708,18,yes
experiments/v2/rit/images/lower_limb_feet_f32d8711f72ffd22.jpg,rit_healthy_feet,healthy_skin,non_wound,rit_g1626,0.691,17,yes
experiments/v2/rit/images/lower_limb_feet_47e9df9547871182.jpg,rit_healthy_feet,healthy_skin,non_wound,rit_g1627,0.671,16,yes
experiments/v2/rit/images/lower_limb_feet_546d00849a15b874.jpg,rit_healthy_feet,healthy_skin,non_wound,rit_g1636,0.703,8,yes
experiments/v2/rit/images/lower_limb_feet_ed2a00c3556737b9.jpg,rit_healthy_feet,healthy_skin,non_wound,rit_g1728,0.659,11,yes
experiments/v2/rit/images/lower_limb_feet_2329bad2390f553a.jpg,rit_healthy_feet,healthy_skin,non_wound,rit_g1630,0.691,15,yes
experiments/v2/rit/images/lower_limb_feet_ce0e751633bb18d6.jpg,rit_healthy_feet,healthy_skin,non_wound,rit_g1728,0.691,15,yes
experiments/v2/rit/images/lower_limb_feet_4dbc215fff30a01f.jpg,rit_healthy_feet,healthy_skin,non_wound,rit_g1728,0.731,13,yes
experiments/v2/rit/images/lower_limb_feet_c7afbd94fffefa8c.jpg,rit_healthy_feet,healthy_skin,non_wound,rit_g1633,0.705,17,yes
experiments/v2/rit/images/lower_limb_feet_e195383217ba5a6c.jpg,rit_healthy_feet,healthy_skin,non_wound,rit_g1672,0.734,15,yes
experiments/v2/rit/images/lower_limb_feet_8006dea0e1b42691.jpg,rit_healthy_feet,healthy_skin,non_wound,rit_g1635,0.708,17,yes
experiments/v2/rit/images/lower_limb_feet_58eb9702cb24ccb9.jpg,rit_healthy_feet,healthy_skin,non_wound,rit_g1636,0.695,15,yes
experiments/v2/rit/images/lower_limb_feet_697e5a6003b90086.jpg,rit_healthy_feet,healthy_skin,non_wound,rit_g1728,0.679,15,yes
experiments/v2/rit/images/lower_limb_feet_b9b37d3ac317a25b.jpg,rit_healthy_feet,healthy_skin,non_wound,rit_g1728,0.740,15,yes
experiments/v2/rit/images/lower_limb_feet_13ba499d978d9851.jpg,rit_healthy_feet,healthy_skin,non_wound,rit_g1728,0.666,14,yes
experiments/v2/rit/images/lower_limb_feet_ef5459ab15f37b84.jpg,rit_healthy_feet,healthy_skin,non_wound,rit_g1728,0.694,14,yes
experiments/v2/rit/images/lower_limb_feet_7896beeddbae66cc.jpg,rit_healthy_feet,healthy_skin,non_wound,rit_g1728,0.733,16,yes
experiments/v2/rit/images/lower_limb_feet_72d2fdc46304104f.jpg,rit_healthy_feet,healthy_skin,non_wound,rit_g1642,0.736,16,yes
experiments/v2/rit/images/lower_limb_feet_97156cb055db83c1.jpg,rit_healthy_feet,healthy_skin,non_wound,rit_g1643,0.711,18,yes
experiments/v2/rit/images/lower_limb_feet_d9f8b5572126c57d.jpg,rit_healthy_feet,healthy_skin,non_wound,rit_g1728,0.681,12,yes
experiments/v2/rit/images/lower_limb_feet_3720c1832b0642ed.jpg,rit_healthy_feet,healthy_skin,non_wound,rit_g1728,0.705,11,yes
experiments/v2/rit/images/lower_limb_feet_2e80f9ff971c1595.jpg,rit_healthy_feet,healthy_skin,non_wound,rit_g1646,0.685,17,yes
experiments/v2/rit/images/lower_limb_feet_c9b5d8c627ef28b9.jpg,rit_healthy_feet,healthy_skin,non_wound,rit_g1678,0.682,18,yes
experiments/v2/rit/images/lower_limb_feet_5dd76fa7e158ce49.jpg,rit_healthy_feet,healthy_skin,non_wound,rit_g1728,0.742,11,yes
experiments/v2/rit/images/lower_limb_feet_d0ae0fdae942d3a4.jpg,rit_healthy_feet,healthy_skin,non_wound,rit_g1728,0.697,10,yes
experiments/v2/rit/images/lower_limb_feet_1126cea833cbc17c.jpg,rit_healthy_feet,healthy_skin,non_wound,rit_g1650,0.736,17,yes
experiments/v2/rit/images/lower_limb_feet_e290c6bd8df354f8.jpg,rit_healthy_feet,healthy_skin,non_wound,rit_g1678,0.697,17,yes
experiments/v2/rit/images/lower_limb_feet_6c92b33f9ba0ae0c.jpg,rit_healthy_feet,healthy_skin,non_wound,rit_g1728,0.701,16,yes
experiments/v2/rit/images/lower_limb_feet_768bb5eb958808ce.jpg,rit_healthy_feet,healthy_skin,non_wound,rit_g1728,0.723,15,yes
experiments/v2/rit/images/lower_limb_feet_4ac36a1175721c14.jpg,rit_healthy_feet,healthy_skin,non_wound,rit_g1678,0.698,16,yes
experiments/v2/rit/images/lower_limb_feet_0a8ec6b1da2a2015.jpg,rit_healthy_feet,healthy_skin,non_wound,rit_g1728,0.696,15,yes
experiments/v2/rit/images/lower_limb_feet_25ce24dc415f7362.jpg,rit_healthy_feet,healthy_skin,non_wound,rit_g1728,0.690,15,yes
experiments/v2/rit/images/lower_limb_feet_092c8bc5837cd7c8.jpg,rit_healthy_feet,healthy_skin,non_wound,rit_g1728,0.684,12,yes
experiments/v2/rit/images/lower_limb_feet_cbd04d8aec0de453.jpg,rit_healthy_feet,healthy_skin,non_wound,rit_g1658,0.696,15,yes
experiments/v2/rit/images/lower_limb_feet_eb59f93efd32b164.jpg,rit_healthy_feet,healthy_skin,non_wound,rit_g1659,0.703,15,yes
experiments/v2/rit/images/lower_limb_feet_1fe88435ae2baeee.jpg,rit_healthy_feet,healthy_skin,non_wound,rit_g1728,0.713,15,yes
experiments/v2/rit/images/lower_limb_feet_7c91abb6a450ffcc.jpg,rit_healthy_feet,healthy_skin,non_wound,rit_g1728,0.716,14,yes
experiments/v2/rit/images/lower_limb_feet_9e1474f0cbc20ac7.jpg,rit_healthy_feet,healthy_skin,non_wound,rit_g1662,0.700,8,yes
experiments/v2/rit/images/lower_limb_feet_86ebeb98961df80c.jpg,rit_healthy_feet,healthy_skin,non_wound,rit_g1663,0.735,15,yes
experiments/v2/rit/images/lower_limb_feet_97ef9bbe0a27563d.jpg,rit_healthy_feet,healthy_skin,non_wound,rit_g1728,0.690,13,yes
experiments/v2/rit/images/lower_limb_feet_eea493555a6a790e.jpg,rit_healthy_feet,healthy_skin,non_wound,rit_g1665,0.728,14,yes
experiments/v2/rit/images/lower_limb_feet_2f9f8bf3d99086e0.jpg,rit_healthy_feet,healthy_skin,non_wound,rit_g1666,0.705,18,yes
experiments/v2/rit/images/lower_limb_feet_58bad8c42eb2b827.jpg,rit_healthy_feet,healthy_skin,non_wound,rit_g1728,0.688,14,yes
experiments/v2/rit/images/lower_limb_feet_8d930ed170c7fb7a.jpg,rit_healthy_feet,healthy_skin,non_wound,rit_g1728,0.694,10,yes
experiments/v2/rit/images/lower_limb_feet_9adcc42f84cf2142.jpg,rit_healthy_feet,healthy_skin,non_wound,rit_g1678,0.695,14,yes
experiments/v2/rit/images/lower_limb_feet_f9e5d27c13ff414d.jpg,rit_healthy_feet,healthy_skin,non_wound,rit_g1672,0.714,14,yes
experiments/v2/rit/images/lower_limb_feet_3f4d2a3e581ae64d.jpg,rit_healthy_feet,healthy_skin,non_wound,rit_g1678,0.723,16,yes
experiments/v2/rit/images/lower_limb_feet_ebf2ff12a52764fd.jpg,rit_healthy_feet,healthy_skin,non_wound,rit_g1672,0.732,16,yes
experiments/v2/rit/images/lower_limb_feet_c56b54183ee9c497.jpg,rit_healthy_feet,healthy_skin,non_wound,rit_g1728,0.696,9,yes
experiments/v2/rit/images/lower_limb_feet_206821687bd25e73.jpg,rit_healthy_feet,healthy_skin,non_wound,rit_g1728,0.696,16,yes
experiments/v2/rit/images/lower_limb_feet_06ea1bc679d94e94.jpg,rit_healthy_feet,healthy_skin,non_wound,rit_g1728,0.729,15,yes
experiments/v2/rit/images/lower_limb_feet_1ae9c634c8f88f4d.jpg,rit_healthy_feet,healthy_skin,non_wound,rit_g1728,0.712,13,yes
experiments/v2/rit/images/lower_limb_feet_0a05846da8e227cb.jpg,rit_healthy_feet,healthy_skin,non_wound,rit_g1728,0.724,13,yes
experiments/v2/rit/images/lower_limb_feet_768d94b37ae2ff90.jpg,rit_healthy_feet,healthy_skin,non_wound,rit_g1678,0.673,17,yes
experiments/v2/rit/images/lower_limb_feet_638b02677dfc715f.jpg,rit_healthy_feet,healthy_skin,non_wound,rit_g1728,0.699,14,yes
experiments/v2/rit/images/lower_limb_feet_1724f651d657f3be.jpg,rit_healthy_feet,healthy_skin,non_wound,rit_g1680,0.729,16,yes
experiments/v2/rit/images/lower_limb_feet_ead25a6ebe5886bf.jpg,rit_healthy_feet,healthy_skin,non_wound,rit_g1728,0.680,16,yes
experiments/v2/rit/images/lower_limb_feet_1c53cca0c40c3626.jpg,rit_healthy_feet,healthy_skin,non_wound,rit_g1682,0.713,12,yes
experiments/v2/rit/images/lower_limb_feet_19ebcbe959920969.jpg,rit_healthy_feet,healthy_skin,non_wound,rit_g1683,0.709,18,yes
experiments/v2/rit/images/lower_limb_feet_8369d72821a9b093.jpg,rit_healthy_feet,healthy_skin,non_wound,rit_g1684,0.732,14,yes
experiments/v2/rit/images/lower_limb_feet_cef91c9c8420135e.jpg,rit_healthy_feet,healthy_skin,non_wound,rit_g1690,0.682,16,yes
experiments/v2/rit/images/lower_limb_feet_7c561ebe24c13d5e.jpg,rit_healthy_feet,healthy_skin,non_wound,rit_g1728,0.683,12,yes
experiments/v2/rit/images/lower_limb_feet_0dac5ff99131b6b7.jpg,rit_healthy_feet,healthy_skin,non_wound,rit_g1688,0.657,16,yes
experiments/v2/rit/images/lower_limb_feet_d42e887661a97bf2.jpg,rit_healthy_feet,healthy_skin,non_wound,rit_g1688,0.675,14,yes
experiments/v2/rit/images/lower_limb_feet_d2c8a8ca45052856.jpg,rit_healthy_feet,healthy_skin,non_wound,rit_g1728,0.672,17,yes
experiments/v2/rit/images/lower_limb_feet_ddda1c52caf1b1ff.jpg,rit_healthy_feet,healthy_skin,non_wound,rit_g1690,0.676,15,yes
experiments/v2/rit/images/lower_limb_feet_91c1a1d16576794b.jpg,rit_healthy_feet,healthy_skin,non_wound,rit_g1692,0.668,16,yes
experiments/v2/rit/images/lower_limb_feet_4227b66c810d7324.jpg,rit_healthy_feet,healthy_skin,non_wound,rit_g1692,0.674,17,yes
experiments/v2/rit/images/lower_limb_feet_c2ac0b6141e63ddb.jpg,rit_healthy_feet,healthy_skin,non_wound,rit_g1693,0.726,14,yes
experiments/v2/rit/images/lower_limb_feet_e2e7176489457c79.jpg,rit_healthy_feet,healthy_skin,non_wound,rit_g1694,0.702,12,yes
experiments/v2/rit/images/lower_limb_feet_d780f8741969159d.jpg,rit_healthy_feet,healthy_skin,non_wound,rit_g1695,0.722,10,yes
experiments/v2/rit/images/lower_limb_feet_59c22c2346ad2a1d.jpg,rit_healthy_feet,healthy_skin,non_wound,rit_g1728,0.663,16,yes
experiments/v2/rit/images/lower_limb_feet_e9692a2e6967bf01.jpg,rit_healthy_feet,healthy_skin,non_wound,rit_g1699,0.697,17,yes
experiments/v2/rit/images/lower_limb_feet_72c48e3defeb174c.jpg,rit_healthy_feet,healthy_skin,non_wound,rit_g1698,0.722,14,yes
experiments/v2/rit/images/lower_limb_feet_0f1d9676fe212d26.jpg,rit_healthy_feet,healthy_skin,non_wound,rit_g1699,0.689,19,yes
experiments/v2/rit/images/lower_limb_feet_a47b629083f416a0.jpg,rit_healthy_feet,healthy_skin,non_wound,rit_g1700,0.727,16,yes
experiments/v2/rit/images/lower_limb_feet_a642ef72816ec6e1.jpg,rit_healthy_feet,healthy_skin,non_wound,rit_g1728,0.682,12,yes
experiments/v2/rit/images/lower_limb_feet_4b11a5bcf4153575.jpg,rit_healthy_feet,healthy_skin,non_wound,rit_g1728,0.736,13,yes
experiments/v2/rit/images/lower_limb_feet_5068ba4fc9f8d34f.jpg,rit_healthy_feet,healthy_skin,non_wound,rit_g1728,0.724,14,yes
experiments/v2/rit/images/lower_limb_feet_5e012ee91d54d968.jpg,rit_healthy_feet,healthy_skin,non_wound,rit_g1728,0.692,12,yes
experiments/v2/rit/images/lower_limb_feet_c0c801c6f3484777.jpg,rit_healthy_feet,healthy_skin,non_wound,rit_g1728,0.664,14,yes
experiments/v2/rit/images/lower_limb_feet_1dc19c608a6551c9.jpg,rit_healthy_feet,healthy_skin,non_wound,rit_g1706,0.690,16,yes
experiments/v2/rit/images/lower_limb_feet_d5fc74e390bdd488.jpg,rit_healthy_feet,healthy_skin,non_wound,rit_g1707,0.716,15,yes
experiments/v2/rit/images/lower_limb_feet_4f33856dbb3cd3d4.jpg,rit_healthy_feet,healthy_skin,non_wound,rit_g1672,0.764,13,no
experiments/v2/rit/images/lower_limb_feet_d66f92a5b4e07d88.jpg,rit_healthy_feet,healthy_skin,non_wound,rit_g1709,0.736,15,yes
experiments/v2/rit/images/lower_limb_feet_389aef8a710047f2.jpg,rit_healthy_feet,healthy_skin,non_wound,rit_g1728,0.713,14,yes
experiments/v2/rit/images/lower_limb_feet_87750606bedde6c1.jpg,rit_healthy_feet,healthy_skin,non_wound,rit_g1728,0.722,9,yes
experiments/v2/rit/images/lower_limb_feet_c0b81027e6250ae4.jpg,rit_healthy_feet,healthy_skin,non_wound,rit_g1712,0.732,14,yes
experiments/v2/rit/images/lower_limb_feet_d182ab05bbb745da.jpg,rit_healthy_feet,healthy_skin,non_wound,rit_g1728,0.722,18,yes
experiments/v2/rit/images/lower_limb_feet_6c2346f70bb2ddf5.jpg,rit_healthy_feet,healthy_skin,non_wound,rit_g1678,0.708,18,yes
experiments/v2/rit/images/lower_limb_feet_c7bda37a3f54f9ac.jpg,rit_healthy_feet,healthy_skin,non_wound,rit_g1715,0.741,16,yes
experiments/v2/rit/images/lower_limb_feet_751c5d80c47bffe2.jpg,rit_healthy_feet,healthy_skin,non_wound,rit_g1728,0.739,17,yes
experiments/v2/rit/images/lower_limb_feet_593eea414bb37860.jpg,rit_healthy_feet,healthy_skin,non_wound,rit_g1728,0.720,17,yes
experiments/v2/rit/images/lower_limb_feet_164d00b02b3fb3f4.jpg,rit_healthy_feet,healthy_skin,non_wound,rit_g1718,0.706,16,yes
experiments/v2/rit/images/lower_limb_feet_9c955c072f9d25b0.jpg,rit_healthy_feet,healthy_skin,non_wound,rit_g1678,0.716,17,yes
experiments/v2/rit/images/lower_limb_feet_8767223db1f86eb3.jpg,rit_healthy_feet,healthy_skin,non_wound,rit_g1728,0.747,16,yes
experiments/v2/rit/images/lower_limb_feet_42ff89ffd8008cdd.jpg,rit_healthy_feet,healthy_skin,non_wound,rit_g1728,0.697,16,yes
experiments/v2/rit/images/lower_limb_feet_040db6edb86d9253.jpg,rit_healthy_feet,healthy_skin,non_wound,rit_g1728,0.687,12,yes
experiments/v2/rit/images/lower_limb_feet_fa91178540d859ee.jpg,rit_healthy_feet,healthy_skin,non_wound,rit_g1723,0.734,16,yes
experiments/v2/rit/images/lower_limb_feet_fcaab419f553c0a8.jpg,rit_healthy_feet,healthy_skin,non_wound,rit_g1678,0.709,17,yes
experiments/v2/rit/images/lower_limb_feet_498fc03b88955f94.jpg,rit_healthy_feet,healthy_skin,non_wound,rit_g1725,0.703,16,yes
experiments/v2/rit/images/lower_limb_feet_2b67a37c3f44f9b0.jpg,rit_healthy_feet,healthy_skin,non_wound,rit_g1726,0.753,17,no
experiments/v2/rit/images/lower_limb_feet_55675f471acfe9ad.jpg,rit_healthy_feet,healthy_skin,non_wound,rit_g1728,0.691,18,yes
experiments/v2/rit/images/lower_limb_feet_af632bc8e7021a15.jpg,rit_healthy_feet,healthy_skin,non_wound,rit_g1728,0.726,17,yes
experiments/v2/rit/images/lower_limb_feet_42641c88651b093f.jpg,rit_healthy_feet,healthy_skin,non_wound,rit_g1729,0.764,14,no
experiments/v2/rit/images/lower_limb_feet_6445a48a69c8838a.jpg,rit_healthy_feet,healthy_skin,non_wound,rit_g1728,0.702,15,yes
experiments/v2/rit/images/lower_limb_feet_b9070414ef4ee8f6.jpg,rit_healthy_feet,healthy_skin,non_wound,rit_g1728,0.710,8,yes
experiments/v2/rit/images/lower_limb_feet_c3615064eaf2dfce.jpg,rit_healthy_feet,healthy_skin,non_wound,rit_g1728,0.693,14,yes
experiments/v2/rit/images/lower_limb_feet_8c3b11cdef535502.jpg,rit_healthy_feet,healthy_skin,non_wound,rit_g1733,0.708,16,yes
experiments/v2/rit/images/lower_limb_feet_f0e3e6ea44c62879.jpg,rit_healthy_feet,healthy_skin,non_wound,rit_g1728,0.720,18,yes
experiments/v2/rit/images/lower_limb_feet_eb5c23690f3772b5.jpg,rit_healthy_feet,healthy_skin,non_wound,rit_g1728,0.710,14,yes
experiments/v2/rit/images/lower_limb_feet_d0f8c2837604cb1f.jpg,rit_healthy_feet,healthy_skin,non_wound,rit_g1728,0.707,16,yes
experiments/v2/rit/images/lower_limb_feet_794f191430d2bf70.jpg,rit_healthy_feet,healthy_skin,non_wound,rit_g1728,0.738,14,yes
experiments/v2/rit/images/lower_limb_feet_401d0f338a0135ac.jpg,rit_healthy_feet,healthy_skin,non_wound,rit_g1678,0.720,18,yes
experiments/v2/rit/images/lower_limb_feet_817fd49a3c3cb174.jpg,rit_healthy_feet,healthy_skin,non_wound,rit_g1728,0.715,16,yes
experiments/v2/rit/images/lower_limb_feet_0af83b79b5e00f28.jpg,rit_healthy_feet,healthy_skin,non_wound,rit_g1728,0.714,16,yes
experiments/v2/rit/images/lower_limb_feet_85feb3c0fce0aed6.jpg,rit_healthy_feet,healthy_skin,non_wound,rit_g1728,0.734,12,yes
experiments/v2/rit/images/lower_limb_feet_49a73194b27905db.jpg,rit_healthy_feet,healthy_skin,non_wound,rit_g1678,0.717,14,yes
experiments/v2/rit/images/lower_limb_feet_71f787e55ea61858.jpg,rit_healthy_feet,healthy_skin,non_wound,rit_g1743,0.696,16,yes
experiments/v2/rit/images/lower_limb_feet_64e9d83b78864621.jpg,rit_healthy_feet,healthy_skin,non_wound,rit_g1728,0.748,15,yes
experiments/v2/rit/images/lower_limb_feet_05bc75910c230afb.jpg,rit_healthy_feet,healthy_skin,non_wound,rit_g1745,0.701,16,yes
experiments/v2/rit/images/lower_limb_feet_d893864e3796f666.jpg,rit_healthy_feet,healthy_skin,non_wound,rit_g1728,0.705,16,yes
experiments/v2/rit/images/lower_limb_feet_145196db7b57a76f.jpg,rit_healthy_feet,healthy_skin,non_wound,rit_g1678,0.734,17,yes
experiments/v2/rit/images/lower_limb_feet_c5f39d6d71257e21.jpg,rit_healthy_feet,healthy_skin,non_wound,rit_g1748,0.708,18,yes
experiments/v2/rit/images/lower_limb_feet_e139520164b7a4e2.jpg,rit_healthy_feet,healthy_skin,non_wound,rit_g1728,0.679,16,yes
experiments/v2/rit/images/lower_limb_wounds_0d8f21fcc942ed35.jpg,rit_chronic_wounds,chronic_wound_out_of_scope,chronic_wound,rit_g1750,0.670,11,yes
experiments/v2/rit/images/lower_limb_wounds_1a732dec7346d12d.jpg,rit_chronic_wounds,chronic_wound_out_of_scope,chronic_wound,rit_g1751,0.731,17,yes
experiments/v2/rit/images/lower_limb_wounds_a498ef882e268edd.jpg,rit_chronic_wounds,chronic_wound_out_of_scope,chronic_wound,rit_g1752,0.683,14,yes
experiments/v2/rit/images/lower_limb_wounds_b4348e64b1d6fb38.jpg,rit_chronic_wounds,chronic_wound_out_of_scope,chronic_wound,rit_g1753,0.707,14,yes
experiments/v2/rit/images/lower_limb_wounds_cf157dadb42d6024.jpg,rit_chronic_wounds,chronic_wound_out_of_scope,chronic_wound,rit_g1754,0.629,17,yes
experiments/v2/rit/images/lower_limb_wounds_f8a8476f5755370b.jpg,rit_chronic_wounds,chronic_wound_out_of_scope,chronic_wound,rit_g1755,0.649,15,yes
experiments/v2/rit/images/lower_limb_wounds_d44fa26ac2ee692e.jpg,rit_chronic_wounds,chronic_wound_out_of_scope,chronic_wound,rit_g1756,0.653,17,yes
experiments/v2/rit/images/lower_limb_wounds_f004c836c8f4726b.jpg,rit_chronic_wounds,chronic_wound_out_of_scope,chronic_wound,rit_g1757,0.679,18,yes
experiments/v2/rit/images/lower_limb_wounds_9fff420e2fc0f8a4.jpg,rit_chronic_wounds,chronic_wound_out_of_scope,chronic_wound,rit_g1758,0.720,17,yes
experiments/v2/rit/images/lower_limb_wounds_d1c524310d0241eb.jpg,rit_chronic_wounds,chronic_wound_out_of_scope,chronic_wound,rit_g1759,0.706,14,yes
experiments/v2/rit/images/lower_limb_wounds_5323d31b5a16aa8f.jpg,rit_chronic_wounds,chronic_wound_out_of_scope,chronic_wound,rit_g1760,0.718,17,yes
experiments/v2/rit/images/lower_limb_wounds_03a37f2d185b734a.jpg,rit_chronic_wounds,chronic_wound_out_of_scope,chronic_wound,rit_g1761,0.692,12,yes
experiments/v2/rit/images/lower_limb_wounds_32e98b488d064570.jpg,rit_chronic_wounds,chronic_wound_out_of_scope,chronic_wound,rit_g1762,0.724,15,yes
experiments/v2/rit/images/lower_limb_wounds_52d57b45ffb56286.jpg,rit_chronic_wounds,chronic_wound_out_of_scope,chronic_wound,rit_g1763,0.658,18,yes
experiments/v2/rit/images/lower_limb_wounds_b740d2aa85d8c7d1.jpg,rit_chronic_wounds,chronic_wound_out_of_scope,chronic_wound,rit_g1764,0.713,12,yes
experiments/v2/rit/images/lower_limb_wounds_2316149a6b0b8100.jpg,rit_chronic_wounds,chronic_wound_out_of_scope,chronic_wound,rit_g1765,0.689,14,yes
experiments/v2/rit/images/lower_limb_wounds_6d6979487a60913d.jpg,rit_chronic_wounds,chronic_wound_out_of_scope,chronic_wound,rit_g1766,0.699,14,yes
experiments/v2/rit/images/lower_limb_wounds_448d170dbfec916a.jpg,rit_chronic_wounds,chronic_wound_out_of_scope,chronic_wound,rit_g1767,0.686,8,yes
experiments/v2/rit/images/lower_limb_wounds_acf5ac3342149e28.jpg,rit_chronic_wounds,chronic_wound_out_of_scope,chronic_wound,rit_g1768,0.663,13,yes
experiments/v2/rit/images/lower_limb_wounds_070ee403ea367f97.jpg,rit_chronic_wounds,chronic_wound_out_of_scope,chronic_wound,rit_g1769,0.653,12,yes
experiments/v2/rit/images/lower_limb_wounds_d9006a365e32218d.jpg,rit_chronic_wounds,chronic_wound_out_of_scope,chronic_wound,rit_g1770,0.724,14,yes
experiments/v2/rit/images/lower_limb_wounds_361d6cb070e08f66.jpg,rit_chronic_wounds,chronic_wound_out_of_scope,chronic_wound,rit_g1771,0.702,11,yes
experiments/v2/rit/images/lower_limb_wounds_4d6b675c524cf274.jpg,rit_chronic_wounds,chronic_wound_out_of_scope,chronic_wound,rit_g1772,0.730,15,yes
experiments/v2/rit/images/lower_limb_wounds_6f19aed452f0e1b4.jpg,rit_chronic_wounds,chronic_wound_out_of_scope,chronic_wound,rit_g1773,0.704,12,yes
experiments/v2/rit/images/lower_limb_wounds_9c87040288a2096b.jpg,rit_chronic_wounds,chronic_wound_out_of_scope,chronic_wound,rit_g1774,0.674,14,yes
experiments/v2/rit/images/lower_limb_wounds_232fd095624ac737.jpg,rit_chronic_wounds,chronic_wound_out_of_scope,chronic_wound,rit_g1775,0.682,16,yes
experiments/v2/rit/images/lower_limb_wounds_df58dc576524c061.jpg,rit_chronic_wounds,chronic_wound_out_of_scope,chronic_wound,rit_g1776,0.745,13,yes
experiments/v2/rit/images/lower_limb_wounds_1e0169a0c9bbcb06.jpg,rit_chronic_wounds,chronic_wound_out_of_scope,chronic_wound,rit_g1777,0.716,10,yes
experiments/v2/rit/images/lower_limb_wounds_3651c5fdfd669b91.jpg,rit_chronic_wounds,chronic_wound_out_of_scope,chronic_wound,rit_g1778,0.725,16,yes
experiments/v2/rit/images/lower_limb_wounds_44704350fa54f064.jpg,rit_chronic_wounds,chronic_wound_out_of_scope,chronic_wound,rit_g1779,0.708,13,yes
experiments/v2/rit/images/lower_limb_wounds_1ecedde735f186e0.jpg,rit_chronic_wounds,chronic_wound_out_of_scope,chronic_wound,rit_g1780,0.710,15,yes
experiments/v2/rit/images/lower_limb_wounds_b15a9084154d3959.jpg,rit_chronic_wounds,chronic_wound_out_of_scope,chronic_wound,rit_g1781,0.694,13,yes
experiments/v2/rit/images/lower_limb_wounds_d7b1d52f949b8b39.jpg,rit_chronic_wounds,chronic_wound_out_of_scope,chronic_wound,rit_g1782,0.709,14,yes
experiments/v2/rit/images/lower_limb_wounds_a803719c9907e086.jpg,rit_chronic_wounds,chronic_wound_out_of_scope,chronic_wound,rit_g1783,0.680,15,yes
experiments/v2/rit/images/lower_limb_wounds_d3bba966b0864b5d.jpg,rit_chronic_wounds,chronic_wound_out_of_scope,chronic_wound,rit_g1784,0.692,13,yes
experiments/v2/rit/images/lower_limb_wounds_67c7561ee4fee91d.jpg,rit_chronic_wounds,chronic_wound_out_of_scope,chronic_wound,rit_g1785,0.697,11,yes
experiments/v2/rit/images/lower_limb_wounds_d49b28c7bf905f9a.jpg,rit_chronic_wounds,chronic_wound_out_of_scope,chronic_wound,rit_g1786,0.699,15,yes
experiments/v2/rit/images/lower_limb_wounds_cdda4958b6b65493.jpg,rit_chronic_wounds,chronic_wound_out_of_scope,chronic_wound,rit_g1787,0.713,16,yes
experiments/v2/rit/images/lower_limb_wounds_9b8136378652bcf3.jpg,rit_chronic_wounds,chronic_wound_out_of_scope,chronic_wound,rit_g1788,0.671,16,yes
experiments/v2/rit/images/lower_limb_wounds_49d2c346e23237d7.jpg,rit_chronic_wounds,chronic_wound_out_of_scope,chronic_wound,rit_g1789,0.698,17,yes
experiments/v2/rit/images/lower_limb_wounds_5bd527720afb17f3.jpg,rit_chronic_wounds,chronic_wound_out_of_scope,chronic_wound,rit_g1790,0.722,14,yes
experiments/v2/rit/images/lower_limb_wounds_bb995fc87e0b9e90.jpg,rit_chronic_wounds,chronic_wound_out_of_scope,chronic_wound,rit_g1791,0.644,13,yes
experiments/v2/rit/images/lower_limb_wounds_6e3b122e39f0be65.jpg,rit_chronic_wounds,chronic_wound_out_of_scope,chronic_wound,rit_g1792,0.667,14,yes
experiments/v2/rit/images/lower_limb_wounds_5b244d40c6af2fcc.jpg,rit_chronic_wounds,chronic_wound_out_of_scope,chronic_wound,rit_g1793,0.660,15,yes
experiments/v2/rit/images/lower_limb_wounds_2d3105f9f7f50a62.jpg,rit_chronic_wounds,chronic_wound_out_of_scope,chronic_wound,rit_g1794,0.707,12,yes
experiments/v2/rit/images/lower_limb_wounds_97c5c9fac2137e2d.jpg,rit_chronic_wounds,chronic_wound_out_of_scope,chronic_wound,rit_g1795,0.703,16,yes
experiments/v2/rit/images/lower_limb_wounds_62992fea35992bde.jpg,rit_chronic_wounds,chronic_wound_out_of_scope,chronic_wound,rit_g1796,0.707,13,yes
experiments/v2/rit/images/lower_limb_wounds_ea55c4aad75de82c.jpg,rit_chronic_wounds,chronic_wound_out_of_scope,chronic_wound,rit_g1797,0.695,11,yes
experiments/v2/rit/images/lower_limb_wounds_fb3d74ddff7b0c30.jpg,rit_chronic_wounds,chronic_wound_out_of_scope,chronic_wound,rit_g1798,0.655,14,yes
experiments/v2/rit/images/lower_limb_wounds_946fd93d235443de.jpg,rit_chronic_wounds,chronic_wound_out_of_scope,chronic_wound,rit_g1799,0.684,16,yes
experiments/v2/rit/images/lower_limb_wounds_2ced0f21c0efe349.jpg,rit_chronic_wounds,chronic_wound_out_of_scope,chronic_wound,rit_g1800,0.709,15,yes
experiments/v2/rit/images/lower_limb_wounds_cefba9f1342d2bf1.jpg,rit_chronic_wounds,chronic_wound_out_of_scope,chronic_wound,rit_g1801,0.688,14,yes
experiments/v2/rit/images/lower_limb_wounds_c15ab6e3241d8e15.jpg,rit_chronic_wounds,chronic_wound_out_of_scope,chronic_wound,rit_g1802,0.707,17,yes
experiments/v2/rit/images/lower_limb_wounds_0ef1a177c342d3e4.jpg,rit_chronic_wounds,chronic_wound_out_of_scope,chronic_wound,rit_g1803,0.717,17,yes
experiments/v2/rit/images/lower_limb_wounds_c5aedbc36cb80a7a.jpg,rit_chronic_wounds,chronic_wound_out_of_scope,chronic_wound,rit_g1804,0.685,12,yes
experiments/v2/rit/images/lower_limb_wounds_7ed949fbe1609008.jpg,rit_chronic_wounds,chronic_wound_out_of_scope,chronic_wound,rit_g1805,0.675,13,yes
experiments/v2/rit/images/lower_limb_wounds_2eea15c9df63537b.jpg,rit_chronic_wounds,chronic_wound_out_of_scope,chronic_wound,rit_g1806,0.678,11,yes
experiments/v2/rit/images/lower_limb_wounds_fc83d5ed2cd62f9f.jpg,rit_chronic_wounds,chronic_wound_out_of_scope,chronic_wound,rit_g1820,0.703,16,yes
experiments/v2/rit/images/lower_limb_wounds_210a8d4da6167bfb.jpg,rit_chronic_wounds,chronic_wound_out_of_scope,chronic_wound,rit_g1808,0.698,14,yes
experiments/v2/rit/images/lower_limb_wounds_6387ac8255a60594.jpg,rit_chronic_wounds,chronic_wound_out_of_scope,chronic_wound,rit_g1809,0.718,14,yes
experiments/v2/rit/images/lower_limb_wounds_51e6b81f2022503e.jpg,rit_chronic_wounds,chronic_wound_out_of_scope,chronic_wound,rit_g1810,0.672,15,yes
experiments/v2/rit/images/lower_limb_wounds_9eabc065a52088f8.jpg,rit_chronic_wounds,chronic_wound_out_of_scope,chronic_wound,rit_g1811,0.674,18,yes
experiments/v2/rit/images/lower_limb_wounds_006303209327a207.jpg,rit_chronic_wounds,chronic_wound_out_of_scope,chronic_wound,rit_g1812,0.717,15,yes
experiments/v2/rit/images/lower_limb_wounds_0934698f6edf3b05.jpg,rit_chronic_wounds,chronic_wound_out_of_scope,chronic_wound,rit_g1813,0.689,15,yes
experiments/v2/rit/images/lower_limb_wounds_a77916c0570fff3a.jpg,rit_chronic_wounds,chronic_wound_out_of_scope,chronic_wound,rit_g1814,0.650,15,yes
experiments/v2/rit/images/lower_limb_wounds_869533b9c03b443c.jpg,rit_chronic_wounds,chronic_wound_out_of_scope,chronic_wound,rit_g1815,0.728,13,yes
experiments/v2/rit/images/lower_limb_wounds_756a38f031ee6b78.jpg,rit_chronic_wounds,chronic_wound_out_of_scope,chronic_wound,rit_g1816,0.632,17,yes
experiments/v2/rit/images/lower_limb_wounds_25b2a0cddd4ce907.jpg,rit_chronic_wounds,chronic_wound_out_of_scope,chronic_wound,rit_g1817,0.649,16,yes
experiments/v2/rit/images/lower_limb_wounds_f486bcc4a6228ffa.jpg,rit_chronic_wounds,chronic_wound_out_of_scope,chronic_wound,rit_g1818,0.689,15,yes
experiments/v2/rit/images/lower_limb_wounds_64a5410a0999950a.jpg,rit_chronic_wounds,chronic_wound_out_of_scope,chronic_wound,rit_g1819,0.683,17,yes
experiments/v2/rit/images/lower_limb_wounds_5f5623410ac4cc0d.jpg,rit_chronic_wounds,chronic_wound_out_of_scope,chronic_wound,rit_g1820,0.687,15,yes
experiments/v2/rit/images/lower_limb_wounds_e9569d34fe16b1b6.jpg,rit_chronic_wounds,chronic_wound_out_of_scope,chronic_wound,rit_g1821,0.712,11,yes
experiments/v2/rit/images/lower_limb_wounds_8143bd74e649f165.jpg,rit_chronic_wounds,chronic_wound_out_of_scope,chronic_wound,rit_g1822,0.684,12,yes
experiments/v2/rit/images/lower_limb_wounds_a116a30b2534cd68.jpg,rit_chronic_wounds,chronic_wound_out_of_scope,chronic_wound,rit_g1823,0.688,10,yes
experiments/v2/rit/images/lower_limb_wounds_aa9c240c98cd7276.jpg,rit_chronic_wounds,chronic_wound_out_of_scope,chronic_wound,rit_g1824,0.658,8,yes
experiments/v2/rit/images/lower_limb_wounds_b2b2aac2590f0faf.jpg,rit_chronic_wounds,chronic_wound_out_of_scope,chronic_wound,rit_g1825,0.710,13,yes
experiments/v2/rit/images/lower_limb_wounds_a91c53ecfb5cf396.jpg,rit_chronic_wounds,chronic_wound_out_of_scope,chronic_wound,rit_g1826,0.654,10,yes
experiments/v2/rit/images/lower_limb_wounds_5f0becfa24dc5660.jpg,rit_chronic_wounds,chronic_wound_out_of_scope,chronic_wound,rit_g1827,0.666,14,yes
experiments/v2/rit/images/lower_limb_wounds_8855ee4cc8a8b84f.jpg,rit_chronic_wounds,chronic_wound_out_of_scope,chronic_wound,rit_g1828,0.665,14,yes
experiments/v2/rit/images/lower_limb_wounds_c88a3e2faf3f25f6.jpg,rit_chronic_wounds,chronic_wound_out_of_scope,chronic_wound,rit_g1829,0.685,14,yes
experiments/v2/rit/images/lower_limb_wounds_17c8e30fa8c6b037.jpg,rit_chronic_wounds,chronic_wound_out_of_scope,chronic_wound,rit_g1830,0.685,11,yes
experiments/v2/rit/images/lower_limb_wounds_be55da28c288f9d2.jpg,rit_chronic_wounds,chronic_wound_out_of_scope,chronic_wound,rit_g1831,0.672,14,yes
experiments/v2/rit/images/lower_limb_wounds_b54386b8d81526ee.jpg,rit_chronic_wounds,chronic_wound_out_of_scope,chronic_wound,rit_g1832,0.748,11,yes
experiments/v2/rit/images/lower_limb_wounds_c637842eae92cbf6.jpg,rit_chronic_wounds,chronic_wound_out_of_scope,chronic_wound,rit_g1833,0.702,18,yes
experiments/v2/rit/images/lower_limb_wounds_26ab63a25010ba12.jpg,rit_chronic_wounds,chronic_wound_out_of_scope,chronic_wound,rit_g1834,0.715,14,yes
experiments/v2/rit/images/lower_limb_wounds_ab8c23680bb881e9.jpg,rit_chronic_wounds,chronic_wound_out_of_scope,chronic_wound,rit_g1835,0.672,16,yes
experiments/v2/rit/images/lower_limb_wounds_16b6dfbb9fe3d47e.jpg,rit_chronic_wounds,chronic_wound_out_of_scope,chronic_wound,rit_g1836,0.745,13,yes
experiments/v2/rit/images/lower_limb_wounds_51f75752851bda93.jpg,rit_chronic_wounds,chronic_wound_out_of_scope,chronic_wound,rit_g1837,0.698,14,yes
experiments/v2/rit/images/lower_limb_wounds_ea5e0bdfd19113d3.jpg,rit_chronic_wounds,chronic_wound_out_of_scope,chronic_wound,rit_g1845,0.667,16,yes
experiments/v2/rit/images/lower_limb_wounds_22fde1bff0d5478e.jpg,rit_chronic_wounds,chronic_wound_out_of_scope,chronic_wound,rit_g1839,0.698,14,yes
experiments/v2/rit/images/lower_limb_wounds_a3b7abd441f1c7c5.jpg,rit_chronic_wounds,chronic_wound_out_of_scope,chronic_wound,rit_g1840,0.699,17,yes
experiments/v2/rit/images/lower_limb_wounds_359f2aaf337ff47d.jpg,rit_chronic_wounds,chronic_wound_out_of_scope,chronic_wound,rit_g1841,0.641,8,yes
experiments/v2/rit/images/lower_limb_wounds_78377c9c7c48e079.jpg,rit_chronic_wounds,chronic_wound_out_of_scope,chronic_wound,rit_g1842,0.669,18,yes
experiments/v2/rit/images/lower_limb_wounds_441fe55487e9bf3f.jpg,rit_chronic_wounds,chronic_wound_out_of_scope,chronic_wound,rit_g1843,0.718,10,yes
experiments/v2/rit/images/lower_limb_wounds_0fdd14b8dc458795.jpg,rit_chronic_wounds,chronic_wound_out_of_scope,chronic_wound,rit_g1844,0.704,11,yes
experiments/v2/rit/images/lower_limb_wounds_8d9a09a538f36148.jpg,rit_chronic_wounds,chronic_wound_out_of_scope,chronic_wound,rit_g1845,0.673,16,yes
experiments/v2/rit/images/lower_limb_wounds_d86572cedee599ef.jpg,rit_chronic_wounds,chronic_wound_out_of_scope,chronic_wound,rit_g1846,0.710,12,yes
experiments/v2/rit/images/lower_limb_wounds_8a5deb0714dfa0bd.jpg,rit_chronic_wounds,chronic_wound_out_of_scope,chronic_wound,rit_g1847,0.713,17,yes
experiments/v2/rit/images/lower_limb_wounds_4f47bd9ad374429c.jpg,rit_chronic_wounds,chronic_wound_out_of_scope,chronic_wound,rit_g1848,0.646,12,yes
experiments/v2/rit/images/lower_limb_wounds_2ebfaca6743a1b0b.jpg,rit_chronic_wounds,chronic_wound_out_of_scope,chronic_wound,rit_g1849,0.652,16,yes
experiments/v2/rit/images/lower_limb_wounds_a62181b71528c740.jpg,rit_chronic_wounds,chronic_wound_out_of_scope,chronic_wound,rit_g1850,0.709,10,yes
experiments/v2/rit/images/lower_limb_wounds_e5d1d0878e005404.jpg,rit_chronic_wounds,chronic_wound_out_of_scope,chronic_wound,rit_g1851,0.706,8,yes
experiments/v2/rit/images/lower_limb_wounds_3838fa01ef5c4032.jpg,rit_chronic_wounds,chronic_wound_out_of_scope,chronic_wound,rit_g1852,0.712,17,yes
experiments/v2/rit/images/lower_limb_wounds_2e7a6677021302c7.jpg,rit_chronic_wounds,chronic_wound_out_of_scope,chronic_wound,rit_g1853,0.695,15,yes
experiments/v2/rit/images/lower_limb_wounds_fe802f5c00018bfc.jpg,rit_chronic_wounds,chronic_wound_out_of_scope,chronic_wound,rit_g1854,0.718,17,yes
experiments/v2/rit/images/lower_limb_wounds_5130345f5e30a50c.jpg,rit_chronic_wounds,chronic_wound_out_of_scope,chronic_wound,rit_g1855,0.697,19,yes
experiments/v2/rit/images/lower_limb_wounds_b9ab56a562862ad8.jpg,rit_chronic_wounds,chronic_wound_out_of_scope,chronic_wound,rit_g1856,0.662,14,yes
experiments/v2/rit/images/lower_limb_wounds_8cd125223176e042.jpg,rit_chronic_wounds,chronic_wound_out_of_scope,chronic_wound,rit_g1857,0.668,16,yes
experiments/v2/rit/images/lower_limb_wounds_7139fbb45ea0eae3.jpg,rit_chronic_wounds,chronic_wound_out_of_scope,chronic_wound,rit_g1858,0.690,14,yes
experiments/v2/rit/images/lower_limb_wounds_44042daedc47a6c3.jpg,rit_chronic_wounds,chronic_wound_out_of_scope,chronic_wound,rit_g1859,0.737,16,yes
experiments/v2/rit/images/lower_limb_wounds_fb43a5187ed952af.jpg,rit_chronic_wounds,chronic_wound_out_of_scope,chronic_wound,rit_g1860,0.701,11,yes
experiments/v2/rit/images/lower_limb_wounds_914f35dadf92e4a6.jpg,rit_chronic_wounds,chronic_wound_out_of_scope,chronic_wound,rit_g1861,0.652,14,yes
experiments/v2/rit/images/lower_limb_wounds_a5e37784e2508d8e.jpg,rit_chronic_wounds,chronic_wound_out_of_scope,chronic_wound,rit_g1862,0.728,11,yes
experiments/v2/rit/images/lower_limb_wounds_8e806588246d9b89.jpg,rit_chronic_wounds,chronic_wound_out_of_scope,chronic_wound,rit_g1870,0.706,16,yes
experiments/v2/rit/images/lower_limb_wounds_7e688a043db44b03.jpg,rit_chronic_wounds,chronic_wound_out_of_scope,chronic_wound,rit_g1864,0.661,14,yes
experiments/v2/rit/images/lower_limb_wounds_87c4b164798b3b66.jpg,rit_chronic_wounds,chronic_wound_out_of_scope,chronic_wound,rit_g1865,0.670,17,yes
experiments/v2/rit/images/lower_limb_wounds_80aa1e301f43972b.jpg,rit_chronic_wounds,chronic_wound_out_of_scope,chronic_wound,rit_g1866,0.708,13,yes
experiments/v2/rit/images/lower_limb_wounds_6e412131475ed8c4.jpg,rit_chronic_wounds,chronic_wound_out_of_scope,chronic_wound,rit_g1867,0.714,16,yes
experiments/v2/rit/images/lower_limb_wounds_504648f4bde99a0a.jpg,rit_chronic_wounds,chronic_wound_out_of_scope,chronic_wound,rit_g1868,0.692,13,yes
experiments/v2/rit/images/lower_limb_wounds_e27fbcc6c0f78f62.jpg,rit_chronic_wounds,chronic_wound_out_of_scope,chronic_wound,rit_g1869,0.720,13,yes
experiments/v2/rit/images/lower_limb_wounds_376effd135a4519b.jpg,rit_chronic_wounds,chronic_wound_out_of_scope,chronic_wound,rit_g1870,0.696,19,yes
experiments/v2/rit/images/lower_limb_wounds_af7912802dd547a0.jpg,rit_chronic_wounds,chronic_wound_out_of_scope,chronic_wound,rit_g1871,0.646,16,yes
experiments/v2/rit/images/lower_limb_wounds_3d85c541efcdc793.jpg,rit_chronic_wounds,chronic_wound_out_of_scope,chronic_wound,rit_g1872,0.651,15,yes
experiments/v2/rit/images/lower_limb_wounds_bdee49d6b461d2f0.jpg,rit_chronic_wounds,chronic_wound_out_of_scope,chronic_wound,rit_g1873,0.713,14,yes
experiments/v2/rit/images/lower_limb_wounds_73dd4eea2ce241b3.jpg,rit_chronic_wounds,chronic_wound_out_of_scope,chronic_wound,rit_g1874,0.665,16,yes
experiments/v2/rit/images/lower_limb_wounds_44c2df97bb0fe270.jpg,rit_chronic_wounds,chronic_wound_out_of_scope,chronic_wound,rit_g1875,0.649,15,yes
experiments/v2/rit/images/lower_limb_wounds_d95fd9e050741d9d.jpg,rit_chronic_wounds,chronic_wound_out_of_scope,chronic_wound,rit_g1876,0.648,16,yes
experiments/v2/rit/images/lower_limb_wounds_663ba02f26cb5c95.jpg,rit_chronic_wounds,chronic_wound_out_of_scope,chronic_wound,rit_g1877,0.659,12,yes
experiments/v2/rit/images/lower_limb_wounds_9160bed9edd68310.jpg,rit_chronic_wounds,chronic_wound_out_of_scope,chronic_wound,rit_g1878,0.718,16,yes
experiments/v2/rit/images/lower_limb_wounds_b6206a60d495b212.jpg,rit_chronic_wounds,chronic_wound_out_of_scope,chronic_wound,rit_g1879,0.713,15,yes
experiments/v2/rit/images/lower_limb_wounds_adb8c06144403016.jpg,rit_chronic_wounds,chronic_wound_out_of_scope,chronic_wound,rit_g1880,0.637,15,yes
experiments/v2/rit/images/lower_limb_wounds_8278a153c6474a42.jpg,rit_chronic_wounds,chronic_wound_out_of_scope,chronic_wound,rit_g1895,0.698,17,yes
experiments/v2/rit/images/lower_limb_wounds_9ac8799dffbb762d.jpg,rit_chronic_wounds,chronic_wound_out_of_scope,chronic_wound,rit_g1882,0.700,14,yes
experiments/v2/rit/images/lower_limb_wounds_54495ce35b5e4c59.jpg,rit_chronic_wounds,chronic_wound_out_of_scope,chronic_wound,rit_g1883,0.669,13,yes
experiments/v2/rit/images/lower_limb_wounds_4b5c68bcd2102aca.jpg,rit_chronic_wounds,chronic_wound_out_of_scope,chronic_wound,rit_g1884,0.645,16,yes
experiments/v2/rit/images/lower_limb_wounds_51ed297091b6f2c1.jpg,rit_chronic_wounds,chronic_wound_out_of_scope,chronic_wound,rit_g1885,0.736,16,yes
experiments/v2/rit/images/lower_limb_wounds_0c14ab4a7c75bdd8.jpg,rit_chronic_wounds,chronic_wound_out_of_scope,chronic_wound,rit_g1886,0.685,20,yes
experiments/v2/rit/images/lower_limb_wounds_d8f622f26b14943d.jpg,rit_chronic_wounds,chronic_wound_out_of_scope,chronic_wound,rit_g1887,0.686,11,yes
experiments/v2/rit/images/lower_limb_wounds_4a42b849b36c2b62.jpg,rit_chronic_wounds,chronic_wound_out_of_scope,chronic_wound,rit_g1888,0.662,12,yes
experiments/v2/rit/images/lower_limb_wounds_9f22229e44cc67be.jpg,rit_chronic_wounds,chronic_wound_out_of_scope,chronic_wound,rit_g1889,0.713,17,yes
experiments/v2/rit/images/lower_limb_wounds_07129c16a738fc10.jpg,rit_chronic_wounds,chronic_wound_out_of_scope,chronic_wound,rit_g1890,0.714,13,yes
experiments/v2/rit/images/lower_limb_wounds_3f14284d7ff45008.jpg,rit_chronic_wounds,chronic_wound_out_of_scope,chronic_wound,rit_g1891,0.720,15,yes
experiments/v2/rit/images/lower_limb_wounds_8a24699c546fc3bd.jpg,rit_chronic_wounds,chronic_wound_out_of_scope,chronic_wound,rit_g1892,0.705,16,yes
experiments/v2/rit/images/lower_limb_wounds_661f78c0543a4b4c.jpg,rit_chronic_wounds,chronic_wound_out_of_scope,chronic_wound,rit_g1893,0.697,11,yes
experiments/v2/rit/images/lower_limb_wounds_a436114ecd19765e.jpg,rit_chronic_wounds,chronic_wound_out_of_scope,chronic_wound,rit_g1894,0.679,18,yes
experiments/v2/rit/images/lower_limb_wounds_c775470cc9524e74.jpg,rit_chronic_wounds,chronic_wound_out_of_scope,chronic_wound,rit_g1895,0.669,17,yes
experiments/v2/rit/images/lower_limb_wounds_9a0869a54fbe7cef.jpg,rit_chronic_wounds,chronic_wound_out_of_scope,chronic_wound,rit_g1896,0.770,15,no
experiments/v2/rit/images/lower_limb_wounds_f0d3b6a6ac388176.jpg,rit_chronic_wounds,chronic_wound_out_of_scope,chronic_wound,rit_g1897,0.683,14,yes
experiments/v2/rit/images/lower_limb_wounds_6a1fffd580fcf3fa.jpg,rit_chronic_wounds,chronic_wound_out_of_scope,chronic_wound,rit_g1898,0.676,16,yes
experiments/v2/rit/images/lower_limb_wounds_87e5bfb5fe30f42c.jpg,rit_chronic_wounds,chronic_wound_out_of_scope,chronic_wound,rit_g1899,0.604,18,yes
experiments/v2/rit/images/lower_limb_wounds_d94e2be0b10414a0.jpg,rit_chronic_wounds,chronic_wound_out_of_scope,chronic_wound,rit_g1900,0.677,18,yes
experiments/v2/rit/images/lower_limb_wounds_c30732979a2f9067.jpg,rit_chronic_wounds,chronic_wound_out_of_scope,chronic_wound,rit_g2559,0.623,14,yes
experiments/v2/rit/images/lower_limb_wounds_585d0e68e4589402.jpg,rit_chronic_wounds,chronic_wound_out_of_scope,chronic_wound,rit_g1902,0.698,15,yes
experiments/v2/rit/images/lower_limb_wounds_2ef188f69782baf0.jpg,rit_chronic_wounds,chronic_wound_out_of_scope,chronic_wound,rit_g1903,0.672,17,yes
experiments/v2/rit/images/lower_limb_wounds_43f1576e2cade2db.jpg,rit_chronic_wounds,chronic_wound_out_of_scope,chronic_wound,rit_g1904,0.707,13,yes
experiments/v2/rit/images/lower_limb_wounds_6f8b17487411fbcd.jpg,rit_chronic_wounds,chronic_wound_out_of_scope,chronic_wound,rit_g1938,0.673,14,yes
experiments/v2/rit/images/lower_limb_wounds_91f172d749a65aa3.jpg,rit_chronic_wounds,chronic_wound_out_of_scope,chronic_wound,rit_g1906,0.693,16,yes
experiments/v2/rit/images/lower_limb_wounds_685f57ee459b5c76.jpg,rit_chronic_wounds,chronic_wound_out_of_scope,chronic_wound,rit_g1941,0.618,18,yes
experiments/v2/rit/images/lower_limb_wounds_6a3a3f6198af7790.jpg,rit_chronic_wounds,chronic_wound_out_of_scope,chronic_wound,rit_g1938,0.675,17,yes
experiments/v2/rit/images/lower_limb_wounds_014218eae41c3674.jpg,rit_chronic_wounds,chronic_wound_out_of_scope,chronic_wound,rit_g1909,0.702,14,yes
experiments/v2/rit/images/lower_limb_wounds_e24dc36cf7e5b3a5.jpg,rit_chronic_wounds,chronic_wound_out_of_scope,chronic_wound,rit_g1910,0.652,19,yes
experiments/v2/rit/images/lower_limb_wounds_4c99d266ee719c0b.jpg,rit_chronic_wounds,chronic_wound_out_of_scope,chronic_wound,rit_g1911,0.656,15,yes
experiments/v2/rit/images/lower_limb_wounds_c7a73ddf1a31e06f.jpg,rit_chronic_wounds,chronic_wound_out_of_scope,chronic_wound,rit_g1912,0.661,16,yes
experiments/v2/rit/images/lower_limb_wounds_89109a3ca8b476e5.jpg,rit_chronic_wounds,chronic_wound_out_of_scope,chronic_wound,rit_g1913,0.688,10,yes
experiments/v2/rit/images/lower_limb_wounds_c69c683743d0beb3.jpg,rit_chronic_wounds,chronic_wound_out_of_scope,chronic_wound,rit_g1914,0.719,13,yes
experiments/v2/rit/images/lower_limb_wounds_60dd5c3c997d6f73.jpg,rit_chronic_wounds,chronic_wound_out_of_scope,chronic_wound,rit_g1915,0.698,18,yes
experiments/v2/rit/images/lower_limb_wounds_4b23629449f19f7a.jpg,rit_chronic_wounds,chronic_wound_out_of_scope,chronic_wound,rit_g1976,0.661,15,yes
experiments/v2/rit/images/lower_limb_wounds_f2c2c1996e90a16e.jpg,rit_chronic_wounds,chronic_wound_out_of_scope,chronic_wound,rit_g1917,0.705,8,yes
experiments/v2/rit/images/lower_limb_wounds_ef96a5a6092a84c9.jpg,rit_chronic_wounds,chronic_wound_out_of_scope,chronic_wound,rit_g1918,0.677,15,yes
experiments/v2/rit/images/lower_limb_wounds_7abcda63b571ade5.jpg,rit_chronic_wounds,chronic_wound_out_of_scope,chronic_wound,rit_g2559,0.692,14,yes
experiments/v2/rit/images/lower_limb_wounds_1bf5280f0d28042e.jpg,rit_chronic_wounds,chronic_wound_out_of_scope,chronic_wound,rit_g1920,0.669,11,yes
experiments/v2/rit/images/lower_limb_wounds_f71ccf1e0f4653d1.jpg,rit_chronic_wounds,chronic_wound_out_of_scope,chronic_wound,rit_g1921,0.737,16,yes
experiments/v2/rit/images/lower_limb_wounds_b885d81872232e73.jpg,rit_chronic_wounds,chronic_wound_out_of_scope,chronic_wound,rit_g1922,0.703,14,yes
experiments/v2/rit/images/lower_limb_wounds_399a0148d86ee485.jpg,rit_chronic_wounds,chronic_wound_out_of_scope,chronic_wound,rit_g2559,0.639,15,yes
experiments/v2/rit/images/lower_limb_wounds_134d7c7ba5500b64.jpg,rit_chronic_wounds,chronic_wound_out_of_scope,chronic_wound,rit_g1924,0.761,14,no
experiments/v2/rit/images/lower_limb_wounds_2dfc4c9168abb253.jpg,rit_chronic_wounds,chronic_wound_out_of_scope,chronic_wound,rit_g1925,0.700,17,yes
experiments/v2/rit/images/lower_limb_wounds_7490bc8dc82e8da3.jpg,rit_chronic_wounds,chronic_wound_out_of_scope,chronic_wound,rit_g1926,0.684,12,yes
experiments/v2/rit/images/lower_limb_wounds_bed22cd165051526.jpg,rit_chronic_wounds,chronic_wound_out_of_scope,chronic_wound,rit_g1927,0.679,13,yes
experiments/v2/rit/images/lower_limb_wounds_93611b8ff9f6c1de.jpg,rit_chronic_wounds,chronic_wound_out_of_scope,chronic_wound,rit_g1928,0.670,16,yes
experiments/v2/rit/images/lower_limb_wounds_03e62d2d26101323.jpg,rit_chronic_wounds,chronic_wound_out_of_scope,chronic_wound,rit_g2559,0.664,13,yes
experiments/v2/rit/images/lower_limb_wounds_2b4334d57d56a72c.jpg,rit_chronic_wounds,chronic_wound_out_of_scope,chronic_wound,rit_g1930,0.708,14,yes
experiments/v2/rit/images/lower_limb_wounds_7b970e345686812e.jpg,rit_chronic_wounds,chronic_wound_out_of_scope,chronic_wound,rit_g1931,0.728,17,yes
experiments/v2/rit/images/lower_limb_wounds_d5f56d400d28d8b7.jpg,rit_chronic_wounds,chronic_wound_out_of_scope,chronic_wound,rit_g2559,0.648,10,yes
experiments/v2/rit/images/lower_limb_wounds_da828293c4152656.jpg,rit_chronic_wounds,chronic_wound_out_of_scope,chronic_wound,rit_g1933,0.676,14,yes
experiments/v2/rit/images/lower_limb_wounds_05f5e43f583289c6.jpg,rit_chronic_wounds,chronic_wound_out_of_scope,chronic_wound,rit_g1934,0.673,15,yes
experiments/v2/rit/images/lower_limb_wounds_b9bc0647f8c5b26e.jpg,rit_chronic_wounds,chronic_wound_out_of_scope,chronic_wound,rit_g1935,0.667,19,yes
experiments/v2/rit/images/lower_limb_wounds_ad9ebd3edc7c3a9d.jpg,rit_chronic_wounds,chronic_wound_out_of_scope,chronic_wound,rit_g1955,0.721,14,yes
experiments/v2/rit/images/lower_limb_wounds_d1933e796893e23e.jpg,rit_chronic_wounds,chronic_wound_out_of_scope,chronic_wound,rit_g1937,0.711,12,yes
experiments/v2/rit/images/lower_limb_wounds_8771bd8c89046166.jpg,rit_chronic_wounds,chronic_wound_out_of_scope,chronic_wound,rit_g1938,0.642,17,yes
experiments/v2/rit/images/lower_limb_wounds_8954a7b8e428cf0a.jpg,rit_chronic_wounds,chronic_wound_out_of_scope,chronic_wound,rit_g1939,0.711,19,yes
experiments/v2/rit/images/lower_limb_wounds_3474d0aee82b2da8.jpg,rit_chronic_wounds,chronic_wound_out_of_scope,chronic_wound,rit_g1940,0.714,15,yes
experiments/v2/rit/images/lower_limb_wounds_c254ef65b74e87ce.jpg,rit_chronic_wounds,chronic_wound_out_of_scope,chronic_wound,rit_g1941,0.686,16,yes
experiments/v2/rit/images/lower_limb_wounds_93bddd8eb5c48a40.jpg,rit_chronic_wounds,chronic_wound_out_of_scope,chronic_wound,rit_g1942,0.658,12,yes
experiments/v2/rit/images/lower_limb_wounds_03cf9d5b9e4ca406.jpg,rit_chronic_wounds,chronic_wound_out_of_scope,chronic_wound,rit_g2559,0.677,13,yes
experiments/v2/rit/images/lower_limb_wounds_948c823db58df412.jpg,rit_chronic_wounds,chronic_wound_out_of_scope,chronic_wound,rit_g1944,0.647,17,yes
experiments/v2/rit/images/lower_limb_wounds_e46838efedaf0ac8.jpg,rit_chronic_wounds,chronic_wound_out_of_scope,chronic_wound,rit_g1945,0.694,17,yes
experiments/v2/rit/images/lower_limb_wounds_c871165cf39c8118.jpg,rit_chronic_wounds,chronic_wound_out_of_scope,chronic_wound,rit_g2559,0.652,14,yes
experiments/v2/rit/images/lower_limb_wounds_110819b0b720d929.jpg,rit_chronic_wounds,chronic_wound_out_of_scope,chronic_wound,rit_g1947,0.723,18,yes
experiments/v2/rit/images/lower_limb_wounds_5b00070db96aba24.jpg,rit_chronic_wounds,chronic_wound_out_of_scope,chronic_wound,rit_g1948,0.668,12,yes
experiments/v2/rit/images/lower_limb_wounds_73317bbb8cf8b510.jpg,rit_chronic_wounds,chronic_wound_out_of_scope,chronic_wound,rit_g2559,0.645,16,yes
experiments/v2/rit/images/lower_limb_wounds_9f210077055a7962.jpg,rit_chronic_wounds,chronic_wound_out_of_scope,chronic_wound,rit_g1950,0.693,15,yes
experiments/v2/rit/images/lower_limb_wounds_0e67d4578112a85e.jpg,rit_chronic_wounds,chronic_wound_out_of_scope,chronic_wound,rit_g1951,0.669,17,yes
experiments/v2/rit/images/lower_limb_wounds_9f2e21fea02fc698.jpg,rit_chronic_wounds,chronic_wound_out_of_scope,chronic_wound,rit_g1976,0.658,17,yes
experiments/v2/rit/images/lower_limb_wounds_338050547f751bc1.jpg,rit_chronic_wounds,chronic_wound_out_of_scope,chronic_wound,rit_g1953,0.689,12,yes
experiments/v2/rit/images/lower_limb_wounds_981cd29484bd5dcb.jpg,rit_chronic_wounds,chronic_wound_out_of_scope,chronic_wound,rit_g1954,0.723,18,yes
experiments/v2/rit/images/lower_limb_wounds_e24dde4e342d286f.jpg,rit_chronic_wounds,chronic_wound_out_of_scope,chronic_wound,rit_g1955,0.708,13,yes
experiments/v2/rit/images/lower_limb_wounds_ca979814cc2da8c7.jpg,rit_chronic_wounds,chronic_wound_out_of_scope,chronic_wound,rit_g1956,0.653,14,yes
experiments/v2/rit/images/lower_limb_wounds_1c3378034d02c25f.jpg,rit_chronic_wounds,chronic_wound_out_of_scope,chronic_wound,rit_g1957,0.725,15,yes
experiments/v2/rit/images/lower_limb_wounds_390556fa102c46d5.jpg,rit_chronic_wounds,chronic_wound_out_of_scope,chronic_wound,rit_g1958,0.685,14,yes
experiments/v2/rit/images/lower_limb_wounds_52c266fb871e04d2.jpg,rit_chronic_wounds,chronic_wound_out_of_scope,chronic_wound,rit_g1959,0.728,18,yes
experiments/v2/rit/images/lower_limb_wounds_041fa038501d542b.jpg,rit_chronic_wounds,chronic_wound_out_of_scope,chronic_wound,rit_g1960,0.662,16,yes
experiments/v2/rit/images/lower_limb_wounds_a390427cdc62e8ad.jpg,rit_chronic_wounds,chronic_wound_out_of_scope,chronic_wound,rit_g1961,0.709,15,yes
experiments/v2/rit/images/lower_limb_wounds_7d420daa9f47701b.jpg,rit_chronic_wounds,chronic_wound_out_of_scope,chronic_wound,rit_g1962,0.628,15,yes
experiments/v2/rit/images/lower_limb_wounds_4056aba53f3bd0a0.jpg,rit_chronic_wounds,chronic_wound_out_of_scope,chronic_wound,rit_g1963,0.762,13,no
experiments/v2/rit/images/lower_limb_wounds_0c42fd2fa1275203.jpg,rit_chronic_wounds,chronic_wound_out_of_scope,chronic_wound,rit_g1964,0.678,16,yes
experiments/v2/rit/images/lower_limb_wounds_63c9d1dff6e410b2.jpg,rit_chronic_wounds,chronic_wound_out_of_scope,chronic_wound,rit_g1976,0.661,18,yes
experiments/v2/rit/images/lower_limb_wounds_530f768f5cc66d6e.jpg,rit_chronic_wounds,chronic_wound_out_of_scope,chronic_wound,rit_g1966,0.672,8,yes
experiments/v2/rit/images/lower_limb_wounds_3feaf1baecaa3816.jpg,rit_chronic_wounds,chronic_wound_out_of_scope,chronic_wound,rit_g1967,0.679,18,yes
experiments/v2/rit/images/lower_limb_wounds_7ad43f68e673d978.jpg,rit_chronic_wounds,chronic_wound_out_of_scope,chronic_wound,rit_g1968,0.717,13,yes
experiments/v2/rit/images/lower_limb_wounds_d0e1bcc87e2d5c26.jpg,rit_chronic_wounds,chronic_wound_out_of_scope,chronic_wound,rit_g1976,0.655,17,yes
experiments/v2/rit/images/lower_limb_wounds_2c286fda9cf3d56b.jpg,rit_chronic_wounds,chronic_wound_out_of_scope,chronic_wound,rit_g1970,0.649,17,yes
experiments/v2/rit/images/lower_limb_wounds_b2a83a2b5f21483e.jpg,rit_chronic_wounds,chronic_wound_out_of_scope,chronic_wound,rit_g1971,0.712,15,yes
experiments/v2/rit/images/lower_limb_wounds_a30d006c299b79d1.jpg,rit_chronic_wounds,chronic_wound_out_of_scope,chronic_wound,rit_g1972,0.702,14,yes
experiments/v2/rit/images/lower_limb_wounds_e7763cb297f7dbc7.jpg,rit_chronic_wounds,chronic_wound_out_of_scope,chronic_wound,rit_g1973,0.672,15,yes
experiments/v2/rit/images/lower_limb_wounds_afeac39db364d2bf.jpg,rit_chronic_wounds,chronic_wound_out_of_scope,chronic_wound,rit_g1974,0.666,17,yes
experiments/v2/rit/images/lower_limb_wounds_89cacd4bb6712287.jpg,rit_chronic_wounds,chronic_wound_out_of_scope,chronic_wound,rit_g1975,0.720,17,yes
experiments/v2/rit/images/lower_limb_wounds_7ab6eedfb54bf621.jpg,rit_chronic_wounds,chronic_wound_out_of_scope,chronic_wound,rit_g1976,0.641,20,yes
experiments/v2/rit/images/lower_limb_wounds_4941105697fd3947.jpg,rit_chronic_wounds,chronic_wound_out_of_scope,chronic_wound,rit_g1977,0.664,11,yes
experiments/v2/rit/images/lower_limb_wounds_03721b4874dabb9a.jpg,rit_chronic_wounds,chronic_wound_out_of_scope,chronic_wound,rit_g1978,0.683,13,yes
experiments/v2/rit/images/lower_limb_wounds_346d604e4e7230c3.jpg,rit_chronic_wounds,chronic_wound_out_of_scope,chronic_wound,rit_g1979,0.683,14,yes
experiments/v2/rit/images/lower_limb_wounds_98b8e2702c26dfa0.jpg,rit_chronic_wounds,chronic_wound_out_of_scope,chronic_wound,rit_g1980,0.654,13,yes
experiments/v2/rit/images/lower_limb_wounds_71564aebf0708542.jpg,rit_chronic_wounds,chronic_wound_out_of_scope,chronic_wound,rit_g1981,0.665,12,yes
experiments/v2/rit/images/lower_limb_wounds_400f4a64a505d2b6.jpg,rit_chronic_wounds,chronic_wound_out_of_scope,chronic_wound,rit_g2559,0.637,17,yes
experiments/v2/rit/images/lower_limb_wounds_d40d02e031549296.jpg,rit_chronic_wounds,chronic_wound_out_of_scope,chronic_wound,rit_g1983,0.687,16,yes
experiments/v2/rit/images/lower_limb_wounds_0f146f01968a7919.jpg,rit_chronic_wounds,chronic_wound_out_of_scope,chronic_wound,rit_g1984,0.730,18,yes
experiments/v2/rit/images/lower_limb_wounds_b8edd602661694f1.jpg,rit_chronic_wounds,chronic_wound_out_of_scope,chronic_wound,rit_g1985,0.678,13,yes
experiments/v2/rit/images/lower_limb_wounds_e9b5d0feadc1b464.jpg,rit_chronic_wounds,chronic_wound_out_of_scope,chronic_wound,rit_g1986,0.710,18,yes
experiments/v2/rit/images/lower_limb_wounds_ce2f356354d57068.jpg,rit_chronic_wounds,chronic_wound_out_of_scope,chronic_wound,rit_g1987,0.649,8,yes
experiments/v2/rit/images/lower_limb_wounds_eff8deff5f1dd196.jpg,rit_chronic_wounds,chronic_wound_out_of_scope,chronic_wound,rit_g1989,0.664,11,yes
experiments/v2/rit/images/lower_limb_wounds_eff8deff5f1dd196.jpg,rit_chronic_wounds,chronic_wound_out_of_scope,chronic_wound,rit_g1989,0.664,11,yes
experiments/v2/rit/images/lower_limb_wounds_81fddf7e2c1678fb.jpg,rit_chronic_wounds,chronic_wound_out_of_scope,chronic_wound,rit_g1990,0.694,14,yes
experiments/v2/rit/images/lower_limb_wounds_e27370ed1613068e.jpg,rit_chronic_wounds,chronic_wound_out_of_scope,chronic_wound,rit_g1991,0.711,11,yes
experiments/v2/rit/images/lower_limb_wounds_906f28f4f4e07a6d.jpg,rit_chronic_wounds,chronic_wound_out_of_scope,chronic_wound,rit_g2559,0.651,17,yes
experiments/v2/rit/images/lower_limb_wounds_c1f1359cc46efb26.jpg,rit_chronic_wounds,chronic_wound_out_of_scope,chronic_wound,rit_g1993,0.710,17,yes
experiments/v2/rit/images/lower_limb_wounds_eb597b867a4c340a.jpg,rit_chronic_wounds,chronic_wound_out_of_scope,chronic_wound,rit_g1994,0.649,15,yes
experiments/v2/rit/images/lower_limb_wounds_8ee22ce15afec00d.jpg,rit_chronic_wounds,chronic_wound_out_of_scope,chronic_wound,rit_g1995,0.669,16,yes
experiments/v2/rit/images/lower_limb_wounds_f44f9cb796b30b4a.jpg,rit_chronic_wounds,chronic_wound_out_of_scope,chronic_wound,rit_g1996,0.675,12,yes
experiments/v2/rit/images/lower_limb_wounds_f064f70d9225c77d.jpg,rit_chronic_wounds,chronic_wound_out_of_scope,chronic_wound,rit_g2559,0.670,11,yes
experiments/v2/rit/images/lower_limb_wounds_858a12c4f8846ca4.jpg,rit_chronic_wounds,chronic_wound_out_of_scope,chronic_wound,rit_g1998,0.637,17,yes
experiments/v2/rit/images/lower_limb_wounds_266ec8d41f6abe9c.jpg,rit_chronic_wounds,chronic_wound_out_of_scope,chronic_wound,rit_g1999,0.693,16,yes
experiments/v2/rit/images/lower_limb_wounds_fdfa0dfde6424104.jpg,rit_chronic_wounds,chronic_wound_out_of_scope,chronic_wound,rit_g2000,0.662,16,yes
experiments/v2/rit/images/lower_limb_wounds_ed44fd91882025b3.jpg,rit_chronic_wounds,chronic_wound_out_of_scope,chronic_wound,rit_g2001,0.665,16,yes
experiments/v2/rit/images/lower_limb_wounds_e600abaa48256e48.jpg,rit_chronic_wounds,chronic_wound_out_of_scope,chronic_wound,rit_g2023,0.710,14,yes
experiments/v2/rit/images/lower_limb_wounds_9838e64ac2f9ec70.jpg,rit_chronic_wounds,chronic_wound_out_of_scope,chronic_wound,rit_g2003,0.675,13,yes
experiments/v2/rit/images/lower_limb_wounds_dc16c669f2e23a17.jpg,rit_chronic_wounds,chronic_wound_out_of_scope,chronic_wound,rit_g2004,0.749,19,yes
experiments/v2/rit/images/lower_limb_wounds_8460d132987968e9.jpg,rit_chronic_wounds,chronic_wound_out_of_scope,chronic_wound,rit_g2005,0.680,13,yes
experiments/v2/rit/images/lower_limb_wounds_898a661937ee8c43.jpg,rit_chronic_wounds,chronic_wound_out_of_scope,chronic_wound,rit_g2006,0.651,16,yes
experiments/v2/rit/images/lower_limb_wounds_86655615094b080d.jpg,rit_chronic_wounds,chronic_wound_out_of_scope,chronic_wound,rit_g2007,0.676,16,yes
experiments/v2/rit/images/lower_limb_wounds_1fa942442745619e.jpg,rit_chronic_wounds,chronic_wound_out_of_scope,chronic_wound,rit_g2008,0.676,10,yes
experiments/v2/rit/images/lower_limb_wounds_c0f07670e739e6d5.jpg,rit_chronic_wounds,chronic_wound_out_of_scope,chronic_wound,rit_g2009,0.671,13,yes
experiments/v2/rit/images/lower_limb_wounds_27e54cb60583da7f.jpg,rit_chronic_wounds,chronic_wound_out_of_scope,chronic_wound,rit_g2010,0.712,14,yes
experiments/v2/rit/images/lower_limb_wounds_82c18bfef095dd0c.jpg,rit_chronic_wounds,chronic_wound_out_of_scope,chronic_wound,rit_g2011,0.671,14,yes
experiments/v2/rit/images/lower_limb_wounds_1730a790a5524093.jpg,rit_chronic_wounds,chronic_wound_out_of_scope,chronic_wound,rit_g2012,0.723,14,yes
experiments/v2/rit/images/lower_limb_wounds_c883aa7337b9cd4f.jpg,rit_chronic_wounds,chronic_wound_out_of_scope,chronic_wound,rit_g2013,0.673,15,yes
experiments/v2/rit/images/lower_limb_wounds_7ded4c507f2fae1a.jpg,rit_chronic_wounds,chronic_wound_out_of_scope,chronic_wound,rit_g2014,0.643,18,yes
experiments/v2/rit/images/lower_limb_wounds_fc5ea01466e33611.jpg,rit_chronic_wounds,chronic_wound_out_of_scope,chronic_wound,rit_g2015,0.603,15,yes
experiments/v2/rit/images/lower_limb_wounds_a110f567a9a87403.jpg,rit_chronic_wounds,chronic_wound_out_of_scope,chronic_wound,rit_g2559,0.702,10,yes
experiments/v2/rit/images/lower_limb_wounds_8e5ead94d625edc2.jpg,rit_chronic_wounds,chronic_wound_out_of_scope,chronic_wound,rit_g2017,0.718,10,yes
experiments/v2/rit/images/lower_limb_wounds_b48ac04f1c116945.jpg,rit_chronic_wounds,chronic_wound_out_of_scope,chronic_wound,rit_g2018,0.678,10,yes
experiments/v2/rit/images/lower_limb_wounds_e6f1be5bc9d9158e.jpg,rit_chronic_wounds,chronic_wound_out_of_scope,chronic_wound,rit_g2559,0.682,9,yes
experiments/v2/rit/images/lower_limb_wounds_fabf3cb1bc0b7db1.jpg,rit_chronic_wounds,chronic_wound_out_of_scope,chronic_wound,rit_g2020,0.689,14,yes
experiments/v2/rit/images/lower_limb_wounds_780148a8a657b54f.jpg,rit_chronic_wounds,chronic_wound_out_of_scope,chronic_wound,rit_g2021,0.654,9,yes
experiments/v2/rit/images/lower_limb_wounds_2239bb2be24954e0.jpg,rit_chronic_wounds,chronic_wound_out_of_scope,chronic_wound,rit_g2022,0.654,14,yes
experiments/v2/rit/images/lower_limb_wounds_dedbf5b91c9cec40.jpg,rit_chronic_wounds,chronic_wound_out_of_scope,chronic_wound,rit_g2023,0.693,16,yes
experiments/v2/rit/images/lower_limb_wounds_bb37f3e59087dc13.jpg,rit_chronic_wounds,chronic_wound_out_of_scope,chronic_wound,rit_g2024,0.707,9,yes
experiments/v2/rit/images/lower_limb_wounds_1ca5027f7d4f4987.jpg,rit_chronic_wounds,chronic_wound_out_of_scope,chronic_wound,rit_g2025,0.698,12,yes
experiments/v2/rit/images/lower_limb_wounds_e5218e9b4eca016b.jpg,rit_chronic_wounds,chronic_wound_out_of_scope,chronic_wound,rit_g2026,0.660,18,yes
experiments/v2/rit/images/lower_limb_wounds_e3883998b2b5b7c8.jpg,rit_chronic_wounds,chronic_wound_out_of_scope,chronic_wound,rit_g2027,0.710,13,yes
experiments/v2/rit/images/lower_limb_wounds_e48c7748d034a470.jpg,rit_chronic_wounds,chronic_wound_out_of_scope,chronic_wound,rit_g2028,0.641,15,yes
experiments/v2/rit/images/lower_limb_wounds_9ac96469d54dee53.jpg,rit_chronic_wounds,chronic_wound_out_of_scope,chronic_wound,rit_g2029,0.721,14,yes
experiments/v2/rit/images/lower_limb_wounds_8e3362059b290a1b.jpg,rit_chronic_wounds,chronic_wound_out_of_scope,chronic_wound,rit_g2030,0.745,16,yes
experiments/v2/rit/images/lower_limb_wounds_274f57587194ae84.jpg,rit_chronic_wounds,chronic_wound_out_of_scope,chronic_wound,rit_g2041,0.658,14,yes
experiments/v2/rit/images/lower_limb_wounds_a6227f3d844a1030.jpg,rit_chronic_wounds,chronic_wound_out_of_scope,chronic_wound,rit_g2032,0.719,15,yes
experiments/v2/rit/images/lower_limb_wounds_db968b71cb66636b.jpg,rit_chronic_wounds,chronic_wound_out_of_scope,chronic_wound,rit_g2033,0.658,16,yes
experiments/v2/rit/images/lower_limb_wounds_c48c97037b956332.jpg,rit_chronic_wounds,chronic_wound_out_of_scope,chronic_wound,rit_g2034,0.698,13,yes
experiments/v2/rit/images/lower_limb_wounds_4aa35bc5e699a4c9.jpg,rit_chronic_wounds,chronic_wound_out_of_scope,chronic_wound,rit_g2035,0.721,18,yes
experiments/v2/rit/images/lower_limb_wounds_67fec7181138428e.jpg,rit_chronic_wounds,chronic_wound_out_of_scope,chronic_wound,rit_g2036,0.749,15,yes
experiments/v2/rit/images/lower_limb_wounds_5ad889ea9d9b1aad.jpg,rit_chronic_wounds,chronic_wound_out_of_scope,chronic_wound,rit_g2559,0.713,14,yes
experiments/v2/rit/images/lower_limb_wounds_ac91924c4a26315b.jpg,rit_chronic_wounds,chronic_wound_out_of_scope,chronic_wound,rit_g2559,0.671,14,yes
experiments/v2/rit/images/lower_limb_wounds_2287f37b88effdaa.jpg,rit_chronic_wounds,chronic_wound_out_of_scope,chronic_wound,rit_g2039,0.657,17,yes
experiments/v2/rit/images/lower_limb_wounds_21285e481d263f96.jpg,rit_chronic_wounds,chronic_wound_out_of_scope,chronic_wound,rit_g2040,0.755,17,no
experiments/v2/rit/images/lower_limb_wounds_dc61e0c5427bf481.jpg,rit_chronic_wounds,chronic_wound_out_of_scope,chronic_wound,rit_g2041,0.657,13,yes
experiments/v2/rit/images/lower_limb_wounds_e84a4d507e4e6099.jpg,rit_chronic_wounds,chronic_wound_out_of_scope,chronic_wound,rit_g2042,0.686,17,yes
experiments/v2/rit/images/lower_limb_wounds_fedde71cf20e8cff.jpg,rit_chronic_wounds,chronic_wound_out_of_scope,chronic_wound,rit_g2043,0.687,14,yes
experiments/v2/rit/images/lower_limb_wounds_f3bb2a7158393557.jpg,rit_chronic_wounds,chronic_wound_out_of_scope,chronic_wound,rit_g2044,0.648,14,yes
experiments/v2/rit/images/lower_limb_wounds_736eded90645036f.jpg,rit_chronic_wounds,chronic_wound_out_of_scope,chronic_wound,rit_g2045,0.657,16,yes
experiments/v2/rit/images/lower_limb_wounds_f2e4cdb956b1e083.jpg,rit_chronic_wounds,chronic_wound_out_of_scope,chronic_wound,rit_g2046,0.687,15,yes
experiments/v2/rit/images/lower_limb_wounds_367d5af7dd1eee5d.jpg,rit_chronic_wounds,chronic_wound_out_of_scope,chronic_wound,rit_g2047,0.668,18,yes
experiments/v2/rit/images/lower_limb_wounds_73f62ae4dd78ca3c.jpg,rit_chronic_wounds,chronic_wound_out_of_scope,chronic_wound,rit_g2048,0.710,17,yes
experiments/v2/rit/images/lower_limb_wounds_aab8e1ed4a33fcce.jpg,rit_chronic_wounds,chronic_wound_out_of_scope,chronic_wound,rit_g2049,0.652,16,yes
experiments/v2/rit/images/lower_limb_wounds_c184bdb25cb83eb4.jpg,rit_chronic_wounds,chronic_wound_out_of_scope,chronic_wound,rit_g2050,0.665,15,yes
experiments/v2/rit/images/lower_limb_wounds_dac301a8e0fa7c90.jpg,rit_chronic_wounds,chronic_wound_out_of_scope,chronic_wound,rit_g2051,0.698,18,yes
experiments/v2/rit/images/lower_limb_wounds_c9a151c3ac48102f.jpg,rit_chronic_wounds,chronic_wound_out_of_scope,chronic_wound,rit_g2052,0.664,18,yes
experiments/v2/rit/images/lower_limb_wounds_999818724e1b127b.jpg,rit_chronic_wounds,chronic_wound_out_of_scope,chronic_wound,rit_g2053,0.684,13,yes
experiments/v2/rit/images/lower_limb_wounds_5f11cf6cceac92e0.jpg,rit_chronic_wounds,chronic_wound_out_of_scope,chronic_wound,rit_g2054,0.696,15,yes
experiments/v2/rit/images/lower_limb_wounds_9ffa4dd9d6fd157e.jpg,rit_chronic_wounds,chronic_wound_out_of_scope,chronic_wound,rit_g2055,0.642,14,yes
experiments/v2/rit/images/lower_limb_wounds_97ff93e1462a71f8.jpg,rit_chronic_wounds,chronic_wound_out_of_scope,chronic_wound,rit_g2056,0.695,17,yes
experiments/v2/rit/images/lower_limb_wounds_4f7aafede89e579e.jpg,rit_chronic_wounds,chronic_wound_out_of_scope,chronic_wound,rit_g2057,0.694,12,yes
experiments/v2/rit/images/lower_limb_wounds_af628bd9d7a7a319.jpg,rit_chronic_wounds,chronic_wound_out_of_scope,chronic_wound,rit_g2058,0.677,16,yes
experiments/v2/rit/images/lower_limb_wounds_d713cc64d7cef618.jpg,rit_chronic_wounds,chronic_wound_out_of_scope,chronic_wound,rit_g2059,0.666,13,yes
experiments/v2/rit/images/lower_limb_wounds_4a6c661138a34e11.jpg,rit_chronic_wounds,chronic_wound_out_of_scope,chronic_wound,rit_g2060,0.687,13,yes
experiments/v2/rit/images/lower_limb_wounds_b774ca51610b5398.jpg,rit_chronic_wounds,chronic_wound_out_of_scope,chronic_wound,rit_g2061,0.640,15,yes
experiments/v2/rit/images/lower_limb_wounds_fa30c714aa7c5d91.jpg,rit_chronic_wounds,chronic_wound_out_of_scope,chronic_wound,rit_g2062,0.701,16,yes
experiments/v2/rit/images/lower_limb_wounds_cea2649e435f4933.jpg,rit_chronic_wounds,chronic_wound_out_of_scope,chronic_wound,rit_g2084,0.679,16,yes
experiments/v2/rit/images/lower_limb_wounds_65e35d6a89257857.jpg,rit_chronic_wounds,chronic_wound_out_of_scope,chronic_wound,rit_g2064,0.661,14,yes
experiments/v2/rit/images/lower_limb_wounds_b73a74e645a6c962.jpg,rit_chronic_wounds,chronic_wound_out_of_scope,chronic_wound,rit_g2065,0.676,19,yes
experiments/v2/rit/images/lower_limb_wounds_b5cfd1cf4178acb1.jpg,rit_chronic_wounds,chronic_wound_out_of_scope,chronic_wound,rit_g2066,0.639,14,yes
experiments/v2/rit/images/lower_limb_wounds_8194fdbebb9fb1b4.jpg,rit_chronic_wounds,chronic_wound_out_of_scope,chronic_wound,rit_g2549,0.714,16,yes
experiments/v2/rit/images/lower_limb_wounds_92e114afb2100ac0.jpg,rit_chronic_wounds,chronic_wound_out_of_scope,chronic_wound,rit_g2068,0.737,13,yes
experiments/v2/rit/images/lower_limb_wounds_f43b5f5bcee83a1d.jpg,rit_chronic_wounds,chronic_wound_out_of_scope,chronic_wound,rit_g2069,0.663,17,yes
experiments/v2/rit/images/lower_limb_wounds_c9a004a2d9909dd5.jpg,rit_chronic_wounds,chronic_wound_out_of_scope,chronic_wound,rit_g2070,0.747,15,yes
experiments/v2/rit/images/lower_limb_wounds_93a5702c240c62e4.jpg,rit_chronic_wounds,chronic_wound_out_of_scope,chronic_wound,rit_g2071,0.645,17,yes
experiments/v2/rit/images/lower_limb_wounds_87262c38247fc1c6.jpg,rit_chronic_wounds,chronic_wound_out_of_scope,chronic_wound,rit_g2072,0.675,16,yes
experiments/v2/rit/images/lower_limb_wounds_a03e82c952ead463.jpg,rit_chronic_wounds,chronic_wound_out_of_scope,chronic_wound,rit_g2073,0.669,18,yes
experiments/v2/rit/images/lower_limb_wounds_3a37dc7e7f0e2518.jpg,rit_chronic_wounds,chronic_wound_out_of_scope,chronic_wound,rit_g2074,0.670,11,yes
experiments/v2/rit/images/lower_limb_wounds_9215b3e7782da510.jpg,rit_chronic_wounds,chronic_wound_out_of_scope,chronic_wound,rit_g2075,0.642,14,yes
experiments/v2/rit/images/lower_limb_wounds_44a546fd0e8447b3.jpg,rit_chronic_wounds,chronic_wound_out_of_scope,chronic_wound,rit_g2076,0.654,13,yes
experiments/v2/rit/images/lower_limb_wounds_43e449dae60ed39e.jpg,rit_chronic_wounds,chronic_wound_out_of_scope,chronic_wound,rit_g2077,0.700,13,yes
experiments/v2/rit/images/lower_limb_wounds_c84cc4a790e750c5.jpg,rit_chronic_wounds,chronic_wound_out_of_scope,chronic_wound,rit_g2078,0.632,18,yes
experiments/v2/rit/images/lower_limb_wounds_a1fa8f490d734a74.jpg,rit_chronic_wounds,chronic_wound_out_of_scope,chronic_wound,rit_g2079,0.714,8,yes
experiments/v2/rit/images/lower_limb_wounds_ae1b715deb5cde6a.jpg,rit_chronic_wounds,chronic_wound_out_of_scope,chronic_wound,rit_g2080,0.703,17,yes
experiments/v2/rit/images/lower_limb_wounds_422d5eca0000ddf3.jpg,rit_chronic_wounds,chronic_wound_out_of_scope,chronic_wound,rit_g2081,0.701,14,yes
experiments/v2/rit/images/lower_limb_wounds_db4969e9fe6191e3.jpg,rit_chronic_wounds,chronic_wound_out_of_scope,chronic_wound,rit_g2082,0.679,14,yes
experiments/v2/rit/images/lower_limb_wounds_3c033c1877ce5a74.jpg,rit_chronic_wounds,chronic_wound_out_of_scope,chronic_wound,rit_g2083,0.723,12,yes
experiments/v2/rit/images/lower_limb_wounds_cea2649e435f4933.jpg,rit_chronic_wounds,chronic_wound_out_of_scope,chronic_wound,rit_g2084,0.679,16,yes
experiments/v2/rit/images/lower_limb_wounds_154563373eef4045.jpg,rit_chronic_wounds,chronic_wound_out_of_scope,chronic_wound,rit_g2085,0.712,7,yes
experiments/v2/rit/images/lower_limb_wounds_589057300dbd5e05.jpg,rit_chronic_wounds,chronic_wound_out_of_scope,chronic_wound,rit_g2559,0.711,15,yes
experiments/v2/rit/images/lower_limb_wounds_e4fe14775464a018.jpg,rit_chronic_wounds,chronic_wound_out_of_scope,chronic_wound,rit_g2087,0.640,18,yes
experiments/v2/rit/images/lower_limb_wounds_5b9640a80c688f62.jpg,rit_chronic_wounds,chronic_wound_out_of_scope,chronic_wound,rit_g2088,0.654,16,yes
experiments/v2/rit/images/lower_limb_wounds_7d20814a7013b789.jpg,rit_chronic_wounds,chronic_wound_out_of_scope,chronic_wound,rit_g2089,0.722,19,yes
experiments/v2/rit/images/lower_limb_wounds_7449ed07b3703014.jpg,rit_chronic_wounds,chronic_wound_out_of_scope,chronic_wound,rit_g2090,0.707,10,yes
experiments/v2/rit/images/lower_limb_wounds_bb0a59ffd33cc9a1.jpg,rit_chronic_wounds,chronic_wound_out_of_scope,chronic_wound,rit_g2559,0.641,13,yes
experiments/v2/rit/images/lower_limb_wounds_5f84ea62a744d56d.jpg,rit_chronic_wounds,chronic_wound_out_of_scope,chronic_wound,rit_g2092,0.692,9,yes
experiments/v2/rit/images/lower_limb_wounds_9e9280c3767443ed.jpg,rit_chronic_wounds,chronic_wound_out_of_scope,chronic_wound,rit_g2093,0.691,15,yes
experiments/v2/rit/images/lower_limb_wounds_3f0ab88e1bf154b4.jpg,rit_chronic_wounds,chronic_wound_out_of_scope,chronic_wound,rit_g2094,0.688,15,yes
experiments/v2/rit/images/lower_limb_wounds_5c0c8361de80c377.jpg,rit_chronic_wounds,chronic_wound_out_of_scope,chronic_wound,rit_g2095,0.645,16,yes
experiments/v2/rit/images/lower_limb_wounds_f7ad8e4dd5ce9c63.jpg,rit_chronic_wounds,chronic_wound_out_of_scope,chronic_wound,rit_g2096,0.687,16,yes
experiments/v2/rit/images/lower_limb_wounds_d1375aa81c3dd71b.jpg,rit_chronic_wounds,chronic_wound_out_of_scope,chronic_wound,rit_g2097,0.705,12,yes
experiments/v2/rit/images/lower_limb_wounds_b57dab31f395a851.jpg,rit_chronic_wounds,chronic_wound_out_of_scope,chronic_wound,rit_g2105,0.682,10,yes
experiments/v2/rit/images/lower_limb_wounds_40eedd5cda637bd8.jpg,rit_chronic_wounds,chronic_wound_out_of_scope,chronic_wound,rit_g2559,0.681,12,yes
experiments/v2/rit/images/lower_limb_wounds_08264eab3140c477.jpg,rit_chronic_wounds,chronic_wound_out_of_scope,chronic_wound,rit_g2100,0.732,14,yes
experiments/v2/rit/images/lower_limb_wounds_54a63b045194c533.jpg,rit_chronic_wounds,chronic_wound_out_of_scope,chronic_wound,rit_g2559,0.680,15,yes
experiments/v2/rit/images/lower_limb_wounds_ef98818a7ef65560.jpg,rit_chronic_wounds,chronic_wound_out_of_scope,chronic_wound,rit_g2102,0.711,12,yes
experiments/v2/rit/images/lower_limb_wounds_4d2de89e69c8601b.jpg,rit_chronic_wounds,chronic_wound_out_of_scope,chronic_wound,rit_g2103,0.702,16,yes
experiments/v2/rit/images/lower_limb_wounds_822c17163134142a.jpg,rit_chronic_wounds,chronic_wound_out_of_scope,chronic_wound,rit_g2104,0.718,16,yes
experiments/v2/rit/images/lower_limb_wounds_03cc28e4bae93989.jpg,rit_chronic_wounds,chronic_wound_out_of_scope,chronic_wound,rit_g2105,0.696,10,yes
experiments/v2/rit/images/lower_limb_wounds_58033885cab4f63f.jpg,rit_chronic_wounds,chronic_wound_out_of_scope,chronic_wound,rit_g2106,0.720,7,yes
experiments/v2/rit/images/lower_limb_wounds_00d76b96a9d1cf85.jpg,rit_chronic_wounds,chronic_wound_out_of_scope,chronic_wound,rit_g2107,0.644,15,yes
experiments/v2/rit/images/lower_limb_wounds_3f16738262eda76a.jpg,rit_chronic_wounds,chronic_wound_out_of_scope,chronic_wound,rit_g2559,0.707,16,yes
experiments/v2/rit/images/lower_limb_wounds_371f5d6e62b7ffb3.jpg,rit_chronic_wounds,chronic_wound_out_of_scope,chronic_wound,rit_g2109,0.746,14,yes
experiments/v2/rit/images/lower_limb_wounds_09601093b26d7d06.jpg,rit_chronic_wounds,chronic_wound_out_of_scope,chronic_wound,rit_g2110,0.654,12,yes
experiments/v2/rit/images/lower_limb_wounds_00ae387a6c1d8c43.jpg,rit_chronic_wounds,chronic_wound_out_of_scope,chronic_wound,rit_g2559,0.681,11,yes
experiments/v2/rit/images/lower_limb_wounds_692b7b2f63fa8183.jpg,rit_chronic_wounds,chronic_wound_out_of_scope,chronic_wound,rit_g2179,0.670,11,yes
experiments/v2/rit/images/lower_limb_wounds_3dfe564f3efe2f60.jpg,rit_chronic_wounds,chronic_wound_out_of_scope,chronic_wound,rit_g2113,0.665,8,yes
experiments/v2/rit/images/lower_limb_wounds_f7abb4bb1ce94d68.jpg,rit_chronic_wounds,chronic_wound_out_of_scope,chronic_wound,rit_g2114,0.667,18,yes
experiments/v2/rit/images/lower_limb_wounds_239e4c33c594b6d3.jpg,rit_chronic_wounds,chronic_wound_out_of_scope,chronic_wound,rit_g2115,0.696,13,yes
experiments/v2/rit/images/lower_limb_wounds_245380146430b574.jpg,rit_chronic_wounds,chronic_wound_out_of_scope,chronic_wound,rit_g2116,0.679,15,yes
experiments/v2/rit/images/lower_limb_wounds_798eced7aa4bb1fb.jpg,rit_chronic_wounds,chronic_wound_out_of_scope,chronic_wound,rit_g2117,0.729,15,yes
experiments/v2/rit/images/lower_limb_wounds_e27181067cc27656.jpg,rit_chronic_wounds,chronic_wound_out_of_scope,chronic_wound,rit_g2118,0.716,12,yes
experiments/v2/rit/images/lower_limb_wounds_f198a1e1e16d67a8.jpg,rit_chronic_wounds,chronic_wound_out_of_scope,chronic_wound,rit_g2119,0.707,11,yes
experiments/v2/rit/images/lower_limb_wounds_75c91f0eb12e3a06.jpg,rit_chronic_wounds,chronic_wound_out_of_scope,chronic_wound,rit_g2120,0.666,8,yes
experiments/v2/rit/images/lower_limb_wounds_ae3f08692988e150.jpg,rit_chronic_wounds,chronic_wound_out_of_scope,chronic_wound,rit_g2121,0.706,13,yes
experiments/v2/rit/images/lower_limb_wounds_8ed464afbd1868b6.jpg,rit_chronic_wounds,chronic_wound_out_of_scope,chronic_wound,rit_g2559,0.671,16,yes
experiments/v2/rit/images/lower_limb_wounds_3d840a6f2b626491.jpg,rit_chronic_wounds,chronic_wound_out_of_scope,chronic_wound,rit_g2123,0.639,10,yes
experiments/v2/rit/images/lower_limb_wounds_604c54cfe36d5fcf.jpg,rit_chronic_wounds,chronic_wound_out_of_scope,chronic_wound,rit_g2124,0.716,13,yes
experiments/v2/rit/images/lower_limb_wounds_a46015371c3c85c1.jpg,rit_chronic_wounds,chronic_wound_out_of_scope,chronic_wound,rit_g2125,0.674,14,yes
experiments/v2/rit/images/lower_limb_wounds_c06451a97afe3b95.jpg,rit_chronic_wounds,chronic_wound_out_of_scope,chronic_wound,rit_g2126,0.687,16,yes
experiments/v2/rit/images/lower_limb_wounds_21a27318594db57a.jpg,rit_chronic_wounds,chronic_wound_out_of_scope,chronic_wound,rit_g2127,0.693,16,yes
experiments/v2/rit/images/lower_limb_wounds_c1bbf22b03f6de05.jpg,rit_chronic_wounds,chronic_wound_out_of_scope,chronic_wound,rit_g2128,0.685,18,yes
experiments/v2/rit/images/lower_limb_wounds_378f0a4699824922.jpg,rit_chronic_wounds,chronic_wound_out_of_scope,chronic_wound,rit_g2129,0.657,11,yes
experiments/v2/rit/images/lower_limb_wounds_d772b48c93f97076.jpg,rit_chronic_wounds,chronic_wound_out_of_scope,chronic_wound,rit_g2130,0.725,16,yes
experiments/v2/rit/images/lower_limb_wounds_f3606f2663199e21.jpg,rit_chronic_wounds,chronic_wound_out_of_scope,chronic_wound,rit_g2161,0.706,8,yes
experiments/v2/rit/images/lower_limb_wounds_09d444a58ee115e9.jpg,rit_chronic_wounds,chronic_wound_out_of_scope,chronic_wound,rit_g2132,0.724,14,yes
experiments/v2/rit/images/lower_limb_wounds_8d157100859d9d4d.jpg,rit_chronic_wounds,chronic_wound_out_of_scope,chronic_wound,rit_g2133,0.716,9,yes
experiments/v2/rit/images/lower_limb_wounds_a24d32382cf3075e.jpg,rit_chronic_wounds,chronic_wound_out_of_scope,chronic_wound,rit_g2134,0.648,10,yes
experiments/v2/rit/images/lower_limb_wounds_c8d9569740553952.jpg,rit_chronic_wounds,chronic_wound_out_of_scope,chronic_wound,rit_g2135,0.674,14,yes
experiments/v2/rit/images/lower_limb_wounds_3df77046910482a7.jpg,rit_chronic_wounds,chronic_wound_out_of_scope,chronic_wound,rit_g2136,0.696,12,yes
experiments/v2/rit/images/lower_limb_wounds_256d6385629692d8.jpg,rit_chronic_wounds,chronic_wound_out_of_scope,chronic_wound,rit_g2549,0.728,16,yes
experiments/v2/rit/images/lower_limb_wounds_28ab7d61bd905713.jpg,rit_chronic_wounds,chronic_wound_out_of_scope,chronic_wound,rit_g2549,0.686,14,yes
experiments/v2/rit/images/lower_limb_wounds_5e951d2f27065bc9.jpg,rit_chronic_wounds,chronic_wound_out_of_scope,chronic_wound,rit_g2139,0.701,9,yes
experiments/v2/rit/images/lower_limb_wounds_efe83d7985a8c528.jpg,rit_chronic_wounds,chronic_wound_out_of_scope,chronic_wound,rit_g2140,0.726,14,yes
experiments/v2/rit/images/lower_limb_wounds_a4dea77bfa5c9254.jpg,rit_chronic_wounds,chronic_wound_out_of_scope,chronic_wound,rit_g2549,0.701,16,yes
experiments/v2/rit/images/lower_limb_wounds_b7d9836168bf195c.jpg,rit_chronic_wounds,chronic_wound_out_of_scope,chronic_wound,rit_g2142,0.697,11,yes
experiments/v2/rit/images/lower_limb_wounds_56b0f4ab86158057.jpg,rit_chronic_wounds,chronic_wound_out_of_scope,chronic_wound,rit_g2143,0.663,15,yes
experiments/v2/rit/images/lower_limb_wounds_84f524aa11bc6e34.jpg,rit_chronic_wounds,chronic_wound_out_of_scope,chronic_wound,rit_g2144,0.699,17,yes
experiments/v2/rit/images/lower_limb_wounds_4bf003751d3dced1.jpg,rit_chronic_wounds,chronic_wound_out_of_scope,chronic_wound,rit_g2170,0.668,12,yes
experiments/v2/rit/images/lower_limb_wounds_081bfcd76668320b.jpg,rit_chronic_wounds,chronic_wound_out_of_scope,chronic_wound,rit_g2559,0.684,15,yes
experiments/v2/rit/images/lower_limb_wounds_e689542046bebc06.jpg,rit_chronic_wounds,chronic_wound_out_of_scope,chronic_wound,rit_g2147,0.727,16,yes
experiments/v2/rit/images/lower_limb_wounds_dbb8afc8d2375009.jpg,rit_chronic_wounds,chronic_wound_out_of_scope,chronic_wound,rit_g2148,0.674,10,yes
experiments/v2/rit/images/lower_limb_wounds_4c20165f48daee4d.jpg,rit_chronic_wounds,chronic_wound_out_of_scope,chronic_wound,rit_g2153,0.673,13,yes
experiments/v2/rit/images/lower_limb_wounds_5f4088fa326ec02f.jpg,rit_chronic_wounds,chronic_wound_out_of_scope,chronic_wound,rit_g2153,0.681,11,yes
experiments/v2/rit/images/lower_limb_wounds_80b9ea51a59d3d12.jpg,rit_chronic_wounds,chronic_wound_out_of_scope,chronic_wound,rit_g2559,0.678,15,yes
experiments/v2/rit/images/lower_limb_wounds_efb790e436b9c521.jpg,rit_chronic_wounds,chronic_wound_out_of_scope,chronic_wound,rit_g2153,0.714,13,yes
experiments/v2/rit/images/lower_limb_wounds_523832cc03ca616f.jpg,rit_chronic_wounds,chronic_wound_out_of_scope,chronic_wound,rit_g2153,0.746,10,yes
experiments/v2/rit/images/lower_limb_wounds_469105fdee7061be.jpg,rit_chronic_wounds,chronic_wound_out_of_scope,chronic_wound,rit_g2154,0.691,18,yes
experiments/v2/rit/images/lower_limb_wounds_249d12f3c08e5f2d.jpg,rit_chronic_wounds,chronic_wound_out_of_scope,chronic_wound,rit_g2155,0.694,14,yes
experiments/v2/rit/images/lower_limb_wounds_83e22d54950f65a8.jpg,rit_chronic_wounds,chronic_wound_out_of_scope,chronic_wound,rit_g2156,0.634,14,yes
experiments/v2/rit/images/lower_limb_wounds_3871222a5f1f8e4f.jpg,rit_chronic_wounds,chronic_wound_out_of_scope,chronic_wound,rit_g2559,0.663,15,yes
experiments/v2/rit/images/lower_limb_wounds_fa7053124d6edae5.jpg,rit_chronic_wounds,chronic_wound_out_of_scope,chronic_wound,rit_g2559,0.652,14,yes
experiments/v2/rit/images/lower_limb_wounds_bd8e1a146196a66b.jpg,rit_chronic_wounds,chronic_wound_out_of_scope,chronic_wound,rit_g2159,0.706,17,yes
experiments/v2/rit/images/lower_limb_wounds_1bea9545b75bf86b.jpg,rit_chronic_wounds,chronic_wound_out_of_scope,chronic_wound,rit_g2160,0.742,13,yes
experiments/v2/rit/images/lower_limb_wounds_aff60a75fce86d5a.jpg,rit_chronic_wounds,chronic_wound_out_of_scope,chronic_wound,rit_g2161,0.685,11,yes
experiments/v2/rit/images/lower_limb_wounds_65f633a4c04c5a7a.jpg,rit_chronic_wounds,chronic_wound_out_of_scope,chronic_wound,rit_g2165,0.670,16,yes
experiments/v2/rit/images/lower_limb_wounds_81abc3d02b4b4529.jpg,rit_chronic_wounds,chronic_wound_out_of_scope,chronic_wound,rit_g2559,0.687,16,yes
experiments/v2/rit/images/lower_limb_wounds_a104be8e709c30f3.jpg,rit_chronic_wounds,chronic_wound_out_of_scope,chronic_wound,rit_g2164,0.662,14,yes
experiments/v2/rit/images/lower_limb_wounds_2ba47ddc2bb24689.jpg,rit_chronic_wounds,chronic_wound_out_of_scope,chronic_wound,rit_g2165,0.688,13,yes
experiments/v2/rit/images/lower_limb_wounds_42258b0b0c83fe83.jpg,rit_chronic_wounds,chronic_wound_out_of_scope,chronic_wound,rit_g2166,0.700,11,yes
experiments/v2/rit/images/lower_limb_wounds_d5c8db4c464e6946.jpg,rit_chronic_wounds,chronic_wound_out_of_scope,chronic_wound,rit_g2167,0.742,16,yes
experiments/v2/rit/images/lower_limb_wounds_d61fd4e366adcc07.jpg,rit_chronic_wounds,chronic_wound_out_of_scope,chronic_wound,rit_g2168,0.679,19,yes
experiments/v2/rit/images/lower_limb_wounds_218b29c967c042e4.jpg,rit_chronic_wounds,chronic_wound_out_of_scope,chronic_wound,rit_g2169,0.689,18,yes
experiments/v2/rit/images/lower_limb_wounds_a82a1cb25a7baf92.jpg,rit_chronic_wounds,chronic_wound_out_of_scope,chronic_wound,rit_g2170,0.691,8,yes
experiments/v2/rit/images/lower_limb_wounds_ca5d2403d2d6f3cd.jpg,rit_chronic_wounds,chronic_wound_out_of_scope,chronic_wound,rit_g2171,0.702,14,yes
experiments/v2/rit/images/lower_limb_wounds_2c0014ac50871347.jpg,rit_chronic_wounds,chronic_wound_out_of_scope,chronic_wound,rit_g2172,0.680,16,yes
experiments/v2/rit/images/lower_limb_wounds_9a5a77dcbd0fcbe9.jpg,rit_chronic_wounds,chronic_wound_out_of_scope,chronic_wound,rit_g2173,0.664,19,yes
experiments/v2/rit/images/lower_limb_wounds_55a7b7f4c56d6b86.jpg,rit_chronic_wounds,chronic_wound_out_of_scope,chronic_wound,rit_g2174,0.658,16,yes
experiments/v2/rit/images/lower_limb_wounds_2c1ffcc8a65a4921.jpg,rit_chronic_wounds,chronic_wound_out_of_scope,chronic_wound,rit_g2175,0.654,11,yes
experiments/v2/rit/images/lower_limb_wounds_1601a0664f49ca76.jpg,rit_chronic_wounds,chronic_wound_out_of_scope,chronic_wound,rit_g2176,0.673,15,yes
experiments/v2/rit/images/lower_limb_wounds_e41b1831715eb69a.jpg,rit_chronic_wounds,chronic_wound_out_of_scope,chronic_wound,rit_g2177,0.660,17,yes
experiments/v2/rit/images/lower_limb_wounds_9b1ee6f981d02065.jpg,rit_chronic_wounds,chronic_wound_out_of_scope,chronic_wound,rit_g2178,0.659,13,yes
experiments/v2/rit/images/lower_limb_wounds_09284cde49bf1db6.jpg,rit_chronic_wounds,chronic_wound_out_of_scope,chronic_wound,rit_g2179,0.696,10,yes
experiments/v2/rit/images/lower_limb_wounds_7ba201df87d0a127.jpg,rit_chronic_wounds,chronic_wound_out_of_scope,chronic_wound,rit_g2180,0.685,16,yes
experiments/v2/rit/images/lower_limb_wounds_6af54a7e2ade9024.jpg,rit_chronic_wounds,chronic_wound_out_of_scope,chronic_wound,rit_g2181,0.713,12,yes
experiments/v2/rit/images/lower_limb_wounds_e376c844a653765a.jpg,rit_chronic_wounds,chronic_wound_out_of_scope,chronic_wound,rit_g2182,0.667,14,yes
experiments/v2/rit/images/lower_limb_wounds_756b891b55496be2.jpg,rit_chronic_wounds,chronic_wound_out_of_scope,chronic_wound,rit_g2183,0.732,12,yes
experiments/v2/rit/images/lower_limb_wounds_36dffe5cd9eef116.jpg,rit_chronic_wounds,chronic_wound_out_of_scope,chronic_wound,rit_g2184,0.688,11,yes
experiments/v2/rit/images/lower_limb_wounds_ba665d7c3920fff7.jpg,rit_chronic_wounds,chronic_wound_out_of_scope,chronic_wound,rit_g2185,0.730,17,yes
experiments/v2/rit/images/lower_limb_wounds_9d29a56a9bd2e133.jpg,rit_chronic_wounds,chronic_wound_out_of_scope,chronic_wound,rit_g2186,0.677,17,yes
experiments/v2/rit/images/lower_limb_wounds_7856754f8d3881bf.jpg,rit_chronic_wounds,chronic_wound_out_of_scope,chronic_wound,rit_g2187,0.701,11,yes
experiments/v2/rit/images/lower_limb_wounds_f2bf37dd86c91ea0.jpg,rit_chronic_wounds,chronic_wound_out_of_scope,chronic_wound,rit_g2202,0.719,15,yes
experiments/v2/rit/images/lower_limb_wounds_128ad2bcca42ba96.jpg,rit_chronic_wounds,chronic_wound_out_of_scope,chronic_wound,rit_g2189,0.688,12,yes
experiments/v2/rit/images/lower_limb_wounds_4c0becdb51f34d7b.jpg,rit_chronic_wounds,chronic_wound_out_of_scope,chronic_wound,rit_g2190,0.700,12,yes
experiments/v2/rit/images/lower_limb_wounds_921b439b9faa3af6.jpg,rit_chronic_wounds,chronic_wound_out_of_scope,chronic_wound,rit_g2559,0.671,8,yes
experiments/v2/rit/images/lower_limb_wounds_b61583e7e0282200.jpg,rit_chronic_wounds,chronic_wound_out_of_scope,chronic_wound,rit_g2549,0.741,9,yes
experiments/v2/rit/images/lower_limb_wounds_04122b48f943e87e.jpg,rit_chronic_wounds,chronic_wound_out_of_scope,chronic_wound,rit_g2193,0.681,13,yes
experiments/v2/rit/images/lower_limb_wounds_651bd4bb0d039ba7.jpg,rit_chronic_wounds,chronic_wound_out_of_scope,chronic_wound,rit_g2194,0.683,13,yes
experiments/v2/rit/images/lower_limb_wounds_4968e1f44a5955b3.jpg,rit_chronic_wounds,chronic_wound_out_of_scope,chronic_wound,rit_g2195,0.642,15,yes
experiments/v2/rit/images/lower_limb_wounds_a7380d0519181dc0.jpg,rit_chronic_wounds,chronic_wound_out_of_scope,chronic_wound,rit_g2196,0.706,15,yes
experiments/v2/rit/images/lower_limb_wounds_ddf753cd4ee39c76.jpg,rit_chronic_wounds,chronic_wound_out_of_scope,chronic_wound,rit_g2197,0.706,12,yes
experiments/v2/rit/images/lower_limb_wounds_63db876a182884d7.jpg,rit_chronic_wounds,chronic_wound_out_of_scope,chronic_wound,rit_g2198,0.685,13,yes
experiments/v2/rit/images/lower_limb_wounds_322caacbd596d195.jpg,rit_chronic_wounds,chronic_wound_out_of_scope,chronic_wound,rit_g2199,0.678,16,yes
experiments/v2/rit/images/lower_limb_wounds_43b3d69cead9e573.jpg,rit_chronic_wounds,chronic_wound_out_of_scope,chronic_wound,rit_g2200,0.660,18,yes
experiments/v2/rit/images/lower_limb_wounds_c99c07c7e0674efa.jpg,rit_chronic_wounds,chronic_wound_out_of_scope,chronic_wound,rit_g2201,0.666,12,yes
experiments/v2/rit/images/lower_limb_wounds_14418c637c81108f.jpg,rit_chronic_wounds,chronic_wound_out_of_scope,chronic_wound,rit_g2202,0.696,12,yes
experiments/v2/rit/images/lower_limb_wounds_384bcc1d1b308349.jpg,rit_chronic_wounds,chronic_wound_out_of_scope,chronic_wound,rit_g2203,0.647,11,yes
experiments/v2/rit/images/lower_limb_wounds_920fbd57a82faa70.jpg,rit_chronic_wounds,chronic_wound_out_of_scope,chronic_wound,rit_g2204,0.685,17,yes
experiments/v2/rit/images/lower_limb_wounds_1333c661dc4f3911.jpg,rit_chronic_wounds,chronic_wound_out_of_scope,chronic_wound,rit_g2205,0.682,10,yes
experiments/v2/rit/images/lower_limb_wounds_337ecf5cb41ba7ea.jpg,rit_chronic_wounds,chronic_wound_out_of_scope,chronic_wound,rit_g2206,0.703,12,yes
experiments/v2/rit/images/lower_limb_wounds_921eeeb3527847ee.jpg,rit_chronic_wounds,chronic_wound_out_of_scope,chronic_wound,rit_g2207,0.663,17,yes
experiments/v2/rit/images/lower_limb_wounds_c1b889b806ea9df5.jpg,rit_chronic_wounds,chronic_wound_out_of_scope,chronic_wound,rit_g2208,0.677,16,yes
experiments/v2/rit/images/lower_limb_wounds_dde4eba259d4d8d3.jpg,rit_chronic_wounds,chronic_wound_out_of_scope,chronic_wound,rit_g2209,0.695,14,yes
experiments/v2/rit/images/lower_limb_wounds_6fa222a7a27526aa.jpg,rit_chronic_wounds,chronic_wound_out_of_scope,chronic_wound,rit_g2210,0.710,17,yes
experiments/v2/rit/images/lower_limb_wounds_cec2c0d879e00d2a.jpg,rit_chronic_wounds,chronic_wound_out_of_scope,chronic_wound,rit_g2211,0.639,16,yes
experiments/v2/rit/images/lower_limb_wounds_b8bf296ba0de25ba.jpg,rit_chronic_wounds,chronic_wound_out_of_scope,chronic_wound,rit_g2212,0.636,17,yes
experiments/v2/rit/images/lower_limb_wounds_9c54828d20ad7e18.jpg,rit_chronic_wounds,chronic_wound_out_of_scope,chronic_wound,rit_g2213,0.716,10,yes
experiments/v2/rit/images/lower_limb_wounds_057922864f7a6629.jpg,rit_chronic_wounds,chronic_wound_out_of_scope,chronic_wound,rit_g2549,0.741,12,yes
experiments/v2/rit/images/lower_limb_wounds_09a741c3997ea373.jpg,rit_chronic_wounds,chronic_wound_out_of_scope,chronic_wound,rit_g2215,0.700,13,yes
experiments/v2/rit/images/lower_limb_wounds_4b8bdefe8152dcf7.jpg,rit_chronic_wounds,chronic_wound_out_of_scope,chronic_wound,rit_g2216,0.676,17,yes
experiments/v2/rit/images/lower_limb_wounds_ed31be80e3ee4903.jpg,rit_chronic_wounds,chronic_wound_out_of_scope,chronic_wound,rit_g2217,0.676,16,yes
experiments/v2/rit/images/lower_limb_wounds_11d7b55b0339b0ab.jpg,rit_chronic_wounds,chronic_wound_out_of_scope,chronic_wound,rit_g2218,0.688,9,yes
experiments/v2/rit/images/lower_limb_wounds_9a002a693177d3b5.jpg,rit_chronic_wounds,chronic_wound_out_of_scope,chronic_wound,rit_g2219,0.662,17,yes
experiments/v2/rit/images/lower_limb_wounds_5bb19fd698f504fc.jpg,rit_chronic_wounds,chronic_wound_out_of_scope,chronic_wound,rit_g2220,0.639,18,yes
experiments/v2/rit/images/lower_limb_wounds_da01fe14eca73597.jpg,rit_chronic_wounds,chronic_wound_out_of_scope,chronic_wound,rit_g2221,0.716,16,yes
experiments/v2/rit/images/lower_limb_wounds_d3af3351d1eba641.jpg,rit_chronic_wounds,chronic_wound_out_of_scope,chronic_wound,rit_g2222,0.656,13,yes
experiments/v2/rit/images/lower_limb_wounds_437879cbd7182750.jpg,rit_chronic_wounds,chronic_wound_out_of_scope,chronic_wound,rit_g2339,0.655,17,yes
experiments/v2/rit/images/lower_limb_wounds_e650b5474a429d80.jpg,rit_chronic_wounds,chronic_wound_out_of_scope,chronic_wound,rit_g2549,0.674,15,yes
experiments/v2/rit/images/lower_limb_wounds_efc9a60e5a30a0b0.jpg,rit_chronic_wounds,chronic_wound_out_of_scope,chronic_wound,rit_g2225,0.690,15,yes
experiments/v2/rit/images/lower_limb_wounds_e09f1a6eb9f267fd.jpg,rit_chronic_wounds,chronic_wound_out_of_scope,chronic_wound,rit_g2226,0.679,16,yes
experiments/v2/rit/images/lower_limb_wounds_c0a9698d1bd31010.jpg,rit_chronic_wounds,chronic_wound_out_of_scope,chronic_wound,rit_g2227,0.661,16,yes
experiments/v2/rit/images/lower_limb_wounds_86f02793bb98dad4.jpg,rit_chronic_wounds,chronic_wound_out_of_scope,chronic_wound,rit_g2549,0.705,9,yes
experiments/v2/rit/images/lower_limb_wounds_eb10c560df601606.jpg,rit_chronic_wounds,chronic_wound_out_of_scope,chronic_wound,rit_g2229,0.647,16,yes
experiments/v2/rit/images/lower_limb_wounds_93f9e586578e9cfd.jpg,rit_chronic_wounds,chronic_wound_out_of_scope,chronic_wound,rit_g2230,0.707,15,yes
experiments/v2/rit/images/lower_limb_wounds_73129230f0fd6cd0.jpg,rit_chronic_wounds,chronic_wound_out_of_scope,chronic_wound,rit_g2231,0.709,14,yes
experiments/v2/rit/images/lower_limb_wounds_9d7d777e4a67dddd.jpg,rit_chronic_wounds,chronic_wound_out_of_scope,chronic_wound,rit_g2232,0.688,12,yes
experiments/v2/rit/images/lower_limb_wounds_9c12af7fcbf601bc.jpg,rit_chronic_wounds,chronic_wound_out_of_scope,chronic_wound,rit_g2549,0.716,8,yes
experiments/v2/rit/images/lower_limb_wounds_a47e13b6e91e46c4.jpg,rit_chronic_wounds,chronic_wound_out_of_scope,chronic_wound,rit_g2234,0.684,14,yes
experiments/v2/rit/images/lower_limb_wounds_2a016e527d27ab21.jpg,rit_chronic_wounds,chronic_wound_out_of_scope,chronic_wound,rit_g2235,0.690,14,yes
experiments/v2/rit/images/lower_limb_wounds_aa484126527215cc.jpg,rit_chronic_wounds,chronic_wound_out_of_scope,chronic_wound,rit_g2236,0.669,12,yes
experiments/v2/rit/images/lower_limb_wounds_a36bca8accc8f1f2.jpg,rit_chronic_wounds,chronic_wound_out_of_scope,chronic_wound,rit_g2237,0.663,16,yes
experiments/v2/rit/images/lower_limb_wounds_b5bcae3843ec0a62.jpg,rit_chronic_wounds,chronic_wound_out_of_scope,chronic_wound,rit_g2549,0.707,14,yes
experiments/v2/rit/images/lower_limb_wounds_2ce69f9dc140fe41.jpg,rit_chronic_wounds,chronic_wound_out_of_scope,chronic_wound,rit_g2239,0.713,15,yes
experiments/v2/rit/images/lower_limb_wounds_61ffd838040765a9.jpg,rit_chronic_wounds,chronic_wound_out_of_scope,chronic_wound,rit_g2240,0.690,11,yes
experiments/v2/rit/images/lower_limb_wounds_7708789e70005a6a.jpg,rit_chronic_wounds,chronic_wound_out_of_scope,chronic_wound,rit_g2241,0.725,13,yes
experiments/v2/rit/images/lower_limb_wounds_ba131f379408c21a.jpg,rit_chronic_wounds,chronic_wound_out_of_scope,chronic_wound,rit_g2242,0.718,15,yes
experiments/v2/rit/images/lower_limb_wounds_a30ddb5c51da35f3.jpg,rit_chronic_wounds,chronic_wound_out_of_scope,chronic_wound,rit_g2243,0.755,12,no
experiments/v2/rit/images/lower_limb_wounds_68c856bf84d76c1d.jpg,rit_chronic_wounds,chronic_wound_out_of_scope,chronic_wound,rit_g2244,0.684,16,yes
experiments/v2/rit/images/lower_limb_wounds_c74aee4a2806aa03.jpg,rit_chronic_wounds,chronic_wound_out_of_scope,chronic_wound,rit_g2245,0.676,17,yes
experiments/v2/rit/images/lower_limb_wounds_7d7245459bd2ead8.jpg,rit_chronic_wounds,chronic_wound_out_of_scope,chronic_wound,rit_g2246,0.720,12,yes
experiments/v2/rit/images/lower_limb_wounds_2f3dd216330c86f9.jpg,rit_chronic_wounds,chronic_wound_out_of_scope,chronic_wound,rit_g2247,0.684,19,yes
experiments/v2/rit/images/lower_limb_wounds_c92b2f1ac4db96e6.jpg,rit_chronic_wounds,chronic_wound_out_of_scope,chronic_wound,rit_g2248,0.687,10,yes
experiments/v2/rit/images/lower_limb_wounds_3fd875b2f2e54152.jpg,rit_chronic_wounds,chronic_wound_out_of_scope,chronic_wound,rit_g2249,0.733,11,yes
experiments/v2/rit/images/lower_limb_wounds_9386764ed129a8f6.jpg,rit_chronic_wounds,chronic_wound_out_of_scope,chronic_wound,rit_g2250,0.700,7,yes
experiments/v2/rit/images/lower_limb_wounds_4b36663c1d804e5c.jpg,rit_chronic_wounds,chronic_wound_out_of_scope,chronic_wound,rit_g2251,0.678,14,yes
experiments/v2/rit/images/lower_limb_wounds_e921315aa851ea7e.jpg,rit_chronic_wounds,chronic_wound_out_of_scope,chronic_wound,rit_g2252,0.653,17,yes
experiments/v2/rit/images/lower_limb_wounds_ad53e8ea54d81961.jpg,rit_chronic_wounds,chronic_wound_out_of_scope,chronic_wound,rit_g2253,0.665,16,yes
experiments/v2/rit/images/lower_limb_wounds_e44fc4ffde5999ca.jpg,rit_chronic_wounds,chronic_wound_out_of_scope,chronic_wound,rit_g2254,0.741,18,yes
experiments/v2/rit/images/lower_limb_wounds_a4a5fe77cfb145b1.jpg,rit_chronic_wounds,chronic_wound_out_of_scope,chronic_wound,rit_g2255,0.668,11,yes
experiments/v2/rit/images/lower_limb_wounds_4314b2c99fddca2a.jpg,rit_chronic_wounds,chronic_wound_out_of_scope,chronic_wound,rit_g2256,0.673,11,yes
experiments/v2/rit/images/lower_limb_wounds_caa67caccc00a6b8.jpg,rit_chronic_wounds,chronic_wound_out_of_scope,chronic_wound,rit_g2257,0.634,19,yes
experiments/v2/rit/images/lower_limb_wounds_0488ccbe312b183c.jpg,rit_chronic_wounds,chronic_wound_out_of_scope,chronic_wound,rit_g2258,0.673,15,yes
experiments/v2/rit/images/lower_limb_wounds_0cda02601d573338.jpg,rit_chronic_wounds,chronic_wound_out_of_scope,chronic_wound,rit_g2259,0.697,12,yes
experiments/v2/rit/images/lower_limb_wounds_b011e562bbb9c398.jpg,rit_chronic_wounds,chronic_wound_out_of_scope,chronic_wound,rit_g2260,0.709,18,yes
experiments/v2/rit/images/lower_limb_wounds_c4eea7bee07b7496.jpg,rit_chronic_wounds,chronic_wound_out_of_scope,chronic_wound,rit_g2261,0.712,15,yes
experiments/v2/rit/images/lower_limb_wounds_fefc0093fe0f1275.jpg,rit_chronic_wounds,chronic_wound_out_of_scope,chronic_wound,rit_g2262,0.664,16,yes
experiments/v2/rit/images/lower_limb_wounds_df629a1358d5d9d6.jpg,rit_chronic_wounds,chronic_wound_out_of_scope,chronic_wound,rit_g2263,0.654,18,yes
experiments/v2/rit/images/lower_limb_wounds_f6901bff7522e369.jpg,rit_chronic_wounds,chronic_wound_out_of_scope,chronic_wound,rit_g2264,0.658,16,yes
experiments/v2/rit/images/lower_limb_wounds_5746b106d20aea24.jpg,rit_chronic_wounds,chronic_wound_out_of_scope,chronic_wound,rit_g2265,0.717,13,yes
experiments/v2/rit/images/lower_limb_wounds_8fe55a82bf9ee446.jpg,rit_chronic_wounds,chronic_wound_out_of_scope,chronic_wound,rit_g2266,0.688,16,yes
experiments/v2/rit/images/lower_limb_wounds_d910864497f31716.jpg,rit_chronic_wounds,chronic_wound_out_of_scope,chronic_wound,rit_g2267,0.696,15,yes
experiments/v2/rit/images/lower_limb_wounds_f03535cb76b430e6.jpg,rit_chronic_wounds,chronic_wound_out_of_scope,chronic_wound,rit_g2268,0.682,15,yes
experiments/v2/rit/images/lower_limb_wounds_58b3060560a1f413.jpg,rit_chronic_wounds,chronic_wound_out_of_scope,chronic_wound,rit_g2269,0.740,16,yes
experiments/v2/rit/images/lower_limb_wounds_8dc02ede45f55a80.jpg,rit_chronic_wounds,chronic_wound_out_of_scope,chronic_wound,rit_g2270,0.714,14,yes
experiments/v2/rit/images/lower_limb_wounds_61cbc88d7ce2f3e0.jpg,rit_chronic_wounds,chronic_wound_out_of_scope,chronic_wound,rit_g2271,0.734,18,yes
experiments/v2/rit/images/lower_limb_wounds_fa6f60cc7ef41508.jpg,rit_chronic_wounds,chronic_wound_out_of_scope,chronic_wound,rit_g2272,0.665,18,yes
experiments/v2/rit/images/lower_limb_wounds_615bfc41bf790625.jpg,rit_chronic_wounds,chronic_wound_out_of_scope,chronic_wound,rit_g2273,0.647,13,yes
experiments/v2/rit/images/lower_limb_wounds_e853cf71451e7583.jpg,rit_chronic_wounds,chronic_wound_out_of_scope,chronic_wound,rit_g2274,0.691,14,yes
experiments/v2/rit/images/lower_limb_wounds_50860a8030709bc2.jpg,rit_chronic_wounds,chronic_wound_out_of_scope,chronic_wound,rit_g2275,0.681,18,yes
experiments/v2/rit/images/lower_limb_wounds_2b4e3c1fb8949168.jpg,rit_chronic_wounds,chronic_wound_out_of_scope,chronic_wound,rit_g2276,0.609,17,yes
experiments/v2/rit/images/lower_limb_wounds_ce372b8e97c6455d.jpg,rit_chronic_wounds,chronic_wound_out_of_scope,chronic_wound,rit_g2277,0.653,18,yes
experiments/v2/rit/images/lower_limb_wounds_2babb1137b354282.jpg,rit_chronic_wounds,chronic_wound_out_of_scope,chronic_wound,rit_g2278,0.603,15,yes
experiments/v2/rit/images/lower_limb_wounds_edb5349595e4611e.jpg,rit_chronic_wounds,chronic_wound_out_of_scope,chronic_wound,rit_g2549,0.688,12,yes
experiments/v2/rit/images/lower_limb_wounds_3f1bf0d58594cc7b.jpg,rit_chronic_wounds,chronic_wound_out_of_scope,chronic_wound,rit_g2280,0.665,12,yes
experiments/v2/rit/images/lower_limb_wounds_2f56841d6c3e5aaf.jpg,rit_chronic_wounds,chronic_wound_out_of_scope,chronic_wound,rit_g2559,0.689,15,yes
experiments/v2/rit/images/lower_limb_wounds_e3da4cfe816dc5fb.jpg,rit_chronic_wounds,chronic_wound_out_of_scope,chronic_wound,rit_g2282,0.684,13,yes
experiments/v2/rit/images/lower_limb_wounds_3446061c414b100f.jpg,rit_chronic_wounds,chronic_wound_out_of_scope,chronic_wound,rit_g2283,0.670,13,yes
experiments/v2/rit/images/lower_limb_wounds_a975ec43db3e7c2f.jpg,rit_chronic_wounds,chronic_wound_out_of_scope,chronic_wound,rit_g2284,0.672,13,yes
experiments/v2/rit/images/lower_limb_wounds_286e2501f444e985.jpg,rit_chronic_wounds,chronic_wound_out_of_scope,chronic_wound,rit_g2285,0.657,10,yes
experiments/v2/rit/images/lower_limb_wounds_de3c54c900455f9b.jpg,rit_chronic_wounds,chronic_wound_out_of_scope,chronic_wound,rit_g2604,0.673,15,yes
experiments/v2/rit/images/lower_limb_wounds_f750065dc55ef4e9.jpg,rit_chronic_wounds,chronic_wound_out_of_scope,chronic_wound,rit_g2287,0.628,15,yes
experiments/v2/rit/images/lower_limb_wounds_7530db434e160e68.jpg,rit_chronic_wounds,chronic_wound_out_of_scope,chronic_wound,rit_g2288,0.728,15,yes
experiments/v2/rit/images/lower_limb_wounds_833dc7782adabe74.jpg,rit_chronic_wounds,chronic_wound_out_of_scope,chronic_wound,rit_g2549,0.698,17,yes
experiments/v2/rit/images/lower_limb_wounds_765ae91778bef1c1.jpg,rit_chronic_wounds,chronic_wound_out_of_scope,chronic_wound,rit_g2290,0.649,11,yes
experiments/v2/rit/images/lower_limb_wounds_3fa0c99dfb458563.jpg,rit_chronic_wounds,chronic_wound_out_of_scope,chronic_wound,rit_g2291,0.632,14,yes
experiments/v2/rit/images/lower_limb_wounds_0f5ed965e8acfb2d.jpg,rit_chronic_wounds,chronic_wound_out_of_scope,chronic_wound,rit_g2292,0.696,12,yes
experiments/v2/rit/images/lower_limb_wounds_88ee190e93e7e325.jpg,rit_chronic_wounds,chronic_wound_out_of_scope,chronic_wound,rit_g2293,0.699,12,yes
experiments/v2/rit/images/lower_limb_wounds_defb2693e58b9164.jpg,rit_chronic_wounds,chronic_wound_out_of_scope,chronic_wound,rit_g2294,0.667,12,yes
experiments/v2/rit/images/lower_limb_wounds_879bc0284fcc093e.jpg,rit_chronic_wounds,chronic_wound_out_of_scope,chronic_wound,rit_g2295,0.679,14,yes
experiments/v2/rit/images/lower_limb_wounds_ecff5818f8afdb07.jpg,rit_chronic_wounds,chronic_wound_out_of_scope,chronic_wound,rit_g2296,0.633,12,yes
experiments/v2/rit/images/lower_limb_wounds_408b450ee7d58bae.jpg,rit_chronic_wounds,chronic_wound_out_of_scope,chronic_wound,rit_g2297,0.729,11,yes
experiments/v2/rit/images/lower_limb_wounds_d9bd0e110de03592.jpg,rit_chronic_wounds,chronic_wound_out_of_scope,chronic_wound,rit_g2549,0.683,12,yes
experiments/v2/rit/images/lower_limb_wounds_a37cafab85389484.jpg,rit_chronic_wounds,chronic_wound_out_of_scope,chronic_wound,rit_g2299,0.748,12,yes
experiments/v2/rit/images/lower_limb_wounds_e134d31018359caa.jpg,rit_chronic_wounds,chronic_wound_out_of_scope,chronic_wound,rit_g2300,0.694,16,yes
experiments/v2/rit/images/lower_limb_wounds_736572cbbd377448.jpg,rit_chronic_wounds,chronic_wound_out_of_scope,chronic_wound,rit_g2559,0.700,15,yes
experiments/v2/rit/images/lower_limb_wounds_36d5a655ffe38795.jpg,rit_chronic_wounds,chronic_wound_out_of_scope,chronic_wound,rit_g2302,0.682,15,yes
experiments/v2/rit/images/lower_limb_wounds_e98026403c5cff2c.jpg,rit_chronic_wounds,chronic_wound_out_of_scope,chronic_wound,rit_g2303,0.630,15,yes
experiments/v2/rit/images/lower_limb_wounds_fd4cb13959f52cf7.jpg,rit_chronic_wounds,chronic_wound_out_of_scope,chronic_wound,rit_g2304,0.724,12,yes
experiments/v2/rit/images/lower_limb_wounds_9b4c5bb277227e09.jpg,rit_chronic_wounds,chronic_wound_out_of_scope,chronic_wound,rit_g2549,0.701,17,yes
experiments/v2/rit/images/lower_limb_wounds_e34a90da709944ce.jpg,rit_chronic_wounds,chronic_wound_out_of_scope,chronic_wound,rit_g2306,0.676,16,yes
experiments/v2/rit/images/lower_limb_wounds_37bbd406529da2b7.jpg,rit_chronic_wounds,chronic_wound_out_of_scope,chronic_wound,rit_g2307,0.710,12,yes
experiments/v2/rit/images/lower_limb_wounds_1353878e0ba81d7b.jpg,rit_chronic_wounds,chronic_wound_out_of_scope,chronic_wound,rit_g2308,0.682,11,yes
experiments/v2/rit/images/lower_limb_wounds_f801b43766893768.jpg,rit_chronic_wounds,chronic_wound_out_of_scope,chronic_wound,rit_g2309,0.723,15,yes
experiments/v2/rit/images/lower_limb_wounds_f0f6e7641d7de7ec.jpg,rit_chronic_wounds,chronic_wound_out_of_scope,chronic_wound,rit_g2549,0.750,14,yes
experiments/v2/rit/images/lower_limb_wounds_efcae77e701895a7.jpg,rit_chronic_wounds,chronic_wound_out_of_scope,chronic_wound,rit_g2549,0.711,17,yes
experiments/v2/rit/images/lower_limb_wounds_3dbe287d33e79606.jpg,rit_chronic_wounds,chronic_wound_out_of_scope,chronic_wound,rit_g2549,0.735,16,yes
experiments/v2/rit/images/lower_limb_wounds_017a3ba0c12ead88.jpg,rit_chronic_wounds,chronic_wound_out_of_scope,chronic_wound,rit_g2313,0.644,13,yes
experiments/v2/rit/images/lower_limb_wounds_a96930d00a6c86f2.jpg,rit_chronic_wounds,chronic_wound_out_of_scope,chronic_wound,rit_g2314,0.649,13,yes
experiments/v2/rit/images/lower_limb_wounds_94bd8f9dd345333c.jpg,rit_chronic_wounds,chronic_wound_out_of_scope,chronic_wound,rit_g2315,0.686,16,yes
experiments/v2/rit/images/lower_limb_wounds_431c0c496e0fba9a.jpg,rit_chronic_wounds,chronic_wound_out_of_scope,chronic_wound,rit_g2316,0.722,14,yes
experiments/v2/rit/images/lower_limb_wounds_5cd10fe8400bc577.jpg,rit_chronic_wounds,chronic_wound_out_of_scope,chronic_wound,rit_g2559,0.689,16,yes
experiments/v2/rit/images/lower_limb_wounds_bca5055631f11b24.jpg,rit_chronic_wounds,chronic_wound_out_of_scope,chronic_wound,rit_g2318,0.681,19,yes
experiments/v2/rit/images/lower_limb_wounds_3a233ff7536a468a.jpg,rit_chronic_wounds,chronic_wound_out_of_scope,chronic_wound,rit_g2319,0.625,10,yes
experiments/v2/rit/images/lower_limb_wounds_3a3acf86af17dac9.jpg,rit_chronic_wounds,chronic_wound_out_of_scope,chronic_wound,rit_g2320,0.693,16,yes
experiments/v2/rit/images/lower_limb_wounds_7b7138d1f317d06f.jpg,rit_chronic_wounds,chronic_wound_out_of_scope,chronic_wound,rit_g2321,0.701,16,yes
experiments/v2/rit/images/lower_limb_wounds_0a93693d0dadb49a.jpg,rit_chronic_wounds,chronic_wound_out_of_scope,chronic_wound,rit_g2322,0.681,21,yes
experiments/v2/rit/images/lower_limb_wounds_9cc80945dd14428d.jpg,rit_chronic_wounds,chronic_wound_out_of_scope,chronic_wound,rit_g2549,0.759,17,no
experiments/v2/rit/images/lower_limb_wounds_44b6ec10e70031e6.jpg,rit_chronic_wounds,chronic_wound_out_of_scope,chronic_wound,rit_g2324,0.727,16,yes
experiments/v2/rit/images/lower_limb_wounds_9d1098578965b0b3.jpg,rit_chronic_wounds,chronic_wound_out_of_scope,chronic_wound,rit_g2325,0.668,13,yes
experiments/v2/rit/images/lower_limb_wounds_efd36bff9a435b75.jpg,rit_chronic_wounds,chronic_wound_out_of_scope,chronic_wound,rit_g2326,0.692,9,yes
experiments/v2/rit/images/lower_limb_wounds_e07de2e7ec1b3c27.jpg,rit_chronic_wounds,chronic_wound_out_of_scope,chronic_wound,rit_g2559,0.674,15,yes
experiments/v2/rit/images/lower_limb_wounds_87f7de8faa4d4135.jpg,rit_chronic_wounds,chronic_wound_out_of_scope,chronic_wound,rit_g2328,0.705,10,yes
experiments/v2/rit/images/lower_limb_wounds_063bcb6dec7e1bcc.jpg,rit_chronic_wounds,chronic_wound_out_of_scope,chronic_wound,rit_g2549,0.733,9,yes
experiments/v2/rit/images/lower_limb_wounds_f7e088ad45d76878.jpg,rit_chronic_wounds,chronic_wound_out_of_scope,chronic_wound,rit_g2330,0.631,8,yes
experiments/v2/rit/images/lower_limb_wounds_781d94689204b478.jpg,rit_chronic_wounds,chronic_wound_out_of_scope,chronic_wound,rit_g2331,0.706,8,yes
experiments/v2/rit/images/lower_limb_wounds_2595e30be4324b2a.jpg,rit_chronic_wounds,chronic_wound_out_of_scope,chronic_wound,rit_g2332,0.711,17,yes
experiments/v2/rit/images/lower_limb_wounds_13ffbd670b37075b.jpg,rit_chronic_wounds,chronic_wound_out_of_scope,chronic_wound,rit_g2333,0.653,12,yes
experiments/v2/rit/images/lower_limb_wounds_df715cb26c9cf626.jpg,rit_chronic_wounds,chronic_wound_out_of_scope,chronic_wound,rit_g2549,0.718,13,yes
experiments/v2/rit/images/lower_limb_wounds_ab796ab6a4fb22f0.jpg,rit_chronic_wounds,chronic_wound_out_of_scope,chronic_wound,rit_g2549,0.711,8,yes
experiments/v2/rit/images/lower_limb_wounds_346e78811712d9a4.jpg,rit_chronic_wounds,chronic_wound_out_of_scope,chronic_wound,rit_g2336,0.718,10,yes
experiments/v2/rit/images/lower_limb_wounds_f56a19634f87230a.jpg,rit_chronic_wounds,chronic_wound_out_of_scope,chronic_wound,rit_g2337,0.683,15,yes
experiments/v2/rit/images/lower_limb_wounds_76abe06455a57bc2.jpg,rit_chronic_wounds,chronic_wound_out_of_scope,chronic_wound,rit_g2559,0.689,13,yes
experiments/v2/rit/images/lower_limb_wounds_d7eb89f3241f86c8.jpg,rit_chronic_wounds,chronic_wound_out_of_scope,chronic_wound,rit_g2339,0.708,16,yes
experiments/v2/rit/images/lower_limb_wounds_bb3dab1f176cbbd9.jpg,rit_chronic_wounds,chronic_wound_out_of_scope,chronic_wound,rit_g2549,0.711,16,yes
experiments/v2/rit/images/lower_limb_wounds_f43dda90f351fccd.jpg,rit_chronic_wounds,chronic_wound_out_of_scope,chronic_wound,rit_g2341,0.735,13,yes
experiments/v2/rit/images/lower_limb_wounds_0fdfc4d9aba594d3.jpg,rit_chronic_wounds,chronic_wound_out_of_scope,chronic_wound,rit_g2549,0.766,12,no
experiments/v2/rit/images/lower_limb_wounds_4d780571ebd3ad95.jpg,rit_chronic_wounds,chronic_wound_out_of_scope,chronic_wound,rit_g2343,0.708,17,yes
experiments/v2/rit/images/lower_limb_wounds_94e68d7eeda24e0e.jpg,rit_chronic_wounds,chronic_wound_out_of_scope,chronic_wound,rit_g2344,0.655,14,yes
experiments/v2/rit/images/lower_limb_wounds_335905a141e5f296.jpg,rit_chronic_wounds,chronic_wound_out_of_scope,chronic_wound,rit_g2345,0.729,14,yes
experiments/v2/rit/images/lower_limb_wounds_1e127bda2453102f.jpg,rit_chronic_wounds,chronic_wound_out_of_scope,chronic_wound,rit_g2346,0.652,12,yes
experiments/v2/rit/images/lower_limb_wounds_729c04b39087b77b.jpg,rit_chronic_wounds,chronic_wound_out_of_scope,chronic_wound,rit_g2347,0.699,16,yes
experiments/v2/rit/images/lower_limb_wounds_d5bb09f69c4a5f2b.jpg,rit_chronic_wounds,chronic_wound_out_of_scope,chronic_wound,rit_g2348,0.693,19,yes
experiments/v2/rit/images/lower_limb_wounds_2be86d5a407635fa.jpg,rit_chronic_wounds,chronic_wound_out_of_scope,chronic_wound,rit_g2349,0.716,11,yes
experiments/v2/rit/images/lower_limb_wounds_d7ef0251b2fac487.jpg,rit_chronic_wounds,chronic_wound_out_of_scope,chronic_wound,rit_g2352,0.693,16,yes
experiments/v2/rit/images/lower_limb_wounds_129910eb7917e629.jpg,rit_chronic_wounds,chronic_wound_out_of_scope,chronic_wound,rit_g2352,0.671,18,yes
experiments/v2/rit/images/lower_limb_wounds_0d6f60735ab3f86f.jpg,rit_chronic_wounds,chronic_wound_out_of_scope,chronic_wound,rit_g2352,0.685,16,yes
experiments/v2/rit/images/lower_limb_wounds_464f2f24499aab83.jpg,rit_chronic_wounds,chronic_wound_out_of_scope,chronic_wound,rit_g2549,0.689,15,yes
experiments/v2/rit/images/lower_limb_wounds_f7686027e6fa63ac.jpg,rit_chronic_wounds,chronic_wound_out_of_scope,chronic_wound,rit_g2549,0.720,12,yes
experiments/v2/rit/images/lower_limb_wounds_7338605cb6838ce3.jpg,rit_chronic_wounds,chronic_wound_out_of_scope,chronic_wound,rit_g2355,0.712,14,yes
experiments/v2/rit/images/lower_limb_wounds_94dcd5b7c2826b84.jpg,rit_chronic_wounds,chronic_wound_out_of_scope,chronic_wound,rit_g2356,0.686,17,yes
experiments/v2/rit/images/lower_limb_wounds_11eca45b5b4f13d1.jpg,rit_chronic_wounds,chronic_wound_out_of_scope,chronic_wound,rit_g2357,0.683,18,yes
experiments/v2/rit/images/lower_limb_wounds_ba60efd0c1d32ea8.jpg,rit_chronic_wounds,chronic_wound_out_of_scope,chronic_wound,rit_g2358,0.648,14,yes
experiments/v2/rit/images/lower_limb_wounds_488345420383f1b7.jpg,rit_chronic_wounds,chronic_wound_out_of_scope,chronic_wound,rit_g2359,0.650,15,yes
experiments/v2/rit/images/lower_limb_wounds_53ad0e4aba1a87bc.jpg,rit_chronic_wounds,chronic_wound_out_of_scope,chronic_wound,rit_g2559,0.682,17,yes
experiments/v2/rit/images/lower_limb_wounds_347289d91ca91752.jpg,rit_chronic_wounds,chronic_wound_out_of_scope,chronic_wound,rit_g2361,0.717,16,yes
experiments/v2/rit/images/lower_limb_wounds_70f6599f6dcaf097.jpg,rit_chronic_wounds,chronic_wound_out_of_scope,chronic_wound,rit_g2362,0.693,11,yes
experiments/v2/rit/images/lower_limb_wounds_20faccb5e9a65849.jpg,rit_chronic_wounds,chronic_wound_out_of_scope,chronic_wound,rit_g2363,0.751,13,no
experiments/v2/rit/images/lower_limb_wounds_5ad154464a764d06.jpg,rit_chronic_wounds,chronic_wound_out_of_scope,chronic_wound,rit_g2364,0.742,15,yes
experiments/v2/rit/images/lower_limb_wounds_51fa9ad2c0b820fd.jpg,rit_chronic_wounds,chronic_wound_out_of_scope,chronic_wound,rit_g2365,0.662,14,yes
experiments/v2/rit/images/lower_limb_wounds_7b5de927eae81a79.jpg,rit_chronic_wounds,chronic_wound_out_of_scope,chronic_wound,rit_g2366,0.697,14,yes
experiments/v2/rit/images/lower_limb_wounds_5e4732aaab193b20.jpg,rit_chronic_wounds,chronic_wound_out_of_scope,chronic_wound,rit_g2367,0.700,15,yes
experiments/v2/rit/images/lower_limb_wounds_05acbc41765e9e8a.jpg,rit_chronic_wounds,chronic_wound_out_of_scope,chronic_wound,rit_g2368,0.706,13,yes
experiments/v2/rit/images/lower_limb_wounds_cf83ef8fc1652550.jpg,rit_chronic_wounds,chronic_wound_out_of_scope,chronic_wound,rit_g2369,0.689,13,yes
experiments/v2/rit/images/lower_limb_wounds_8373da4249931059.jpg,rit_chronic_wounds,chronic_wound_out_of_scope,chronic_wound,rit_g2370,0.675,13,yes
experiments/v2/rit/images/lower_limb_wounds_ad24b28d16ad9d44.jpg,rit_chronic_wounds,chronic_wound_out_of_scope,chronic_wound,rit_g2387,0.690,10,yes
experiments/v2/rit/images/lower_limb_wounds_78f0245fb857f430.jpg,rit_chronic_wounds,chronic_wound_out_of_scope,chronic_wound,rit_g2372,0.656,15,yes
experiments/v2/rit/images/lower_limb_wounds_614a8c7d14e71990.jpg,rit_chronic_wounds,chronic_wound_out_of_scope,chronic_wound,rit_g2373,0.676,14,yes
experiments/v2/rit/images/lower_limb_wounds_de78419eaaefc8fe.jpg,rit_chronic_wounds,chronic_wound_out_of_scope,chronic_wound,rit_g2374,0.625,14,yes
experiments/v2/rit/images/lower_limb_wounds_bede62c173ba4900.jpg,rit_chronic_wounds,chronic_wound_out_of_scope,chronic_wound,rit_g2375,0.725,17,yes
experiments/v2/rit/images/lower_limb_wounds_7d4918ade2e16f11.jpg,rit_chronic_wounds,chronic_wound_out_of_scope,chronic_wound,rit_g2376,0.706,11,yes
experiments/v2/rit/images/lower_limb_wounds_84f2ee735c9528c2.jpg,rit_chronic_wounds,chronic_wound_out_of_scope,chronic_wound,rit_g2377,0.666,16,yes
experiments/v2/rit/images/lower_limb_wounds_58362767be91fae2.jpg,rit_chronic_wounds,chronic_wound_out_of_scope,chronic_wound,rit_g2559,0.734,14,yes
experiments/v2/rit/images/lower_limb_wounds_5656102ac60114cc.jpg,rit_chronic_wounds,chronic_wound_out_of_scope,chronic_wound,rit_g2559,0.670,17,yes
experiments/v2/rit/images/lower_limb_wounds_de07e27b4d2bca2f.jpg,rit_chronic_wounds,chronic_wound_out_of_scope,chronic_wound,rit_g2380,0.671,15,yes
experiments/v2/rit/images/lower_limb_wounds_05f2d3ba6e13ccf4.jpg,rit_chronic_wounds,chronic_wound_out_of_scope,chronic_wound,rit_g2387,0.699,17,yes
experiments/v2/rit/images/lower_limb_wounds_958dcbe2682eedf0.jpg,rit_chronic_wounds,chronic_wound_out_of_scope,chronic_wound,rit_g2382,0.636,15,yes
experiments/v2/rit/images/lower_limb_wounds_21dfd415ffc9017c.jpg,rit_chronic_wounds,chronic_wound_out_of_scope,chronic_wound,rit_g2383,0.672,16,yes
experiments/v2/rit/images/lower_limb_wounds_381081e342b028f3.jpg,rit_chronic_wounds,chronic_wound_out_of_scope,chronic_wound,rit_g2384,0.664,18,yes
experiments/v2/rit/images/lower_limb_wounds_e580767652b150cb.jpg,rit_chronic_wounds,chronic_wound_out_of_scope,chronic_wound,rit_g2385,0.672,13,yes
experiments/v2/rit/images/lower_limb_wounds_e9611ed0596ea94e.jpg,rit_chronic_wounds,chronic_wound_out_of_scope,chronic_wound,rit_g2386,0.757,11,no
experiments/v2/rit/images/lower_limb_wounds_93243851735b6726.jpg,rit_chronic_wounds,chronic_wound_out_of_scope,chronic_wound,rit_g2387,0.690,16,yes
experiments/v2/rit/images/lower_limb_wounds_136d17dc759d3245.jpg,rit_chronic_wounds,chronic_wound_out_of_scope,chronic_wound,rit_g2388,0.694,13,yes
experiments/v2/rit/images/lower_limb_wounds_b8548cd01c5ba818.jpg,rit_chronic_wounds,chronic_wound_out_of_scope,chronic_wound,rit_g2389,0.729,14,yes
experiments/v2/rit/images/lower_limb_wounds_b4db6f2470108392.jpg,rit_chronic_wounds,chronic_wound_out_of_scope,chronic_wound,rit_g2390,0.648,16,yes
experiments/v2/rit/images/lower_limb_wounds_643e4c7168c92427.jpg,rit_chronic_wounds,chronic_wound_out_of_scope,chronic_wound,rit_g2391,0.654,17,yes
experiments/v2/rit/images/lower_limb_wounds_0edb10f47131c622.jpg,rit_chronic_wounds,chronic_wound_out_of_scope,chronic_wound,rit_g2559,0.661,15,yes
experiments/v2/rit/images/lower_limb_wounds_522b924585c4fa9e.jpg,rit_chronic_wounds,chronic_wound_out_of_scope,chronic_wound,rit_g2393,0.743,16,yes
experiments/v2/rit/images/lower_limb_wounds_0455f2cd2d60eecd.jpg,rit_chronic_wounds,chronic_wound_out_of_scope,chronic_wound,rit_g2394,0.648,15,yes
experiments/v2/rit/images/lower_limb_wounds_a2ccf0aae53b0a32.jpg,rit_chronic_wounds,chronic_wound_out_of_scope,chronic_wound,rit_g2395,0.730,12,yes
experiments/v2/rit/images/lower_limb_wounds_43ba02e394b78299.jpg,rit_chronic_wounds,chronic_wound_out_of_scope,chronic_wound,rit_g2396,0.630,19,yes
experiments/v2/rit/images/lower_limb_wounds_feb8daed5b2bc12a.jpg,rit_chronic_wounds,chronic_wound_out_of_scope,chronic_wound,rit_g2397,0.694,15,yes
experiments/v2/rit/images/lower_limb_wounds_b4d6e9092a2f4199.jpg,rit_chronic_wounds,chronic_wound_out_of_scope,chronic_wound,rit_g2398,0.644,15,yes
experiments/v2/rit/images/lower_limb_wounds_dd5678a8c1a40496.jpg,rit_chronic_wounds,chronic_wound_out_of_scope,chronic_wound,rit_g2399,0.720,14,yes
experiments/v2/rit/images/lower_limb_wounds_adb75515427687b1.jpg,rit_chronic_wounds,chronic_wound_out_of_scope,chronic_wound,rit_g2400,0.702,15,yes
experiments/v2/rit/images/lower_limb_wounds_d92dd4135f947143.jpg,rit_chronic_wounds,chronic_wound_out_of_scope,chronic_wound,rit_g2401,0.691,16,yes
experiments/v2/rit/images/lower_limb_wounds_491a0044807a51c1.jpg,rit_chronic_wounds,chronic_wound_out_of_scope,chronic_wound,rit_g2549,0.662,14,yes
experiments/v2/rit/images/lower_limb_wounds_66f8cdd489972834.jpg,rit_chronic_wounds,chronic_wound_out_of_scope,chronic_wound,rit_g2403,0.682,14,yes
experiments/v2/rit/images/lower_limb_wounds_afbf605153f22910.jpg,rit_chronic_wounds,chronic_wound_out_of_scope,chronic_wound,rit_g2559,0.680,17,yes
experiments/v2/rit/images/lower_limb_wounds_b27426770da7fd16.jpg,rit_chronic_wounds,chronic_wound_out_of_scope,chronic_wound,rit_g2405,0.677,14,yes
experiments/v2/rit/images/lower_limb_wounds_3d339bd74a767485.jpg,rit_chronic_wounds,chronic_wound_out_of_scope,chronic_wound,rit_g2406,0.737,12,yes
experiments/v2/rit/images/lower_limb_wounds_1d5cccb00d788057.jpg,rit_chronic_wounds,chronic_wound_out_of_scope,chronic_wound,rit_g2407,0.686,13,yes
experiments/v2/rit/images/lower_limb_wounds_479372f62e84ab45.jpg,rit_chronic_wounds,chronic_wound_out_of_scope,chronic_wound,rit_g2408,0.710,15,yes
experiments/v2/rit/images/lower_limb_wounds_770546f87c6a954e.jpg,rit_chronic_wounds,chronic_wound_out_of_scope,chronic_wound,rit_g2559,0.676,13,yes
experiments/v2/rit/images/lower_limb_wounds_5c5b51b4fc9df3c7.jpg,rit_chronic_wounds,chronic_wound_out_of_scope,chronic_wound,rit_g2410,0.652,18,yes
experiments/v2/rit/images/lower_limb_wounds_77543393a58eb6a4.jpg,rit_chronic_wounds,chronic_wound_out_of_scope,chronic_wound,rit_g2411,0.675,14,yes
experiments/v2/rit/images/lower_limb_wounds_b57eb2a88a851fd9.jpg,rit_chronic_wounds,chronic_wound_out_of_scope,chronic_wound,rit_g2412,0.671,15,yes
experiments/v2/rit/images/lower_limb_wounds_4946b969f79f276b.jpg,rit_chronic_wounds,chronic_wound_out_of_scope,chronic_wound,rit_g2413,0.731,16,yes
experiments/v2/rit/images/lower_limb_wounds_d03b1ca8105dcbc6.jpg,rit_chronic_wounds,chronic_wound_out_of_scope,chronic_wound,rit_g2414,0.692,15,yes
experiments/v2/rit/images/lower_limb_wounds_9189a15b131d81b7.jpg,rit_chronic_wounds,chronic_wound_out_of_scope,chronic_wound,rit_g2415,0.669,16,yes
experiments/v2/rit/images/lower_limb_wounds_77f8f511a883aa6d.jpg,rit_chronic_wounds,chronic_wound_out_of_scope,chronic_wound,rit_g2416,0.732,8,yes
experiments/v2/rit/images/lower_limb_wounds_605010f7f445f08c.jpg,rit_chronic_wounds,chronic_wound_out_of_scope,chronic_wound,rit_g2417,0.715,11,yes
experiments/v2/rit/images/lower_limb_wounds_8cd1b14577fbe6dd.jpg,rit_chronic_wounds,chronic_wound_out_of_scope,chronic_wound,rit_g2418,0.630,15,yes
experiments/v2/rit/images/lower_limb_wounds_cf5135ecb154446d.jpg,rit_chronic_wounds,chronic_wound_out_of_scope,chronic_wound,rit_g2419,0.670,12,yes
experiments/v2/rit/images/lower_limb_wounds_09ed221494dacfaa.jpg,rit_chronic_wounds,chronic_wound_out_of_scope,chronic_wound,rit_g2420,0.693,12,yes
experiments/v2/rit/images/lower_limb_wounds_9d3b93d58e39361f.jpg,rit_chronic_wounds,chronic_wound_out_of_scope,chronic_wound,rit_g2421,0.671,17,yes
experiments/v2/rit/images/lower_limb_wounds_9018da38ddd22c83.jpg,rit_chronic_wounds,chronic_wound_out_of_scope,chronic_wound,rit_g2422,0.671,12,yes
experiments/v2/rit/images/lower_limb_wounds_fb134a07e1b3ab8a.jpg,rit_chronic_wounds,chronic_wound_out_of_scope,chronic_wound,rit_g2423,0.739,15,yes
experiments/v2/rit/images/lower_limb_wounds_97731620a17d74c2.jpg,rit_chronic_wounds,chronic_wound_out_of_scope,chronic_wound,rit_g2424,0.700,12,yes
experiments/v2/rit/images/lower_limb_wounds_5c630808dcc279de.jpg,rit_chronic_wounds,chronic_wound_out_of_scope,chronic_wound,rit_g2559,0.732,11,yes
experiments/v2/rit/images/lower_limb_wounds_a4db41e8e56db97e.jpg,rit_chronic_wounds,chronic_wound_out_of_scope,chronic_wound,rit_g2426,0.697,10,yes
experiments/v2/rit/images/lower_limb_wounds_3ebccdbc9000191a.jpg,rit_chronic_wounds,chronic_wound_out_of_scope,chronic_wound,rit_g2427,0.712,17,yes
experiments/v2/rit/images/lower_limb_wounds_5a2c4e5b3d385592.jpg,rit_chronic_wounds,chronic_wound_out_of_scope,chronic_wound,rit_g2428,0.716,13,yes
experiments/v2/rit/images/lower_limb_wounds_1f5c5a9d9cf193b6.jpg,rit_chronic_wounds,chronic_wound_out_of_scope,chronic_wound,rit_g2429,0.653,17,yes
experiments/v2/rit/images/lower_limb_wounds_8d2116c5a5d62605.jpg,rit_chronic_wounds,chronic_wound_out_of_scope,chronic_wound,rit_g2430,0.701,12,yes
experiments/v2/rit/images/lower_limb_wounds_72cbfb739276e2e8.jpg,rit_chronic_wounds,chronic_wound_out_of_scope,chronic_wound,rit_g2431,0.683,13,yes
experiments/v2/rit/images/lower_limb_wounds_bd586ff3c883260f.jpg,rit_chronic_wounds,chronic_wound_out_of_scope,chronic_wound,rit_g2432,0.684,12,yes
experiments/v2/rit/images/lower_limb_wounds_33a505761ed7b5c7.jpg,rit_chronic_wounds,chronic_wound_out_of_scope,chronic_wound,rit_g2433,0.666,11,yes
experiments/v2/rit/images/lower_limb_wounds_dce9b5b7199799e8.jpg,rit_chronic_wounds,chronic_wound_out_of_scope,chronic_wound,rit_g2434,0.651,14,yes
experiments/v2/rit/images/lower_limb_wounds_1936de7e4a57cbea.jpg,rit_chronic_wounds,chronic_wound_out_of_scope,chronic_wound,rit_g2435,0.655,14,yes
experiments/v2/rit/images/lower_limb_wounds_730ab2d9cb0c89de.jpg,rit_chronic_wounds,chronic_wound_out_of_scope,chronic_wound,rit_g2436,0.691,13,yes
experiments/v2/rit/images/lower_limb_wounds_d672b80c46054b25.jpg,rit_chronic_wounds,chronic_wound_out_of_scope,chronic_wound,rit_g2437,0.672,16,yes
experiments/v2/rit/images/lower_limb_wounds_4177214b2a6bbec5.jpg,rit_chronic_wounds,chronic_wound_out_of_scope,chronic_wound,rit_g2438,0.684,14,yes
experiments/v2/rit/images/lower_limb_wounds_dd9783fb4df09b9c.jpg,rit_chronic_wounds,chronic_wound_out_of_scope,chronic_wound,rit_g2439,0.645,17,yes
experiments/v2/rit/images/lower_limb_wounds_6646a1fac17fcad7.jpg,rit_chronic_wounds,chronic_wound_out_of_scope,chronic_wound,rit_g2440,0.691,15,yes
experiments/v2/rit/images/lower_limb_wounds_219cbce4fbaf9ff9.jpg,rit_chronic_wounds,chronic_wound_out_of_scope,chronic_wound,rit_g2441,0.688,17,yes
experiments/v2/rit/images/lower_limb_wounds_639f069b5d8a2acc.jpg,rit_chronic_wounds,chronic_wound_out_of_scope,chronic_wound,rit_g2442,0.669,16,yes
experiments/v2/rit/images/lower_limb_wounds_fec71cd004b9aec3.jpg,rit_chronic_wounds,chronic_wound_out_of_scope,chronic_wound,rit_g2443,0.633,15,yes
experiments/v2/rit/images/lower_limb_wounds_2d3e41bca90c8e88.jpg,rit_chronic_wounds,chronic_wound_out_of_scope,chronic_wound,rit_g2444,0.648,15,yes
experiments/v2/rit/images/lower_limb_wounds_5fb94afc1e963571.jpg,rit_chronic_wounds,chronic_wound_out_of_scope,chronic_wound,rit_g2445,0.699,11,yes
experiments/v2/rit/images/lower_limb_wounds_64aceb91bfc6f23f.jpg,rit_chronic_wounds,chronic_wound_out_of_scope,chronic_wound,rit_g2446,0.670,12,yes
experiments/v2/rit/images/lower_limb_wounds_d7fb582d633910e4.jpg,rit_chronic_wounds,chronic_wound_out_of_scope,chronic_wound,rit_g2447,0.661,14,yes
experiments/v2/rit/images/lower_limb_wounds_57a3574dbeda9895.jpg,rit_chronic_wounds,chronic_wound_out_of_scope,chronic_wound,rit_g2448,0.687,16,yes
experiments/v2/rit/images/lower_limb_wounds_d0868a8e8e92afd0.jpg,rit_chronic_wounds,chronic_wound_out_of_scope,chronic_wound,rit_g1728,0.691,11,yes
experiments/v2/rit/images/lower_limb_wounds_18f679e3dc9f3ea3.jpg,rit_chronic_wounds,chronic_wound_out_of_scope,chronic_wound,rit_g2450,0.687,18,yes
experiments/v2/rit/images/lower_limb_wounds_20eed596eb9b6f63.jpg,rit_chronic_wounds,chronic_wound_out_of_scope,chronic_wound,rit_g2451,0.730,11,yes
experiments/v2/rit/images/lower_limb_wounds_a1de50985e452534.jpg,rit_chronic_wounds,chronic_wound_out_of_scope,chronic_wound,rit_g2452,0.652,17,yes
experiments/v2/rit/images/lower_limb_wounds_9a751281e64ebad9.jpg,rit_chronic_wounds,chronic_wound_out_of_scope,chronic_wound,rit_g2453,0.704,16,yes
experiments/v2/rit/images/lower_limb_wounds_f2cddf9269ead703.jpg,rit_chronic_wounds,chronic_wound_out_of_scope,chronic_wound,rit_g2454,0.681,15,yes
experiments/v2/rit/images/lower_limb_wounds_c73e94f19065da89.jpg,rit_chronic_wounds,chronic_wound_out_of_scope,chronic_wound,rit_g2455,0.669,14,yes
experiments/v2/rit/images/lower_limb_wounds_b9c6ed2d50bda38e.jpg,rit_chronic_wounds,chronic_wound_out_of_scope,chronic_wound,rit_g2456,0.725,15,yes
experiments/v2/rit/images/lower_limb_wounds_b1898b2f58e99b9b.jpg,rit_chronic_wounds,chronic_wound_out_of_scope,chronic_wound,rit_g2457,0.642,10,yes
experiments/v2/rit/images/lower_limb_wounds_d465d2664f63addc.jpg,rit_chronic_wounds,chronic_wound_out_of_scope,chronic_wound,rit_g2458,0.696,15,yes
experiments/v2/rit/images/lower_limb_wounds_10a5d820cc0c929f.jpg,rit_chronic_wounds,chronic_wound_out_of_scope,chronic_wound,rit_g2471,0.676,9,yes
experiments/v2/rit/images/lower_limb_wounds_9ffd17bf15b98b53.jpg,rit_chronic_wounds,chronic_wound_out_of_scope,chronic_wound,rit_g2460,0.649,16,yes
experiments/v2/rit/images/lower_limb_wounds_d2d5a0b86e279199.jpg,rit_chronic_wounds,chronic_wound_out_of_scope,chronic_wound,rit_g2461,0.720,18,yes
experiments/v2/rit/images/lower_limb_wounds_c32e8658cb89eb87.jpg,rit_chronic_wounds,chronic_wound_out_of_scope,chronic_wound,rit_g2462,0.666,17,yes
experiments/v2/rit/images/lower_limb_wounds_b27775f45f88ff3c.jpg,rit_chronic_wounds,chronic_wound_out_of_scope,chronic_wound,rit_g2559,0.664,14,yes
experiments/v2/rit/images/lower_limb_wounds_bc052083d17b02ba.jpg,rit_chronic_wounds,chronic_wound_out_of_scope,chronic_wound,rit_g2478,0.706,7,yes
experiments/v2/rit/images/lower_limb_wounds_474461025088ac89.jpg,rit_chronic_wounds,chronic_wound_out_of_scope,chronic_wound,rit_g2559,0.671,14,yes
experiments/v2/rit/images/lower_limb_wounds_5758ada78afc908f.jpg,rit_chronic_wounds,chronic_wound_out_of_scope,chronic_wound,rit_g2466,0.679,11,yes
experiments/v2/rit/images/lower_limb_wounds_c10953d570896005.jpg,rit_chronic_wounds,chronic_wound_out_of_scope,chronic_wound,rit_g2559,0.705,13,yes
experiments/v2/rit/images/lower_limb_wounds_c9571d729e163e5d.jpg,rit_chronic_wounds,chronic_wound_out_of_scope,chronic_wound,rit_g2468,0.713,14,yes
experiments/v2/rit/images/lower_limb_wounds_f41c2ff54cb571b7.jpg,rit_chronic_wounds,chronic_wound_out_of_scope,chronic_wound,rit_g2469,0.646,13,yes
experiments/v2/rit/images/lower_limb_wounds_80b21bc91f05c45f.jpg,rit_chronic_wounds,chronic_wound_out_of_scope,chronic_wound,rit_g2470,0.725,13,yes
experiments/v2/rit/images/lower_limb_wounds_c1c2b0e8420b7cdf.jpg,rit_chronic_wounds,chronic_wound_out_of_scope,chronic_wound,rit_g2471,0.674,12,yes
experiments/v2/rit/images/lower_limb_wounds_56609f9205891a94.jpg,rit_chronic_wounds,chronic_wound_out_of_scope,chronic_wound,rit_g2472,0.685,13,yes
experiments/v2/rit/images/lower_limb_wounds_c914b8e027536690.jpg,rit_chronic_wounds,chronic_wound_out_of_scope,chronic_wound,rit_g2473,0.681,18,yes
experiments/v2/rit/images/lower_limb_wounds_21b8caabe4200773.jpg,rit_chronic_wounds,chronic_wound_out_of_scope,chronic_wound,rit_g2474,0.698,17,yes
experiments/v2/rit/images/lower_limb_wounds_3528e4ad0e6157c2.jpg,rit_chronic_wounds,chronic_wound_out_of_scope,chronic_wound,rit_g2475,0.691,9,yes
experiments/v2/rit/images/lower_limb_wounds_e670b2a4292eb19d.jpg,rit_chronic_wounds,chronic_wound_out_of_scope,chronic_wound,rit_g2476,0.715,10,yes
experiments/v2/rit/images/lower_limb_wounds_8ba041b7886d5725.jpg,rit_chronic_wounds,chronic_wound_out_of_scope,chronic_wound,rit_g2477,0.691,16,yes
experiments/v2/rit/images/lower_limb_wounds_6fa01e730325e569.jpg,rit_chronic_wounds,chronic_wound_out_of_scope,chronic_wound,rit_g2478,0.695,14,yes
experiments/v2/rit/images/lower_limb_wounds_3118a090a5601cfc.jpg,rit_chronic_wounds,chronic_wound_out_of_scope,chronic_wound,rit_g2479,0.670,16,yes
experiments/v2/rit/images/lower_limb_wounds_b2904e3f2f3465d7.jpg,rit_chronic_wounds,chronic_wound_out_of_scope,chronic_wound,rit_g2480,0.689,12,yes
experiments/v2/rit/images/lower_limb_wounds_cfeccfd91c112322.jpg,rit_chronic_wounds,chronic_wound_out_of_scope,chronic_wound,rit_g2481,0.715,14,yes
experiments/v2/rit/images/lower_limb_wounds_56bfd995a28286eb.jpg,rit_chronic_wounds,chronic_wound_out_of_scope,chronic_wound,rit_g2482,0.676,10,yes
experiments/v2/rit/images/lower_limb_wounds_0fe5dc4f90c29796.jpg,rit_chronic_wounds,chronic_wound_out_of_scope,chronic_wound,rit_g2559,0.607,12,yes
experiments/v2/rit/images/lower_limb_wounds_f77c126bff2b4383.jpg,rit_chronic_wounds,chronic_wound_out_of_scope,chronic_wound,rit_g2484,0.712,13,yes
experiments/v2/rit/images/lower_limb_wounds_6d366799b34f5515.jpg,rit_chronic_wounds,chronic_wound_out_of_scope,chronic_wound,rit_g2485,0.669,17,yes
experiments/v2/rit/images/lower_limb_wounds_1406927f3f7dae76.jpg,rit_chronic_wounds,chronic_wound_out_of_scope,chronic_wound,rit_g2486,0.614,14,yes
experiments/v2/rit/images/lower_limb_wounds_e2b35ac131f147f3.jpg,rit_chronic_wounds,chronic_wound_out_of_scope,chronic_wound,rit_g2487,0.706,16,yes
experiments/v2/rit/images/lower_limb_wounds_35f4c44fd50cf782.jpg,rit_chronic_wounds,chronic_wound_out_of_scope,chronic_wound,rit_g2488,0.626,11,yes
experiments/v2/rit/images/lower_limb_wounds_2ac3f9fd94da4819.jpg,rit_chronic_wounds,chronic_wound_out_of_scope,chronic_wound,rit_g2489,0.649,18,yes
experiments/v2/rit/images/lower_limb_wounds_7599ed7f2587afc5.jpg,rit_chronic_wounds,chronic_wound_out_of_scope,chronic_wound,rit_g2490,0.682,11,yes
experiments/v2/rit/images/lower_limb_wounds_c807ea10e2800325.jpg,rit_chronic_wounds,chronic_wound_out_of_scope,chronic_wound,rit_g2491,0.683,14,yes
experiments/v2/rit/images/lower_limb_wounds_32869e1ef9b366d7.jpg,rit_chronic_wounds,chronic_wound_out_of_scope,chronic_wound,rit_g2492,0.674,16,yes
experiments/v2/rit/images/lower_limb_wounds_203fedc50d86bac1.jpg,rit_chronic_wounds,chronic_wound_out_of_scope,chronic_wound,rit_g2493,0.679,18,yes
experiments/v2/rit/images/lower_limb_wounds_3636083eaa51ceb7.jpg,rit_chronic_wounds,chronic_wound_out_of_scope,chronic_wound,rit_g2494,0.660,14,yes
experiments/v2/rit/images/lower_limb_wounds_e1221e2212926e2b.jpg,rit_chronic_wounds,chronic_wound_out_of_scope,chronic_wound,rit_g2495,0.670,16,yes
experiments/v2/rit/images/lower_limb_wounds_88c363649aecfaef.jpg,rit_chronic_wounds,chronic_wound_out_of_scope,chronic_wound,rit_g2496,0.650,15,yes
experiments/v2/rit/images/lower_limb_wounds_83f78019007d463c.jpg,rit_chronic_wounds,chronic_wound_out_of_scope,chronic_wound,rit_g2497,0.700,16,yes
experiments/v2/rit/images/lower_limb_wounds_bd9b627516717340.jpg,rit_chronic_wounds,chronic_wound_out_of_scope,chronic_wound,rit_g2498,0.713,15,yes
experiments/v2/rit/images/lower_limb_wounds_2c9d16228a987c0b.jpg,rit_chronic_wounds,chronic_wound_out_of_scope,chronic_wound,rit_g2499,0.709,15,yes
experiments/v2/rit/images/lower_limb_wounds_c5228f5c9713fbd5.jpg,rit_chronic_wounds,chronic_wound_out_of_scope,chronic_wound,rit_g2500,0.691,15,yes
experiments/v2/rit/images/lower_limb_wounds_6bd1cfa2109ec579.jpg,rit_chronic_wounds,chronic_wound_out_of_scope,chronic_wound,rit_g2501,0.681,14,yes
experiments/v2/rit/images/lower_limb_wounds_41e1b9e7078f9a5b.jpg,rit_chronic_wounds,chronic_wound_out_of_scope,chronic_wound,rit_g2502,0.683,16,yes
experiments/v2/rit/images/lower_limb_wounds_2099f9b9717ccc90.jpg,rit_chronic_wounds,chronic_wound_out_of_scope,chronic_wound,rit_g2503,0.675,18,yes
experiments/v2/rit/images/lower_limb_wounds_19bbf0913ad924b6.jpg,rit_chronic_wounds,chronic_wound_out_of_scope,chronic_wound,rit_g2504,0.687,15,yes
experiments/v2/rit/images/lower_limb_wounds_c8a114319ede4a46.jpg,rit_chronic_wounds,chronic_wound_out_of_scope,chronic_wound,rit_g2522,0.708,13,yes
experiments/v2/rit/images/lower_limb_wounds_f5a78c7804744d72.jpg,rit_chronic_wounds,chronic_wound_out_of_scope,chronic_wound,rit_g2506,0.632,12,yes
experiments/v2/rit/images/lower_limb_wounds_f63945702bf31e8c.jpg,rit_chronic_wounds,chronic_wound_out_of_scope,chronic_wound,rit_g2549,0.723,14,yes
experiments/v2/rit/images/lower_limb_wounds_f764289bdd382a45.jpg,rit_chronic_wounds,chronic_wound_out_of_scope,chronic_wound,rit_g2549,0.731,11,yes
experiments/v2/rit/images/lower_limb_wounds_45c3e706ad9a649e.jpg,rit_chronic_wounds,chronic_wound_out_of_scope,chronic_wound,rit_g2509,0.686,17,yes
experiments/v2/rit/images/lower_limb_wounds_64dcb4d992113bbf.jpg,rit_chronic_wounds,chronic_wound_out_of_scope,chronic_wound,rit_g2510,0.665,15,yes
experiments/v2/rit/images/lower_limb_wounds_7d87c15f0cf16dd7.jpg,rit_chronic_wounds,chronic_wound_out_of_scope,chronic_wound,rit_g2511,0.659,17,yes
experiments/v2/rit/images/lower_limb_wounds_151521a260035de6.jpg,rit_chronic_wounds,chronic_wound_out_of_scope,chronic_wound,rit_g2559,0.637,9,yes
experiments/v2/rit/images/lower_limb_wounds_507abc09ec1e6eaa.jpg,rit_chronic_wounds,chronic_wound_out_of_scope,chronic_wound,rit_g2513,0.679,16,yes
experiments/v2/rit/images/lower_limb_wounds_56e627e6012d509d.jpg,rit_chronic_wounds,chronic_wound_out_of_scope,chronic_wound,rit_g2514,0.712,18,yes
experiments/v2/rit/images/lower_limb_wounds_839b16371fbc033a.jpg,rit_chronic_wounds,chronic_wound_out_of_scope,chronic_wound,rit_g2549,0.718,10,yes
experiments/v2/rit/images/lower_limb_wounds_2760ce156e857a79.jpg,rit_chronic_wounds,chronic_wound_out_of_scope,chronic_wound,rit_g2516,0.687,20,yes
experiments/v2/rit/images/lower_limb_wounds_5d24269400a6e1ab.jpg,rit_chronic_wounds,chronic_wound_out_of_scope,chronic_wound,rit_g2517,0.728,13,yes
experiments/v2/rit/images/lower_limb_wounds_9a4fe8b507443f6d.jpg,rit_chronic_wounds,chronic_wound_out_of_scope,chronic_wound,rit_g2518,0.656,15,yes
experiments/v2/rit/images/lower_limb_wounds_a9c29a80d7425264.jpg,rit_chronic_wounds,chronic_wound_out_of_scope,chronic_wound,rit_g2519,0.728,12,yes
experiments/v2/rit/images/lower_limb_wounds_41a69e68c2c864f3.jpg,rit_chronic_wounds,chronic_wound_out_of_scope,chronic_wound,rit_g2520,0.682,14,yes
experiments/v2/rit/images/lower_limb_wounds_ef8c4c2df843e7ce.jpg,rit_chronic_wounds,chronic_wound_out_of_scope,chronic_wound,rit_g2521,0.597,13,yes
experiments/v2/rit/images/lower_limb_wounds_c8a114319ede4a46.jpg,rit_chronic_wounds,chronic_wound_out_of_scope,chronic_wound,rit_g2522,0.708,13,yes
experiments/v2/rit/images/lower_limb_wounds_7b955ceb36abaa94.jpg,rit_chronic_wounds,chronic_wound_out_of_scope,chronic_wound,rit_g2523,0.752,12,no
experiments/v2/rit/images/lower_limb_wounds_e5007f664662e3c5.jpg,rit_chronic_wounds,chronic_wound_out_of_scope,chronic_wound,rit_g2524,0.641,14,yes
experiments/v2/rit/images/lower_limb_wounds_e407fb76b79a1452.jpg,rit_chronic_wounds,chronic_wound_out_of_scope,chronic_wound,rit_g2525,0.724,16,yes
experiments/v2/rit/images/lower_limb_wounds_787f5937d43e4464.jpg,rit_chronic_wounds,chronic_wound_out_of_scope,chronic_wound,rit_g2526,0.714,8,yes
experiments/v2/rit/images/lower_limb_wounds_0c7fb57a0167ceff.jpg,rit_chronic_wounds,chronic_wound_out_of_scope,chronic_wound,rit_g2527,0.681,16,yes
experiments/v2/rit/images/lower_limb_wounds_b1b6175122dae5fc.jpg,rit_chronic_wounds,chronic_wound_out_of_scope,chronic_wound,rit_g2529,0.709,16,yes
experiments/v2/rit/images/lower_limb_wounds_b1b6175122dae5fc.jpg,rit_chronic_wounds,chronic_wound_out_of_scope,chronic_wound,rit_g2529,0.709,16,yes
experiments/v2/rit/images/lower_limb_wounds_7655dce870b5f2c6.jpg,rit_chronic_wounds,chronic_wound_out_of_scope,chronic_wound,rit_g2530,0.688,18,yes
experiments/v2/rit/images/lower_limb_wounds_d3e0c11a39b32cd7.jpg,rit_chronic_wounds,chronic_wound_out_of_scope,chronic_wound,rit_g2531,0.709,13,yes
experiments/v2/rit/images/lower_limb_wounds_2e0646e34aef452b.jpg,rit_chronic_wounds,chronic_wound_out_of_scope,chronic_wound,rit_g2532,0.666,7,yes
experiments/v2/rit/images/lower_limb_wounds_7884374fddac8ff9.jpg,rit_chronic_wounds,chronic_wound_out_of_scope,chronic_wound,rit_g2533,0.653,15,yes
experiments/v2/rit/images/lower_limb_wounds_bad26c89a20a0bb1.jpg,rit_chronic_wounds,chronic_wound_out_of_scope,chronic_wound,rit_g2559,0.691,10,yes
experiments/v2/rit/images/lower_limb_wounds_2fa2e521bf9d1421.jpg,rit_chronic_wounds,chronic_wound_out_of_scope,chronic_wound,rit_g2535,0.703,14,yes
experiments/v2/rit/images/lower_limb_wounds_74b88b17da6d85ab.jpg,rit_chronic_wounds,chronic_wound_out_of_scope,chronic_wound,rit_g2625,0.639,16,yes
experiments/v2/rit/images/lower_limb_wounds_5dab912bff527637.jpg,rit_chronic_wounds,chronic_wound_out_of_scope,chronic_wound,rit_g2625,0.616,15,yes
experiments/v2/rit/images/lower_limb_wounds_969083fe4be4915f.jpg,rit_chronic_wounds,chronic_wound_out_of_scope,chronic_wound,rit_g2538,0.727,13,yes
experiments/v2/rit/images/lower_limb_wounds_4466df47bc97aeef.jpg,rit_chronic_wounds,chronic_wound_out_of_scope,chronic_wound,rit_g2539,0.696,16,yes
experiments/v2/rit/images/lower_limb_wounds_8f68d60f86e95fbc.jpg,rit_chronic_wounds,chronic_wound_out_of_scope,chronic_wound,rit_g2540,0.681,15,yes
experiments/v2/rit/images/lower_limb_wounds_c8076abb669ee682.jpg,rit_chronic_wounds,chronic_wound_out_of_scope,chronic_wound,rit_g2541,0.677,17,yes
experiments/v2/rit/images/lower_limb_wounds_98dacb8adabd1b4f.jpg,rit_chronic_wounds,chronic_wound_out_of_scope,chronic_wound,rit_g2559,0.635,12,yes
experiments/v2/rit/images/lower_limb_wounds_b4fc73a5effb6b71.jpg,rit_chronic_wounds,chronic_wound_out_of_scope,chronic_wound,rit_g2543,0.728,17,yes
experiments/v2/rit/images/lower_limb_wounds_06be827e0f369add.jpg,rit_chronic_wounds,chronic_wound_out_of_scope,chronic_wound,rit_g2544,0.680,15,yes
experiments/v2/rit/images/lower_limb_wounds_62e52da817dcf04f.jpg,rit_chronic_wounds,chronic_wound_out_of_scope,chronic_wound,rit_g2545,0.671,15,yes
experiments/v2/rit/images/lower_limb_wounds_19dbbaaabe3ad77c.jpg,rit_chronic_wounds,chronic_wound_out_of_scope,chronic_wound,rit_g2546,0.704,17,yes
experiments/v2/rit/images/lower_limb_wounds_e1fabef5f421bca1.jpg,rit_chronic_wounds,chronic_wound_out_of_scope,chronic_wound,rit_g2547,0.661,15,yes
experiments/v2/rit/images/lower_limb_wounds_44c2cd08a259524e.jpg,rit_chronic_wounds,chronic_wound_out_of_scope,chronic_wound,rit_g2548,0.687,13,yes
experiments/v2/rit/images/lower_limb_wounds_93f691b31b9d6cb3.jpg,rit_chronic_wounds,chronic_wound_out_of_scope,chronic_wound,rit_g2549,0.677,14,yes
experiments/v2/rit/images/lower_limb_wounds_8d8cc7be96d729d3.jpg,rit_chronic_wounds,chronic_wound_out_of_scope,chronic_wound,rit_g2550,0.726,14,yes
experiments/v2/rit/images/lower_limb_wounds_3a3edbc8a47a49b8.jpg,rit_chronic_wounds,chronic_wound_out_of_scope,chronic_wound,rit_g2551,0.701,10,yes
experiments/v2/rit/images/lower_limb_wounds_f64adc27e050e355.jpg,rit_chronic_wounds,chronic_wound_out_of_scope,chronic_wound,rit_g2552,0.713,13,yes
experiments/v2/rit/images/lower_limb_wounds_511d6839d1449a3c.jpg,rit_chronic_wounds,chronic_wound_out_of_scope,chronic_wound,rit_g2553,0.716,9,yes
experiments/v2/rit/images/lower_limb_wounds_3723cf8452f77604.jpg,rit_chronic_wounds,chronic_wound_out_of_scope,chronic_wound,rit_g2554,0.676,15,yes
experiments/v2/rit/images/lower_limb_wounds_bdbbc2f926333fab.jpg,rit_chronic_wounds,chronic_wound_out_of_scope,chronic_wound,rit_g2555,0.637,16,yes
experiments/v2/rit/images/lower_limb_wounds_bb0c6fdb39207bbf.jpg,rit_chronic_wounds,chronic_wound_out_of_scope,chronic_wound,rit_g2556,0.669,13,yes
experiments/v2/rit/images/lower_limb_wounds_6422a57e35c2b195.jpg,rit_chronic_wounds,chronic_wound_out_of_scope,chronic_wound,rit_g2557,0.726,17,yes
experiments/v2/rit/images/lower_limb_wounds_ad6faa1684edd91a.jpg,rit_chronic_wounds,chronic_wound_out_of_scope,chronic_wound,rit_g2558,0.670,11,yes
experiments/v2/rit/images/lower_limb_wounds_25951481e9adaab0.jpg,rit_chronic_wounds,chronic_wound_out_of_scope,chronic_wound,rit_g2559,0.664,12,yes
experiments/v2/rit/images/lower_limb_wounds_4faf00641c6daa02.jpg,rit_chronic_wounds,chronic_wound_out_of_scope,chronic_wound,rit_g2625,0.637,15,yes
experiments/v2/rit/images/lower_limb_wounds_31a04a620f6ec441.jpg,rit_chronic_wounds,chronic_wound_out_of_scope,chronic_wound,rit_g2561,0.687,12,yes
experiments/v2/rit/images/lower_limb_wounds_63d98b6f970cb70e.jpg,rit_chronic_wounds,chronic_wound_out_of_scope,chronic_wound,rit_g2559,0.685,12,yes
experiments/v2/rit/images/lower_limb_wounds_19eff9de322a22fc.jpg,rit_chronic_wounds,chronic_wound_out_of_scope,chronic_wound,rit_g2563,0.708,13,yes
experiments/v2/rit/images/lower_limb_wounds_9ea110c2dc107177.jpg,rit_chronic_wounds,chronic_wound_out_of_scope,chronic_wound,rit_g2564,0.685,18,yes
experiments/v2/rit/images/lower_limb_wounds_b38441c0bdfef8dc.jpg,rit_chronic_wounds,chronic_wound_out_of_scope,chronic_wound,rit_g2565,0.698,15,yes
experiments/v2/rit/images/lower_limb_wounds_c8e9665ef5370a55.jpg,rit_chronic_wounds,chronic_wound_out_of_scope,chronic_wound,rit_g2625,0.645,16,yes
experiments/v2/rit/images/lower_limb_wounds_f2c3e0a36845b7b0.jpg,rit_chronic_wounds,chronic_wound_out_of_scope,chronic_wound,rit_g2625,0.619,18,yes
experiments/v2/rit/images/lower_limb_wounds_50c8a6384556b833.jpg,rit_chronic_wounds,chronic_wound_out_of_scope,chronic_wound,rit_g2568,0.640,17,yes
experiments/v2/rit/images/lower_limb_wounds_7122c8b185043eea.jpg,rit_chronic_wounds,chronic_wound_out_of_scope,chronic_wound,rit_g2569,0.637,16,yes
experiments/v2/rit/images/lower_limb_wounds_3d3892da0574f957.jpg,rit_chronic_wounds,chronic_wound_out_of_scope,chronic_wound,rit_g2570,0.669,17,yes
experiments/v2/rit/images/lower_limb_wounds_980da2066926c126.jpg,rit_chronic_wounds,chronic_wound_out_of_scope,chronic_wound,rit_g2571,0.712,13,yes
experiments/v2/rit/images/lower_limb_wounds_c65968f657f31146.jpg,rit_chronic_wounds,chronic_wound_out_of_scope,chronic_wound,rit_g2572,0.704,10,yes
experiments/v2/rit/images/lower_limb_wounds_7023b48f5bbb2cc3.jpg,rit_chronic_wounds,chronic_wound_out_of_scope,chronic_wound,rit_g2573,0.697,10,yes
experiments/v2/rit/images/lower_limb_wounds_869c2e8297dafd29.jpg,rit_chronic_wounds,chronic_wound_out_of_scope,chronic_wound,rit_g2574,0.673,10,yes
experiments/v2/rit/images/lower_limb_wounds_3682313905467d6a.jpg,rit_chronic_wounds,chronic_wound_out_of_scope,chronic_wound,rit_g2575,0.733,13,yes
experiments/v2/rit/images/lower_limb_wounds_ac3789407f5f7d1d.jpg,rit_chronic_wounds,chronic_wound_out_of_scope,chronic_wound,rit_g2576,0.705,18,yes
experiments/v2/rit/images/lower_limb_wounds_1a22b6c96e061a5c.jpg,rit_chronic_wounds,chronic_wound_out_of_scope,chronic_wound,rit_g2577,0.658,16,yes
experiments/v2/rit/images/lower_limb_wounds_224005d133e859b8.jpg,rit_chronic_wounds,chronic_wound_out_of_scope,chronic_wound,rit_g2578,0.674,10,yes
experiments/v2/rit/images/lower_limb_wounds_195c5a8dde3ec986.jpg,rit_chronic_wounds,chronic_wound_out_of_scope,chronic_wound,rit_g2579,0.727,19,yes
experiments/v2/rit/images/lower_limb_wounds_623769c28f0969c3.jpg,rit_chronic_wounds,chronic_wound_out_of_scope,chronic_wound,rit_g2580,0.699,13,yes
experiments/v2/rit/images/lower_limb_wounds_467084db4b740497.jpg,rit_chronic_wounds,chronic_wound_out_of_scope,chronic_wound,rit_g2581,0.756,15,no
experiments/v2/rit/images/lower_limb_wounds_482f5f7466061d98.jpg,rit_chronic_wounds,chronic_wound_out_of_scope,chronic_wound,rit_g2582,0.704,15,yes
experiments/v2/rit/images/lower_limb_wounds_1b29fb8064a2bc3c.jpg,rit_chronic_wounds,chronic_wound_out_of_scope,chronic_wound,rit_g2583,0.673,18,yes
experiments/v2/rit/images/lower_limb_wounds_c84530279abd3863.jpg,rit_chronic_wounds,chronic_wound_out_of_scope,chronic_wound,rit_g2584,0.687,16,yes
experiments/v2/rit/images/lower_limb_wounds_9b12606f00dc2def.jpg,rit_chronic_wounds,chronic_wound_out_of_scope,chronic_wound,rit_g2585,0.726,13,yes
experiments/v2/rit/images/lower_limb_wounds_5e9ab371d39403c5.jpg,rit_chronic_wounds,chronic_wound_out_of_scope,chronic_wound,rit_g2586,0.649,18,yes
experiments/v2/rit/images/lower_limb_wounds_174b6a0d19dcf04e.jpg,rit_chronic_wounds,chronic_wound_out_of_scope,chronic_wound,rit_g2587,0.684,14,yes
experiments/v2/rit/images/lower_limb_wounds_c8ea30b3cd9241ee.jpg,rit_chronic_wounds,chronic_wound_out_of_scope,chronic_wound,rit_g2588,0.678,16,yes
experiments/v2/rit/images/lower_limb_wounds_29ff1e5c789ab9f6.jpg,rit_chronic_wounds,chronic_wound_out_of_scope,chronic_wound,rit_g2559,0.636,16,yes
experiments/v2/rit/images/lower_limb_wounds_e89ced0d43fdcd69.jpg,rit_chronic_wounds,chronic_wound_out_of_scope,chronic_wound,rit_g2590,0.669,12,yes
experiments/v2/rit/images/lower_limb_wounds_888ba6f403e04485.jpg,rit_chronic_wounds,chronic_wound_out_of_scope,chronic_wound,rit_g2591,0.670,11,yes
experiments/v2/rit/images/lower_limb_wounds_0a489415ef44965f.jpg,rit_chronic_wounds,chronic_wound_out_of_scope,chronic_wound,rit_g2592,0.709,18,yes
experiments/v2/rit/images/lower_limb_wounds_acf3c5ee28d969e0.jpg,rit_chronic_wounds,chronic_wound_out_of_scope,chronic_wound,rit_g2593,0.690,11,yes
experiments/v2/rit/images/lower_limb_wounds_cf884e80ecc3d184.jpg,rit_chronic_wounds,chronic_wound_out_of_scope,chronic_wound,rit_g2549,0.726,9,yes
experiments/v2/rit/images/lower_limb_wounds_311dd63b451de9ee.jpg,rit_chronic_wounds,chronic_wound_out_of_scope,chronic_wound,rit_g2549,0.680,13,yes
experiments/v2/rit/images/lower_limb_wounds_eba0d8af71ff8f5e.jpg,rit_chronic_wounds,chronic_wound_out_of_scope,chronic_wound,rit_g2596,0.662,15,yes
experiments/v2/rit/images/lower_limb_wounds_b576e4bd47230979.jpg,rit_chronic_wounds,chronic_wound_out_of_scope,chronic_wound,rit_g2597,0.681,12,yes
experiments/v2/rit/images/lower_limb_wounds_78e9daf715508af9.jpg,rit_chronic_wounds,chronic_wound_out_of_scope,chronic_wound,rit_g2598,0.759,16,no
experiments/v2/rit/images/lower_limb_wounds_fd1ac1b7984f3565.jpg,rit_chronic_wounds,chronic_wound_out_of_scope,chronic_wound,rit_g2599,0.691,16,yes
experiments/v2/rit/images/lower_limb_wounds_b0447f8a884f9e3c.jpg,rit_chronic_wounds,chronic_wound_out_of_scope,chronic_wound,rit_g2600,0.661,19,yes
experiments/v2/rit/images/lower_limb_wounds_f3f5e91db5327d7c.jpg,rit_chronic_wounds,chronic_wound_out_of_scope,chronic_wound,rit_g2601,0.658,14,yes
experiments/v2/rit/images/lower_limb_wounds_7d594ec7e4f1581d.jpg,rit_chronic_wounds,chronic_wound_out_of_scope,chronic_wound,rit_g2604,0.629,17,yes
experiments/v2/rit/images/lower_limb_wounds_f7351a6d0cc473bb.jpg,rit_chronic_wounds,chronic_wound_out_of_scope,chronic_wound,rit_g2603,0.686,14,yes
experiments/v2/rit/images/lower_limb_wounds_2c12853f2172b83b.jpg,rit_chronic_wounds,chronic_wound_out_of_scope,chronic_wound,rit_g2604,0.662,19,yes
experiments/v2/rit/images/lower_limb_wounds_e75491327891b541.jpg,rit_chronic_wounds,chronic_wound_out_of_scope,chronic_wound,rit_g2605,0.710,18,yes
experiments/v2/rit/images/lower_limb_wounds_76dc2b18baddb2ac.jpg,rit_chronic_wounds,chronic_wound_out_of_scope,chronic_wound,rit_g2606,0.711,17,yes
experiments/v2/rit/images/lower_limb_wounds_503f39f5c7186572.jpg,rit_chronic_wounds,chronic_wound_out_of_scope,chronic_wound,rit_g2607,0.657,14,yes
experiments/v2/rit/images/lower_limb_wounds_bfdfe1ae7981652a.jpg,rit_chronic_wounds,chronic_wound_out_of_scope,chronic_wound,rit_g2608,0.675,17,yes
experiments/v2/rit/images/lower_limb_wounds_d9e25d507b020c07.jpg,rit_chronic_wounds,chronic_wound_out_of_scope,chronic_wound,rit_g2609,0.700,13,yes
experiments/v2/rit/images/lower_limb_wounds_291bc9e90dc2aa66.jpg,rit_chronic_wounds,chronic_wound_out_of_scope,chronic_wound,rit_g2610,0.699,12,yes
experiments/v2/rit/images/lower_limb_wounds_6445d6223e8bfc24.jpg,rit_chronic_wounds,chronic_wound_out_of_scope,chronic_wound,rit_g2611,0.686,15,yes
experiments/v2/rit/images/lower_limb_wounds_da71f2e67f3fea5a.jpg,rit_chronic_wounds,chronic_wound_out_of_scope,chronic_wound,rit_g2559,0.698,13,yes
experiments/v2/rit/images/lower_limb_wounds_22f37c87a53a02d5.jpg,rit_chronic_wounds,chronic_wound_out_of_scope,chronic_wound,rit_g2559,0.652,14,yes
experiments/v2/rit/images/lower_limb_wounds_f49e2dda915fa18e.jpg,rit_chronic_wounds,chronic_wound_out_of_scope,chronic_wound,rit_g2614,0.697,13,yes
experiments/v2/rit/images/lower_limb_wounds_751cb01691a46efd.jpg,rit_chronic_wounds,chronic_wound_out_of_scope,chronic_wound,rit_g2615,0.669,15,yes
experiments/v2/rit/images/lower_limb_wounds_f0cc82c8f15e1c1d.jpg,rit_chronic_wounds,chronic_wound_out_of_scope,chronic_wound,rit_g2616,0.643,16,yes
experiments/v2/rit/images/lower_limb_wounds_c652a1aaeb8486c2.jpg,rit_chronic_wounds,chronic_wound_out_of_scope,chronic_wound,rit_g2617,0.685,16,yes
experiments/v2/rit/images/lower_limb_wounds_ae378609db10d8b7.jpg,rit_chronic_wounds,chronic_wound_out_of_scope,chronic_wound,rit_g2618,0.686,9,yes
experiments/v2/rit/images/lower_limb_wounds_6de23c47366eccfe.jpg,rit_chronic_wounds,chronic_wound_out_of_scope,chronic_wound,rit_g2619,0.668,14,yes
experiments/v2/rit/images/lower_limb_wounds_346d88a2a4c87290.jpg,rit_chronic_wounds,chronic_wound_out_of_scope,chronic_wound,rit_g2620,0.713,15,yes
experiments/v2/rit/images/lower_limb_wounds_3abb61f23f490448.jpg,rit_chronic_wounds,chronic_wound_out_of_scope,chronic_wound,rit_g2621,0.684,15,yes
experiments/v2/rit/images/lower_limb_wounds_63059f6e568a58b9.jpg,rit_chronic_wounds,chronic_wound_out_of_scope,chronic_wound,rit_g2622,0.682,15,yes
experiments/v2/rit/images/lower_limb_wounds_55876545a20ef56c.jpg,rit_chronic_wounds,chronic_wound_out_of_scope,chronic_wound,rit_g2559,0.703,14,yes
experiments/v2/rit/images/lower_limb_wounds_c28b781142ec1abf.jpg,rit_chronic_wounds,chronic_wound_out_of_scope,chronic_wound,rit_g2624,0.643,20,yes
experiments/v2/rit/images/lower_limb_wounds_3a582db9cda215eb.jpg,rit_chronic_wounds,chronic_wound_out_of_scope,chronic_wound,rit_g2625,0.648,15,yes
experiments/v2/rit/images/lower_limb_wounds_fa3490371f9103fe.jpg,rit_chronic_wounds,chronic_wound_out_of_scope,chronic_wound,rit_g2626,0.707,15,yes
experiments/v2/rit/images/lower_limb_wounds_86dd38ca31747ae0.jpg,rit_chronic_wounds,chronic_wound_out_of_scope,chronic_wound,rit_g2627,0.680,17,yes
experiments/v2/rit/images/lower_limb_wounds_40c6317ed7a0003f.jpg,rit_chronic_wounds,chronic_wound_out_of_scope,chronic_wound,rit_g2628,0.711,12,yes
experiments/v2/rit/images/lower_limb_wounds_5fdff972788b44cc.jpg,rit_chronic_wounds,chronic_wound_out_of_scope,chronic_wound,rit_g2629,0.679,15,yes
experiments/v2/rit/images/lower_limb_wounds_f789e0679e5fd3eb.jpg,rit_chronic_wounds,chronic_wound_out_of_scope,chronic_wound,rit_g2630,0.655,14,yes
experiments/v2/rit/images/lower_limb_wounds_996a6d92bb85b0bf.jpg,rit_chronic_wounds,chronic_wound_out_of_scope,chronic_wound,rit_g2631,0.661,14,yes
experiments/v2/rit/images/lower_limb_wounds_9772db1cade059ce.jpg,rit_chronic_wounds,chronic_wound_out_of_scope,chronic_wound,rit_g2632,0.687,17,yes
experiments/v2/rit/images/lower_limb_wounds_179a6ece9ffef4c6.jpg,rit_chronic_wounds,chronic_wound_out_of_scope,chronic_wound,rit_g2633,0.665,15,yes
experiments/v2/rit/images/lower_limb_wounds_6fa7a7a1b31ac954.jpg,rit_chronic_wounds,chronic_wound_out_of_scope,chronic_wound,rit_g2549,0.709,19,yes
experiments/v2/rit/images/lower_limb_wounds_e57c4f3d6bd2cb73.jpg,rit_chronic_wounds,chronic_wound_out_of_scope,chronic_wound,rit_g2635,0.669,15,yes
experiments/v2/rit/images/lower_limb_wounds_ac389a2866250bb8.jpg,rit_chronic_wounds,chronic_wound_out_of_scope,chronic_wound,rit_g2636,0.665,15,yes
experiments/v2/rit/images/lower_limb_wounds_97563910fa945254.jpg,rit_chronic_wounds,chronic_wound_out_of_scope,chronic_wound,rit_g2637,0.676,13,yes
experiments/v2/rit/images/lower_limb_wounds_6b1010112b336780.jpg,rit_chronic_wounds,chronic_wound_out_of_scope,chronic_wound,rit_g2638,0.660,12,yes
experiments/v2/rit/images/lower_limb_wounds_5064a3982cb1fd2b.jpg,rit_chronic_wounds,chronic_wound_out_of_scope,chronic_wound,rit_g2559,0.702,14,yes
experiments/v2/rit/images/lower_limb_wounds_f79dcc14cd3c57fe.jpg,rit_chronic_wounds,chronic_wound_out_of_scope,chronic_wound,rit_g2640,0.680,12,yes
experiments/v2/rit/images/lower_limb_wounds_824c1b2db22a741c.jpg,rit_chronic_wounds,chronic_wound_out_of_scope,chronic_wound,rit_g2641,0.712,15,yes
experiments/v2/rit/images/lower_limb_wounds_0f4828a95cf3914a.jpg,rit_chronic_wounds,chronic_wound_out_of_scope,chronic_wound,rit_g2642,0.700,15,yes
experiments/v2/rit/images/lower_limb_wounds_e88db13384c46e3a.jpg,rit_chronic_wounds,chronic_wound_out_of_scope,chronic_wound,rit_g2643,0.669,16,yes
experiments/v2/rit/images/lower_limb_wounds_d3874285264374f0.jpg,rit_chronic_wounds,chronic_wound_out_of_scope,chronic_wound,rit_g2645,0.688,13,yes
experiments/v2/rit/images/lower_limb_wounds_d3874285264374f0.jpg,rit_chronic_wounds,chronic_wound_out_of_scope,chronic_wound,rit_g2645,0.688,13,yes
experiments/v2/rit/images/lower_limb_wounds_17facb5ca7d3b21e.jpg,rit_chronic_wounds,chronic_wound_out_of_scope,chronic_wound,rit_g2646,0.661,16,yes
experiments/v2/rit/images/lower_limb_wounds_146f31b64a044e08.jpg,rit_chronic_wounds,chronic_wound_out_of_scope,chronic_wound,rit_g2647,0.671,18,yes
experiments/v2/rit/images/lower_limb_wounds_9cd23ad50d17c770.jpg,rit_chronic_wounds,chronic_wound_out_of_scope,chronic_wound,rit_g2648,0.678,15,yes
experiments/v2/rit/images/lower_limb_wounds_07df8e14a7fbeeb4.jpg,rit_chronic_wounds,chronic_wound_out_of_scope,chronic_wound,rit_g2737,0.685,12,yes
experiments/v2/rit/images/lower_limb_wounds_b7a776102c75a1cd.jpg,rit_chronic_wounds,chronic_wound_out_of_scope,chronic_wound,rit_g2650,0.694,12,yes
experiments/v2/rit/images/lower_limb_wounds_f9aaa57295696cf0.jpg,rit_chronic_wounds,chronic_wound_out_of_scope,chronic_wound,rit_g2651,0.685,15,yes
experiments/v2/rit/images/lower_limb_wounds_6fb95bc2ad25c05c.jpg,rit_chronic_wounds,chronic_wound_out_of_scope,chronic_wound,rit_g2652,0.730,14,yes
experiments/v2/rit/images/lower_limb_wounds_80693acb60240db6.jpg,rit_chronic_wounds,chronic_wound_out_of_scope,chronic_wound,rit_g2653,0.652,13,yes
experiments/v2/rit/images/lower_limb_wounds_c15f8dc46572efde.jpg,rit_chronic_wounds,chronic_wound_out_of_scope,chronic_wound,rit_g2655,0.689,14,yes
experiments/v2/rit/images/lower_limb_wounds_3b3216853fb1832b.jpg,rit_chronic_wounds,chronic_wound_out_of_scope,chronic_wound,rit_g2655,0.719,16,yes
experiments/v2/rit/images/lower_limb_wounds_c225b26a2763ab2f.jpg,rit_chronic_wounds,chronic_wound_out_of_scope,chronic_wound,rit_g2656,0.691,14,yes
experiments/v2/rit/images/lower_limb_wounds_080ebcf3d4322ce8.jpg,rit_chronic_wounds,chronic_wound_out_of_scope,chronic_wound,rit_g2657,0.652,13,yes
experiments/v2/rit/images/lower_limb_wounds_bf8fd48d91386ce5.jpg,rit_chronic_wounds,chronic_wound_out_of_scope,chronic_wound,rit_g2658,0.691,9,yes
experiments/v2/rit/images/lower_limb_wounds_b42bae793b010255.jpg,rit_chronic_wounds,chronic_wound_out_of_scope,chronic_wound,rit_g2663,0.699,14,yes
experiments/v2/rit/images/lower_limb_wounds_d43a8ed3e57122a6.jpg,rit_chronic_wounds,chronic_wound_out_of_scope,chronic_wound,rit_g2660,0.614,15,yes
experiments/v2/rit/images/lower_limb_wounds_b42bae793b010255.jpg,rit_chronic_wounds,chronic_wound_out_of_scope,chronic_wound,rit_g2663,0.699,14,yes
experiments/v2/rit/images/lower_limb_wounds_06a9df2ebde6596b.jpg,rit_chronic_wounds,chronic_wound_out_of_scope,chronic_wound,rit_g2662,0.657,15,yes
experiments/v2/rit/images/lower_limb_wounds_b42bae793b010255.jpg,rit_chronic_wounds,chronic_wound_out_of_scope,chronic_wound,rit_g2663,0.699,14,yes
experiments/v2/rit/images/lower_limb_wounds_d3af763b4e18b790.jpg,rit_chronic_wounds,chronic_wound_out_of_scope,chronic_wound,rit_g2664,0.680,19,yes
experiments/v2/rit/images/lower_limb_wounds_44016aca7e599b0e.jpg,rit_chronic_wounds,chronic_wound_out_of_scope,chronic_wound,rit_g2665,0.707,12,yes
experiments/v2/rit/images/lower_limb_wounds_c0999da1a652acab.jpg,rit_chronic_wounds,chronic_wound_out_of_scope,chronic_wound,rit_g2666,0.712,16,yes
experiments/v2/rit/images/lower_limb_wounds_0f7afacad8670d7f.jpg,rit_chronic_wounds,chronic_wound_out_of_scope,chronic_wound,rit_g2667,0.655,16,yes
experiments/v2/rit/images/lower_limb_wounds_ab716da966a8f5ca.jpg,rit_chronic_wounds,chronic_wound_out_of_scope,chronic_wound,rit_g2668,0.666,19,yes
experiments/v2/rit/images/lower_limb_wounds_62dde2f1442c5439.jpg,rit_chronic_wounds,chronic_wound_out_of_scope,chronic_wound,rit_g2669,0.685,17,yes
experiments/v2/rit/images/lower_limb_wounds_f98a7b8c64cea936.jpg,rit_chronic_wounds,chronic_wound_out_of_scope,chronic_wound,rit_g2670,0.655,12,yes
experiments/v2/rit/images/lower_limb_wounds_e8f62ba0826118df.jpg,rit_chronic_wounds,chronic_wound_out_of_scope,chronic_wound,rit_g2671,0.678,14,yes
experiments/v2/rit/images/lower_limb_wounds_5769c077d18a86ec.jpg,rit_chronic_wounds,chronic_wound_out_of_scope,chronic_wound,rit_g2672,0.695,19,yes
experiments/v2/rit/images/lower_limb_wounds_dc5fe6bd20877714.jpg,rit_chronic_wounds,chronic_wound_out_of_scope,chronic_wound,rit_g2673,0.730,14,yes
experiments/v2/rit/images/lower_limb_wounds_59d2f29e62d86c6f.jpg,rit_chronic_wounds,chronic_wound_out_of_scope,chronic_wound,rit_g2675,0.703,14,yes
experiments/v2/rit/images/lower_limb_wounds_59d2f29e62d86c6f.jpg,rit_chronic_wounds,chronic_wound_out_of_scope,chronic_wound,rit_g2675,0.703,14,yes
experiments/v2/rit/images/lower_limb_wounds_1d99a69c34ec5c82.jpg,rit_chronic_wounds,chronic_wound_out_of_scope,chronic_wound,rit_g2676,0.707,12,yes
experiments/v2/rit/images/lower_limb_wounds_966ee8aa46b478a7.jpg,rit_chronic_wounds,chronic_wound_out_of_scope,chronic_wound,rit_g2677,0.700,15,yes
experiments/v2/rit/images/lower_limb_wounds_19f97d32ff3fd498.jpg,rit_chronic_wounds,chronic_wound_out_of_scope,chronic_wound,rit_g2902,0.706,13,yes
experiments/v2/rit/images/lower_limb_wounds_f2d235a5e184b663.jpg,rit_chronic_wounds,chronic_wound_out_of_scope,chronic_wound,rit_g2679,0.689,13,yes
experiments/v2/rit/images/lower_limb_wounds_09ecf32dab611d4e.jpg,rit_chronic_wounds,chronic_wound_out_of_scope,chronic_wound,rit_g2680,0.692,13,yes
experiments/v2/rit/images/lower_limb_wounds_a88c1aa911191665.jpg,rit_chronic_wounds,chronic_wound_out_of_scope,chronic_wound,rit_g2682,0.735,11,yes
experiments/v2/rit/images/lower_limb_wounds_a88c1aa911191665.jpg,rit_chronic_wounds,chronic_wound_out_of_scope,chronic_wound,rit_g2682,0.735,11,yes
experiments/v2/rit/images/lower_limb_wounds_15eda5ec5ebbc913.jpg,rit_chronic_wounds,chronic_wound_out_of_scope,chronic_wound,rit_g2683,0.658,14,yes
experiments/v2/rit/images/lower_limb_wounds_31759a8b8125f33a.jpg,rit_chronic_wounds,chronic_wound_out_of_scope,chronic_wound,rit_g2684,0.645,11,yes
experiments/v2/rit/images/lower_limb_wounds_c13b2b9957b54d1e.jpg,rit_chronic_wounds,chronic_wound_out_of_scope,chronic_wound,rit_g2685,0.680,15,yes
experiments/v2/rit/images/lower_limb_wounds_1cc768c60db391da.jpg,rit_chronic_wounds,chronic_wound_out_of_scope,chronic_wound,rit_g2686,0.709,16,yes
experiments/v2/rit/images/lower_limb_wounds_b125c7a00244ca2f.jpg,rit_chronic_wounds,chronic_wound_out_of_scope,chronic_wound,rit_g2687,0.679,15,yes
experiments/v2/rit/images/lower_limb_wounds_85df8de1e1a03ac4.jpg,rit_chronic_wounds,chronic_wound_out_of_scope,chronic_wound,rit_g2688,0.644,13,yes
experiments/v2/rit/images/lower_limb_wounds_f597c5afcfbd5f07.jpg,rit_chronic_wounds,chronic_wound_out_of_scope,chronic_wound,rit_g2689,0.675,18,yes
experiments/v2/rit/images/lower_limb_wounds_40fed830d4a16fbc.jpg,rit_chronic_wounds,chronic_wound_out_of_scope,chronic_wound,rit_g2690,0.617,14,yes
experiments/v2/rit/images/lower_limb_wounds_fc90f3847ce38bf0.jpg,rit_chronic_wounds,chronic_wound_out_of_scope,chronic_wound,rit_g2691,0.738,11,yes
experiments/v2/rit/images/lower_limb_wounds_86e8b1e211581e5a.jpg,rit_chronic_wounds,chronic_wound_out_of_scope,chronic_wound,rit_g2692,0.691,15,yes
experiments/v2/rit/images/lower_limb_wounds_c9417bf10b95327a.jpg,rit_chronic_wounds,chronic_wound_out_of_scope,chronic_wound,rit_g2693,0.663,17,yes
experiments/v2/rit/images/lower_limb_wounds_9022fea931e10654.jpg,rit_chronic_wounds,chronic_wound_out_of_scope,chronic_wound,rit_g2694,0.685,15,yes
experiments/v2/rit/images/lower_limb_wounds_a39d7d282697e863.jpg,rit_chronic_wounds,chronic_wound_out_of_scope,chronic_wound,rit_g2695,0.700,14,yes
experiments/v2/rit/images/lower_limb_wounds_392c12dc34fe0925.jpg,rit_chronic_wounds,chronic_wound_out_of_scope,chronic_wound,rit_g2697,0.671,12,yes
experiments/v2/rit/images/lower_limb_wounds_392c12dc34fe0925.jpg,rit_chronic_wounds,chronic_wound_out_of_scope,chronic_wound,rit_g2697,0.671,12,yes
experiments/v2/rit/images/lower_limb_wounds_2566ec5ab30c9fe6.jpg,rit_chronic_wounds,chronic_wound_out_of_scope,chronic_wound,rit_g2698,0.612,12,yes
experiments/v2/rit/images/lower_limb_wounds_925698755295139a.jpg,rit_chronic_wounds,chronic_wound_out_of_scope,chronic_wound,rit_g2699,0.758,15,no
experiments/v2/rit/images/lower_limb_wounds_fabe37d72aace96b.jpg,rit_chronic_wounds,chronic_wound_out_of_scope,chronic_wound,rit_g2700,0.677,17,yes
experiments/v2/rit/images/lower_limb_wounds_141762cf56e7b93b.jpg,rit_chronic_wounds,chronic_wound_out_of_scope,chronic_wound,rit_g2701,0.703,12,yes
experiments/v2/rit/images/lower_limb_wounds_ede98e97334af644.jpg,rit_chronic_wounds,chronic_wound_out_of_scope,chronic_wound,rit_g2702,0.662,18,yes
experiments/v2/rit/images/lower_limb_wounds_15a661cde057a399.jpg,rit_chronic_wounds,chronic_wound_out_of_scope,chronic_wound,rit_g2704,0.701,18,yes
experiments/v2/rit/images/lower_limb_wounds_607a6462199e4495.jpg,rit_chronic_wounds,chronic_wound_out_of_scope,chronic_wound,rit_g2704,0.661,17,yes
experiments/v2/rit/images/lower_limb_wounds_7852eab0a745d98f.jpg,rit_chronic_wounds,chronic_wound_out_of_scope,chronic_wound,rit_g2705,0.714,16,yes
experiments/v2/rit/images/lower_limb_wounds_57f81b24eb92bba7.jpg,rit_chronic_wounds,chronic_wound_out_of_scope,chronic_wound,rit_g2706,0.664,15,yes
experiments/v2/rit/images/lower_limb_wounds_b43a4c99e6523097.jpg,rit_chronic_wounds,chronic_wound_out_of_scope,chronic_wound,rit_g2732,0.704,10,yes
experiments/v2/rit/images/lower_limb_wounds_4bb3205f86f3335a.jpg,rit_chronic_wounds,chronic_wound_out_of_scope,chronic_wound,rit_g2738,0.677,16,yes
experiments/v2/rit/images/lower_limb_wounds_2e3f695db4b0f1e6.jpg,rit_chronic_wounds,chronic_wound_out_of_scope,chronic_wound,rit_g2734,0.737,18,yes
experiments/v2/rit/images/lower_limb_wounds_55f22d77eb799c19.jpg,rit_chronic_wounds,chronic_wound_out_of_scope,chronic_wound,rit_g2736,0.730,16,yes
experiments/v2/rit/images/lower_limb_wounds_0489a1549ddf8ad8.jpg,rit_chronic_wounds,chronic_wound_out_of_scope,chronic_wound,rit_g2711,0.740,13,yes
experiments/v2/rit/images/lower_limb_wounds_d88f259995be92c5.jpg,rit_chronic_wounds,chronic_wound_out_of_scope,chronic_wound,rit_g2712,0.692,15,yes
experiments/v2/rit/images/lower_limb_wounds_a033748aee84f316.jpg,rit_chronic_wounds,chronic_wound_out_of_scope,chronic_wound,rit_g2713,0.676,12,yes
experiments/v2/rit/images/lower_limb_wounds_4bb3205f86f3335a.jpg,rit_chronic_wounds,chronic_wound_out_of_scope,chronic_wound,rit_g2738,0.677,16,yes
experiments/v2/rit/images/lower_limb_wounds_1e4c9dcdb86ce0c1.jpg,rit_chronic_wounds,chronic_wound_out_of_scope,chronic_wound,rit_g2715,0.668,17,yes
experiments/v2/rit/images/lower_limb_wounds_7782ed516dc6ee3a.jpg,rit_chronic_wounds,chronic_wound_out_of_scope,chronic_wound,rit_g2716,0.690,16,yes
experiments/v2/rit/images/lower_limb_wounds_2806735652af3bc1.jpg,rit_chronic_wounds,chronic_wound_out_of_scope,chronic_wound,rit_g2717,0.684,12,yes
experiments/v2/rit/images/lower_limb_wounds_34e78c20f9b24f4e.jpg,rit_chronic_wounds,chronic_wound_out_of_scope,chronic_wound,rit_g2718,0.728,13,yes
experiments/v2/rit/images/lower_limb_wounds_b43a4c99e6523097.jpg,rit_chronic_wounds,chronic_wound_out_of_scope,chronic_wound,rit_g2732,0.704,10,yes
experiments/v2/rit/images/lower_limb_wounds_4bb3205f86f3335a.jpg,rit_chronic_wounds,chronic_wound_out_of_scope,chronic_wound,rit_g2738,0.677,16,yes
experiments/v2/rit/images/lower_limb_wounds_2e3f695db4b0f1e6.jpg,rit_chronic_wounds,chronic_wound_out_of_scope,chronic_wound,rit_g2734,0.737,18,yes
experiments/v2/rit/images/lower_limb_wounds_1a4b6cfe5688b35e.jpg,rit_chronic_wounds,chronic_wound_out_of_scope,chronic_wound,rit_g2722,0.666,16,yes
experiments/v2/rit/images/lower_limb_wounds_55f22d77eb799c19.jpg,rit_chronic_wounds,chronic_wound_out_of_scope,chronic_wound,rit_g2736,0.730,16,yes
experiments/v2/rit/images/lower_limb_wounds_b3d9fb6d57a5775e.jpg,rit_chronic_wounds,chronic_wound_out_of_scope,chronic_wound,rit_g2724,0.674,15,yes
experiments/v2/rit/images/lower_limb_wounds_4bb3205f86f3335a.jpg,rit_chronic_wounds,chronic_wound_out_of_scope,chronic_wound,rit_g2738,0.677,16,yes
experiments/v2/rit/images/lower_limb_wounds_2e3f695db4b0f1e6.jpg,rit_chronic_wounds,chronic_wound_out_of_scope,chronic_wound,rit_g2734,0.737,18,yes
experiments/v2/rit/images/lower_limb_wounds_55f22d77eb799c19.jpg,rit_chronic_wounds,chronic_wound_out_of_scope,chronic_wound,rit_g2736,0.730,16,yes
experiments/v2/rit/images/lower_limb_wounds_18ff49ecb722cb4e.jpg,rit_chronic_wounds,chronic_wound_out_of_scope,chronic_wound,rit_g2728,0.645,16,yes
experiments/v2/rit/images/lower_limb_wounds_75d369edf073a4c0.jpg,rit_chronic_wounds,chronic_wound_out_of_scope,chronic_wound,rit_g2729,0.659,18,yes
experiments/v2/rit/images/lower_limb_wounds_6de24a00d5a0de6b.jpg,rit_chronic_wounds,chronic_wound_out_of_scope,chronic_wound,rit_g2730,0.659,14,yes
experiments/v2/rit/images/lower_limb_wounds_4bb3205f86f3335a.jpg,rit_chronic_wounds,chronic_wound_out_of_scope,chronic_wound,rit_g2738,0.677,16,yes
experiments/v2/rit/images/lower_limb_wounds_b43a4c99e6523097.jpg,rit_chronic_wounds,chronic_wound_out_of_scope,chronic_wound,rit_g2732,0.704,10,yes
experiments/v2/rit/images/lower_limb_wounds_4bb3205f86f3335a.jpg,rit_chronic_wounds,chronic_wound_out_of_scope,chronic_wound,rit_g2738,0.677,16,yes
experiments/v2/rit/images/lower_limb_wounds_2e3f695db4b0f1e6.jpg,rit_chronic_wounds,chronic_wound_out_of_scope,chronic_wound,rit_g2734,0.737,18,yes
experiments/v2/rit/images/lower_limb_wounds_778d617dfb4f31f5.jpg,rit_chronic_wounds,chronic_wound_out_of_scope,chronic_wound,rit_g2735,0.695,14,yes
experiments/v2/rit/images/lower_limb_wounds_55f22d77eb799c19.jpg,rit_chronic_wounds,chronic_wound_out_of_scope,chronic_wound,rit_g2736,0.730,16,yes
experiments/v2/rit/images/lower_limb_wounds_07df8e14a7fbeeb4.jpg,rit_chronic_wounds,chronic_wound_out_of_scope,chronic_wound,rit_g2737,0.685,12,yes
experiments/v2/rit/images/lower_limb_wounds_4bb3205f86f3335a.jpg,rit_chronic_wounds,chronic_wound_out_of_scope,chronic_wound,rit_g2738,0.677,16,yes
experiments/v2/rit/images/lower_limb_wounds_1c17006abd048682.jpg,rit_chronic_wounds,chronic_wound_out_of_scope,chronic_wound,rit_g2739,0.724,15,yes
experiments/v2/rit/images/lower_limb_wounds_36806767062d45da.jpg,rit_chronic_wounds,chronic_wound_out_of_scope,chronic_wound,rit_g2740,0.747,15,yes
experiments/v2/rit/images/lower_limb_wounds_12efc4563c6ed0f5.jpg,rit_chronic_wounds,chronic_wound_out_of_scope,chronic_wound,rit_g2741,0.695,18,yes
experiments/v2/rit/images/lower_limb_wounds_1035221d83b79e59.jpg,rit_chronic_wounds,chronic_wound_out_of_scope,chronic_wound,rit_g2742,0.666,13,yes
experiments/v2/rit/images/lower_limb_wounds_702e684adcebcf89.jpg,rit_chronic_wounds,chronic_wound_out_of_scope,chronic_wound,rit_g2743,0.733,16,yes
experiments/v2/rit/images/lower_limb_wounds_2df1b7d3575f3c4a.jpg,rit_chronic_wounds,chronic_wound_out_of_scope,chronic_wound,rit_g2744,0.674,16,yes
experiments/v2/rit/images/lower_limb_wounds_c6d1a0fe8e124cd5.jpg,rit_chronic_wounds,chronic_wound_out_of_scope,chronic_wound,rit_g2745,0.681,11,yes
experiments/v2/rit/images/lower_limb_wounds_f0fbfa955cbcf457.jpg,rit_chronic_wounds,chronic_wound_out_of_scope,chronic_wound,rit_g2746,0.676,9,yes
experiments/v2/rit/images/lower_limb_wounds_a10a38cf5091c012.jpg,rit_chronic_wounds,chronic_wound_out_of_scope,chronic_wound,rit_g2747,0.632,15,yes
experiments/v2/rit/images/lower_limb_wounds_73ea758aa06a9942.jpg,rit_chronic_wounds,chronic_wound_out_of_scope,chronic_wound,rit_g2748,0.725,13,yes
experiments/v2/rit/images/lower_limb_wounds_0cf7a668c72568c7.jpg,rit_chronic_wounds,chronic_wound_out_of_scope,chronic_wound,rit_g2757,0.671,15,yes
experiments/v2/rit/images/lower_limb_wounds_823925de7977ffcd.jpg,rit_chronic_wounds,chronic_wound_out_of_scope,chronic_wound,rit_g2750,0.673,16,yes
experiments/v2/rit/images/lower_limb_wounds_08278365137cebd3.jpg,rit_chronic_wounds,chronic_wound_out_of_scope,chronic_wound,rit_g2751,0.641,14,yes
experiments/v2/rit/images/lower_limb_wounds_4386a41126c853bf.jpg,rit_chronic_wounds,chronic_wound_out_of_scope,chronic_wound,rit_g2752,0.688,11,yes
experiments/v2/rit/images/lower_limb_wounds_4fb0c173eed1640e.jpg,rit_chronic_wounds,chronic_wound_out_of_scope,chronic_wound,rit_g2759,0.713,19,yes
experiments/v2/rit/images/lower_limb_wounds_8123f5a323747b71.jpg,rit_chronic_wounds,chronic_wound_out_of_scope,chronic_wound,rit_g2754,0.665,13,yes
experiments/v2/rit/images/lower_limb_wounds_71362d1fe2e53f79.jpg,rit_chronic_wounds,chronic_wound_out_of_scope,chronic_wound,rit_g2755,0.629,16,yes
experiments/v2/rit/images/lower_limb_wounds_4fb0c173eed1640e.jpg,rit_chronic_wounds,chronic_wound_out_of_scope,chronic_wound,rit_g2759,0.713,19,yes
experiments/v2/rit/images/lower_limb_wounds_0cf7a668c72568c7.jpg,rit_chronic_wounds,chronic_wound_out_of_scope,chronic_wound,rit_g2757,0.671,15,yes
experiments/v2/rit/images/lower_limb_wounds_4fb0c173eed1640e.jpg,rit_chronic_wounds,chronic_wound_out_of_scope,chronic_wound,rit_g2759,0.713,19,yes
experiments/v2/rit/images/lower_limb_wounds_4fb0c173eed1640e.jpg,rit_chronic_wounds,chronic_wound_out_of_scope,chronic_wound,rit_g2759,0.713,19,yes
experiments/v2/rit/images/lower_limb_wounds_7001ef498a338ab8.jpg,rit_chronic_wounds,chronic_wound_out_of_scope,chronic_wound,rit_g2760,0.679,13,yes
experiments/v2/rit/images/lower_limb_wounds_10e9b79fd2bb1edb.jpg,rit_chronic_wounds,chronic_wound_out_of_scope,chronic_wound,rit_g2761,0.726,12,yes
experiments/v2/rit/images/lower_limb_wounds_ac522f2f25256dc1.jpg,rit_chronic_wounds,chronic_wound_out_of_scope,chronic_wound,rit_g2764,0.711,15,yes
experiments/v2/rit/images/lower_limb_wounds_ac522f2f25256dc1.jpg,rit_chronic_wounds,chronic_wound_out_of_scope,chronic_wound,rit_g2764,0.711,15,yes
experiments/v2/rit/images/lower_limb_wounds_ac522f2f25256dc1.jpg,rit_chronic_wounds,chronic_wound_out_of_scope,chronic_wound,rit_g2764,0.711,15,yes
experiments/v2/rit/images/lower_limb_wounds_63989d7fba599fc3.jpg,rit_chronic_wounds,chronic_wound_out_of_scope,chronic_wound,rit_g2765,0.666,17,yes
experiments/v2/rit/images/lower_limb_wounds_8b1eaa4e81888ae0.jpg,rit_chronic_wounds,chronic_wound_out_of_scope,chronic_wound,rit_g2766,0.678,17,yes
experiments/v2/rit/images/lower_limb_wounds_cd9c3b030fda3bd6.jpg,rit_chronic_wounds,chronic_wound_out_of_scope,chronic_wound,rit_g2767,0.714,13,yes
experiments/v2/rit/images/lower_limb_wounds_66c4f3be8eac5525.jpg,rit_chronic_wounds,chronic_wound_out_of_scope,chronic_wound,rit_g2768,0.701,14,yes
experiments/v2/rit/images/lower_limb_wounds_e21ac6e31a554e4e.jpg,rit_chronic_wounds,chronic_wound_out_of_scope,chronic_wound,rit_g2769,0.696,16,yes
experiments/v2/rit/images/lower_limb_wounds_d40421a3c849158d.jpg,rit_chronic_wounds,chronic_wound_out_of_scope,chronic_wound,rit_g2771,0.740,17,yes
experiments/v2/rit/images/lower_limb_wounds_d40421a3c849158d.jpg,rit_chronic_wounds,chronic_wound_out_of_scope,chronic_wound,rit_g2771,0.740,17,yes
experiments/v2/rit/images/lower_limb_wounds_e8a4d9cee5e188b4.jpg,rit_chronic_wounds,chronic_wound_out_of_scope,chronic_wound,rit_g2772,0.678,15,yes
experiments/v2/rit/images/lower_limb_wounds_a798038f156e176c.jpg,rit_chronic_wounds,chronic_wound_out_of_scope,chronic_wound,rit_g2774,0.647,17,yes
experiments/v2/rit/images/lower_limb_wounds_a798038f156e176c.jpg,rit_chronic_wounds,chronic_wound_out_of_scope,chronic_wound,rit_g2774,0.647,17,yes
experiments/v2/rit/images/lower_limb_wounds_fd9a04fba36e68c9.jpg,rit_chronic_wounds,chronic_wound_out_of_scope,chronic_wound,rit_g2775,0.719,15,yes
experiments/v2/rit/images/lower_limb_wounds_4be6e7210a88447f.jpg,rit_chronic_wounds,chronic_wound_out_of_scope,chronic_wound,rit_g2779,0.708,18,yes
experiments/v2/rit/images/lower_limb_wounds_4be6e7210a88447f.jpg,rit_chronic_wounds,chronic_wound_out_of_scope,chronic_wound,rit_g2779,0.708,18,yes
experiments/v2/rit/images/lower_limb_wounds_4be6e7210a88447f.jpg,rit_chronic_wounds,chronic_wound_out_of_scope,chronic_wound,rit_g2779,0.708,18,yes
experiments/v2/rit/images/lower_limb_wounds_4be6e7210a88447f.jpg,rit_chronic_wounds,chronic_wound_out_of_scope,chronic_wound,rit_g2779,0.708,18,yes
experiments/v2/rit/images/lower_limb_wounds_63b48dd6c252cc37.jpg,rit_chronic_wounds,chronic_wound_out_of_scope,chronic_wound,rit_g2780,0.727,19,yes
experiments/v2/rit/images/lower_limb_wounds_7fade34edcf327bc.jpg,rit_chronic_wounds,chronic_wound_out_of_scope,chronic_wound,rit_g2781,0.715,15,yes
experiments/v2/rit/images/lower_limb_wounds_fa69a9bf96cade1e.jpg,rit_chronic_wounds,chronic_wound_out_of_scope,chronic_wound,rit_g2864,0.712,15,yes
experiments/v2/rit/images/lower_limb_wounds_59c92b87ff59200b.jpg,rit_chronic_wounds,chronic_wound_out_of_scope,chronic_wound,rit_g2796,0.665,16,yes
experiments/v2/rit/images/lower_limb_wounds_d5f9d1f305ab85da.jpg,rit_chronic_wounds,chronic_wound_out_of_scope,chronic_wound,rit_g2784,0.708,16,yes
experiments/v2/rit/images/lower_limb_wounds_3d9e2eaa0b099d40.jpg,rit_chronic_wounds,chronic_wound_out_of_scope,chronic_wound,rit_g2785,0.712,16,yes
experiments/v2/rit/images/lower_limb_wounds_52705eeddbe2ca20.jpg,rit_chronic_wounds,chronic_wound_out_of_scope,chronic_wound,rit_g2786,0.674,14,yes
experiments/v2/rit/images/lower_limb_wounds_dbc625eec7dffc0c.jpg,rit_chronic_wounds,chronic_wound_out_of_scope,chronic_wound,rit_g2787,0.666,17,yes
experiments/v2/rit/images/lower_limb_wounds_4c9e51d1b62c9759.jpg,rit_chronic_wounds,chronic_wound_out_of_scope,chronic_wound,rit_g2868,0.737,14,yes
experiments/v2/rit/images/lower_limb_wounds_f2cac6f8b02294a6.jpg,rit_chronic_wounds,chronic_wound_out_of_scope,chronic_wound,rit_g2789,0.718,13,yes
experiments/v2/rit/images/lower_limb_wounds_b4e1fb7ac2515df0.jpg,rit_chronic_wounds,chronic_wound_out_of_scope,chronic_wound,rit_g2790,0.656,12,yes
experiments/v2/rit/images/lower_limb_wounds_def08df1c7d0bd1c.jpg,rit_chronic_wounds,chronic_wound_out_of_scope,chronic_wound,rit_g2791,0.680,19,yes
experiments/v2/rit/images/lower_limb_wounds_ef76064664bab956.jpg,rit_chronic_wounds,chronic_wound_out_of_scope,chronic_wound,rit_g2792,0.586,16,yes
experiments/v2/rit/images/lower_limb_wounds_84b40ffaeb30c6a2.jpg,rit_chronic_wounds,chronic_wound_out_of_scope,chronic_wound,rit_g2802,0.700,13,yes
experiments/v2/rit/images/lower_limb_wounds_3694352abbcf67cb.jpg,rit_chronic_wounds,chronic_wound_out_of_scope,chronic_wound,rit_g2803,0.717,16,yes
experiments/v2/rit/images/lower_limb_wounds_7e1cef28e52ae007.jpg,rit_chronic_wounds,chronic_wound_out_of_scope,chronic_wound,rit_g2798,0.717,15,yes
experiments/v2/rit/images/lower_limb_wounds_59c92b87ff59200b.jpg,rit_chronic_wounds,chronic_wound_out_of_scope,chronic_wound,rit_g2796,0.665,16,yes
experiments/v2/rit/images/lower_limb_wounds_8ccd59d68e48899c.jpg,rit_chronic_wounds,chronic_wound_out_of_scope,chronic_wound,rit_g2808,0.685,16,yes
experiments/v2/rit/images/lower_limb_wounds_7e1cef28e52ae007.jpg,rit_chronic_wounds,chronic_wound_out_of_scope,chronic_wound,rit_g2798,0.717,15,yes
experiments/v2/rit/images/lower_limb_wounds_c3bc461b4b108328.jpg,rit_chronic_wounds,chronic_wound_out_of_scope,chronic_wound,rit_g2871,0.709,17,yes
experiments/v2/rit/images/lower_limb_wounds_3329822f46e26be5.jpg,rit_chronic_wounds,chronic_wound_out_of_scope,chronic_wound,rit_g2800,0.760,14,no
experiments/v2/rit/images/lower_limb_wounds_84b40ffaeb30c6a2.jpg,rit_chronic_wounds,chronic_wound_out_of_scope,chronic_wound,rit_g2802,0.700,13,yes
experiments/v2/rit/images/lower_limb_wounds_84b40ffaeb30c6a2.jpg,rit_chronic_wounds,chronic_wound_out_of_scope,chronic_wound,rit_g2802,0.700,13,yes
experiments/v2/rit/images/lower_limb_wounds_3694352abbcf67cb.jpg,rit_chronic_wounds,chronic_wound_out_of_scope,chronic_wound,rit_g2803,0.717,16,yes
experiments/v2/rit/images/lower_limb_wounds_c59f62294ac69860.jpg,rit_chronic_wounds,chronic_wound_out_of_scope,chronic_wound,rit_g2804,0.640,16,yes
experiments/v2/rit/images/lower_limb_wounds_9e49f3ef49752b83.jpg,rit_chronic_wounds,chronic_wound_out_of_scope,chronic_wound,rit_g2805,0.705,14,yes
experiments/v2/rit/images/lower_limb_wounds_988ccbc46883b009.jpg,rit_chronic_wounds,chronic_wound_out_of_scope,chronic_wound,rit_g2806,0.699,15,yes
experiments/v2/rit/images/lower_limb_wounds_5b17b7dc7e79efd7.jpg,rit_chronic_wounds,chronic_wound_out_of_scope,chronic_wound,rit_g2860,0.702,15,yes
experiments/v2/rit/images/lower_limb_wounds_8ccd59d68e48899c.jpg,rit_chronic_wounds,chronic_wound_out_of_scope,chronic_wound,rit_g2808,0.685,16,yes
experiments/v2/rit/images/lower_limb_wounds_4a936ba0845312f5.jpg,rit_chronic_wounds,chronic_wound_out_of_scope,chronic_wound,rit_g2809,0.716,9,yes
experiments/v2/rit/images/lower_limb_wounds_61a4dd0111bdb194.jpg,rit_chronic_wounds,chronic_wound_out_of_scope,chronic_wound,rit_g2957,0.677,16,yes
experiments/v2/rit/images/lower_limb_wounds_039fae5985565b77.jpg,rit_chronic_wounds,chronic_wound_out_of_scope,chronic_wound,rit_g2811,0.718,14,yes
experiments/v2/rit/images/lower_limb_wounds_82e7173858e81d6b.jpg,rit_chronic_wounds,chronic_wound_out_of_scope,chronic_wound,rit_g2812,0.740,15,yes
experiments/v2/rit/images/lower_limb_wounds_431a8608cad4a623.jpg,rit_chronic_wounds,chronic_wound_out_of_scope,chronic_wound,rit_g2813,0.684,18,yes
experiments/v2/rit/images/lower_limb_wounds_05a5ae5448280a96.jpg,rit_chronic_wounds,chronic_wound_out_of_scope,chronic_wound,rit_g2814,0.662,13,yes
experiments/v2/rit/images/lower_limb_wounds_ea2ea14b3b494574.jpg,rit_chronic_wounds,chronic_wound_out_of_scope,chronic_wound,rit_g2815,0.689,18,yes
experiments/v2/rit/images/lower_limb_wounds_9a0ce1d4694333d7.jpg,rit_chronic_wounds,chronic_wound_out_of_scope,chronic_wound,rit_g2816,0.665,12,yes
experiments/v2/rit/images/lower_limb_wounds_a47ccce772f59589.jpg,rit_chronic_wounds,chronic_wound_out_of_scope,chronic_wound,rit_g2817,0.685,18,yes
experiments/v2/rit/images/lower_limb_wounds_828ea87303fa1949.jpg,rit_chronic_wounds,chronic_wound_out_of_scope,chronic_wound,rit_g2818,0.698,9,yes
experiments/v2/rit/images/lower_limb_wounds_b031add29f23677b.jpg,rit_chronic_wounds,chronic_wound_out_of_scope,chronic_wound,rit_g2819,0.742,11,yes
experiments/v2/rit/images/lower_limb_wounds_d609cd40fa9a502f.jpg,rit_chronic_wounds,chronic_wound_out_of_scope,chronic_wound,rit_g2820,0.671,15,yes
experiments/v2/rit/images/lower_limb_wounds_e3716f9c53d81710.jpg,rit_chronic_wounds,chronic_wound_out_of_scope,chronic_wound,rit_g2821,0.648,12,yes
experiments/v2/rit/images/lower_limb_wounds_f17fc40f7a45e55f.jpg,rit_chronic_wounds,chronic_wound_out_of_scope,chronic_wound,rit_g2822,0.721,12,yes
experiments/v2/rit/images/lower_limb_wounds_d48d50a074371b88.jpg,rit_chronic_wounds,chronic_wound_out_of_scope,chronic_wound,rit_g2870,0.687,14,yes
experiments/v2/rit/images/lower_limb_wounds_39a365c544895b41.jpg,rit_chronic_wounds,chronic_wound_out_of_scope,chronic_wound,rit_g2824,0.624,14,yes
experiments/v2/rit/images/lower_limb_wounds_9a7b01d2db3a09c4.jpg,rit_chronic_wounds,chronic_wound_out_of_scope,chronic_wound,rit_g2825,0.730,18,yes
experiments/v2/rit/images/lower_limb_wounds_ef6efe8db62ce2b8.jpg,rit_chronic_wounds,chronic_wound_out_of_scope,chronic_wound,rit_g2826,0.697,14,yes
experiments/v2/rit/images/lower_limb_wounds_77419b3c9ebd94d3.jpg,rit_chronic_wounds,chronic_wound_out_of_scope,chronic_wound,rit_g2827,0.690,18,yes
experiments/v2/rit/images/lower_limb_wounds_d71dcf013ed6432d.jpg,rit_chronic_wounds,chronic_wound_out_of_scope,chronic_wound,rit_g2861,0.689,10,yes
experiments/v2/rit/images/lower_limb_wounds_dc9791a13b66614e.jpg,rit_chronic_wounds,chronic_wound_out_of_scope,chronic_wound,rit_g2829,0.719,16,yes
experiments/v2/rit/images/lower_limb_wounds_9077653163ba8601.jpg,rit_chronic_wounds,chronic_wound_out_of_scope,chronic_wound,rit_g2831,0.669,16,yes
experiments/v2/rit/images/lower_limb_wounds_9077653163ba8601.jpg,rit_chronic_wounds,chronic_wound_out_of_scope,chronic_wound,rit_g2831,0.669,16,yes
experiments/v2/rit/images/lower_limb_wounds_c327d6ed153239e8.jpg,rit_chronic_wounds,chronic_wound_out_of_scope,chronic_wound,rit_g2832,0.698,16,yes
experiments/v2/rit/images/lower_limb_wounds_396ceb39d5abd3e5.jpg,rit_chronic_wounds,chronic_wound_out_of_scope,chronic_wound,rit_g2833,0.673,17,yes
experiments/v2/rit/images/lower_limb_wounds_0285adf2efb25842.jpg,rit_chronic_wounds,chronic_wound_out_of_scope,chronic_wound,rit_g2834,0.685,14,yes
experiments/v2/rit/images/lower_limb_wounds_3b1739ac59ff9ca7.jpg,rit_chronic_wounds,chronic_wound_out_of_scope,chronic_wound,rit_g2835,0.700,16,yes
experiments/v2/rit/images/lower_limb_wounds_f8594f841893980a.jpg,rit_chronic_wounds,chronic_wound_out_of_scope,chronic_wound,rit_g2836,0.654,17,yes
experiments/v2/rit/images/lower_limb_wounds_ca5eeb6fa4a57c59.jpg,rit_chronic_wounds,chronic_wound_out_of_scope,chronic_wound,rit_g2837,0.673,16,yes
experiments/v2/rit/images/lower_limb_wounds_c8944d00dc7a987e.jpg,rit_chronic_wounds,chronic_wound_out_of_scope,chronic_wound,rit_g2838,0.735,11,yes
experiments/v2/rit/images/lower_limb_wounds_434acb63aa3a4560.jpg,rit_chronic_wounds,chronic_wound_out_of_scope,chronic_wound,rit_g2839,0.728,20,yes
experiments/v2/rit/images/lower_limb_wounds_08ca208e4b6af384.jpg,rit_chronic_wounds,chronic_wound_out_of_scope,chronic_wound,rit_g2840,0.714,14,yes
experiments/v2/rit/images/lower_limb_wounds_de769233b6322809.jpg,rit_chronic_wounds,chronic_wound_out_of_scope,chronic_wound,rit_g2851,0.690,12,yes
experiments/v2/rit/images/lower_limb_wounds_5538ad90e86c9941.jpg,rit_chronic_wounds,chronic_wound_out_of_scope,chronic_wound,rit_g2842,0.723,15,yes
experiments/v2/rit/images/lower_limb_wounds_d3835ebe442b4812.jpg,rit_chronic_wounds,chronic_wound_out_of_scope,chronic_wound,rit_g2845,0.679,12,yes
experiments/v2/rit/images/lower_limb_wounds_cec309b3900892fc.jpg,rit_chronic_wounds,chronic_wound_out_of_scope,chronic_wound,rit_g2844,0.703,14,yes
experiments/v2/rit/images/lower_limb_wounds_d3835ebe442b4812.jpg,rit_chronic_wounds,chronic_wound_out_of_scope,chronic_wound,rit_g2845,0.679,12,yes
experiments/v2/rit/images/lower_limb_wounds_e2ab2ab73511fc20.jpg,rit_chronic_wounds,chronic_wound_out_of_scope,chronic_wound,rit_g2846,0.713,13,yes
experiments/v2/rit/images/lower_limb_wounds_3ee04087cd7ab376.jpg,rit_chronic_wounds,chronic_wound_out_of_scope,chronic_wound,rit_g2847,0.691,13,yes
experiments/v2/rit/images/lower_limb_wounds_923bd1aa4675b53c.jpg,rit_chronic_wounds,chronic_wound_out_of_scope,chronic_wound,rit_g2848,0.646,15,yes
experiments/v2/rit/images/lower_limb_wounds_97a1df6f53969e79.jpg,rit_chronic_wounds,chronic_wound_out_of_scope,chronic_wound,rit_g2849,0.677,16,yes
experiments/v2/rit/images/lower_limb_wounds_32c7a6c744afb94e.jpg,rit_chronic_wounds,chronic_wound_out_of_scope,chronic_wound,rit_g2850,0.673,17,yes
experiments/v2/rit/images/lower_limb_wounds_de769233b6322809.jpg,rit_chronic_wounds,chronic_wound_out_of_scope,chronic_wound,rit_g2851,0.690,12,yes
experiments/v2/rit/images/lower_limb_wounds_d09046c7c2a0a8e0.jpg,rit_chronic_wounds,chronic_wound_out_of_scope,chronic_wound,rit_g2852,0.657,10,yes
experiments/v2/rit/images/lower_limb_wounds_1bd23bc778422d10.jpg,rit_chronic_wounds,chronic_wound_out_of_scope,chronic_wound,rit_g2853,0.662,16,yes
experiments/v2/rit/images/lower_limb_wounds_268a5e6abb8d4c41.jpg,rit_chronic_wounds,chronic_wound_out_of_scope,chronic_wound,rit_g2854,0.687,14,yes
experiments/v2/rit/images/lower_limb_wounds_4a8e909058d6eb78.jpg,rit_chronic_wounds,chronic_wound_out_of_scope,chronic_wound,rit_g2855,0.737,15,yes
experiments/v2/rit/images/lower_limb_wounds_da640847f1310e30.jpg,rit_chronic_wounds,chronic_wound_out_of_scope,chronic_wound,rit_g2856,0.713,17,yes
experiments/v2/rit/images/lower_limb_wounds_6a191d8b19cbae17.jpg,rit_chronic_wounds,chronic_wound_out_of_scope,chronic_wound,rit_g2857,0.704,15,yes
experiments/v2/rit/images/lower_limb_wounds_23360aa89595e8c1.jpg,rit_chronic_wounds,chronic_wound_out_of_scope,chronic_wound,rit_g2858,0.679,16,yes
experiments/v2/rit/images/lower_limb_wounds_22fe1d1e2c25881e.jpg,rit_chronic_wounds,chronic_wound_out_of_scope,chronic_wound,rit_g2859,0.681,13,yes
experiments/v2/rit/images/lower_limb_wounds_5b17b7dc7e79efd7.jpg,rit_chronic_wounds,chronic_wound_out_of_scope,chronic_wound,rit_g2860,0.702,15,yes
experiments/v2/rit/images/lower_limb_wounds_d71dcf013ed6432d.jpg,rit_chronic_wounds,chronic_wound_out_of_scope,chronic_wound,rit_g2861,0.689,10,yes
experiments/v2/rit/images/lower_limb_wounds_1f8e80d2cd59805d.jpg,rit_chronic_wounds,chronic_wound_out_of_scope,chronic_wound,rit_g2862,0.696,16,yes
experiments/v2/rit/images/lower_limb_wounds_6fc2fc38332b9d69.jpg,rit_chronic_wounds,chronic_wound_out_of_scope,chronic_wound,rit_g2863,0.681,18,yes
experiments/v2/rit/images/lower_limb_wounds_fa69a9bf96cade1e.jpg,rit_chronic_wounds,chronic_wound_out_of_scope,chronic_wound,rit_g2864,0.712,15,yes
experiments/v2/rit/images/lower_limb_wounds_745f016208667b28.jpg,rit_chronic_wounds,chronic_wound_out_of_scope,chronic_wound,rit_g2865,0.692,10,yes
experiments/v2/rit/images/lower_limb_wounds_4c91409d0fd706f4.jpg,rit_chronic_wounds,chronic_wound_out_of_scope,chronic_wound,rit_g2866,0.691,10,yes
experiments/v2/rit/images/lower_limb_wounds_6e20a87337163bbf.jpg,rit_chronic_wounds,chronic_wound_out_of_scope,chronic_wound,rit_g2867,0.645,17,yes
experiments/v2/rit/images/lower_limb_wounds_4c9e51d1b62c9759.jpg,rit_chronic_wounds,chronic_wound_out_of_scope,chronic_wound,rit_g2868,0.737,14,yes
experiments/v2/rit/images/lower_limb_wounds_85b08cf9fce257dd.jpg,rit_chronic_wounds,chronic_wound_out_of_scope,chronic_wound,rit_g2869,0.721,12,yes
experiments/v2/rit/images/lower_limb_wounds_d48d50a074371b88.jpg,rit_chronic_wounds,chronic_wound_out_of_scope,chronic_wound,rit_g2870,0.687,14,yes
experiments/v2/rit/images/lower_limb_wounds_c3bc461b4b108328.jpg,rit_chronic_wounds,chronic_wound_out_of_scope,chronic_wound,rit_g2871,0.709,17,yes
experiments/v2/rit/images/lower_limb_wounds_48a7ac37a2256381.jpg,rit_chronic_wounds,chronic_wound_out_of_scope,chronic_wound,rit_g2872,0.674,18,yes
experiments/v2/rit/images/lower_limb_wounds_66a037e6395b4ca9.jpg,rit_chronic_wounds,chronic_wound_out_of_scope,chronic_wound,rit_g2873,0.708,15,yes
experiments/v2/rit/images/lower_limb_wounds_7dc714beb8b2203c.jpg,rit_chronic_wounds,chronic_wound_out_of_scope,chronic_wound,rit_g2874,0.682,17,yes
experiments/v2/rit/images/lower_limb_wounds_67cc0483fe1be285.jpg,rit_chronic_wounds,chronic_wound_out_of_scope,chronic_wound,rit_g2875,0.672,16,yes
experiments/v2/rit/images/lower_limb_wounds_01290a7dd5b94e4a.jpg,rit_chronic_wounds,chronic_wound_out_of_scope,chronic_wound,rit_g2877,0.662,17,yes
experiments/v2/rit/images/lower_limb_wounds_01290a7dd5b94e4a.jpg,rit_chronic_wounds,chronic_wound_out_of_scope,chronic_wound,rit_g2877,0.662,17,yes
experiments/v2/rit/images/lower_limb_wounds_3a8919e2416d670c.jpg,rit_chronic_wounds,chronic_wound_out_of_scope,chronic_wound,rit_g2878,0.707,18,yes
experiments/v2/rit/images/lower_limb_wounds_36329992215b42f6.jpg,rit_chronic_wounds,chronic_wound_out_of_scope,chronic_wound,rit_g2883,0.687,17,yes
experiments/v2/rit/images/lower_limb_wounds_d99aed74288ad219.jpg,rit_chronic_wounds,chronic_wound_out_of_scope,chronic_wound,rit_g2880,0.722,10,yes
experiments/v2/rit/images/lower_limb_wounds_1f1ddaf59802777b.jpg,rit_chronic_wounds,chronic_wound_out_of_scope,chronic_wound,rit_g2882,0.699,12,yes
experiments/v2/rit/images/lower_limb_wounds_010f57d3df048c4a.jpg,rit_chronic_wounds,chronic_wound_out_of_scope,chronic_wound,rit_g2882,0.691,13,yes
experiments/v2/rit/images/lower_limb_wounds_36329992215b42f6.jpg,rit_chronic_wounds,chronic_wound_out_of_scope,chronic_wound,rit_g2883,0.687,17,yes
experiments/v2/rit/images/lower_limb_wounds_29c71b8200a4deb6.jpg,rit_chronic_wounds,chronic_wound_out_of_scope,chronic_wound,rit_g2884,0.695,16,yes
experiments/v2/rit/images/lower_limb_wounds_072a54999a83fc97.jpg,rit_chronic_wounds,chronic_wound_out_of_scope,chronic_wound,rit_g2885,0.669,13,yes
experiments/v2/rit/images/lower_limb_wounds_7400440d76a557e8.jpg,rit_chronic_wounds,chronic_wound_out_of_scope,chronic_wound,rit_g2912,0.690,11,yes
experiments/v2/rit/images/lower_limb_wounds_860e45a3d72eb918.jpg,rit_chronic_wounds,chronic_wound_out_of_scope,chronic_wound,rit_g2887,0.681,11,yes
experiments/v2/rit/images/lower_limb_wounds_e0b0a4138f35de9e.jpg,rit_chronic_wounds,chronic_wound_out_of_scope,chronic_wound,rit_g2888,0.655,16,yes
experiments/v2/rit/images/lower_limb_wounds_58d790962f88d020.jpg,rit_chronic_wounds,chronic_wound_out_of_scope,chronic_wound,rit_g2921,0.679,17,yes
experiments/v2/rit/images/lower_limb_wounds_f5451473d4cb3856.jpg,rit_chronic_wounds,chronic_wound_out_of_scope,chronic_wound,rit_g2890,0.701,14,yes
experiments/v2/rit/images/lower_limb_wounds_e50500798e4b5ac0.jpg,rit_chronic_wounds,chronic_wound_out_of_scope,chronic_wound,rit_g2891,0.696,14,yes
experiments/v2/rit/images/lower_limb_wounds_58d790962f88d020.jpg,rit_chronic_wounds,chronic_wound_out_of_scope,chronic_wound,rit_g2921,0.679,17,yes
experiments/v2/rit/images/lower_limb_wounds_5e7223bbc29ccef7.jpg,rit_chronic_wounds,chronic_wound_out_of_scope,chronic_wound,rit_g2893,0.705,17,yes
experiments/v2/rit/images/lower_limb_wounds_9a4689988bf3c7cc.jpg,rit_chronic_wounds,chronic_wound_out_of_scope,chronic_wound,rit_g2894,0.734,13,yes
experiments/v2/rit/images/lower_limb_wounds_e5b2b481b6e88406.jpg,rit_chronic_wounds,chronic_wound_out_of_scope,chronic_wound,rit_g2895,0.662,14,yes
experiments/v2/rit/images/lower_limb_wounds_d279cdfdc22ddfeb.jpg,rit_chronic_wounds,chronic_wound_out_of_scope,chronic_wound,rit_g2897,0.664,12,yes
experiments/v2/rit/images/lower_limb_wounds_d279cdfdc22ddfeb.jpg,rit_chronic_wounds,chronic_wound_out_of_scope,chronic_wound,rit_g2897,0.664,12,yes
experiments/v2/rit/images/lower_limb_wounds_59fc2d14a5203d90.jpg,rit_chronic_wounds,chronic_wound_out_of_scope,chronic_wound,rit_g2899,0.662,15,yes
experiments/v2/rit/images/lower_limb_wounds_59fc2d14a5203d90.jpg,rit_chronic_wounds,chronic_wound_out_of_scope,chronic_wound,rit_g2899,0.662,15,yes
experiments/v2/rit/images/lower_limb_wounds_ee8ba5a4d957983a.jpg,rit_chronic_wounds,chronic_wound_out_of_scope,chronic_wound,rit_g2900,0.705,18,yes
experiments/v2/rit/images/lower_limb_wounds_a1df7fbd97d58a6b.jpg,rit_chronic_wounds,chronic_wound_out_of_scope,chronic_wound,rit_g2901,0.695,16,yes
experiments/v2/rit/images/lower_limb_wounds_19f97d32ff3fd498.jpg,rit_chronic_wounds,chronic_wound_out_of_scope,chronic_wound,rit_g2902,0.706,13,yes
experiments/v2/rit/images/lower_limb_wounds_667067cfc64f4365.jpg,rit_chronic_wounds,chronic_wound_out_of_scope,chronic_wound,rit_g2905,0.725,14,yes
experiments/v2/rit/images/lower_limb_wounds_667067cfc64f4365.jpg,rit_chronic_wounds,chronic_wound_out_of_scope,chronic_wound,rit_g2905,0.725,14,yes
experiments/v2/rit/images/lower_limb_wounds_667067cfc64f4365.jpg,rit_chronic_wounds,chronic_wound_out_of_scope,chronic_wound,rit_g2905,0.725,14,yes
experiments/v2/rit/images/lower_limb_wounds_8010f39b564084d0.jpg,rit_chronic_wounds,chronic_wound_out_of_scope,chronic_wound,rit_g2906,0.710,12,yes
experiments/v2/rit/images/lower_limb_wounds_b0b1f2257162ab1c.jpg,rit_chronic_wounds,chronic_wound_out_of_scope,chronic_wound,rit_g2907,0.682,13,yes
experiments/v2/rit/images/lower_limb_wounds_c870eb563aa5473f.jpg,rit_chronic_wounds,chronic_wound_out_of_scope,chronic_wound,rit_g2908,0.634,12,yes
experiments/v2/rit/images/lower_limb_wounds_9633ba5563abc11d.jpg,rit_chronic_wounds,chronic_wound_out_of_scope,chronic_wound,rit_g2909,0.718,15,yes
experiments/v2/rit/images/lower_limb_wounds_8c98ead0868650bd.jpg,rit_chronic_wounds,chronic_wound_out_of_scope,chronic_wound,rit_g2910,0.614,12,yes
experiments/v2/rit/images/lower_limb_wounds_e52ab2da6e471fde.jpg,rit_chronic_wounds,chronic_wound_out_of_scope,chronic_wound,rit_g2911,0.698,14,yes
experiments/v2/rit/images/lower_limb_wounds_7400440d76a557e8.jpg,rit_chronic_wounds,chronic_wound_out_of_scope,chronic_wound,rit_g2912,0.690,11,yes
experiments/v2/rit/images/lower_limb_wounds_75fe4de00e4dc155.jpg,rit_chronic_wounds,chronic_wound_out_of_scope,chronic_wound,rit_g2916,0.659,16,yes
experiments/v2/rit/images/lower_limb_wounds_75fe4de00e4dc155.jpg,rit_chronic_wounds,chronic_wound_out_of_scope,chronic_wound,rit_g2916,0.659,16,yes
experiments/v2/rit/images/lower_limb_wounds_c6ed8053e9fa87c2.jpg,rit_chronic_wounds,chronic_wound_out_of_scope,chronic_wound,rit_g2915,0.705,16,yes
experiments/v2/rit/images/lower_limb_wounds_75fe4de00e4dc155.jpg,rit_chronic_wounds,chronic_wound_out_of_scope,chronic_wound,rit_g2916,0.659,16,yes
experiments/v2/rit/images/lower_limb_wounds_aac5f6d62235363c.jpg,rit_chronic_wounds,chronic_wound_out_of_scope,chronic_wound,rit_g2917,0.674,14,yes
experiments/v2/rit/images/lower_limb_wounds_540c65cd9fc55483.jpg,rit_chronic_wounds,chronic_wound_out_of_scope,chronic_wound,rit_g2918,0.651,11,yes
experiments/v2/rit/images/lower_limb_wounds_bb70cfd435622b8c.jpg,rit_chronic_wounds,chronic_wound_out_of_scope,chronic_wound,rit_g2920,0.674,12,yes
experiments/v2/rit/images/lower_limb_wounds_bb70cfd435622b8c.jpg,rit_chronic_wounds,chronic_wound_out_of_scope,chronic_wound,rit_g2920,0.674,12,yes
experiments/v2/rit/images/lower_limb_wounds_58d790962f88d020.jpg,rit_chronic_wounds,chronic_wound_out_of_scope,chronic_wound,rit_g2921,0.679,17,yes
experiments/v2/rit/images/lower_limb_wounds_f23e282590e1924c.jpg,rit_chronic_wounds,chronic_wound_out_of_scope,chronic_wound,rit_g2922,0.700,16,yes
experiments/v2/rit/images/lower_limb_wounds_ff83c27ef485d83b.jpg,rit_chronic_wounds,chronic_wound_out_of_scope,chronic_wound,rit_g2923,0.692,14,yes
experiments/v2/rit/images/lower_limb_wounds_b243d4288882e0d7.jpg,rit_chronic_wounds,chronic_wound_out_of_scope,chronic_wound,rit_g2924,0.664,14,yes
experiments/v2/rit/images/lower_limb_wounds_bd844b6e21604eda.jpg,rit_chronic_wounds,chronic_wound_out_of_scope,chronic_wound,rit_g2925,0.709,14,yes
experiments/v2/rit/images/lower_limb_wounds_1d41ab708b6e6807.jpg,rit_chronic_wounds,chronic_wound_out_of_scope,chronic_wound,rit_g2926,0.713,13,yes
experiments/v2/rit/images/lower_limb_wounds_b5d6c0297fe7cecb.jpg,rit_chronic_wounds,chronic_wound_out_of_scope,chronic_wound,rit_g2927,0.650,16,yes
experiments/v2/rit/images/lower_limb_wounds_987310ec311eeed4.jpg,rit_chronic_wounds,chronic_wound_out_of_scope,chronic_wound,rit_g2928,0.693,14,yes
experiments/v2/rit/images/lower_limb_wounds_1660f11e8235e584.jpg,rit_chronic_wounds,chronic_wound_out_of_scope,chronic_wound,rit_g2929,0.663,12,yes
experiments/v2/rit/images/lower_limb_wounds_77cf385842230c40.jpg,rit_chronic_wounds,chronic_wound_out_of_scope,chronic_wound,rit_g2937,0.697,16,yes
experiments/v2/rit/images/lower_limb_wounds_a3425b9a4fefa394.jpg,rit_chronic_wounds,chronic_wound_out_of_scope,chronic_wound,rit_g2938,0.658,15,yes
experiments/v2/rit/images/lower_limb_wounds_1d5d40c22ffe29f4.jpg,rit_chronic_wounds,chronic_wound_out_of_scope,chronic_wound,rit_g2932,0.694,12,yes
experiments/v2/rit/images/lower_limb_wounds_dba68673f3cd81ed.jpg,rit_chronic_wounds,chronic_wound_out_of_scope,chronic_wound,rit_g2933,0.684,16,yes
experiments/v2/rit/images/lower_limb_wounds_6534954cafd6827b.jpg,rit_chronic_wounds,chronic_wound_out_of_scope,chronic_wound,rit_g2934,0.662,13,yes
experiments/v2/rit/images/lower_limb_wounds_8fb58db654ec718c.jpg,rit_chronic_wounds,chronic_wound_out_of_scope,chronic_wound,rit_g2935,0.695,11,yes
experiments/v2/rit/images/lower_limb_wounds_c32578644a4d84e1.jpg,rit_chronic_wounds,chronic_wound_out_of_scope,chronic_wound,rit_g2936,0.705,19,yes
experiments/v2/rit/images/lower_limb_wounds_77cf385842230c40.jpg,rit_chronic_wounds,chronic_wound_out_of_scope,chronic_wound,rit_g2937,0.697,16,yes
experiments/v2/rit/images/lower_limb_wounds_a3425b9a4fefa394.jpg,rit_chronic_wounds,chronic_wound_out_of_scope,chronic_wound,rit_g2938,0.658,15,yes
experiments/v2/rit/images/lower_limb_wounds_747f15315b874fbe.jpg,rit_chronic_wounds,chronic_wound_out_of_scope,chronic_wound,rit_g2939,0.747,12,yes
experiments/v2/rit/images/lower_limb_wounds_223a5db752685546.jpg,rit_chronic_wounds,chronic_wound_out_of_scope,chronic_wound,rit_g2940,0.712,14,yes
experiments/v2/rit/images/lower_limb_wounds_32d616a62ca78f1e.jpg,rit_chronic_wounds,chronic_wound_out_of_scope,chronic_wound,rit_g2941,0.697,13,yes
experiments/v2/rit/images/lower_limb_wounds_60e2796a1d56aba0.jpg,rit_chronic_wounds,chronic_wound_out_of_scope,chronic_wound,rit_g2942,0.721,16,yes
experiments/v2/rit/images/lower_limb_wounds_4d86215c423d8e00.jpg,rit_chronic_wounds,chronic_wound_out_of_scope,chronic_wound,rit_g2943,0.650,17,yes
experiments/v2/rit/images/lower_limb_wounds_f86e968784aaebdb.jpg,rit_chronic_wounds,chronic_wound_out_of_scope,chronic_wound,rit_g2948,0.685,15,yes
experiments/v2/rit/images/lower_limb_wounds_85cbde0e685ecf20.jpg,rit_chronic_wounds,chronic_wound_out_of_scope,chronic_wound,rit_g2945,0.689,15,yes
experiments/v2/rit/images/lower_limb_wounds_b2d49146b90757b8.jpg,rit_chronic_wounds,chronic_wound_out_of_scope,chronic_wound,rit_g2946,0.693,16,yes
experiments/v2/rit/images/lower_limb_wounds_f86e968784aaebdb.jpg,rit_chronic_wounds,chronic_wound_out_of_scope,chronic_wound,rit_g2948,0.685,15,yes
experiments/v2/rit/images/lower_limb_wounds_f86e968784aaebdb.jpg,rit_chronic_wounds,chronic_wound_out_of_scope,chronic_wound,rit_g2948,0.685,15,yes
experiments/v2/rit/images/lower_limb_wounds_00364917062587af.jpg,rit_chronic_wounds,chronic_wound_out_of_scope,chronic_wound,rit_g2949,0.679,11,yes
experiments/v2/rit/images/lower_limb_wounds_552880fedb0c8c00.jpg,rit_chronic_wounds,chronic_wound_out_of_scope,chronic_wound,rit_g2950,0.649,14,yes
experiments/v2/rit/images/lower_limb_wounds_a7b8b4e081ee68bf.jpg,rit_chronic_wounds,chronic_wound_out_of_scope,chronic_wound,rit_g2951,0.713,12,yes
experiments/v2/rit/images/lower_limb_wounds_dace01a366d35dd4.jpg,rit_chronic_wounds,chronic_wound_out_of_scope,chronic_wound,rit_g2952,0.648,14,yes
experiments/v2/rit/images/lower_limb_wounds_ae983fc233f0a5b0.jpg,rit_chronic_wounds,chronic_wound_out_of_scope,chronic_wound,rit_g2953,0.654,8,yes
experiments/v2/rit/images/lower_limb_wounds_c157bf301a4b37fe.jpg,rit_chronic_wounds,chronic_wound_out_of_scope,chronic_wound,rit_g2954,0.703,16,yes
experiments/v2/rit/images/lower_limb_wounds_7302506a3e655f4c.jpg,rit_chronic_wounds,chronic_wound_out_of_scope,chronic_wound,rit_g2955,0.707,15,yes
experiments/v2/rit/images/lower_limb_wounds_864ffdb3fd1f1cc0.jpg,rit_chronic_wounds,chronic_wound_out_of_scope,chronic_wound,rit_g2956,0.654,15,yes
experiments/v2/rit/images/lower_limb_wounds_61a4dd0111bdb194.jpg,rit_chronic_wounds,chronic_wound_out_of_scope,chronic_wound,rit_g2957,0.677,16,yes
experiments/v2/rit/images/lower_limb_wounds_9a2075db18aa3efd.jpg,rit_chronic_wounds,chronic_wound_out_of_scope,chronic_wound,rit_g2958,0.673,16,yes
experiments/v2/rit/images/lower_limb_wounds_417a6dc75d277297.jpg,rit_chronic_wounds,chronic_wound_out_of_scope,chronic_wound,rit_g2959,0.670,16,yes
experiments/v2/rit/images/lower_limb_wounds_fd0b6cfe2be948bb.jpg,rit_chronic_wounds,chronic_wound_out_of_scope,chronic_wound,rit_g2960,0.686,18,yes
experiments/v2/rit/images/lower_limb_wounds_dcbc5b18770900bf.jpg,rit_chronic_wounds,chronic_wound_out_of_scope,chronic_wound,rit_g2961,0.678,17,yes
experiments/v2/rit/images/lower_limb_wounds_bf58b38efa5f4b9c.jpg,rit_chronic_wounds,chronic_wound_out_of_scope,chronic_wound,rit_g2962,0.662,16,yes
experiments/v2/rit/images/lower_limb_wounds_abb43ee6135d3682.jpg,rit_chronic_wounds,chronic_wound_out_of_scope,chronic_wound,rit_g2963,0.685,13,yes
experiments/v2/rit/images/lower_limb_wounds_5cf544b53bf84643.jpg,rit_chronic_wounds,chronic_wound_out_of_scope,chronic_wound,rit_g2964,0.667,12,yes
experiments/v2/rit/images/lower_limb_wounds_423cb2409a023266.jpg,rit_chronic_wounds,chronic_wound_out_of_scope,chronic_wound,rit_g2965,0.753,14,no
experiments/v2/rit/images/lower_limb_wounds_dc34c3a89b94a8a1.jpg,rit_chronic_wounds,chronic_wound_out_of_scope,chronic_wound,rit_g2966,0.746,17,yes
experiments/v2/rit/images/lower_limb_wounds_001212a155f7c752.jpg,rit_chronic_wounds,chronic_wound_out_of_scope,chronic_wound,rit_g2967,0.713,18,yes
experiments/v2/rit/images/lower_limb_wounds_41fa1677e929619b.jpg,rit_chronic_wounds,chronic_wound_out_of_scope,chronic_wound,rit_g2968,0.684,12,yes
experiments/v2/rit/images/lower_limb_wounds_16d2839c75b9b68f.jpg,rit_chronic_wounds,chronic_wound_out_of_scope,chronic_wound,rit_g2969,0.664,16,yes
experiments/v2/rit/images/lower_limb_wounds_7ed4bac5c8806c6f.jpg,rit_chronic_wounds,chronic_wound_out_of_scope,chronic_wound,rit_g2971,0.693,14,yes
experiments/v2/rit/images/lower_limb_wounds_7ed4bac5c8806c6f.jpg,rit_chronic_wounds,chronic_wound_out_of_scope,chronic_wound,rit_g2971,0.693,14,yes
experiments/v2/rit/images/lower_limb_wounds_525930baaa4f9e52.jpg,rit_chronic_wounds,chronic_wound_out_of_scope,chronic_wound,rit_g2972,0.672,14,yes
experiments/v2/rit/images/lower_limb_wounds_9d7fc223b6460b99.jpg,rit_chronic_wounds,chronic_wound_out_of_scope,chronic_wound,rit_g2973,0.711,16,yes
experiments/v2/rit/images/lower_limb_wounds_9c090ad4f0c89231.jpg,rit_chronic_wounds,chronic_wound_out_of_scope,chronic_wound,rit_g2974,0.716,13,yes
experiments/v2/rit/images/lower_limb_wounds_52b2f7bc66b58871.jpg,rit_chronic_wounds,chronic_wound_out_of_scope,chronic_wound,rit_g2975,0.693,10,yes
experiments/v2/rit/images/lower_limb_wounds_306e2e6d2890eea7.jpg,rit_chronic_wounds,chronic_wound_out_of_scope,chronic_wound,rit_g2976,0.716,16,yes
experiments/v2/rit/images/lower_limb_wounds_2ab7bbe9875ccd3f.jpg,rit_chronic_wounds,chronic_wound_out_of_scope,chronic_wound,rit_g2977,0.714,16,yes
experiments/v2/rit/images/lower_limb_wounds_8a114fb7ff0f75d0.jpg,rit_chronic_wounds,chronic_wound_out_of_scope,chronic_wound,rit_g2978,0.731,12,yes
experiments/v2/rit/images/lower_limb_wounds_519d3ef4969517a8.jpg,rit_chronic_wounds,chronic_wound_out_of_scope,chronic_wound,rit_g2979,0.721,15,yes
experiments/v2/rit/images/lower_limb_wounds_91dda938c355c213.jpg,rit_chronic_wounds,chronic_wound_out_of_scope,chronic_wound,rit_g2980,0.703,15,yes
experiments/v2/rit/images/lower_limb_wounds_ce28b92383901376.jpg,rit_chronic_wounds,chronic_wound_out_of_scope,chronic_wound,rit_g2981,0.666,16,yes
experiments/v2/rit/images/lower_limb_wounds_e720b4303596f3b0.jpg,rit_chronic_wounds,chronic_wound_out_of_scope,chronic_wound,rit_g2982,0.620,10,yes
experiments/v2/rit/images/lower_limb_wounds_752fa67d3013f33b.jpg,rit_chronic_wounds,chronic_wound_out_of_scope,chronic_wound,rit_g2983,0.683,13,yes
experiments/v2/rit/images/lower_limb_wounds_cf121057656b1704.jpg,rit_chronic_wounds,chronic_wound_out_of_scope,chronic_wound,rit_g2984,0.630,18,yes
experiments/v2/rit/images/lower_limb_wounds_8cae0449955979c1.jpg,rit_chronic_wounds,chronic_wound_out_of_scope,chronic_wound,rit_g2985,0.674,16,yes
experiments/v2/rit/images/lower_limb_wounds_af1b352f01e162b2.jpg,rit_chronic_wounds,chronic_wound_out_of_scope,chronic_wound,rit_g2986,0.696,15,yes
experiments/v2/rit/images/lower_limb_wounds_3d57cea9a8b3eac0.jpg,rit_chronic_wounds,chronic_wound_out_of_scope,chronic_wound,rit_g2987,0.698,16,yes
experiments/v2/rit/images/lower_limb_wounds_4a142f5c80dd5197.jpg,rit_chronic_wounds,chronic_wound_out_of_scope,chronic_wound,rit_g2988,0.701,11,yes
experiments/v2/rit/images/lower_limb_wounds_59e04141d9a1b330.jpg,rit_chronic_wounds,chronic_wound_out_of_scope,chronic_wound,rit_g2989,0.692,14,yes
experiments/v2/rit/images/lower_limb_wounds_5f9d9e4cb86186ce.jpg,rit_chronic_wounds,chronic_wound_out_of_scope,chronic_wound,rit_g2990,0.689,14,yes
experiments/v2/rit/images/lower_limb_wounds_49f428bdb3802daa.jpg,rit_chronic_wounds,chronic_wound_out_of_scope,chronic_wound,rit_g2991,0.696,15,yes
experiments/v2/rit/images/lower_limb_wounds_6e1bfbd65f1289f7.jpg,rit_chronic_wounds,chronic_wound_out_of_scope,chronic_wound,rit_g2992,0.693,17,yes
experiments/v2/rit/images/lower_limb_wounds_f89ded787ad66fd7.jpg,rit_chronic_wounds,chronic_wound_out_of_scope,chronic_wound,rit_g2993,0.694,14,yes
experiments/v2/rit/images/lower_limb_wounds_ce7bc3a97f5a4edc.jpg,rit_chronic_wounds,chronic_wound_out_of_scope,chronic_wound,rit_g2994,0.671,15,yes
experiments/v2/rit/images/lower_limb_wounds_d09283d2b5528f76.jpg,rit_chronic_wounds,chronic_wound_out_of_scope,chronic_wound,rit_g2995,0.664,14,yes
experiments/v2/rit/images/lower_limb_wounds_3fba85593aadfb60.jpg,rit_chronic_wounds,chronic_wound_out_of_scope,chronic_wound,rit_g2996,0.689,12,yes
experiments/v2/rit/images/lower_limb_wounds_ffa7a9d0dad2e5c8.jpg,rit_chronic_wounds,chronic_wound_out_of_scope,chronic_wound,rit_g2997,0.735,19,yes
experiments/v2/rit/images/lower_limb_wounds_675a6dd10a5e3f15.jpg,rit_chronic_wounds,chronic_wound_out_of_scope,chronic_wound,rit_g3002,0.698,17,yes
experiments/v2/rit/images/lower_limb_wounds_5fe44dc9e54df575.jpg,rit_chronic_wounds,chronic_wound_out_of_scope,chronic_wound,rit_g2999,0.727,13,yes
experiments/v2/rit/images/lower_limb_wounds_2e45b8e326dde91d.jpg,rit_chronic_wounds,chronic_wound_out_of_scope,chronic_wound,rit_g3000,0.682,18,yes
experiments/v2/rit/images/lower_limb_wounds_f73775bb48c74b92.jpg,rit_chronic_wounds,chronic_wound_out_of_scope,chronic_wound,rit_g3001,0.733,18,yes
experiments/v2/rit/images/lower_limb_wounds_675a6dd10a5e3f15.jpg,rit_chronic_wounds,chronic_wound_out_of_scope,chronic_wound,rit_g3002,0.698,17,yes
experiments/v2/rit/images/lower_limb_wounds_60ae9f464cad5bcd.jpg,rit_chronic_wounds,chronic_wound_out_of_scope,chronic_wound,rit_g3003,0.715,19,yes
experiments/v2/rit/images/lower_limb_wounds_9c9ae9636cd2afd1.jpg,rit_chronic_wounds,chronic_wound_out_of_scope,chronic_wound,rit_g3005,0.705,14,yes
experiments/v2/rit/images/lower_limb_wounds_9c9ae9636cd2afd1.jpg,rit_chronic_wounds,chronic_wound_out_of_scope,chronic_wound,rit_g3005,0.705,14,yes
experiments/v2/rit/images/lower_limb_wounds_5ef8328ee9898b07.jpg,rit_chronic_wounds,chronic_wound_out_of_scope,chronic_wound,rit_g3006,0.608,13,yes
experiments/v2/rit/images/lower_limb_wounds_d77c8dc5268def9f.jpg,rit_chronic_wounds,chronic_wound_out_of_scope,chronic_wound,rit_g3007,0.655,15,yes
experiments/v2/rit/images/lower_limb_wounds_8013e55dc872b148.jpg,rit_chronic_wounds,chronic_wound_out_of_scope,chronic_wound,rit_g3010,0.714,14,yes
experiments/v2/rit/images/lower_limb_wounds_7fc1bfb842565c10.jpg,rit_chronic_wounds,chronic_wound_out_of_scope,chronic_wound,rit_g3009,0.674,11,yes
experiments/v2/rit/images/lower_limb_wounds_8013e55dc872b148.jpg,rit_chronic_wounds,chronic_wound_out_of_scope,chronic_wound,rit_g3010,0.714,14,yes
experiments/v2/rit/images/lower_limb_wounds_d1c2d0daef114be6.jpg,rit_chronic_wounds,chronic_wound_out_of_scope,chronic_wound,rit_g3011,0.666,15,yes
experiments/v2/rit/images/lower_limb_wounds_91bc1620c5709aee.jpg,rit_chronic_wounds,chronic_wound_out_of_scope,chronic_wound,rit_g3012,0.718,12,yes
experiments/v2/rit/images/lower_limb_wounds_561b597e008a96f2.jpg,rit_chronic_wounds,chronic_wound_out_of_scope,chronic_wound,rit_g3013,0.679,11,yes
experiments/v2/rit/images/lower_limb_wounds_9a2c03a6bb2c4734.jpg,rit_chronic_wounds,chronic_wound_out_of_scope,chronic_wound,rit_g3014,0.662,11,yes
experiments/v2/rit/images/lower_limb_wounds_c98009ebe23b72a6.jpg,rit_chronic_wounds,chronic_wound_out_of_scope,chronic_wound,rit_g3015,0.741,15,yes
experiments/v2/rit/images/lower_limb_wounds_21fb9da490bef89c.jpg,rit_chronic_wounds,chronic_wound_out_of_scope,chronic_wound,rit_g3016,0.677,18,yes
experiments/v2/rit/images/lower_limb_wounds_b313ac99a5d1906f.jpg,rit_chronic_wounds,chronic_wound_out_of_scope,chronic_wound,rit_g3017,0.702,11,yes
experiments/v2/rit/images/lower_limb_wounds_62c3a8dc1091d2b3.jpg,rit_chronic_wounds,chronic_wound_out_of_scope,chronic_wound,rit_g3018,0.718,13,yes
experiments/v2/rit/images/lower_limb_wounds_e9e091940cbb1a60.jpg,rit_chronic_wounds,chronic_wound_out_of_scope,chronic_wound,rit_g3019,0.721,17,yes
experiments/v2/rit/images/lower_limb_wounds_1390302983b22757.jpg,rit_chronic_wounds,chronic_wound_out_of_scope,chronic_wound,rit_g3020,0.692,10,yes
experiments/v2/rit/images/lower_limb_wounds_85bda3e87abcc092.jpg,rit_chronic_wounds,chronic_wound_out_of_scope,chronic_wound,rit_g3021,0.693,16,yes
experiments/v2/rit/images/lower_limb_wounds_9de369abed96c190.jpg,rit_chronic_wounds,chronic_wound_out_of_scope,chronic_wound,rit_g3022,0.718,11,yes
experiments/v2/rit/images/lower_limb_wounds_135ea553b674ef2d.jpg,rit_chronic_wounds,chronic_wound_out_of_scope,chronic_wound,rit_g3023,0.696,15,yes
experiments/v2/rit/images/lower_limb_wounds_999af5bcf3b4011d.jpg,rit_chronic_wounds,chronic_wound_out_of_scope,chronic_wound,rit_g3025,0.709,16,yes
experiments/v2/rit/images/lower_limb_wounds_999af5bcf3b4011d.jpg,rit_chronic_wounds,chronic_wound_out_of_scope,chronic_wound,rit_g3025,0.709,16,yes
experiments/v2/rit/images/lower_limb_wounds_b9c6ee6ac7725be2.jpg,rit_chronic_wounds,chronic_wound_out_of_scope,chronic_wound,rit_g3026,0.692,13,yes
experiments/v2/rit/images/lower_limb_wounds_cdb0516bf959ecd4.jpg,rit_chronic_wounds,chronic_wound_out_of_scope,chronic_wound,rit_g3027,0.698,16,yes
experiments/v2/rit/images/lower_limb_wounds_cb18b5c54bf3c27f.jpg,rit_chronic_wounds,chronic_wound_out_of_scope,chronic_wound,rit_g3031,0.686,15,yes
experiments/v2/rit/images/lower_limb_wounds_63e3abd673a50d67.jpg,rit_chronic_wounds,chronic_wound_out_of_scope,chronic_wound,rit_g3029,0.708,17,yes
experiments/v2/rit/images/lower_limb_wounds_cb18b5c54bf3c27f.jpg,rit_chronic_wounds,chronic_wound_out_of_scope,chronic_wound,rit_g3031,0.686,15,yes
experiments/v2/rit/images/lower_limb_wounds_cb18b5c54bf3c27f.jpg,rit_chronic_wounds,chronic_wound_out_of_scope,chronic_wound,rit_g3031,0.686,15,yes
experiments/v2/rit/images/lower_limb_wounds_a973eb9123ae6432.jpg,rit_chronic_wounds,chronic_wound_out_of_scope,chronic_wound,rit_g3032,0.720,15,yes
experiments/v2/rit/images/lower_limb_wounds_d055191f573dbbca.jpg,rit_chronic_wounds,chronic_wound_out_of_scope,chronic_wound,rit_g3033,0.669,15,yes
experiments/v2/rit/images/lower_limb_wounds_c85e217d38b35f9a.jpg,rit_chronic_wounds,chronic_wound_out_of_scope,chronic_wound,rit_g3034,0.648,18,yes
experiments/v2/rit/images/lower_limb_wounds_f7727998ce31a06c.jpg,rit_chronic_wounds,chronic_wound_out_of_scope,chronic_wound,rit_g3035,0.706,12,yes
experiments/v2/rit/images/lower_limb_wounds_c3bf179c697390cb.jpg,rit_chronic_wounds,chronic_wound_out_of_scope,chronic_wound,rit_g3037,0.740,15,yes
experiments/v2/rit/images/lower_limb_wounds_c3bf179c697390cb.jpg,rit_chronic_wounds,chronic_wound_out_of_scope,chronic_wound,rit_g3037,0.740,15,yes
experiments/v2/rit/images/lower_limb_wounds_4650062f90d83191.jpg,rit_chronic_wounds,chronic_wound_out_of_scope,chronic_wound,rit_g3040,0.724,16,yes
experiments/v2/rit/images/lower_limb_wounds_0dba8f9d37d0eb78.jpg,rit_chronic_wounds,chronic_wound_out_of_scope,chronic_wound,rit_g3045,0.684,13,yes
experiments/v2/rit/images/lower_limb_wounds_4650062f90d83191.jpg,rit_chronic_wounds,chronic_wound_out_of_scope,chronic_wound,rit_g3040,0.724,16,yes
experiments/v2/rit/images/lower_limb_wounds_5c08a1d67385d343.jpg,rit_chronic_wounds,chronic_wound_out_of_scope,chronic_wound,rit_g3046,0.716,14,yes
experiments/v2/rit/images/lower_limb_wounds_74d07de579fc4415.jpg,rit_chronic_wounds,chronic_wound_out_of_scope,chronic_wound,rit_g3042,0.662,16,yes
experiments/v2/rit/images/lower_limb_wounds_bb2f21f114906aa2.jpg,rit_chronic_wounds,chronic_wound_out_of_scope,chronic_wound,rit_g3047,0.693,10,yes
experiments/v2/rit/images/lower_limb_wounds_f5302506114b53d5.jpg,rit_chronic_wounds,chronic_wound_out_of_scope,chronic_wound,rit_g3044,0.666,12,yes
experiments/v2/rit/images/lower_limb_wounds_0dba8f9d37d0eb78.jpg,rit_chronic_wounds,chronic_wound_out_of_scope,chronic_wound,rit_g3045,0.684,13,yes
experiments/v2/rit/images/lower_limb_wounds_5c08a1d67385d343.jpg,rit_chronic_wounds,chronic_wound_out_of_scope,chronic_wound,rit_g3046,0.716,14,yes
experiments/v2/rit/images/lower_limb_wounds_bb2f21f114906aa2.jpg,rit_chronic_wounds,chronic_wound_out_of_scope,chronic_wound,rit_g3047,0.693,10,yes
experiments/v2/rit/images/lower_limb_wounds_9fcdaa383ccf1990.jpg,rit_chronic_wounds,chronic_wound_out_of_scope,chronic_wound,rit_g3048,0.675,11,yes
experiments/v2/rit/images/lower_limb_wounds_9c1d70143fc8dff3.jpg,rit_chronic_wounds,chronic_wound_out_of_scope,chronic_wound,rit_g3049,0.688,11,yes
experiments/v2/rit/images/lower_limb_wounds_0b8ee155f79e2076.jpg,rit_chronic_wounds,chronic_wound_out_of_scope,chronic_wound,rit_g3050,0.681,18,yes
experiments/v2/rit/images/lower_limb_wounds_705bfbf932e91f92.jpg,rit_chronic_wounds,chronic_wound_out_of_scope,chronic_wound,rit_g3051,0.682,16,yes
experiments/v2/rit/images/lower_limb_wounds_7a31da90ffebcdeb.jpg,rit_chronic_wounds,chronic_wound_out_of_scope,chronic_wound,rit_g3052,0.676,12,yes
experiments/v2/rit/images/lower_limb_wounds_8400e616202137c3.jpg,rit_chronic_wounds,chronic_wound_out_of_scope,chronic_wound,rit_g3053,0.643,16,yes
experiments/v2/rit/images/lower_limb_wounds_a3ac2119119b30a4.jpg,rit_chronic_wounds,chronic_wound_out_of_scope,chronic_wound,rit_g3054,0.675,16,yes
experiments/v2/rit/images/lower_limb_wounds_7eecb4a67f83dbfd.jpg,rit_chronic_wounds,chronic_wound_out_of_scope,chronic_wound,rit_g3057,0.727,14,yes
experiments/v2/rit/images/lower_limb_wounds_50a1710b30167819.jpg,rit_chronic_wounds,chronic_wound_out_of_scope,chronic_wound,rit_g3056,0.691,7,yes
experiments/v2/rit/images/lower_limb_wounds_7eecb4a67f83dbfd.jpg,rit_chronic_wounds,chronic_wound_out_of_scope,chronic_wound,rit_g3057,0.727,14,yes
experiments/v2/rit/images/lower_limb_wounds_6c6548851477ca74.jpg,rit_chronic_wounds,chronic_wound_out_of_scope,chronic_wound,rit_g3058,0.704,17,yes
experiments/v2/rit/images/lower_limb_wounds_c2cdf4152731e44d.jpg,rit_chronic_wounds,chronic_wound_out_of_scope,chronic_wound,rit_g3059,0.650,17,yes
experiments/v2/rit/images/lower_limb_wounds_efdb9ff4e083833d.jpg,rit_chronic_wounds,chronic_wound_out_of_scope,chronic_wound,rit_g3060,0.703,15,yes
experiments/v2/rit/images/lower_limb_wounds_29e19fe60486b521.jpg,rit_chronic_wounds,chronic_wound_out_of_scope,chronic_wound,rit_g3061,0.726,12,yes
experiments/v2/rit/images/lower_limb_wounds_baaeb6889f54736c.jpg,rit_chronic_wounds,chronic_wound_out_of_scope,chronic_wound,rit_g3062,0.693,18,yes
