file,sha256,original_name,max_similarity_to_rit_val_test,min_hash_distance,in_pool
hn_feet_4e4c7eb627b602da.jpg,4e4c7eb627b602da9163c840f0b7d6bb99952be6a0225b2302973b5c8cb90036,Nomal/Female_normal-001.jpg,0.822,13,no
hn_feet_b92a0f1c27b38d60.jpg,b92a0f1c27b38d606270bf7e28bd6894bacf4ed7985937ab7ec6d11d11a6750c,Nomal/Female_normal-002.jpg,0.745,15,yes
hn_feet_7b8bb584719b1418.jpg,7b8bb584719b141839d14dc64759eb3484e1d556a935174665e077050c4cf752,Nomal/Female_normal-003.jpg,0.847,13,no
hn_feet_b31e2dc6bf3b5290.jpg,b31e2dc6bf3b5290de4448175dc47949ba62225171e670f0fdeb768264bc3107,Nomal/Female_normal-007.jpg,0.815,12,no
hn_feet_40b24527b0ad309e.jpg,40b24527b0ad309ea0fe826ddbf06b6890ed0b347018d855ef2eff6b58b5b641,Nomal/Female_normal-009.jpg,0.828,7,no
hn_feet_729eaef7ff6fadb0.jpg,729eaef7ff6fadb0612f95624b7f31528354eccfdc6854230348d710ffbb0ca3,Nomal/Female_normal-012.jpg,0.842,14,no
hn_feet_0e4595957aee7ef8.jpg,0e4595957aee7ef8ba231aacb05e7b1d089474ad2ea251372a2999c01c52666f,Nomal/Female_normal-014.jpg,0.776,14,no
hn_feet_85b9dad7daf26c6b.jpg,85b9dad7daf26c6bc2e55177d4a85a6341b5f93de7fbf84a5b06b26933c5c42a,Nomal/Female_normal-015.jpg,0.807,13,no
hn_feet_50f525990c604a62.jpg,50f525990c604a621b56ba9bef66947ddb4e3bc366fcd7c1f890dbc6378646b0,Nomal/Female_normal-017.jpg,0.834,11,no
hn_feet_597b60272eede0b9.jpg,597b60272eede0b9dbcc73bd9628887dda964afcbab1651f8694146fe134f442,Nomal/Female_normal-019.jpg,0.775,18,no
hn_feet_d8d6d53af55981a2.jpg,d8d6d53af55981a24a28618018036f431da6a3a646e49269ccda8c1e77082328,Nomal/Female_normal-023.jpg,0.750,13,no
hn_feet_5dc96b5f1b1a3c64.jpg,5dc96b5f1b1a3c644e5772734feccedb40236624d48b0308e9ca82deada2d37b,Nomal/Female_normal-025.jpg,0.810,14,no
hn_feet_2b845f57404406cc.jpg,2b845f57404406ccd8a51e563c7f285a133a1f59980569484435dae408e66087,Nomal/Female_normal-027.jpg,0.771,13,no
hn_feet_ec51ed4ef5af2546.jpg,ec51ed4ef5af254623c28bbce6d25a3f389eff6203c0275aa360145b588b04c7,Nomal/Female_normal-030.jpg,0.809,15,no
hn_feet_1e287f38af7d2569.jpg,1e287f38af7d2569339ababa4cbbb68ad60bceb4c95d51a61bb720b9051a3767,Nomal/Female_normal-033.jpg,0.844,15,no
hn_feet_2914aedec30eff16.jpg,2914aedec30eff16cfbabf97825042d95e9455ac235922c0b6b238d9b277933e,Nomal/Female_normal-035.jpg,0.795,13,no
hn_feet_b3df05e9a2e7a43b.jpg,b3df05e9a2e7a43b98413147ae0151cc9e065a662c759f0fc42121be8345dede,Nomal/Female_normal-036.jpg,0.838,12,no
hn_feet_2de059cddadbc195.jpg,2de059cddadbc19589e68d158c49626e527a5ccf0428714a291a1ebab1b932b0,Nomal/Female_normal-039.jpg,0.875,15,no
hn_feet_0806206e367135d1.jpg,0806206e367135d125f0994bbc119be6354dec126eb875960eb8311b76e9827a,Nomal/Female_normal-040.jpg,0.857,13,no
hn_feet_f9012793a1271fe7.jpg,f9012793a1271fe7d7897ca5f2f98ddc12240d73148194df4355d8c4be17f395,Nomal/Female_normal-041.jpg,0.855,13,no
hn_feet_7b6e27246dc9cee2.jpg,7b6e27246dc9cee20aa895725743d313ea047cf1dc9eaf7d1018a42a1f4ceebe,Nomal/Female_normal-043.jpg,0.856,11,no
hn_feet_f2eb913436e0454f.jpg,f2eb913436e0454fa9cd3ea82fb5a6166a082e7095921def8fbaf278519e2745,Nomal/Female_normal-045.jpg,0.797,14,no
hn_feet_b920fa606f2ade9e.jpg,b920fa606f2ade9e83de2d6e098ae10c6e2a5a0977a29241975d357fae5a796d,Nomal/Female_normal-047.jpg,0.946,5,no
hn_feet_bc754694af758a37.jpg,bc754694af758a37c38e14920d562e51d67a7569ed9d7b17bd8eb2cfe5ae23a1,Nomal/Female_normal-048.jpg,0.784,16,no
hn_feet_a7ed970be9f0b6a1.jpg,a7ed970be9f0b6a1a08eb1bdc688ab4de21371067079ba391f28a0ace2401195,Nomal/Female_normal-056.jpg,0.835,17,no
hn_feet_c39db598a7921175.jpg,c39db598a7921175c54fdd9b6c618c647e6f8f004092f08ca929d7ab6f9e8b90,Nomal/Female_normal-058.jpg,0.853,8,no
hn_feet_b0596d8f08a1ef24.jpg,b0596d8f08a1ef244a03497680f80efe6405bcd5ca8c02be3998897d2f12d22c,Nomal/Female_normal-060.jpg,0.846,17,no
hn_feet_c58d75163603e9c9.jpg,c58d75163603e9c9bd46cc36e5a0dcffe51f9a479191afcba7f6f09d88a10249,Nomal/Female_normal-061.jpg,0.872,13,no
hn_feet_a45eaf5de6ab7e11.jpg,a45eaf5de6ab7e11fcdda6e747bed33299836cc27ec093ea39d10c15fadf8b87,Nomal/Female_normal-066.jpg,0.675,11,yes
hn_feet_10a3f45e79730dc5.jpg,10a3f45e79730dc57dfb6387027f4bccb16e0e434ac6daabc47c61fcea91e8e8,Nomal/Female_normal-069.jpg,0.747,13,yes
hn_feet_ed73b677cc311d04.jpg,ed73b677cc311d04d7883340ef8f86499f028007153109d7ef8c06d734b96b79,Nomal/Female_normal-071.jpg,0.897,12,no
hn_feet_dbdc824f2122bdd0.jpg,dbdc824f2122bdd07316d060683a66c550f1ec57075c5e0cf988543cb16bca3f,Nomal/Female_normal-072.jpg,0.875,13,no
hn_feet_ef3fa1ee21ed88bf.jpg,ef3fa1ee21ed88bf7e6d714de4d96f5b6f37f0cc9042b3e8c030b762888d8104,Nomal/Female_normal-075.jpg,0.843,16,no
hn_feet_831a2a109e136077.jpg,831a2a109e136077b98cab5fce6fd80847f201a663abb46525ecfe15bc70f592,Nomal/Female_normal-076.jpg,0.807,9,no
hn_feet_d68c2b91ab5ddd9a.jpg,d68c2b91ab5ddd9aa8e93dd5f24c62949a704b77a865e5917aa4240dfb3a9025,Nomal/Female_normal-080.jpg,0.805,13,no
hn_feet_351af7316fd469b7.jpg,351af7316fd469b74d97c1cb503acd038af216559fb4d322d97495c1750cf6e8,Nomal/Female_normal-081.jpg,0.760,15,no
hn_feet_bc37df477d0ed26d.jpg,bc37df477d0ed26db89650b7d9b87023d269c83aa35c7da2f634a37cca951398,Nomal/Female_normal-085.jpg,0.819,17,no
hn_feet_566b6ea6790d62d8.jpg,566b6ea6790d62d87075b834c4a4a5272b5c30124efcc24dbda04dae511c180c,Nomal/Female_normal-086.jpg,0.880,12,no
hn_feet_4ab5cbeda8f0dd84.jpg,4ab5cbeda8f0dd84b5049039c2b9ddf4de159386522a2f87f3e6d0f781916953,Nomal/Female_normal-087.jpg,0.824,14,no
hn_feet_8ef40684121934d3.jpg,8ef40684121934d378854add86665d1a9118e155c1fa7e60c8643a1bd371ac81,Nomal/Female_normal-089.jpg,0.872,15,no
hn_feet_c79054997357c8e1.jpg,c79054997357c8e1b229b3d9f5410066cb56ad7c1921eddff2ffa7b32934ec23,Nomal/Female_normal-096.jpg,0.838,16,no
hn_feet_dbf4bf3205f8bb1e.jpg,dbf4bf3205f8bb1eb19846a9a8710865a24fcc1980d8ac2404fc07730895e539,Nomal/Female_normal-097.jpg,0.865,14,no
hn_feet_cfbfb358e3c7e018.jpg,cfbfb358e3c7e018a6dab3d856443a7bf1f94f099c549350ae486e2adb3077da,Nomal/Female_normal-101.jpg,0.861,9,no
hn_feet_acfbed1e09b86e73.jpg,acfbed1e09b86e7327975511b2dea0fad668dca71395d054849058584a14a036,Nomal/Female_normal-102.jpg,0.834,14,no
hn_feet_74c0394fb33faf5a.jpg,74c0394fb33faf5aa63479b88611cd1ae042daf84a728cc37e304490fdcb0ea8,Nomal/Female_normal-103.jpg,0.824,12,no
hn_feet_ca2e96fde0ba8efa.jpg,ca2e96fde0ba8efa3f907aaeff4a5db55ea124bc0f8758800fcb25029af5a036,Nomal/Female_normal-107.jpg,0.829,11,no
hn_feet_42ed8d39a28b1ab5.jpg,42ed8d39a28b1ab54dab56a9383d17463b4aa580e02a2f34f8a7fabc0dfe2df0,Nomal/Female_normal-109.jpg,0.800,15,no
hn_feet_d23c507e7ff53887.jpg,d23c507e7ff53887938764ad1865a85abfaba15b2b1f9f1527d2840ecb46a187,Nomal/Female_normal-111.jpg,0.837,15,no
hn_feet_697a93e36e347b7b.jpg,697a93e36e347b7b71f0ec305d04a9e553e54713c04989ed27c73fc02bce1183,Nomal/Female_normal-112.jpg,0.850,13,no
hn_feet_cf2ca0708b8d698a.jpg,cf2ca0708b8d698a1b27b507038909c61831eaff81ac9dc71a128546c7cbf76c,Nomal/Female_normal-114.jpg,0.884,13,no
hn_feet_98d1b787323f6fe0.jpg,98d1b787323f6fe0f3e8c8802c0311b1924c1de34d3557a794ba72eb52a2f878,Nomal/Female_normal-119.jpg,0.843,11,no
hn_feet_d940a8ea9d00e490.jpg,d940a8ea9d00e49020fcb8c9921797cce48b32ee715c34e14f359b9f0a347af9,Nomal/Female_normal-122.jpg,0.898,14,no
hn_feet_7a18aed568a61f53.jpg,7a18aed568a61f53c1df822478a49fad940a6138744f140a6b7f37560d19a87d,Nomal/Female_normal-123.jpg,0.865,14,no
hn_feet_dac45f022e6a8bd2.jpg,dac45f022e6a8bd2d3ddd377dda95a3af595b88148b6809ef3126a36463e7f1a,Nomal/Female_normal-126.jpg,0.873,17,no
hn_feet_a3e618cc41375f45.jpg,a3e618cc41375f453711dfa400baef91dcba711c1db5c6829b59a320bf4eac2f,Nomal/Female_normal-128.jpg,0.840,14,no
hn_feet_ed03b08f505aaa30.jpg,ed03b08f505aaa302b483c68be0f02f7194fb82d5a4bd75f5d2e1cbb89eeae62,Nomal/Female_normal-129.jpg,0.882,6,no
hn_feet_c84c4ce3e9bfec01.jpg,c84c4ce3e9bfec0138e5c1f4ff7497fa587779b5fdb79c69fdd80bac30dc462b,Nomal/Female_normal-131.jpg,0.881,11,no
hn_feet_30950d38d5bc1721.jpg,30950d38d5bc172108c474e7df67655a609e1a5e9249198a5d36020b9a21fcbe,Nomal/Female_normal-132.jpg,0.872,14,no
hn_feet_5882cca66e3b5832.jpg,5882cca66e3b5832f5a79d75b2cd13ceb979d2a1fac820f1f5dd51caa62e2d80,Nomal/Female_normal-133.jpg,0.883,13,no
hn_feet_f9596528d2956bdb.jpg,f9596528d2956bdbf595f43c171f4751838aa1224b4505e1b338cdcc659fb0fd,Nomal/Female_normal-134.jpg,0.821,11,no
hn_feet_0db4954ba28dedd1.jpg,0db4954ba28dedd131caa08161b7fe6b47eb668a9f9f3a582777247c40b7faab,Nomal/Female_normal-141.jpg,0.826,13,no
hn_feet_b9a5f852c6613b13.jpg,b9a5f852c6613b138821008a8ecc9ca1da5f330a3c5bd583a360b3397ff7ab83,Nomal/Female_normal-145.jpg,0.865,9,no
hn_feet_9ae6502008116352.jpg,9ae650200811635211ca29125b2d5ca98795e85542492654e776fc92263e48c9,Nomal/Female_normal-148.jpg,0.864,12,no
hn_feet_072b857f5a10246e.jpg,072b857f5a10246ed8801fb4e20c12e31c2fd2e9a8a753c4f380a0e8ad9022c4,Nomal/Female_normal-154.jpg,0.872,8,no
hn_feet_8daed28ed80a75e6.jpg,8daed28ed80a75e6f85e266f1590a8047f0b0c567a1c5a24f1651cc70d91f714,Nomal/Female_normal-156.jpg,0.887,12,no
hn_feet_88a05e3b23fa1d04.jpg,88a05e3b23fa1d0465a1341e6639e365c85d0510cfb0b97e3affccbb650cb794,Nomal/Female_normal-157.jpg,0.845,9,no
hn_feet_d2ed763f2d8f868e.jpg,d2ed763f2d8f868e07001a828cecd60943095fe7b64a1755d90249c67cd9f206,Nomal/Female_normal-159.jpg,0.842,16,no
hn_feet_65870d77312ac3f9.jpg,65870d77312ac3f9287063b913c4f0a22e7efc923643645a7ed4dca27b7c447d,Nomal/Female_normal-163.jpg,0.855,16,no
hn_feet_576f711521cb31d1.jpg,576f711521cb31d1a14ea29c36758d07ddc0f29e2d22c68e60750f132f3ac2ed,Nomal/Female_normal-164.jpg,0.906,11,no
hn_feet_b67517136997aa0b.jpg,b67517136997aa0bbef4d73c7b2df5e34020e96da80bf95f64283f751c171c00,Nomal/Female_normal-165.jpg,0.853,12,no
hn_feet_09cc5ca087ce0f6f.jpg,09cc5ca087ce0f6fbdc8b5ec5e8a9ad33ac3b83044ed108c156594b1c6a4b507,Nomal/Female_normal-170.jpg,0.874,8,no
hn_feet_f9c4e88ebd726219.jpg,f9c4e88ebd7262190836598d1c20d74124ea4f940a7072d64b5dd435f057afb7,Nomal/Female_normal-172.jpg,0.904,12,no
hn_feet_63f43362908f8869.jpg,63f43362908f88694bc080e4f383fdc1c92a8c7df6f97d87c72f69086aeea238,Nomal/Female_normal-173.jpg,0.841,11,no
hn_feet_502f3e11112e675c.jpg,502f3e11112e675c880d7658153077652288f38694b32c705dd20a8e46fa3334,Nomal/Female_normal-175.jpg,0.884,12,no
hn_feet_1600fb9db7ebb478.jpg,1600fb9db7ebb478e73168d23a9087f51a61df8026391035c4c8b20a4d505873,Nomal/Female_normal-177.jpg,0.861,12,no
hn_feet_26db97d69e0dd522.jpg,26db97d69e0dd522014f6603c4435b00fcc999baf7103c1ddbc58cc875e1f987,Nomal/Female_normal-178.jpg,0.875,8,no
hn_feet_d12dbf63e5120185.jpg,d12dbf63e5120185620dcddfa388f3216a34f720a438ba9b4c5748eaa7fc9a78,Nomal/Female_normal-181.jpg,0.971,8,no
hn_feet_d48f89d2db3c0575.jpg,d48f89d2db3c057556c9f15af54a3e8428235a80df2bedbd3fe1bf2a4484dffb,Nomal/Female_normal-182.jpg,0.878,12,no
hn_feet_72bccfa852adacc0.jpg,72bccfa852adacc0db858b9c8d983d3805f07cf44831cfade5663fe73e079a45,Nomal/Female_normal-187.jpg,0.894,8,no
hn_feet_2b4849bc173074b6.jpg,2b4849bc173074b699f73a615f7dcccb020c30b9efa9417b9126acdca24c6abe,Nomal/Female_normal-188.jpg,0.866,15,no
hn_feet_b3e7df3ca004e17d.jpg,b3e7df3ca004e17d298334a7917658a8872be6905ee48d999630696f541c94e3,Nomal/Female_normal-190.jpg,0.846,15,no
hn_feet_4c4d0eded81cc1ad.jpg,4c4d0eded81cc1ad4743ef13b43e86bf86add8346d7858f965e4704a3d5d5466,Nomal/Female_normal-193.jpg,0.891,8,no
hn_feet_21c335e899f2bc8f.jpg,21c335e899f2bc8fe9d1782735d927fa0eddb84f59e85611b3844ab6bb5730f7,Nomal/Female_normal-194.jpg,0.871,10,no
hn_feet_ebfc5eb7208567a5.jpg,ebfc5eb7208567a52c8b218c45f31bff320dee9b1a86883217a3d2928db03d05,Nomal/Female_normal-206.jpg,0.857,12,no
hn_feet_1ba5678f8f70fef3.jpg,1ba5678f8f70fef39337c9f6f7c5b615e329c6574e907d203ab8b9fb43fea8ae,Nomal/Female_normal-208.jpg,0.906,13,no
hn_feet_08412b843ce78dd6.jpg,08412b843ce78dd65c8b340feb8b696186d0543579b614e52ea612dcc6e17eb9,Nomal/Female_normal-209.jpg,0.918,8,no
hn_feet_d9f3b83111db0ebf.jpg,d9f3b83111db0ebf0d789adba265996d2ed8b5981e9b3e18dc686f44f46dc063,Nomal/Female_normal-214.jpg,0.840,14,no
hn_feet_1db0729afa4cd90c.jpg,1db0729afa4cd90c1822e0271a5920bb2f4510e9916c5ca285c4227a0ad7c1f6,Nomal/Female_normal-216.jpg,0.860,13,no
hn_feet_e8a7bd037a88804e.jpg,e8a7bd037a88804e2c7c6719700c676c2e2338e70963138c42d6dacf54682abd,Nomal/Female_normal-218.jpg,0.846,18,no
hn_feet_e90d821b1ca6ae04.jpg,e90d821b1ca6ae040402278028fb616d06d9aaa2442ef26c82e918023b08d668,Nomal/Female_normal-220.jpg,0.875,10,no
hn_feet_68a57efaf77a3b61.jpg,68a57efaf77a3b61073c3a3bd8bf92c8d3be68dbadfcbe44df4cd7806b435ce9,Nomal/Female_normal-222.jpg,0.867,14,no
hn_feet_fe9c3dac248bf8d4.jpg,fe9c3dac248bf8d4fdb1d72360a53e152fb8d06da275b60b4ca163218116e300,Nomal/Female_normal-225.jpg,0.872,8,no
hn_feet_79d158693f39b2f5.jpg,79d158693f39b2f5f7227c392481a7328777016084578a581ea67d4d61c402b2,Nomal/Female_normal-230.jpg,0.814,8,no
hn_feet_43d1bdc31aa0c860.jpg,43d1bdc31aa0c86005015b3e3e0280c8cfd19e3fe5d2341543be41d036056524,Nomal/Female_normal-233.jpg,0.887,9,no
hn_feet_c1629b22978a8aff.jpg,c1629b22978a8aff399fa133072df743e300a3ae1f1fb27f8d6e17be55ac8330,Nomal/Female_normal-234.jpg,0.841,10,no
hn_feet_a5f46cbc7c6b0ee5.jpg,a5f46cbc7c6b0ee5b5646ea48cfc12058e355ae61bd2908c5c3c5e01a4a0526e,Nomal/Female_normal-235.jpg,0.839,10,no
hn_feet_eae2321d4c8a32fb.jpg,eae2321d4c8a32fba5195855e32055c6c6c4734e93fb49a7e3ad5a66565f4f1b,Nomal/Female_normal-238.jpg,0.849,15,no
hn_feet_b88408b369e8319c.jpg,b88408b369e8319cca886e9813e95d6b8b3c3cf9bc98f71312a8faec98372137,Nomal/Female_normal-240.jpg,0.883,15,no
hn_feet_c5579a1186a31bbb.jpg,c5579a1186a31bbb47e99414734b16d9efb7835194cf73e3bda147f2d5fb042d,Nomal/Female_normal-241.jpg,0.860,11,no
hn_feet_ecbcd8011e1bcf48.jpg,ecbcd8011e1bcf48585d78c7f1cc93d1b779433b6244547b26a3516c34368243,Nomal/Female_normal-242.jpg,0.857,12,no
hn_feet_1d9958a8e9709577.jpg,1d9958a8e97095779e9908ee1d7345f7adb866fac987850402063145a761ea05,Nomal/Female_normal-243.jpg,0.879,10,no
hn_feet_ec50cf51e17c070e.jpg,ec50cf51e17c070eefc1f2515ebd171797d6e9820527732e04294d4a1b186d4b,Nomal/Female_normal-246.jpg,0.848,13,no
hn_feet_4bc4a2c10283c8f4.jpg,4bc4a2c10283c8f44ec9d9c0087f011c23df2e86458155d834de71459f2ccbe0,Nomal/Female_normal-248.jpg,0.901,12,no
hn_feet_7708650c2ddcaf9a.jpg,7708650c2ddcaf9a07790932726617225c8da2b1d359b1f7e8f43a329f475b8e,Nomal/Female_normal-249.jpg,0.879,8,no
hn_feet_387c66cce6b76522.jpg,387c66cce6b76522be8a411063790f6ab7a6a7eb383dc608a341ea7b348a8518,Nomal/Female_normal-250.jpg,0.845,12,no
hn_feet_e03be46693ba8d92.jpg,e03be46693ba8d92a1447298fbb967c4d8ec367584311b21cfe5c8c226d3a7c5,Nomal/Female_normal-251.jpg,0.877,11,no
hn_feet_d6e79743ecd8a158.jpg,d6e79743ecd8a1584bf3205ad063ed9a594c3e673b03fdc51ba5e1d9123b0e73,Nomal/Female_normal-256.jpg,0.866,14,no
hn_feet_5d00142cd8ec96aa.jpg,5d00142cd8ec96aa75d8ea7320d95bb047760a7c0387bcbf2d657c912ef77e50,Nomal/Female_normal-258.jpg,0.962,10,no
hn_feet_17eb011262245328.jpg,17eb011262245328a193ae48c35ea29eb6feb2dc09768af5e685a8514e610d18,Nomal/Female_normal-260.jpg,0.866,9,no
hn_feet_7349d275ea5130b4.jpg,7349d275ea5130b49e16ae17114a9d55fa7a012f06317ad5be86fb37b2ae967a,Nomal/Female_normal-261.jpg,0.857,14,no
hn_feet_0d3a188a0d9ae6b6.jpg,0d3a188a0d9ae6b6d1856aead9580d50bdb1f3304c001b52da0c00c89558ace7,Nomal/Female_normal-263.jpg,0.846,8,no
hn_feet_9dd81a824e40cee5.jpg,9dd81a824e40cee54b9f923dc1162189dc30efc46cf377d3d0f930b29e6dfffa,Nomal/Female_normal-264.jpg,0.873,12,no
hn_feet_675cbb2d6a83d36d.jpg,675cbb2d6a83d36da13d2b0455ecd71c1269e64357b375065c697e05a2b0e1b6,Nomal/Female_normal-266.jpg,0.838,14,no
hn_feet_68bd7c7d96c2c58b.jpg,68bd7c7d96c2c58b874e587092fcced55421804b992befbfac1ac5b9e234172e,Nomal/Female_normal-267.jpg,0.854,14,no
hn_feet_9fdcd6e50f0faaff.jpg,9fdcd6e50f0faaff9b1249d05c87cf9546098ba3a608c35d6542df83de235ed5,Nomal/Female_normal-269.jpg,0.877,12,no
hn_feet_88edd5370d98e170.jpg,88edd5370d98e170015593d0865244e728bab28152e95a596238974b2af2ba95,Nomal/Female_normal-272.jpg,0.867,15,no
hn_feet_c5cc73e7e4f9e2c2.jpg,c5cc73e7e4f9e2c2bb0b51a3a376a3bf9279083717b4d24535553c28f7111e4c,Nomal/Female_normal-277.jpg,0.856,13,no
hn_feet_52c7ae0837f957e6.jpg,52c7ae0837f957e6d665b90cb3c9221e173ba4b659f0936c9077b22c8153e4a5,Nomal/Female_normal-279.jpg,0.854,11,no
hn_feet_84270d5f376abaf8.jpg,84270d5f376abaf83ed69724f4b5da7d605d09501fd47de7aef60df8cf391d58,Nomal/Female_normal-281.jpg,0.855,11,no
hn_feet_84a6af51a574e4c7.jpg,84a6af51a574e4c7f6e090845cebe542a5dffc25283e6f119c9a3149e287fbdc,Nomal/Female_normal-282.jpg,0.888,15,no
hn_feet_cf082ad0db051df0.jpg,cf082ad0db051df071dec4e9d2afc702e3ff7a09246ef9f1bcc4d8117c726308,Nomal/Female_normal-284.jpg,0.868,12,no
hn_feet_2363fde982d05beb.jpg,2363fde982d05beb4d9903cb33a8f1b6784468eec8ac0395a2ef57dd37348e78,Nomal/Female_normal-285.jpg,0.857,13,no
hn_feet_361ec6d70539f8df.jpg,361ec6d70539f8df07c3a96a2b613d9b7a278483948fd76487b3b9c9398009dd,Nomal/Female_normal-287.jpg,0.849,11,no
hn_feet_67eb811597a53c51.jpg,67eb811597a53c5158d78e47b620639805a66be36e204277e4c74ce49fa10f98,Nomal/Female_normal-291.jpg,0.912,14,no
hn_feet_9e2e5426c6916b48.jpg,9e2e5426c6916b4866b5c0d57428a4bed71d87726b7b618e3db9b47405badcab,Nomal/Female_normal-292.jpg,0.842,10,no
hn_feet_5f5f93bd63120e8c.jpg,5f5f93bd63120e8ca554cedc1c53f2c31037d1575f3e5d95d6ed2d0325f0a1b0,Nomal/Female_normal-293.jpg,0.851,12,no
hn_feet_916a6fc668ee0614.jpg,916a6fc668ee0614866b5ff9671d6259097e99e187a7fbd1f4bfd8ea10a79ee9,Nomal/Female_normal-296.jpg,0.862,13,no
hn_feet_260e3982271562a6.jpg,260e3982271562a644e7cbdb7fbcac912d0d5d124b2276a144d0f7400f4f2f20,Nomal/Female_normal-297.jpg,0.856,12,no
hn_feet_2c17245e0c08ae16.jpg,2c17245e0c08ae16ad271ca6319c83eefeb646a18e14d58c8b1fd62fd410b4c0,Nomal/Female_normal-298.jpg,0.861,13,no
hn_feet_f5be379c0a239119.jpg,f5be379c0a2391192a92f35600a2469da18661f7c9dd1e4bcc6c502b60fcfc42,Nomal/Female_normal-299.jpg,0.839,15,no
hn_feet_9f1f8efc93763dc1.jpg,9f1f8efc93763dc12e7843e21db59f11aebb421a9777550be824b0e6df45a4d9,Nomal/Female_normal-300.jpg,0.835,11,no
hn_feet_eaaf56e6ffa78e21.jpg,eaaf56e6ffa78e21a9fb122c41331d720854e63ebd383dd9d3ffb7d5b8d3bd85,Nomal/Female_normal-301.jpg,0.822,15,no
hn_feet_8048a73ce2697615.jpg,8048a73ce2697615df0f2be3341810dc3cfbc725ed5f91a8e24b37b9f7d93e1a,Nomal/Female_normal-308.jpg,0.847,14,no
hn_feet_c951db29c170977c.jpg,c951db29c170977c8ca3cf507a65af4b4bbbb35aa6fd243f15b2fe8fc981e22d,Nomal/Female_normal-309.jpg,0.869,11,no
hn_feet_12b8d3e472a72a1e.jpg,12b8d3e472a72a1e72579ae6d5b63a06cb58ba1bedb77ec1f3d270bbb3bbb86a,Nomal/Female_normal-310.jpg,0.856,12,no
hn_feet_38ed457bf53abbc6.jpg,38ed457bf53abbc6b8eb95f3c2b756bab3dcb0e16ad6015631601eb96ac31d20,Nomal/Female_normal-314.jpg,0.853,8,no
hn_feet_3c3b09a06dc04b1b.jpg,3c3b09a06dc04b1b21f9ecfa8f9e70dcd7d817a478a1826bf704636226d325c2,Nomal/Female_normal-315.jpg,0.831,15,no
hn_feet_55509714a689953f.jpg,55509714a689953f63051172276b98a94bdc34b3401e0c0509fc042aba5e1b50,Nomal/Female_normal-318.jpg,0.873,13,no
hn_feet_95e142f9768a73bb.jpg,95e142f9768a73bbdc88bc8b7b20c84a068d0d7fa8c715e25140cac48df0600e,Nomal/Female_normal-322.jpg,0.852,12,no
hn_feet_782c3b92032bf933.jpg,782c3b92032bf9338df6d21e218b2fcfc78cb79e4bcacaa29364ebb400d180b3,Nomal/Female_normal-323.jpg,0.872,13,no
hn_feet_9868bda507e2a7b4.jpg,9868bda507e2a7b453365249b84e3ad564614732a9d76c75021dd5665afef16c,Nomal/Female_normal-327.jpg,0.896,14,no
hn_feet_851f48f5640be3e1.jpg,851f48f5640be3e1db48de0bca567af3d67116650cfcef7560d38fc7459360b3,Nomal/Female_normal-329.jpg,0.858,12,no
hn_feet_754e5f30ec301177.jpg,754e5f30ec30117779fd46f62d648f1c6485199289af478045a821f7f67706c7,Nomal/Female_normal-331.jpg,0.678,11,yes
hn_feet_3800da5f8e5cb95a.jpg,3800da5f8e5cb95a6540612857ba663f280c8c36b8ccc422a4a3f1d04c7615d5,Nomal/Female_normal-336.jpg,0.887,12,no
hn_feet_5ae9a7ed45f9811c.jpg,5ae9a7ed45f9811cb9e1b2806624d7e3a602614ccb8238c9516bdfb1f28a938a,Nomal/Female_normal-344.jpg,0.877,9,no
hn_feet_0e529ddf3a7845c7.jpg,0e529ddf3a7845c7f55fd390e7c58355a881b1272b73992bbcfe726f058cbaf5,Nomal/Female_normal-347.jpg,0.809,11,no
hn_feet_7d1130825683160f.jpg,7d1130825683160fcdeb68d05058336f9a07e77c6a22ecfa008289786a1c972b,Nomal/Female_normal-348.jpg,0.836,15,no
hn_feet_bd8a9331cb6073c5.jpg,bd8a9331cb6073c5641c7b99efb631221a61aafe65ace23fc7754f78371f1c6c,Nomal/Female_normal-351.jpg,0.863,11,no
hn_feet_924836e00a6285da.jpg,924836e00a6285da9f8060601a8eea5f19055a40eba5d7e94b3c300d2bff4859,Nomal/Female_normal-354.jpg,0.854,10,no
hn_feet_a1b4d81f89759cfc.jpg,a1b4d81f89759cfc1416467ef1ed8187207e2637d820cd8fabf356afaa4f4de0,Nomal/Female_normal-357.jpg,0.859,13,no
hn_feet_b401d14ac6ae6294.jpg,b401d14ac6ae6294cb29543448705d351b522580cc033d8839802c3b42d4ffce,Nomal/Female_normal-359.jpg,0.861,15,no
hn_feet_da8c31564eb003a0.jpg,da8c31564eb003a0a1d63763eb90bfb77151334c8126562ff50eeae25f96c720,Nomal/Female_normal-367.jpg,0.869,17,no
hn_feet_6761e0819e2c239f.jpg,6761e0819e2c239ff56c91ed97be29ad51929eda848d3ee95f6f87ebde0ec1c9,Nomal/Female_normal-368.jpg,0.846,15,no
hn_feet_539fa70588fe8bfb.jpg,539fa70588fe8bfbbb024a6eb32cf420ca9333681804fc851ef88e4d6225565f,Nomal/Female_normal-370.jpg,0.896,9,no
hn_feet_26ddfa6a98531e4b.jpg,26ddfa6a98531e4b113a48a698ff5a5ebbbdcbbb092f59d1e3a46380ba07b00f,Nomal/Female_normal-371.jpg,0.878,11,no
hn_feet_4f657cb0566a024a.jpg,4f657cb0566a024a1989ae2508bcb451eae315fb3413ec0e1c45d8f58a1b528f,Nomal/Female_normal-372.jpg,0.835,15,no
hn_feet_ea4d82c433a58d22.jpg,ea4d82c433a58d225e54b6d99627f23e8a97b654a00918bd31efec792b35dbef,Nomal/Female_normal-373.jpg,0.816,9,no
hn_feet_5152341eb4d472ec.jpg,5152341eb4d472ec6dc3b92fe778e7272b2ff621c416534f74806bbef17a7246,Nomal/Female_normal-379.jpg,0.801,10,no
hn_feet_3655ae4cf6b48a40.jpg,3655ae4cf6b48a40e66eae699a3e7d0ff15bdd5ec34b946f856cc699d039ba81,Nomal/Female_normal-380.jpg,0.839,15,no
hn_feet_6051ef4488e799d4.jpg,6051ef4488e799d4859489b4f5d3a0e192a025b6c6f01f2792aa802e356033f4,Nomal/Female_normal-383.jpg,0.875,8,no
hn_feet_88abf2aaee9aff3a.jpg,88abf2aaee9aff3a03a10a71eb60a023613d5ba7d5e7a8005793455d15a7bbf4,Nomal/Female_normal-384.jpg,0.865,12,no
hn_feet_9a83478e182f942f.jpg,9a83478e182f942f0d301976b429a5183025d7b0036e360a5367f3d20b774218,Nomal/Female_normal-387.jpg,0.934,12,no
hn_feet_f00bdae4379385be.jpg,f00bdae4379385be786c05c9ba82d90bcdaf096fa5f4d93b379f04aba8328778,Nomal/Female_normal-391.jpg,0.856,8,no
hn_feet_bf6ce11ef3283722.jpg,bf6ce11ef32837223efd2d52a1c5843ed8fe9c638e3cec9ae3e2b4f90aa0ff55,Nomal/Female_normal-392.jpg,0.851,6,no
hn_feet_e348fda9b04cf2a8.jpg,e348fda9b04cf2a8b7071770630b6d87ad76d268a340b018f7c4f67cd8784445,Nomal/Female_normal-393.jpg,0.847,10,no
hn_feet_c9b4ecc68f9bbcf1.jpg,c9b4ecc68f9bbcf1701c861566371c0a3e10e1b0941c389014538225e4520f3d,Nomal/Female_normal-394.jpg,0.860,13,no
hn_feet_d0ca3879938e895d.jpg,d0ca3879938e895d9cc545a0a8b69e42ef7ca875cbf36eee01814d498a8abbe0,Nomal/Female_normal-395.jpg,0.838,15,no
hn_feet_208c138d33db52aa.jpg,208c138d33db52aafa416645d3b602deace059fffcb85b6c7314a8520da96d76,Nomal/Female_normal-396.jpg,0.841,10,no
hn_feet_164ba5e37bd16d34.jpg,164ba5e37bd16d34236cc08fa3f28ed372525c7b351c3289fcca77f682c153c7,Nomal/Female_normal-397.jpg,0.885,10,no
hn_feet_131d03c108fe9561.jpg,131d03c108fe95613da05129b405cdc44df6eabf828f974e7b2445ce1651f5ac,Nomal/Female_normal-398.jpg,0.858,10,no
hn_feet_138d2d8cadeb49ce.jpg,138d2d8cadeb49cee2588a4252b284ce96a792a4cbac4758598b9f14c10e25b7,Nomal/Female_normal-399.jpg,0.837,16,no
hn_feet_b87f6f7c166ce83e.jpg,b87f6f7c166ce83e841401fca333a31ffd97539adbd25d17352356c30254ff4f,Nomal/Female_normal-401.jpg,0.889,8,no
hn_feet_284c9fc6063d4629.jpg,284c9fc6063d46294fe76eb591aca31d5ac331b2dcb4d4d54e830fd408969700,Nomal/Female_normal-402.jpg,0.854,13,no
hn_feet_dc0b5d5ff23e1eac.jpg,dc0b5d5ff23e1eaca5967f869069e89b1e3265af3ffd15bfe83541b68abec84f,Nomal/Female_normal-403.jpg,0.836,15,no
hn_feet_ef8d1d079ad02c89.jpg,ef8d1d079ad02c89cce772e0637113ad47ab21e15570d4f1f7350a742ae91f09,Nomal/Female_normal-404.jpg,0.883,10,no
hn_feet_b141d910adc77b98.jpg,b141d910adc77b98a5c44ea05905acc248c22e40da5b6b54218f820cd45d6d12,Nomal/Female_normal-406.jpg,0.857,8,no
hn_feet_780f3721c7228a7b.jpg,780f3721c7228a7b61a7c1039cd5476092ebc229e4fdaec9555b0ad9b1553faf,Nomal/Female_normal-407.jpg,0.899,17,no
hn_feet_a2f82d25706f0e54.jpg,a2f82d25706f0e5475cb9e7f2d53269108adca68f51ce017d0f36b8fffdb99a9,Nomal/Female_normal-410.jpg,0.752,10,no
hn_feet_38da9da1c1f822f0.jpg,38da9da1c1f822f09576c545f82f94f9a9069d6f26691bde42f9a25af54d7c5e,Nomal/Female_normal-413.jpg,0.851,11,no
hn_feet_8ea94ba7f3ab9bfc.jpg,8ea94ba7f3ab9bfc167fc2a9958b727a458d46ec6e359de7c2650f3ee528c4a0,Nomal/Female_normal-414.jpg,0.858,15,no
hn_feet_64c61a15f8e7733b.jpg,64c61a15f8e7733b939adc19d9611b0e40addfa9ef558b31ec4744802cb2ecc0,Nomal/Female_normal-417.jpg,0.971,12,no
hn_feet_680dce5dd0d9eeac.jpg,680dce5dd0d9eeaced40c2dc0364485ad11d78d26612ac5902f691615139d026,Nomal/Female_normal-419.jpg,0.788,14,no
hn_feet_fe22748705df7cff.jpg,fe22748705df7cff89deddc73f625165eb0d2e5e16b8a8ae34466a08b90bd10d,Nomal/Female_normal-420.jpg,0.786,14,no
hn_feet_68cba3df0d271767.jpg,68cba3df0d27176761d1e6f57759aa10cbbfa8153434e5b173abed8bd1196f92,Nomal/Female_normal-422.jpg,0.928,2,no
hn_feet_b8230c19f7793324.jpg,b8230c19f7793324f990742573cd4d5acddb0f2616cbbcab517ec7d0fce90e27,Nomal/Female_normal-425.jpg,0.926,9,no
hn_feet_78a13e2f6c741ca8.jpg,78a13e2f6c741ca87a239494f45bd9a236724216ca68b25fb41b0c14c27afe84,Nomal/Female_normal-432.jpg,0.944,9,no
hn_feet_c3f6c2d3f480469a.jpg,c3f6c2d3f480469a2e170f9f6a77550049a1aa7f5f197db3872d7aef6e1ec977,Nomal/Female_normal-436.jpg,0.878,15,no
hn_feet_6c5a0972087cb43f.jpg,6c5a0972087cb43ffab6125e68fdb7ca77cf6f847db5139db6843898d7daac69,Nomal/Female_normal-437.jpg,0.853,16,no
hn_feet_ae52433ded4750d4.jpg,ae52433ded4750d46901d7ced6a37f5fa4cb13c21a6b06eafcf26efa4302d76a,Nomal/Female_normal-438.jpg,0.824,10,no
hn_feet_c15bc79fa9681901.jpg,c15bc79fa9681901e5c4e01e84012af311c32a47cab08f1d8d9e678901611a63,Nomal/Female_normal-439.jpg,0.868,10,no
hn_feet_e6830e327f04ba16.jpg,e6830e327f04ba168f611c440a474b7d3a676f5ca372aadf2a3bd86c6c93f276,Nomal/Female_normal-443.jpg,0.953,5,no
hn_feet_e90fde9ae11d232d.jpg,e90fde9ae11d232dcd07b84f821205449839dc5ce36e5cae584673f2429a70b0,Nomal/Female_normal-445.jpg,0.877,15,no
hn_feet_ac9d40a86dc2d395.jpg,ac9d40a86dc2d395d4efd5d57ceeee9aae71e99b8276f8ac90bbf44b93b43f9e,Nomal/Female_normal-447.jpg,0.842,15,no
hn_feet_d854f626c60618b7.jpg,d854f626c60618b7b77a41485bcd1dfaf45b2c005ba196a2b0ed2cec0f60a40d,Nomal/Female_normal-448.jpg,0.855,11,no
hn_feet_81593c3812cb018e.jpg,81593c3812cb018e0f8c5ebd10d11055746505bba6c8c8d3648041ae172d0b57,Nomal/Female_normal-450.jpg,0.856,12,no
hn_feet_7ff603c4ef304a65.jpg,7ff603c4ef304a6552a299fdff49fcb04cd6b5037c2cac33ac5158c1b429b681,Nomal/Female_normal-451.jpg,0.842,11,no
hn_feet_1913d3629fb0667f.jpg,1913d3629fb0667f38ad91bbf926d99f583fec6b560ad2859eeb368c84957196,Nomal/Female_normal-452.jpg,0.847,10,no
hn_feet_1b8553a8a42155a1.jpg,1b8553a8a42155a12bf6be665bb33ddf946bbc6913294a49c1e651e7baaa813a,Nomal/Female_normal-453.jpg,0.895,8,no
hn_feet_a1c0582868a27129.jpg,a1c0582868a27129d441fd7a41e5392b6a839d74dd5372838da5fa3be3cb6e76,Nomal/Female_normal-456.jpg,0.841,10,no
hn_feet_acf244ca02fa8337.jpg,acf244ca02fa8337ba79412050a60e607b35867ed7c918778a4c5c0e313ca307,Nomal/Female_normal-457.jpg,0.872,13,no
hn_feet_165bba18df3e688f.jpg,165bba18df3e688f604d8e98a9c94fc7c14efae3a958d617acd7e15bd41906d5,Nomal/Female_normal-459.jpg,0.854,8,no
hn_feet_6ae74bc5ec0a4ec1.jpg,6ae74bc5ec0a4ec1e0039552cfe1ec00fd6e378cebea1514bf7d9a5327a66c67,Nomal/Female_normal-460.jpg,0.858,15,no
hn_feet_87dde2e01e1877c3.jpg,87dde2e01e1877c3c14177ec1527310e80420ba768950006fd50a0162f51313f,Nomal/Female_normal-461.jpg,0.853,16,no
hn_feet_1914e395390f9615.jpg,1914e395390f9615671fa7413495502ad1493b72b60d9ce749fad8a59e20b456,Nomal/Female_normal-463.jpg,0.874,17,no
hn_feet_5dbc8c57922d47dc.jpg,5dbc8c57922d47dc7a17ffe0153edc614328b506b1d9e05c06578c254139e7aa,Nomal/Female_normal-465.jpg,0.865,10,no
hn_feet_5a9250d5c5ba39ef.jpg,5a9250d5c5ba39ef85c7594442ac4754b344b4b9bce034e4dc83a62081a9da04,Nomal/Female_normal-467.jpg,0.847,13,no
hn_feet_903267fa8d3cbb36.jpg,903267fa8d3cbb364d57b142e481ede488dd4c7e5f961aacd8c2d977d59002ce,Nomal/Female_normal-470.jpg,0.822,13,no
hn_feet_c0a5f66995012475.jpg,c0a5f66995012475fd1e4dc2862a04445652afa635acef352895e99db1e5c1b6,Nomal/Female_normal-473.jpg,0.848,16,no
hn_feet_4f6adfb17a0b15dc.jpg,4f6adfb17a0b15dcf8007315783ab3a5d487098c7f6a1e9179dedc6ff1452731,Nomal/Female_normal-474.jpg,0.850,10,no
hn_feet_f2613f732b6d7a57.jpg,f2613f732b6d7a57386781af743a5c31436ef5968f7691570cfdbf4b0ed08a1c,Nomal/Female_normal-492.jpg,0.840,10,no
hn_feet_4d11f564856e12d3.jpg,4d11f564856e12d3f1b8e9771eb8a79394d1b41f38e6629707037890a7be34da,Nomal/Female_normal-496.jpg,0.959,14,no
hn_feet_3da539164d319907.jpg,3da539164d31990780684feb64a587402cca86e5cc4caaca7f94a3638a53d159,Nomal/Female_normal-498.jpg,0.824,17,no
hn_feet_828bb664e6171e8f.jpg,828bb664e6171e8f69176f24d8ab63922ee903b7fd5e8767a37a57b04e2a7b63,Nomal/Female_normal-499.jpg,0.823,10,no
hn_feet_48b3d07f115b086b.jpg,48b3d07f115b086baa089f742ee49828d8d41bfff39c1c1cfd029723b44517cd,Nomal/Female_normal-511.jpg,0.844,13,no
hn_feet_40a426f8470d2136.jpg,40a426f8470d2136f33e2e45ad0ce9d7159dbe1c22d7befd7ec956c00d996872,Nomal/Female_normal-512.jpg,0.885,11,no
hn_feet_8e62073ca0c67555.jpg,8e62073ca0c675550d9032d77acb850a33ddcdb963cada5411e3803aac2c6651,Nomal/Female_normal-514.jpg,0.873,11,no
hn_feet_f4789ec10d286895.jpg,f4789ec10d286895632d1b4f84214a410d2531334f85965776020d9b5f45d7f0,Nomal/Female_normal-515.jpg,0.841,13,no
hn_feet_dcbf9b62cb721719.jpg,dcbf9b62cb7217198fbbf9afed7172fdc1765ba8e2fb293bc7515cf17f7a78b0,Nomal/Female_normal-516.jpg,0.912,9,no
hn_feet_aa4c6216307685ef.jpg,aa4c6216307685ef656253f3a08a7066208d3d48bf183e67d6a5bc1afd05c49a,Nomal/Female_normal-522.jpg,0.823,14,no
hn_feet_fc1b8d8b80b5e9a7.jpg,fc1b8d8b80b5e9a711073f55d0ecf407a53f72888dd151e4bdc9e8e9a42b4c1d,Nomal/Female_normal-523.jpg,0.787,14,no
hn_feet_2dacf460a98ff4e7.jpg,2dacf460a98ff4e75b02e0ea36a4b2636b555b46db040aa2f38e501f75102643,Nomal/Female_normal-526.jpg,0.829,11,no
hn_feet_1a4e5a78b909cb77.jpg,1a4e5a78b909cb7785ab8849039102f46e0f5c608c4521823ef803bc71a71677,Nomal/Female_normal-532.jpg,0.863,13,no
hn_feet_ba3263fd27348ab8.jpg,ba3263fd27348ab867b333d418412f19000b2cb816703a9590c2d1cb296bec2c,Nomal/Female_normal-534.jpg,0.860,9,no
hn_feet_b6b657f34d81947a.jpg,b6b657f34d81947a53c6acc35934faa9f06b7637fecf91c9d28384888da0d6d9,Nomal/Female_normal-536.jpg,0.811,13,no
hn_feet_8922cdc7fc1aa524.jpg,8922cdc7fc1aa524362b341fbb2bf8a1be1725d8ded2cb60ac002b627d6220b2,Nomal/Female_normal-537.jpg,0.862,15,no
hn_feet_672342f655957b21.jpg,672342f655957b218bc883bafb817f06f6cf0dc570b5ba5ee12d5f789e9aa62f,Nomal/Female_normal-540.jpg,0.870,9,no
hn_feet_f7f8abc61c510502.jpg,f7f8abc61c51050291771175bd4c25db29a34e9ae22e3b6d34d4db12f08b0022,Nomal/Female_normal-542.jpg,0.857,16,no
hn_feet_21883c4b127878b4.jpg,21883c4b127878b43e355fdcb879cceb7b1cdd7c93471d2b975fadfe3bed3147,Nomal/Female_normal-543.jpg,0.831,17,no
hn_feet_593462a9040fd15f.jpg,593462a9040fd15fd164df01d97a311ebecbe0d2314a19106b2a6f258db4bdc5,Nomal/Female_normal-545.jpg,0.786,13,no
hn_feet_9598a6699f5686cd.jpg,9598a6699f5686cd0737e5d2379be2605fb7c30cd9f22986be334e73333c562d,Nomal/Female_normal-547.jpg,0.836,9,no
hn_feet_61511ee8ccedea59.jpg,61511ee8ccedea59bf43b681f985f9ab7647e8788bf2b1e97736ec051ef26cef,Nomal/Female_normal-551.jpg,0.814,16,no
hn_feet_1066d8df0b820914.jpg,1066d8df0b820914ce9651bcaca2a4af58810b0c063fa5be277f359a5d772959,Nomal/Female_normal-556.jpg,0.783,11,no
hn_feet_4ee71aedb794c5f0.jpg,4ee71aedb794c5f0a2f65e42e275905044e39e68bf41f41f681f64effcf5565b,Nomal/Female_normal-563.jpg,0.685,11,yes
hn_feet_852de6208eec0fa7.jpg,852de6208eec0fa75b04706ef30fb194df2fd5a96dcb5aecc0edaa4fa59963e4,Nomal/Female_normal-567.jpg,0.856,10,no
hn_feet_4b5f89b7846bee2b.jpg,4b5f89b7846bee2bb23b96fb4553dce95c5ab6368e097c1639f76bde32e7a109,Nomal/Female_normal-572.jpg,0.813,11,no
hn_feet_822de219a3cd4d62.jpg,822de219a3cd4d62149809653ade31900a3383d586e7f3c76047f8a40881a1e6,Nomal/Female_normal-573.jpg,0.858,13,no
hn_feet_f93b214c8d843bd1.jpg,f93b214c8d843bd16acf6db60a15034ea56622bcf7137f196174a8aafb8c8776,Nomal/Female_normal-575.jpg,0.872,16,no
hn_feet_b1187ed6f0653c09.jpg,b1187ed6f0653c091778746e73882cb3287a97580022a306ba520b2682a94373,Nomal/Female_normal-580.jpg,0.867,15,no
hn_feet_7804351b7292a856.jpg,7804351b7292a8565a968afff62088841d5c914abfc6d28b10bb92477791b438,Nomal/Female_normal-583.jpg,0.815,12,no
hn_feet_687c5ddef4210074.jpg,687c5ddef4210074052ad11844a2a7ab567c6379d1f0392d216be8af3e857e00,Nomal/Female_normal-584.jpg,0.827,14,no
hn_feet_43ae0cbc4db1219f.jpg,43ae0cbc4db1219f88ec113063c1942259aa812c41c954f7500d0f44f9905485,Nomal/Female_normal-586.jpg,0.783,12,no
hn_feet_f4d12ef780b1fc77.jpg,f4d12ef780b1fc77432594670dd743479a8baa9073ba19aeff243a7af7beffaf,Nomal/Female_normal-590.jpg,0.804,12,no
hn_feet_3ec7bae83560ff4c.jpg,3ec7bae83560ff4c18c6d7692f7f22e73f9873566ecd57ce93448fd25eb5b9b6,Nomal/Female_normal-592.jpg,0.841,8,no
hn_feet_66fd96b70fc180ec.jpg,66fd96b70fc180ec60fef516231892ca63b0c2adf4442a36e15898b52a99c6a2,Nomal/Female_normal-594.jpg,0.847,8,no
hn_feet_671b4b044cac8f2b.jpg,671b4b044cac8f2bc7e02b1fd0e59556b3df019904888b31bb8250dda98b1d41,Nomal/Female_normal-598.jpg,0.864,13,no
hn_feet_700e8ca490f985ad.jpg,700e8ca490f985ada62f51454d9b8167069c678e2a4c4605d1c138155d05a803,Nomal/Female_normal-601.jpg,0.869,14,no
hn_feet_3195816884f7eec3.jpg,3195816884f7eec375bda0376e5e27d44697dbd7266cd375f6026272ad19aec7,Nomal/Female_normal-604.jpg,0.936,12,no
hn_feet_fe5c798ee2bb81b7.jpg,fe5c798ee2bb81b73df347fcbc3e443467c6ffba5b8ae451acdc6a0bc42a9162,Nomal/Female_normal-605.jpg,0.849,12,no
hn_feet_8a1498933c1fb3cf.jpg,8a1498933c1fb3cfea32ea0260424d79655b41b2b0eb861fc9e12a3c800aef32,Nomal/Female_normal-607.jpg,0.854,16,no
hn_feet_67a56c8cd3123981.jpg,67a56c8cd3123981aa30b936d28d2c74f2398a93571bccc7383ba4437aa9aa42,Nomal/Female_normal-611.jpg,0.875,13,no
hn_feet_dd3d6d89530fcce0.jpg,dd3d6d89530fcce0cc0f956428280ebcb011b3ff8d839f8dac66ee394ba7e8ab,Nomal/Female_normal-618.jpg,0.858,14,no
hn_feet_d6e6eadebbc29ca9.jpg,d6e6eadebbc29ca9e2b7e970ea7f0dc78c0e826cb758e4f37ad08b3abaa0f4c8,Nomal/Female_normal-626.jpg,0.856,14,no
hn_feet_a7258e8de62444ec.jpg,a7258e8de62444ec7162bef2b734cb335ccd44f8e1a47312c1182b6368ba9735,Nomal/Female_normal-627.jpg,0.854,16,no
hn_feet_f18753814f3c586e.jpg,f18753814f3c586ebb7f30292c0767ec9b2e2919db7ca43564662d47424bb246,Nomal/Female_normal-634.jpg,0.818,13,no
hn_feet_96c534c7ec0e3d0d.jpg,96c534c7ec0e3d0d204bc1f75f301f037fa1e871ba7688c06507de2058619498,Nomal/Female_normal-635.jpg,0.842,14,no
hn_feet_6548732156a35ce6.jpg,6548732156a35ce656c1384cbac6f5b7bde5deeb4db4150ca5aa875955fedb31,Nomal/Female_normal-637.jpg,0.834,14,no
hn_feet_2587d8bded8f34cf.jpg,2587d8bded8f34cfdca63e70ae1cb7fca65eadcc883fd6785067452563716bc7,Nomal/Female_normal-645.jpg,0.865,12,no
hn_feet_b2dd202342dbe4fd.jpg,b2dd202342dbe4fd4fbacee4037e4ce6b020a8862388e2ab66a27dba7ad3c7a0,Nomal/Female_normal-646.jpg,0.863,12,no
hn_feet_54d26f009b5768de.jpg,54d26f009b5768de61883c834650ef8178d2ccfbfb0beced7f69d66f8fa75752,Nomal/Female_normal-647.jpg,0.827,13,no
hn_feet_8d925fcb4d6e121c.jpg,8d925fcb4d6e121cca107413a27558e26672fcdff4d407471e9891f226e9de45,Nomal/Female_normal-648.jpg,0.861,15,no
hn_feet_6527627dc9033f6a.jpg,6527627dc9033f6afb98f2536b1acac74d2cb1e58f9346c0afaa74360deb4948,Nomal/Female_normal-649.jpg,0.851,14,no
hn_feet_a3f89370886aa482.jpg,a3f89370886aa4820a75996d7783c5c99444055e890c7542e67b940a4a91e418,Nomal/Female_normal-650.jpg,0.848,12,no
hn_feet_579fafe0993cbc89.jpg,579fafe0993cbc897b65566a438d853651cbf973d42cee12f097212f1f423124,Nomal/Female_normal-652.jpg,0.804,10,no
hn_feet_a24a372d99682b0e.jpg,a24a372d99682b0ee34502dd2f8bfb3733b97251946ea6f4f64ea58f404293fd,Nomal/Female_normal-653.jpg,0.949,14,no
hn_feet_133fc4b7c598cb8d.jpg,133fc4b7c598cb8d1091ae56ce4187c7dcc1483588655fbace1ba899a548492f,Nomal/Female_normal-654.jpg,0.872,10,no
hn_feet_3e286533929c1bd7.jpg,3e286533929c1bd78bdb7ed2ad6a423a860c45394f85b8119a20d6c93e863a04,Nomal/Female_normal-656.jpg,0.845,15,no
hn_feet_26733c493e4d58f4.jpg,26733c493e4d58f4d4a3942b9842009935564a0a73ea65e60677bf4d4731801d,Nomal/Female_normal-657.jpg,0.809,12,no
hn_feet_7ce8e342419a8a5a.jpg,7ce8e342419a8a5a35d59f6b5836ecbeb3366ef6acb0aed669ae74806654c06a,Nomal/Female_normal-659.jpg,0.785,12,no
hn_feet_d0baa3f1c87134f5.jpg,d0baa3f1c87134f5d76a15a1c1c069ee4670d8ce5d6bd3bf778c10af08a7884d,Nomal/Female_normal-662.jpg,0.804,14,no
hn_feet_349886a959d7c9f2.jpg,349886a959d7c9f2a43948f4956953e1bbfba5dc87400f9b862d1741f9f45d62,Nomal/Female_normal-666.jpg,0.859,15,no
hn_feet_154cf52344f19534.jpg,154cf52344f19534a38e7191c291c63ae773c08a36cd4ba1fb5277db59acfad1,Nomal/Female_normal-667.jpg,0.832,8,no
hn_feet_b45ea65c8bc5dd7b.jpg,b45ea65c8bc5dd7bc17d445937193a64f652cceefb9fc91749b2f37aace953e6,Nomal/Female_normal-670.jpg,0.886,7,no
hn_feet_35b718a5ebf1a169.jpg,35b718a5ebf1a16997156d78a7985806fd06dcfd1513dc42193ac25f17c882a8,Nomal/Female_normal-671.jpg,0.850,11,no
hn_feet_1c5aab821df98e6b.jpg,1c5aab821df98e6b6f4644dd80f74583dd06be0ef2f1ec0e81942eafca990da8,Nomal/Female_normal-675.jpg,0.868,13,no
hn_feet_23a2e9b409a9d871.jpg,23a2e9b409a9d871f28495c514a735f2fb6ef14b5f02a5fe406c7e277c73ae61,Nomal/Female_normal-677.jpg,0.853,10,no
hn_feet_826ccf411cf06bd7.jpg,826ccf411cf06bd7b717c67a827d6b425aaa340ff76ecc84fa42ff378b86cba5,Nomal/Female_normal-679.jpg,0.868,15,no
hn_feet_410b7f99836d7c82.jpg,410b7f99836d7c8296fb6c8670ff3de66b6d3682160b8f83c4d52497772d5395,Nomal/Female_normal-682.jpg,0.864,11,no
hn_feet_03038bcf9a065800.jpg,03038bcf9a0658009cadb30205d4208a4002d0ed6b384544f7354eda824ca639,Nomal/Female_normal-684.jpg,0.868,18,no
hn_feet_e86fa15c08b33ea9.jpg,e86fa15c08b33ea9fae6d46d24606119ec4346e31dba1b2af1f271d42a32d6cd,Nomal/Female_normal-694.jpg,0.835,13,no
hn_feet_21c05ea94a1819dc.jpg,21c05ea94a1819dc607b134bbf104e1ce8157c579751a33c800aeed6d5f467e6,Nomal/Female_normal-696.jpg,0.867,8,no
hn_feet_8e9f50556c920178.jpg,8e9f50556c920178b82dce8e09135923c227ecbbac1fac88b892537497374ece,Nomal/Female_normal-697.jpg,0.850,12,no
hn_feet_d98b7bc3b3b1ecff.jpg,d98b7bc3b3b1ecffea1b752709783a02bab7ec36d3ae3f822d05ab2348f6bc67,Nomal/Female_normal-701.jpg,0.856,7,no
hn_feet_8388ed73092a59a1.jpg,8388ed73092a59a180a935a66b8cb44e8d8dfe8653f312badf9fad1bc8b81bde,Nomal/Female_normal-707.jpg,0.844,15,no
hn_feet_4a1a0218937bf828.jpg,4a1a0218937bf828d075039571949591d47d16707c0d2420cf6ef539e3d04805,Nomal/Female_normal-709.jpg,0.825,14,no
hn_feet_47dbdcc11af38658.jpg,47dbdcc11af386588d2f81afe05471f20d5b381f9170d1d10be6447271a69a4b,Nomal/Female_normal-710.jpg,0.804,15,no
hn_feet_790cb98e2f165b5f.jpg,790cb98e2f165b5fc21f19992e7aa075b52d12ee6ced276797284875f2ac8633,Nomal/Female_normal-713.jpg,0.832,11,no
hn_feet_bed9067c049f1b85.jpg,bed9067c049f1b85a598c22200a6cd8ebbf4a86e54f179b89ae26f55c2536ae2,Nomal/Female_normal-718.jpg,0.790,9,no
hn_feet_0070535449a4ac84.jpg,0070535449a4ac841506d1bdbf17fc8f58f25424b05e5307c5e6310c04d9e45d,Nomal/Female_normal-719.jpg,0.837,13,no
hn_feet_854c14d3a1d6ce71.jpg,854c14d3a1d6ce71ed00f11bf62945a2ef538ba6b68366ff5337900e94795f83,Nomal/Female_normal-721.jpg,0.861,13,no
hn_feet_7bd9bf70933de6f4.jpg,7bd9bf70933de6f44148ee02f679426d13aaaaeed30f0e2f10a67b3acec7a77f,Nomal/Female_normal-722.jpg,0.883,7,no
hn_feet_d3daf394e2ef3e9e.jpg,d3daf394e2ef3e9e71bc63ac86e8f4b1fc02e27c43d929d41f38fd44f908bdb5,Nomal/Female_normal-723.jpg,0.855,10,no
hn_feet_99a6129d3cc48cf9.jpg,99a6129d3cc48cf91e570b4d973db012eb3a19568cc51761e414cd55c1116294,Nomal/Female_normal-726.jpg,0.852,13,no
hn_feet_cc68755993323a71.jpg,cc68755993323a718a91b62c36e3a8e8ee202e92feea0daf53b6269398955652,Nomal/Female_normal-727.jpg,0.843,13,no
hn_feet_b6701e0fe63a9635.jpg,b6701e0fe63a96358c887d267856d76ecca7877dc3aa255874e469b309c99436,Nomal/Female_normal-732.jpg,0.878,9,no
hn_feet_ef675e3999e0b0c3.jpg,ef675e3999e0b0c31d18a587b64387ebb999c103387ddba9c6211025a984b928,Nomal/Female_normal-735.jpg,0.873,14,no
hn_feet_df8b73cb31e8f5d3.jpg,df8b73cb31e8f5d3d98a0f49eb566b835600e23492a7900f753cc42ebe9661d1,Nomal/Female_normal-741.jpg,0.827,14,no
hn_feet_1d4cc82801d2e972.jpg,1d4cc82801d2e972ced636f6e647a97c3d9801b8772296d4d87dad9d45a2a887,Nomal/Female_normal-742.jpg,0.853,13,no
hn_feet_21eb79cde3c3025c.jpg,21eb79cde3c3025c299dbcdc69ebaba06bbbab0213ac09a0508b044bf8ab9dcc,Nomal/Female_normal-744.jpg,0.827,8,no
hn_feet_593f00eea331ac34.jpg,593f00eea331ac34cef698e93ffacae73a618b5c8736eed827f012a845681b72,Nomal/Female_normal-746.jpg,0.857,11,no
hn_feet_781abeadb33da048.jpg,781abeadb33da04883ee5aced5b14bc80abdaa5e1317fe3d1b2e3f9828dc1584,Nomal/Female_normal-752.jpg,0.843,9,no
hn_feet_67a9ce135d46c9f0.jpg,67a9ce135d46c9f0149134a95c87115eae56bc0ba40f2bfd9b14ffaa491778da,Nomal/Female_normal-759.jpg,0.873,16,no
hn_feet_247287503a72d313.jpg,247287503a72d3138cbbdc99938950d1f346e0e2e0d6052fbd67fee8cd0a1163,Nomal/Female_normal-762.jpg,0.886,11,no
hn_feet_fcd913139c212b97.jpg,fcd913139c212b97ad7ead37016f4d3f5fe22044ab0dc986e78c04c8fbb6c3c9,Nomal/Female_normal-768.jpg,0.856,17,no
hn_feet_3f38902e5393d01a.jpg,3f38902e5393d01a561bb26a5446ff359985b05d1b0ad598f94cc626f1912885,Nomal/Male_Normal-0002.jpg,0.858,4,no
hn_feet_2e4935da2f64286a.jpg,2e4935da2f64286ae7e36ec6ab0ada9fc15c0685e4c24437a8035d93bcf4c3bb,Nomal/Male_Normal-0003.jpg,0.876,10,no
hn_feet_4ea72151f4e9ed43.jpg,4ea72151f4e9ed43ae9ab99359a8206a9f26489c06ec58f4fb6bc22d34c0280a,Nomal/Male_Normal-0004.jpg,0.869,12,no
hn_feet_c812cdec7ddd6f3e.jpg,c812cdec7ddd6f3e512b3d11600d24dc2d79ee8af0cc0eb68f42e48fa54ea6f8,Nomal/Male_Normal-0009.jpg,0.836,14,no
hn_feet_58a6238d541341cc.jpg,58a6238d541341ccc825a2f2aacd3d9a9b571adb80f1507bf2e85fdff114d978,Nomal/Male_Normal-0010.jpg,0.886,12,no
hn_feet_6a059442f0ab7863.jpg,6a059442f0ab78631018fbc5d5580dbc078c10c41cff55226f885e4277fd4071,Nomal/Male_Normal-0012.jpg,0.866,13,no
hn_feet_0517d5f576c38422.jpg,0517d5f576c38422e58512085690d52edaef0cf170c9e9975291600f4d6882ac,Nomal/Male_Normal-0014.jpg,0.879,6,no
hn_feet_75537fdc5c6e653c.jpg,75537fdc5c6e653c6eb2ae482b02474f66b0dffca5a7fd5b0f818ade028f71ec,Nomal/Male_Normal-0016.jpg,0.875,12,no
hn_feet_fb7c057753024d83.jpg,fb7c057753024d833bd596588bbe8b9a959b3a66aefd02d64f51311567e4667a,Nomal/Male_Normal-0018.jpg,0.839,15,no
hn_feet_503c2bf1b9e80faa.jpg,503c2bf1b9e80faab15795e8099ca91c45cb4c27d267a4607b2de717da629105,Nomal/Male_Normal-0021.jpg,0.870,14,no
hn_feet_d97337ab32d76eaf.jpg,d97337ab32d76eafb5897e9d1886b149f9123c014fe6db6c81205d1ce54d828d,Nomal/Male_Normal-0032.jpg,0.853,7,no
hn_feet_61ec6bffd1b98046.jpg,61ec6bffd1b98046457c46f67e4739b992f474d77686d644112db4974f6ec9b5,Nomal/Male_Normal-0033.jpg,0.871,10,no
hn_feet_63755923df84f345.jpg,63755923df84f345979dbbda11dfd61c78ae39cda430e6d2066ce5264d40de9a,Nomal/Male_Normal-0035.jpg,0.836,11,no
hn_feet_880c6bdd4083efbd.jpg,880c6bdd4083efbd17024c1678aaad0fa8effa1ace3c1935c1552846c4c9ae55,Nomal/Male_Normal-0039.jpg,0.827,13,no
hn_feet_2530594b81530426.jpg,2530594b815304262faa0fb36a9166f4fa6b017e8f274d2c99afd6308de61f25,Nomal/Male_Normal-0040.jpg,0.877,9,no
hn_feet_222a7d777b7a43d3.jpg,222a7d777b7a43d3a86479ec6a1e830e61f398a72b4603a5624eb2715cf92627,Nomal/Male_Normal-0042.jpg,0.841,6,no
hn_feet_4244f1b5d2793fd8.jpg,4244f1b5d2793fd891c52b1a5dcb7684c373495ce3f7a31ca49549e231eca02e,Nomal/Male_Normal-0048.jpg,0.796,14,no
hn_feet_778d8338c8e0c8e9.jpg,778d8338c8e0c8e9a798ec07582e77cde7e72dffd8a4faa7d23738fbf33db7df,Nomal/Male_Normal-0050.jpg,0.872,8,no
hn_feet_9fbe916da58fc166.jpg,9fbe916da58fc166be2bf3ecf5e7cae602030d5f97ff6ab1ded6bcdfa273236d,Nomal/Male_Normal-0051.jpg,0.844,12,no
hn_feet_1a7d0b982210b0b2.jpg,1a7d0b982210b0b2ef1e43faaaa026a066b258743e2d65f47406c463a30b2990,Nomal/Male_Normal-0056.jpg,0.833,12,no
hn_feet_8d503e2690880190.jpg,8d503e26908801904ce296908d836bfdfdb324661622651d4fce23cfa8626791,Nomal/Male_Normal-0057.jpg,0.815,16,no
hn_feet_78e34eb8f13ef76f.jpg,78e34eb8f13ef76f2dd4ae165d719b59a1ce578591c3d7dff2775cf9191587e1,Nomal/Male_Normal-0058.jpg,0.826,16,no
hn_feet_59bfcf98652c6ade.jpg,59bfcf98652c6adebe7908d6224451e8943dc90bcc674a350d980873a9cedc16,Nomal/Male_Normal-0059.jpg,0.820,13,no
hn_feet_353473063f325228.jpg,353473063f325228b7f39d118cf7ee4da38b4ce6ad6c4d13a05493a4977c1a50,Nomal/Male_Normal-0061.jpg,0.827,11,no
hn_feet_5bb6e5e2f06fb603.jpg,5bb6e5e2f06fb60385abcb6402b24bb9366c2d883158bd841de8f34074b2ba9b,Nomal/Male_Normal-0062.jpg,0.848,9,no
hn_feet_3ba0afd69c88f23a.jpg,3ba0afd69c88f23a4a22464dcee1dd582a14de4363778c9c4ab228ca9d295e22,Nomal/Male_Normal-0069.jpg,0.853,13,no
hn_feet_6e7ccfc8db5696a6.jpg,6e7ccfc8db5696a698a9cb673a4451259a9ac8fbfc9a393ed3534453bce6c64c,Nomal/Male_Normal-0072.jpg,0.878,6,no
hn_feet_dd8b97c66c1ed077.jpg,dd8b97c66c1ed077f2f9d1bedad8c699f546bedd4829718b264b3ad49c326ae6,Nomal/Male_Normal-0075.jpg,0.867,6,no
hn_feet_3bc5ae7f1a09bbb3.jpg,3bc5ae7f1a09bbb3e5f9bf41c50a6268fc16dc13ef6220650c187838ce2f6726,Nomal/Male_Normal-0080.jpg,0.886,7,no
hn_feet_b089280f8087238c.jpg,b089280f8087238cd14bc9dbd4fc2caa0a923bd3705d44bb59fc367e50e1d6c8,Nomal/Male_Normal-0082.jpg,0.830,11,no
hn_feet_fcda51d70bcf47cd.jpg,fcda51d70bcf47cdc919d5657a909ffa0fdb0da6a5d1f1db6e65abe4b80f612e,Nomal/Male_Normal-0083.jpg,0.897,8,no
hn_feet_18eccc0e876013b3.jpg,18eccc0e876013b3d68cc2e74d7f3565af89a06ecb6317caa4407def984bd474,Nomal/Male_Normal-0085.jpg,0.823,13,no
hn_feet_c10e6007a602122c.jpg,c10e6007a602122ced7fe7c2095926316cac41336ef3e6983500da677dc7dff9,Nomal/Male_Normal-0087.jpg,0.823,16,no
hn_feet_264bf3de8965207c.jpg,264bf3de8965207cbed36d6c838d3a67052c60dc9879faba9cd451e8ce271f3d,Nomal/Male_Normal-0089.jpg,0.858,12,no
hn_feet_fc37715fa0629978.jpg,fc37715fa06299785444438857b7a62b10601e33961ae940d16ea73e9184c79b,Nomal/Male_Normal-0092.jpg,0.866,8,no
hn_feet_2e5fabb0ccedfe77.jpg,2e5fabb0ccedfe771dce954885a11214c792dc1b7cf6babc4d8b3f302be21565,Nomal/Male_Normal-0095.jpg,0.867,10,no
hn_feet_1ed77826060cfed9.jpg,1ed77826060cfed9259fe4e58de5582364523f10d5bbd393f40d8d6d072c89ef,Nomal/Male_Normal-0098.jpg,0.857,13,no
hn_feet_7d0510b0ce61aea3.jpg,7d0510b0ce61aea3fedde52fb5442000f4c96acdef7910a6c699c38a57fea1b6,Nomal/Male_Normal-0100.jpg,0.781,12,no
hn_feet_fb650f28b1bdc481.jpg,fb650f28b1bdc481b653c5fd91cf3e486a404c716d6d359eca9d29f6db0aae87,Nomal/Male_Normal-0101.jpg,0.848,11,no
hn_feet_65bb8e252817625e.jpg,65bb8e252817625e522e9c2630a4050080e880445ebe6eb4da7537477525ddc9,Nomal/Male_Normal-0102.jpg,0.831,11,no
hn_feet_1b47e4396ab7eab0.jpg,1b47e4396ab7eab0661bc017ab873471e012eff94a79f836cb7c03a1cc5f9661,Nomal/Male_Normal-0106.jpg,0.861,14,no
hn_feet_625cbfb31e6125d0.jpg,625cbfb31e6125d0d3119f6e4f61ec8b30c23b8f400ad7b2939f192b7d83be6b,Nomal/Male_Normal-0112.jpg,0.879,8,no
hn_feet_cafdfe5187d7f747.jpg,cafdfe5187d7f747fefcf0023be560220df36630b7cfc07bcff47c8d71284e3b,Nomal/Male_Normal-0114.jpg,0.870,9,no
hn_feet_ad5b38622ee87009.jpg,ad5b38622ee870098387922fd5b08e4443e37e369d2bcc509d656d090085398d,Nomal/Male_Normal-0116.jpg,0.838,13,no
hn_feet_38684732105a7b63.jpg,38684732105a7b6377ee58f66260c897660b57a579401aaca6b508575db97829,Nomal/Male_Normal-0120.jpg,0.859,7,no
hn_feet_67d5fd42b9352469.jpg,67d5fd42b9352469f33813dcf6f2de88d1bc2e9300c8a8fde5729854f1a27e83,Nomal/Male_Normal-0121.jpg,0.843,10,no
hn_feet_2f72ef01bf885872.jpg,2f72ef01bf8858723160f4aa1e0802cb3b2c589c19ed628ca337b166c1208d29,Nomal/Male_Normal-0123.jpg,0.858,8,no
hn_feet_371b6b475677284f.jpg,371b6b475677284f9fc3774ee2cd49a9e42f3dad7e0546d52816568decd65d23,Nomal/Male_Normal-0124.jpg,0.830,9,no
hn_feet_d8421abee2481e92.jpg,d8421abee2481e92f3b4e1620bb2691ecca7ad16d3aea531fae53b3e79f6c1e6,Nomal/Male_Normal-0127.jpg,0.838,17,no
hn_feet_6e2b567e06f0a595.jpg,6e2b567e06f0a595970fa670f98104308dfd334f82a626816102a7ff36779315,Nomal/Male_Normal-0128.jpg,0.870,15,no
hn_feet_0939e0882c5f22a4.jpg,0939e0882c5f22a415030d0dceec06efc2238f3d494f4dc4c459a3ab3d39b52d,Nomal/Male_Normal-0136.jpg,0.868,14,no
hn_feet_c1857fefb781f1b0.jpg,c1857fefb781f1b041cba87d263e196f6317eb988df78feab9eff419755c4fc0,Nomal/Male_Normal-0138.jpg,0.833,7,no
hn_feet_9614921981460e10.jpg,9614921981460e103bc59bf8ae92c864fcba291c445f55b2d709b6bf9272eb32,Nomal/Male_Normal-0139.jpg,0.861,12,no
hn_feet_c187483c4e5a80c2.jpg,c187483c4e5a80c2362493fc8b2922b2fd692ac290c731ea4c41dc4b30231a2a,Nomal/Male_Normal-0145.jpg,0.879,8,no
hn_feet_ea139c3da829aab1.jpg,ea139c3da829aab131a78ddba46947be4030b1df0ec7f912eb92a548ba8d3a61,Nomal/Male_Normal-0146.jpg,0.850,14,no
hn_feet_2366e27ce78cac50.jpg,2366e27ce78cac50f7991371c16828d2434c3f3d8032bdae8a78e737a37eee9a,Nomal/Male_Normal-0149.jpg,0.891,10,no
hn_feet_856807c1ba65ebf4.jpg,856807c1ba65ebf4f4363a5974133d724c5ff4b99e996ace981de5ebb02e6e7d,Nomal/Male_Normal-0157.jpg,0.870,10,no
hn_feet_41aeabf33631cb84.jpg,41aeabf33631cb84d5b833e544d52125173f7046fa5d0bea3d9ecc57a621b54b,Nomal/Male_Normal-0158.jpg,0.878,15,no
hn_feet_876179aef0785e5a.jpg,876179aef0785e5ae3c70f9ec767622517a76ef000861938d01ab7a5030b4ea3,Nomal/Male_Normal-0162.jpg,0.895,11,no
hn_feet_1e8b95d1badc6ad1.jpg,1e8b95d1badc6ad1266fbfadf11babb0fd9f1b76e06ad969c52e6f8c78349c90,Nomal/Male_Normal-0163.jpg,0.877,9,no
hn_feet_79d6d7d52115d653.jpg,79d6d7d52115d65399374f476ee4b644ad288fe8de3d818c3728431712597f0b,Nomal/Male_Normal-0167.jpg,0.839,14,no
hn_feet_8b925b27d32d6ab7.jpg,8b925b27d32d6ab7d0230934168cdc5e90fb9e9c9cce10adc205b1f5f0794676,Nomal/Male_Normal-0170.jpg,0.831,10,no
hn_feet_f061f298d8de04d8.jpg,f061f298d8de04d836986cb373950bc9b935fa24a9c0e3c6e81d219778493766,Nomal/Male_Normal-0172.jpg,0.939,12,no
hn_feet_4f2b3b7290196b12.jpg,4f2b3b7290196b12f96f87c1b604fb7ce9aba3fef3068413397fc92fb61e4837,Nomal/Male_Normal-0177.jpg,0.863,15,no
hn_feet_2d024a79538a1c8b.jpg,2d024a79538a1c8be3b84f6bc693a63cd9f399adb52f1fde8a53594dd7faec88,Nomal/Male_Normal-0178.jpg,0.828,14,no
hn_feet_41f89bfa5738ef86.jpg,41f89bfa5738ef86f6d00b70b3241b9d7943a640af1d75b81fcacbc0c9f2b67e,Nomal/Male_Normal-0179.jpg,0.862,11,no
hn_feet_35f9fd2c7fb3fcd8.jpg,35f9fd2c7fb3fcd84fb7e2b8dd02c8a638d67688024762be2d7b990cace92b09,Nomal/Male_Normal-0180.jpg,0.826,13,no
hn_feet_febbc5b3e28a518c.jpg,febbc5b3e28a518c85f541a273e1b2b86d2837eb9bdfa4da6460b32a2106a333,Nomal/Male_Normal-0184.jpg,0.820,12,no
hn_feet_f6eda10c60b6204c.jpg,f6eda10c60b6204c2818e8675b8220894f4a28baabfb7f5090aa6ef931a1245b,Nomal/Male_Normal-0185.jpg,0.870,10,no
hn_feet_f3468fbfab34af16.jpg,f3468fbfab34af169d468173c6115a27c8406a4a44e7b2f8b1bee6eea3d57813,Nomal/Male_Normal-0187.jpg,0.843,14,no
hn_feet_6017cbfed186a22d.jpg,6017cbfed186a22d566b9315658472a740b9a97251f9b57c6404f4c327c98982,Nomal/Male_Normal-0188.jpg,0.826,13,no
hn_feet_16319ed21f9d4e4d.jpg,16319ed21f9d4e4d91301de6cef96267533ef6ef493d6a7f34bf0a8ceb4280a6,Nomal/Male_Normal-0193.jpg,0.781,17,no
hn_feet_8aa2d925ed93b244.jpg,8aa2d925ed93b2448bc2c71b8b44c9e26523960e6ce4db6fe10c8183ccfe5b7d,Nomal/Male_Normal-0194.jpg,0.814,13,no
hn_feet_9e8d853b3cc0f7d5.jpg,9e8d853b3cc0f7d5887920d7d94a195c6a9ab719e49a9b94268118591df51eb4,Nomal/Male_Normal-0195.jpg,0.832,13,no
hn_feet_0ec5e73b042f7d57.jpg,0ec5e73b042f7d577e213b39b2914352f35238a47017e749211e0015a7380af5,Nomal/Male_Normal-0199.jpg,0.874,13,no
hn_feet_4fe5d7ccdffb2586.jpg,4fe5d7ccdffb25865319e36c3641f5d1581bda2a433568efbc6a787823b521b3,Nomal/Male_Normal-0202.jpg,0.875,13,no
hn_feet_cadd5a233f5e30b5.jpg,cadd5a233f5e30b512d2aaf6557dd180ebe0e3cff551637a8b4ffbff0fad7252,Nomal/Male_Normal-0204.jpg,0.827,11,no
hn_feet_0a932af6c8c2e02f.jpg,0a932af6c8c2e02fbda67342c6cba8d59b7fb77740caad43bfb5a4c17557bf24,Nomal/Male_Normal-0205.jpg,0.816,16,no
hn_feet_f7990d14f54b6ea1.jpg,f7990d14f54b6ea14189bddf7dd93c579211cebc2d590a7c563522d81a6c7f28,Nomal/Male_Normal-0209.jpg,0.876,4,no
hn_feet_fde2c8e10bdc66a1.jpg,fde2c8e10bdc66a1512b4b8540511d81f35e8fdc38e6dc5850622b70777e2d89,Nomal/Male_Normal-0211.jpg,0.872,12,no
hn_feet_bc034bc9969e6880.jpg,bc034bc9969e6880364da4c2fe96ea3efe11398f57ccd90dae349e805cd6ce02,Nomal/Male_Normal-0214.jpg,0.822,14,no
hn_feet_fed2c1a9d85359a8.jpg,fed2c1a9d85359a86eb3393015dd2a4826263de597268d3fc7bc6d9cc96f5e96,Nomal/Male_Normal-0216.jpg,0.850,11,no
hn_feet_e2666dba7d0f46e3.jpg,e2666dba7d0f46e3948b3adedc91d5bb44fcf8225cee1d55ee2c5ca51b0b7d3c,Nomal/Male_Normal-0220.jpg,0.872,12,no
hn_feet_df3682be29c1d3fd.jpg,df3682be29c1d3fd4661dfcd566bf5e4865736b3cbc9145943e058d0669ad0d3,Nomal/Male_Normal-0221.jpg,0.887,13,no
hn_feet_91f34c2da228ace8.jpg,91f34c2da228ace8f413fbff6344d1a5ebaf5f823a68a809d48e2a64928250b6,Nomal/Male_Normal-0223.jpg,0.878,12,no
hn_feet_9c1d5f1807f5443e.jpg,9c1d5f1807f5443e19a5de684e55157cbc7fe7cb494f43c00f411dcd601da002,Nomal/Male_Normal-0224.jpg,0.856,12,no
hn_feet_f4e136b09c2e1ca4.jpg,f4e136b09c2e1ca45293f1d8740375fa34ae7040929c7e44afb389d85d4e03ba,Nomal/Male_Normal-0225.jpg,0.900,14,no
hn_feet_bb153733b1ff9d3c.jpg,bb153733b1ff9d3c0e399f847ded866a8aaa63429713797dc3c3f0b3fff0f426,Nomal/Male_Normal-0227.jpg,0.885,12,no
hn_feet_9a10c6dfd3f192d2.jpg,9a10c6dfd3f192d254215ab620ebdb82d32b23741121528ae7e523bf79fe59ca,Nomal/Male_Normal-0228.jpg,0.860,12,no
hn_feet_ccbff4399e8977e9.jpg,ccbff4399e8977e9b087f89248b1f09df8c743798039b373512e0533b9c0a858,Nomal/Male_Normal-0230.jpg,0.868,12,no
hn_feet_0c6768cc8ca5b6ce.jpg,0c6768cc8ca5b6ce8340a8816eabc29207cde1dbae2d5e48ba76cc8e34ff4c2b,Nomal/Male_Normal-0232.jpg,0.856,17,no
hn_feet_1642b269504351df.jpg,1642b269504351dffabbb17149349b4150a155c97a2bd3cb30b2b9849972719b,Nomal/Male_Normal-0233.jpg,0.873,12,no
hn_feet_c755eb5abf4cc240.jpg,c755eb5abf4cc240e854f34ad5c3873eb3fafead6940ec35315068c1c2ea6e9c,Nomal/Male_Normal-0234.jpg,0.848,17,no
hn_feet_908b256ba377d4ad.jpg,908b256ba377d4ad83766e8278dbbbb42e516d78d91b4191bfc08539c745e6ef,Nomal/Male_Normal-0235.jpg,0.857,10,no
hn_feet_6e8cc49ddf04c3ab.jpg,6e8cc49ddf04c3aba5d61a1bb93812972941944b74ba98c133204106cd89b587,Nomal/Male_Normal-0236.jpg,0.814,10,no
hn_feet_dd57a0fb84a1ea04.jpg,dd57a0fb84a1ea04e6ea72007014fdf0216f19c48927d27ec8f5e4db7fb17b71,Nomal/Male_Normal-0237.jpg,0.893,16,no
hn_feet_03cd5e7b7645de08.jpg,03cd5e7b7645de08ded94310a74eedb82cfa74b9a17563d2d451e1653be6b3fd,Nomal/Male_Normal-0238.jpg,0.864,13,no
hn_feet_8c7a3f83cc9e3a2a.jpg,8c7a3f83cc9e3a2abc98fc9376076bd5db571488b9c5a987b26e075b49c6ad92,Nomal/Male_Normal-0240.jpg,0.867,15,no
hn_feet_5362c3454a2c14ca.jpg,5362c3454a2c14ca909b403d9882288a42e21eda9613d0fa8f9112af77ad7795,Nomal/Male_Normal-0241.jpg,0.899,15,no
hn_feet_e6aaa9039092111b.jpg,e6aaa9039092111bdb08f8afbc486bc811535e36ece0613d8c19a560c2b0cae6,Nomal/Male_Normal-0242.jpg,0.874,16,no
hn_feet_defe32e551ee03e0.jpg,defe32e551ee03e01cb36d8121929c6a3beb393514528c17a08332fa9ff23a87,Nomal/Male_Normal-0243.jpg,0.852,11,no
hn_feet_b502de79f476678b.jpg,b502de79f476678ba2090afd9152cd0f253aeac369aac561956ca8204c596d59,Nomal/Male_Normal-0245.jpg,0.843,16,no
hn_feet_5f5cfeb2a50555cc.jpg,5f5cfeb2a50555ccdbde4300844b2b040ddd73a019caff053f808556be7bc04a,Nomal/Male_Normal-0247.jpg,0.896,12,no
hn_feet_49b9ac384fa80225.jpg,49b9ac384fa802252af3b4eb6336784a713a2b3a7dcbece48bb0727c98cebd24,Nomal/Male_Normal-0248.jpg,0.884,14,no
hn_feet_5b00bb4e6363f03b.jpg,5b00bb4e6363f03b5b839ba6fd18684e5019be384dbe51cad337e5a4a0e78c7c,Nomal/Male_Normal-0251.jpg,0.861,8,no
hn_feet_51001d5232afe558.jpg,51001d5232afe55868de0b2cb5521e40af882a7f98b37e56e47ab73272d04c10,Nomal/Male_Normal-0252.jpg,0.861,12,no
hn_feet_42e5ac127a6e6de7.jpg,42e5ac127a6e6de76dac12559d1c4e0305d70f2e371875a157308adb5cc170ee,Nomal/Male_Normal-0253.jpg,0.844,14,no
hn_feet_5e4f14657476caf7.jpg,5e4f14657476caf7a73e3eabf0b4ef2fce6cb9a0c6521c79f71f4f063647147e,Nomal/Male_Normal-0254.jpg,0.828,16,no
hn_feet_c15bc8278b6adf6d.jpg,c15bc8278b6adf6dfd0efc0a99af452fdad4fd811b842b969c41092e473fcdaa,Nomal/Male_Normal-0256.jpg,0.912,11,no
hn_feet_ac9c194c41543865.jpg,ac9c194c415438653bc52f4991f4f9e26208b1a569c75fb9be3f384d7d114311,Nomal/Male_Normal-0257.jpg,0.865,9,no
hn_feet_2668b30ee5512368.jpg,2668b30ee55123681c66abb75e5d6880a1292153852de42ae0a6643d1da333e6,Nomal/Male_Normal-0258.jpg,0.836,10,no
hn_feet_c4f513a414f38f39.jpg,c4f513a414f38f396d02c7fb1a2695f789c53ce4aede14bc256c6dacc2bebd18,Nomal/Male_Normal-0259.jpg,0.834,12,no
hn_feet_0331a68187104be9.jpg,0331a68187104be901a2fbba46cb47d9abcecc660e9f393c7cd1a3622420fb35,Nomal/Male_Normal-0262.jpg,0.854,15,no
hn_feet_3f2cb2b70d90d9e4.jpg,3f2cb2b70d90d9e441fa7dc48a5d8efb29d0977eb29d370e87a6202e83b8330e,Nomal/Male_Normal-0266.jpg,0.861,10,no
hn_feet_1230cf197d11d1b6.jpg,1230cf197d11d1b68daa052809210603d7326dbde97f56d4deaabf3d2d1360b9,Nomal/Male_Normal-0268.jpg,0.846,11,no
hn_feet_dbea118b2857c013.jpg,dbea118b2857c0138a4b8b107ef0b22b37c9ac9d7bdf862430860dcf6c0648d8,Nomal/Male_Normal-0269.jpg,0.903,16,no
hn_feet_f8be50889b85c540.jpg,f8be50889b85c5403745df3aa916bec9e3ec7ca99aa5b7150522d2ac0414e7e8,Nomal/Male_Normal-0270.jpg,0.855,11,no
hn_feet_1be1c0a10ca62a34.jpg,1be1c0a10ca62a34c69b5e8b61555bbad9b3685ae869018d20cf0f98d2aaccca,Nomal/Male_Normal-0282.jpg,0.857,11,no
hn_feet_aec65a93752237ce.jpg,aec65a93752237cee1c6d37cfe8f35b270422491b33a32d0b5c4b82208c0f684,Nomal/Male_Normal-0286.jpg,0.863,14,no
hn_feet_a79e098a635910ff.jpg,a79e098a635910ff8540dd52f44ccd8eb1e63d9986f2d507c3f747f8e654c44a,Nomal/Male_Normal-0290.jpg,0.919,16,no
hn_feet_e41b69b2567aebc0.jpg,e41b69b2567aebc06398109db88748fcd48cb641cebd8d25cd5dd7d8c6314f43,Nomal/Male_Normal-0293.jpg,0.874,13,no
hn_feet_081d800494f3b2e8.jpg,081d800494f3b2e8f8fecd14695484fad30427a0cd94b2c124e8b50d2e6aea23,Nomal/Male_Normal-0294.jpg,0.861,13,no
hn_feet_a0a7a226d1be7816.jpg,a0a7a226d1be781653c9acd26a49440fd0b726f189971d721578e31c29d820b2,Nomal/Male_Normal-0297.jpg,0.870,13,no
hn_feet_53d116ce1cea9e6d.jpg,53d116ce1cea9e6da65e6f205fdf735b8bdff16814179b6b47267743ee97809d,Nomal/Male_Normal-0301.jpg,0.865,7,no
hn_feet_4adf3a1b9bc0e14b.jpg,4adf3a1b9bc0e14b9755d5d39f717719c5a9e4fc61ef377df7a38e4b3c93cbe7,Nomal/Male_Normal-0303.jpg,0.845,16,no
hn_feet_4017c3a481ea4e22.jpg,4017c3a481ea4e22f38b19ea88a3e26ba75b8ceb710c2dd8230030586dc878d0,Nomal/Male_Normal-0306.jpg,0.904,15,no
hn_feet_a8e608d8391a3a11.jpg,a8e608d8391a3a11a88d5803ca624f9af098c1c8dfd41a750bea568292fdc276,Nomal/Male_Normal-0308.jpg,0.907,16,no
hn_feet_a3b67031af5c02ec.jpg,a3b67031af5c02ec2a6ccca7f69fe413682b5f7d13c2f1292c0eedfd3fe1e68f,Nomal/Male_Normal-0309.jpg,0.848,12,no
hn_feet_41a3a3d978e84fb8.jpg,41a3a3d978e84fb892fbc2f2ab8b9487b2f2e84c330ba6a30485b7a649f48405,Nomal/Male_Normal-0310.jpg,0.885,17,no
hn_feet_53237cbbfedbc19d.jpg,53237cbbfedbc19d2d9526a194b6d7fc853284793e61c01a908247bace940ad0,Nomal/Male_Normal-0311.jpg,0.853,14,no
hn_feet_c12b89acd1282716.jpg,c12b89acd1282716ec9abf5f2ab9158f62ed0a8887367d7c2208efccb83ccbc3,Nomal/Male_Normal-0312.jpg,0.873,20,no
hn_feet_69ab7c36551f66b3.jpg,69ab7c36551f66b3917653bb2e5b8c2a7e9e089d9d4652000f7677e8189318a9,Nomal/Male_Normal-0317.jpg,0.896,12,no
hn_feet_3bb93d347eca887f.jpg,3bb93d347eca887f900f9a78f89c0377b19bb6a409a3636bc0ce98dd6c696847,Nomal/Male_Normal-0318.jpg,0.906,11,no
hn_feet_73fada03cad858fb.jpg,73fada03cad858fbaa001234c69ba4b06057d8373082da6135e6cb038c347bac,Nomal/Male_Normal-0321.jpg,0.899,10,no
hn_feet_e568afd021b58566.jpg,e568afd021b5856665abaab201afd126dce495f3fa809c432641537ef8738911,Nomal/Male_Normal-0328.jpg,0.859,16,no
hn_feet_2c064f98c398f5e6.jpg,2c064f98c398f5e6c73e3adc330a075152f978f8ecff0dd1d6b77f2376360f14,Nomal/Male_Normal-0330.jpg,0.913,10,no
hn_feet_9d29d7e1abc97083.jpg,9d29d7e1abc970830c07f40e45b3f4c0013f1e87a3fa78a3bdbca6c53ae51cee,Nomal/Male_Normal-0337.jpg,0.909,13,no
hn_feet_5e7068ed318ce601.jpg,5e7068ed318ce601c49e916c374cdb5235ec76b92a2affdd9f88b74a39c70714,Nomal/Male_Normal-0340.jpg,0.899,16,no
hn_feet_d74a72f97be51abe.jpg,d74a72f97be51abe51b27a1b362cba72d15dab48d5eca37f99e574bbe52d8782,Nomal/Male_Normal-0342.jpg,0.894,13,no
hn_feet_d2be7e347675d06f.jpg,d2be7e347675d06f96ab37abd2bd778f9cf93b1bd96b0c85a123b344fc29f735,Nomal/Male_Normal-0344.jpg,0.854,16,no
hn_feet_aa4212b939cd0c2b.jpg,aa4212b939cd0c2b5825ad00053412c557777ad329fc30dfbd31d02aae43a645,Nomal/Male_Normal-0345.jpg,0.885,13,no
hn_feet_9d50d80d2f8c2318.jpg,9d50d80d2f8c23185d8caab8edf4e417650761a1b36585f040be564a927b270c,Nomal/Male_Normal-0347.jpg,0.863,16,no
hn_feet_ef45320597303b2d.jpg,ef45320597303b2d25815696d671883361a76a37bcb979af707ebe8e2ce87c40,Nomal/Male_Normal-0349.jpg,0.815,12,no
hn_feet_d7181ab020bf8411.jpg,d7181ab020bf841102a8ffb6cdeb009a6f61e29f562e6f136e7c1f1767a46668,Nomal/Male_Normal-0351.jpg,0.820,16,no
hn_feet_cbe6b2c1d15bb29a.jpg,cbe6b2c1d15bb29addb7846be40759d1d19afd0f7f689c2ee37ade6a500123a1,Nomal/Male_Normal-0352.jpg,0.839,16,no
hn_feet_28be538479006e03.jpg,28be538479006e03f5bfacc2f801208b9f694184a842422faabdc5af130edcb3,Nomal/Male_Normal-0355.jpg,0.909,10,no
hn_feet_d3e0fdb40b4e78f6.jpg,d3e0fdb40b4e78f676d064459eff1cf6c9004d6de1ef90cf0f8059b657eb84e0,Nomal/Male_Normal-0358.jpg,0.876,16,no
hn_feet_7a8471cb8d1a11b9.jpg,7a8471cb8d1a11b984668c53127b32ea298cebe349752130e167719f6d34201e,Nomal/Male_Normal-0360.jpg,0.840,15,no
hn_feet_e8b70c4a307ea562.jpg,e8b70c4a307ea562ca09b07ddd15248748e8fee0b509ea2ae5a113572602ac85,Nomal/Male_Normal-0363.jpg,0.803,14,no
hn_feet_e3e92e49ab032b33.jpg,e3e92e49ab032b333d882383f41198080871bb84d1393b30f0834b420b7b0189,Nomal/Male_Normal-0364.jpg,0.820,14,no
hn_feet_c0e84c03b09a547e.jpg,c0e84c03b09a547e5095c5f5ab417f0e69743d65d9ba03413a592c9d16fef860,Nomal/Male_Normal-0365.jpg,0.826,14,no
hn_feet_e25d99e2c4043456.jpg,e25d99e2c40434561b283debd4d9cdbcab45c40d464ebaa984ff7cea981ec50c,Nomal/Male_Normal-0366.jpg,0.871,14,no
hn_feet_e922d4455bdc2a47.jpg,e922d4455bdc2a47b04e0f3f80ee6dcd6c6a572e7c4499feed9e282671857c39,Nomal/Male_Normal-0368.jpg,0.800,18,no
hn_feet_56859983c60b7063.jpg,56859983c60b706369d73f0a62b4c1587d0baa2660b3928b6f7517160fd7e626,Nomal/Male_Normal-0370.jpg,0.849,10,no
hn_feet_3730e9c79c715a79.jpg,3730e9c79c715a79fdae35fa5993edcc656445c1f0729a16a774e860c4dc4d4d,Nomal/Male_Normal-0379.jpg,0.870,15,no
hn_feet_de19e146456f4613.jpg,de19e146456f4613b57420ddda669f3654b1c9bad19138abb801249adb601c83,Nomal/Male_Normal-0382.jpg,0.889,8,no
hn_feet_e3707eff736f5813.jpg,e3707eff736f5813274c0a5a833f276d4180d9b023f2a462fbca8896c8bcefab,Nomal/Male_Normal-0385.jpg,0.918,15,no
hn_feet_4dd75cb259400330.jpg,4dd75cb259400330d252346c6bf267e39a399bf37924819779fa63ecd5720ab0,Nomal/Male_Normal-0387.jpg,0.814,11,no
hn_feet_1b5e49b412bb5a45.jpg,1b5e49b412bb5a45849c17a3804766c5ca30c797f85c55a3736bcdc5d0aa88f5,Nomal/Male_Normal-0389.jpg,0.878,9,no
hn_feet_a6f720d65b71127a.jpg,a6f720d65b71127a152e3fb5e3ab77b2f7992fbaa8dcc19a979401cc169e55f8,Nomal/Male_Normal-0392.jpg,0.839,16,no
hn_feet_c64be147b1bc7698.jpg,c64be147b1bc7698e37a541d5b85a00fd4249164e3cdf20528acf4cced585fc6,Nomal/Male_Normal-0393.jpg,0.882,15,no
hn_feet_1fc93afafd79c99b.jpg,1fc93afafd79c99b682105e79691c7a6346a8086ecc85c8808b9f9ba4f63361f,Nomal/Male_Normal-0395.jpg,0.888,15,no
hn_feet_511d72a88ae75c20.jpg,511d72a88ae75c2073b07dbffbdbc34b897cf132ba1504f3cfa44730e2e5896e,Nomal/Male_Normal-0397.jpg,0.807,9,no
hn_feet_abcf80f861396969.jpg,abcf80f861396969efb5c7cf53bb25e6ebe4114908ca9dcdf74cfa899bd9f560,Nomal/Male_Normal-0400.jpg,0.880,13,no
hn_feet_6c20a5681e15dffb.jpg,6c20a5681e15dffb1e68971c0ab5143fc9f3bd0438088c599a61ef252eb4bf14,Nomal/Male_Normal-0405.jpg,0.875,9,no
hn_feet_7c3f14a0fe42ddb8.jpg,7c3f14a0fe42ddb89471afe093e9d8b39c6e1dc1760f11cc014ba1b342fb8615,Nomal/Male_Normal-0407.jpg,0.859,14,no
hn_feet_ff2cddad48b93277.jpg,ff2cddad48b932779d94100d06d894cccc49390a5d467499a080fec7a1e61240,Nomal/Male_Normal-0408.jpg,0.828,13,no
hn_feet_a4e811e2e921e554.jpg,a4e811e2e921e554d3c0549090bee118db1a94e979dd7edc6c332db379cdaeac,Nomal/Male_Normal-0410.jpg,0.881,12,no
hn_feet_8d7eb05c085e9890.jpg,8d7eb05c085e9890ce8011538b0128478e8d89808f2f4ecf34ecef7aa3464328,Nomal/Male_Normal-0413.jpg,0.862,10,no
hn_feet_fb7a635a5ff7c160.jpg,fb7a635a5ff7c160b9ddacc4637d46f91466d72d3408ef289f61c642da3197a5,Nomal/Male_Normal-0414.jpg,0.892,13,no
hn_feet_10a922a28a224112.jpg,10a922a28a22411240d1cdddbf458028389ec5ac77358cdc497f150e73dc53e4,Nomal/Male_Normal-0415.jpg,0.832,14,no
hn_feet_25b785c9d90e7544.jpg,25b785c9d90e7544b29fe61fa7e79764327fddb6cf3391f6123eee7455132d57,Nomal/Male_Normal-0424.jpg,0.844,15,no
hn_feet_21c3b25d653070f9.jpg,21c3b25d653070f9c1faa012ef29acea318e4627fe978523d1e1cb4ba6bf0b1d,Nomal/Male_Normal-0425.jpg,0.836,9,no
hn_feet_1a04f93888c32856.jpg,1a04f93888c32856b370c2bdc702dd224de33b54061fda00a8c9d2e127b4a6e6,Nomal/Male_Normal-0427.jpg,0.841,11,no
hn_feet_ca23495c28429805.jpg,ca23495c28429805547c3a69cfb9eb67e802824ece9791be053d316efa32ea20,Nomal/Male_Normal-0431.jpg,0.829,14,no
hn_feet_581424c93039291b.jpg,581424c93039291bd3678dbce0a7f45c01d7e6212856737bac7721d74db2fcf6,Nomal/Male_Normal-0432.jpg,0.821,14,no
hn_feet_8129f5d933c1f72d.jpg,8129f5d933c1f72df3521b67abc037692a317f8c5f805b8b9237d968eb13ebdc,Nomal/Male_Normal-0436.jpg,0.898,15,no
hn_feet_359f111d266e3040.jpg,359f111d266e3040505255dce266bae60b20e48c9aefb7e46056b5139277c429,Nomal/Male_Normal-0437.jpg,0.906,9,no
hn_feet_0cb24b63f6aee781.jpg,0cb24b63f6aee781fc0c147a43a5c0cb243f6af11654f77ca43fe239fb8bc069,Nomal/Male_Normal-0439.jpg,0.840,17,no
hn_feet_3c4bce5388cae74c.jpg,3c4bce5388cae74c5edde5dbd263d1222e4b28aca34c2cada3f169c1c247e237,Nomal/Male_Normal-0440.jpg,0.841,12,no
hn_feet_ec7d77f1beace2b9.jpg,ec7d77f1beace2b9c6045d199f8469fb1ff6c37fffd23d2df29d8a2f14133d30,Nomal/Male_Normal-0447.jpg,0.847,16,no
hn_feet_11d905787697b6e5.jpg,11d905787697b6e585990054a9ff649d4437dfd0b96344a2319144194fabe01c,Nomal/Male_Normal-0448.jpg,0.817,15,no
hn_feet_7985a125b4d8cfe1.jpg,7985a125b4d8cfe1d278e743e37773cd756a3f679b91e1da388dbbe63cf80a7d,Nomal/Male_Normal-0451.jpg,0.868,13,no
hn_feet_1c8326e457eadca3.jpg,1c8326e457eadca378819e0078600693343c3a9498761676f654c4dd79f58f93,Nomal/Male_Normal-0453.jpg,0.849,9,no
hn_feet_78703b06e4e2eb50.jpg,78703b06e4e2eb5054aa890e5db46b873d5a3816102d7d8dc731c7eb6ef4e7ed,Nomal/Male_Normal-0455.jpg,0.845,16,no
hn_feet_991e74bf6ddc7568.jpg,991e74bf6ddc756808cdd613db3ece8fff9478a4ebac52905d8627d5c0551097,Nomal/Male_Normal-0457.jpg,0.889,15,no
hn_feet_c3df8bd7ef14268f.jpg,c3df8bd7ef14268fd221c22330359c0126662971dbb61e51a28046eed92ae755,Nomal/Male_Normal-0462.jpg,0.863,8,no
hn_feet_cce63c52d5408240.jpg,cce63c52d5408240c1a4647998333ee887a69e1841f14bba9d1dbadf66c9a17f,Nomal/Male_Normal-0464.jpg,0.793,17,no
hn_feet_3b9b90397cf36b90.jpg,3b9b90397cf36b903e2af3dd3e964ffbe89f5f6e5928c51d4b9394667e202523,Nomal/Male_Normal-0465.jpg,0.853,16,no
hn_feet_2e25d51bf1b90aa0.jpg,2e25d51bf1b90aa04709dc6db6e0038ede529e1bd18d4a979ddfbe3e08e9ca82,Nomal/Male_Normal-0467.jpg,0.923,14,no
hn_feet_e6430e59e7c53dfd.jpg,e6430e59e7c53dfd660003f88b2c16b347c8457d3f441687e8e32445f64ff16d,Nomal/Male_Normal-0469.jpg,0.913,13,no
hn_feet_807179aa63abc5a6.jpg,807179aa63abc5a68f371a81ba507818a61ff8a8c9e9cc4a9456d3d5a9107d4b,Nomal/Male_Normal-0475.jpg,0.821,8,no
hn_feet_e428763910bb4395.jpg,e428763910bb4395dba941db0f14d331eb06f85f856ba393b5f6931e480a6754,Nomal/Male_Normal-0482.jpg,0.881,6,no
hn_feet_c267877f1ef84a04.jpg,c267877f1ef84a049dbdfa4c4977f2dfd077acef14766b7cf97073a0b72a15a7,Nomal/Male_Normal-0483.jpg,0.851,10,no
hn_feet_ff914cec414f1600.jpg,ff914cec414f1600898c6e2f641a71b3f35a6c42405c997156cdd1d4eb7b7636,Nomal/Male_Normal-0484.jpg,0.862,7,no
hn_feet_9da0b661d053bb55.jpg,9da0b661d053bb55f35fd73135022bfabf76cbebdf4e0b8ceb0632b94a6cd75f,Nomal/Male_Normal-0486.jpg,0.852,12,no
hn_feet_e7f2e0f2bb52f395.jpg,e7f2e0f2bb52f395bbc80a274fa1c87d07386c54ac6ca62add5aa9447dcdecf4,Nomal/Male_Normal-0487.jpg,0.870,9,no
hn_feet_a983e6e0cef3a0e0.jpg,a983e6e0cef3a0e073dc94234c6f39b1fee3f31b993ccbe22e02a28110ec6d51,Nomal/Male_Normal-0488.jpg,0.824,13,no
hn_feet_2593ca86ebbc8f94.jpg,2593ca86ebbc8f94d02fce46486decf8fecd11d580c1a9777850e20efdc3b43c,Nomal/Male_Normal-0491.jpg,0.872,15,no
hn_feet_863d540df325a8ad.jpg,863d540df325a8ad25c9eb46a5731c91ab43e5f5e0b3cce93df760c312f37aa6,Nomal/Male_Normal-0496.jpg,0.844,11,no
hn_feet_809a88ef22b8036f.jpg,809a88ef22b8036f4c70e300509db81ce489de316fccc7e24a634f310af90cb9,Nomal/Male_Normal-0498.jpg,0.879,11,no
hn_feet_72dbc8aca15e4d48.jpg,72dbc8aca15e4d48413b07a78c57047ae22eb02fc847ba6f3e7f050798fa2b75,Nomal/Male_Normal-0499.jpg,0.886,13,no
hn_feet_e5a87c7db25d3be1.jpg,e5a87c7db25d3be166a4102a3a0531f335489b470d454fa05c0c9e97dd97b9f8,Nomal/Male_Normal-0500.jpg,0.840,10,no
hn_feet_8dd5a0fcb0f50dfc.jpg,8dd5a0fcb0f50dfcc3c51d9cd94384fd4e6462091a81341d4d01371607713e38,Nomal/Male_Normal-0501.jpg,0.835,10,no
hn_feet_bab260426be701f7.jpg,bab260426be701f79261f9d23afd6321fdc9503a1cb7fa12000c47e920e788f8,Nomal/Male_Normal-0509.jpg,0.873,10,no
hn_feet_cfe4d77af14d58a4.jpg,cfe4d77af14d58a47f78fad89e6624f407c8a1bc790c90047f02680676a089fe,Nomal/Male_Normal-0510.jpg,0.878,11,no
hn_feet_23d98431a2eb2fee.jpg,23d98431a2eb2fee2a1027b33432becf78a42eb3fc6b552329dfe4589389b414,Nomal/Male_Normal-0511.jpg,0.902,12,no
hn_feet_a53e65692f6a632f.jpg,a53e65692f6a632f5eed3a38984c1023f22ef1780d399033d6912fbeaa372560,Nomal/Male_Normal-0513.jpg,0.858,13,no
hn_feet_dc9db48c019193c9.jpg,dc9db48c019193c9e2a9d66473f305913c985e98e3c59bff12abd09a8a415c98,Nomal/Male_Normal-0517.jpg,0.847,12,no
hn_feet_d9069569f3457997.jpg,d9069569f34579978027df78552f8abc2ef9517708ffb36c95dd3f88fa64d795,Nomal/Male_Normal-0520.jpg,0.842,10,no
hn_feet_e08a65e1afdea909.jpg,e08a65e1afdea909a26bc8c59a1d4dcdab9ec738057b8c49186f83a86df265c5,Nomal/Male_Normal-0523.jpg,0.862,10,no
hn_feet_d56f3b5c07b97485.jpg,d56f3b5c07b97485f0c0bd136bb5d6f70b0ae80727e48e1da711aff05fdacdfd,Nomal/Male_Normal-0524.jpg,0.893,8,no
hn_feet_78604ab7ec381621.jpg,78604ab7ec3816216a72518733aa31a9bed98d600737bb8f53ad844572bf24ab,Nomal/Male_Normal-0526.jpg,0.859,11,no
hn_feet_1537010a5318ffa4.jpg,1537010a5318ffa4d7326da362f960812094f70c260062f77f2813966163a389,Nomal/Male_Normal-0527.jpg,0.873,10,no
hn_feet_5bc4015e7514716a.jpg,5bc4015e7514716a7f7ff055d06d28c601dbcba006d40b5e61954b47933c86af,Nomal/Male_Normal-0531.jpg,0.870,10,no
hn_feet_0b6f67a6329a4f5a.jpg,0b6f67a6329a4f5af0b881411ec7835469cf4b1328b951c0081db709dcab1807,Nomal/Male_Normal-0533.jpg,0.889,12,no
hn_feet_a2e01def8e853723.jpg,a2e01def8e853723430683413185a27ea2592903c8f5d717eaadbe76cb20b60f,Nomal/Male_Normal-0534.jpg,0.897,8,no
hn_feet_719d51e051fc516b.jpg,719d51e051fc516b3186568c8b71ac98dae3650b7ef8acdde30c1377729d4552,Nomal/Male_Normal-0543.jpg,0.885,11,no
hn_feet_e302945d7835ed4e.jpg,e302945d7835ed4e50d2e66d5b59a78e6f921d65c5cf771e281c524abd6cfba0,Nomal/Male_Normal-0544.jpg,0.862,12,no
hn_feet_eeb60d9dc6244834.jpg,eeb60d9dc624483415c80cc04bff637329e0d646ba3c4a9611b2a7a6ee632100,Nomal/Male_Normal-0552.jpg,0.835,12,no
hn_feet_56434b30f00fe385.jpg,56434b30f00fe38578f16d647c3a21447f1b35821a893dd47ff391558de3670e,Nomal/Male_Normal-0553.jpg,0.836,8,no
hn_feet_6571cff21edef67e.jpg,6571cff21edef67e7f4bea2626f6a7cef1e0e9c08520be74f865cc1de0c182b2,Nomal/Male_Normal-0555.jpg,0.815,10,no
hn_feet_2614d3d694b92418.jpg,2614d3d694b92418cba7d558dd980f112237d2abbe7617df6afcc068b4cd3693,Nomal/Male_Normal-0561.jpg,0.846,12,no
hn_feet_62e9a9e8b8a741a7.jpg,62e9a9e8b8a741a7c7d12565f66771f1af662de38c0722743380b1a180ee61ba,Nomal/Male_Normal-0564.jpg,0.862,6,no
hn_feet_a71f7f2781c7f82d.jpg,a71f7f2781c7f82d3d5278d9e32207fd5f24d050a10a2dd3eba5d060d519fd04,Nomal/Male_Normal-0569.jpg,0.871,10,no
hn_feet_5fe9ec15e738fc47.jpg,5fe9ec15e738fc471b3d5bbaa56efad18a96fb1513dfb6118c974c212baa555b,Nomal/Male_Normal-0576.jpg,0.853,14,no
hn_feet_a6efcc203f1038bd.jpg,a6efcc203f1038bd0f77cfdcad65103b82ab2529db604fb93f36980d021d7014,Nomal/Male_Normal-0577.jpg,0.868,8,no
hn_feet_c479ab2cd33192e3.jpg,c479ab2cd33192e34c01cb8d981ea40a8f714b0a2af65d70848070c5735fbab6,Nomal/Male_Normal-0578.jpg,0.916,10,no
hn_feet_1fd12332e803b5f8.jpg,1fd12332e803b5f84d270eecc9871df06fc4e43aa3e1e1609a9818225e50051c,Nomal/Male_Normal-0580.jpg,0.868,10,no
hn_feet_c3f8ea9dc6c6d4f8.jpg,c3f8ea9dc6c6d4f8eeb5343c34e61a0018e3457ec9f4f04c3d5cff36486da9fe,Nomal/Male_Normal-0581.jpg,0.856,10,no
hn_feet_c2e7b4971434d9cf.jpg,c2e7b4971434d9cfd0a682004676c94791fed61b8702ab64754d8e7fab49b22f,Nomal/Male_Normal-0585.jpg,0.874,12,no
hn_feet_f5c9b6853dc03762.jpg,f5c9b6853dc037620fbad4303302c4d63a70766f851360478752ad8cc4be878b,Nomal/Male_Normal-0586.jpg,0.863,13,no
hn_feet_8722567a90c6e884.jpg,8722567a90c6e884e1cd22ac5176e613c546b08fb334719c1359354f837fadb8,Nomal/Male_Normal-0590.jpg,0.829,8,no
hn_feet_86e8696b53e9bb5c.jpg,86e8696b53e9bb5cefd835c97aed8608b3e87356f2cb8628d9e8cab757df4448,Nomal/Male_Normal-0591.jpg,0.867,13,no
hn_feet_7320559609d6a666.jpg,7320559609d6a66637c0e2944acb3d4dc7694ddaf8c4c071c23247ae24079a5a,Nomal/Male_Normal-0592.jpg,0.830,9,no
hn_feet_c9e891382e918ec6.jpg,c9e891382e918ec63988f56e61e73a1b25d5c1e3628c4d08fdacb1f6bbc1f065,Nomal/Male_Normal-0597.jpg,0.830,8,no
hn_feet_2783beb55b0a9897.jpg,2783beb55b0a98976f6054713b6902a2d068f5b0db52c250c8c46e8261abcc76,Nomal/Male_Normal-0600.jpg,0.898,15,no
hn_feet_83f9b97022ce5ee2.jpg,83f9b97022ce5ee2e783f625dda7c80b1f03f11bf5a7f111a7821c3e2a9fed4e,Nomal/Male_Normal-0601.jpg,0.887,11,no
hn_feet_40579e70e8f753e8.jpg,40579e70e8f753e88e83f43ebfc3bf0dfbca4ecd02c878ca635b96a5fa56840d,Nomal/Male_Normal-0603.jpg,0.873,8,no
hn_feet_13d5c070dce89f3c.jpg,13d5c070dce89f3cffbfa64086f690b83a095c6a9b831a1768b7eae2337680a4,Nomal/Male_Normal-0606.jpg,0.870,9,no
hn_feet_d514c332dad90dbd.jpg,d514c332dad90dbdd7d0ae23240b5be1c8ef5c72eb844b853db04a91ca56cb21,Nomal/Male_Normal-0609.jpg,0.898,8,no
hn_feet_92319cec9d89a3d7.jpg,92319cec9d89a3d7643f5fb1fbd892a18326a2db6839f89f99a1709a5a2cc80f,Nomal/Male_Normal-0613.jpg,0.872,11,no
hn_feet_c3ca49c4379ecea6.jpg,c3ca49c4379ecea62f7df49f74b590cdb664a3c84ff707f5133f75fcf9acedd7,Nomal/Male_Normal-0614.jpg,0.882,14,no
hn_feet_a30fbcb96375646d.jpg,a30fbcb96375646d886a8f27214809013e4caaa308193a234be41bc2bf9c232a,Nomal/Male_Normal-0618.jpg,0.869,15,no
hn_feet_1d99a85ac56167e9.jpg,1d99a85ac56167e972f4c341da29aa05d0a1d582e5cb93d1f89838867fcac590,Nomal/Male_Normal-0629.jpg,0.855,10,no
hn_feet_de0b655432bb6d71.jpg,de0b655432bb6d71b2ec3840ddb09ecb3a99f2afd3a5653c9e5acefd5d43873b,Nomal/Male_Normal-0633.jpg,0.869,13,no
hn_feet_c19d1871c8a93162.jpg,c19d1871c8a9316263067df89f97c957b4e964f39f2e77faebfac772ce0719e4,Nomal/Male_Normal-0637.jpg,0.858,14,no
hn_feet_799107e4ac54669c.jpg,799107e4ac54669c8c40b76c23e0990b8f4d3463b66a46a70ddebebaae88f042,Nomal/Male_Normal-0640.jpg,0.861,12,no
hn_feet_fde34c41bc6cb62b.jpg,fde34c41bc6cb62bb99d6915db7f56cd96e619fa75ada41e9e92dd8580532fec,Nomal/Male_Normal-0647.jpg,0.848,13,no
hn_feet_9c7f0ee379e8f5e6.jpg,9c7f0ee379e8f5e649852735c688ce8019670ee1a6bdcce8cdde8ab0a6922e67,Nomal/Male_Normal-0654.jpg,0.854,15,no
hn_feet_90542d37cadf3740.jpg,90542d37cadf3740324e8b5a362b568c10c19c0fdb4c7b46dc90d9690bcd1d37,Nomal/Male_Normal-0657.jpg,0.778,15,no
hn_feet_415159376bf0f6c8.jpg,415159376bf0f6c8695c87e05ebf33f2bb9ea19629c62ecde0302cd1579f67aa,Nomal/Male_Normal-0660.jpg,0.880,15,no
hn_feet_11ba573890c3c109.jpg,11ba573890c3c10966dbf72a511216a2c81f6936b40f1f0217f54bcb2a09bcd3,Nomal/Male_Normal-0663.jpg,0.814,12,no
hn_feet_58bb44d1e4fbfcb2.jpg,58bb44d1e4fbfcb27b436350bf1a145e0930135043ce6c2cbd7fcb8a285f82e4,Nomal/Male_Normal-0664.jpg,0.833,15,no
hn_feet_053e290c922edf0e.jpg,053e290c922edf0eccc7abb482607d8b235b51b4435c805ae1b3bd8dd35b99ef,Nomal/Male_Normal-0665.jpg,0.872,13,no
hn_feet_7c5e0466a85b191e.jpg,7c5e0466a85b191e1abffc52954f9f5ce0518bc661b8170486f8c04bfd7a09ae,Nomal/Male_Normal-0671.jpg,0.860,12,no
hn_feet_d46b477b05ed7b97.jpg,d46b477b05ed7b9788a8a08f538b599e5cb826b497ae6046c82ee1cf80882071,Nomal/Male_Normal-0672.jpg,0.867,12,no
hn_feet_2cf07a11216bca73.jpg,2cf07a11216bca739c53a0c7f7f99a242c80a356e06db4ce88d6cf8d034513ac,Nomal/Male_Normal-0673.jpg,0.884,15,no
hn_feet_4abc9f86657c3cef.jpg,4abc9f86657c3cefccb6cd9689972b57153180dfa8265aa17a117a3b46556052,Nomal/Male_Normal-0676.jpg,0.856,15,no
hn_feet_69b7fa1aee77639c.jpg,69b7fa1aee77639cdccdf910003c710accbc27aa46f918101c736b212dbec59c,Nomal/Male_Normal-0680.jpg,0.854,13,no
hn_feet_09386dd40b06ecdf.jpg,09386dd40b06ecdfed80128b1dae64a27c36a9a841caa8e6721ca164ae287b1d,Nomal/Male_Normal-0682.jpg,0.864,14,no
hn_feet_68c0672d23016db5.jpg,68c0672d23016db508449e6269ca3b46aa03e4c4766ed41d36a63aefef1d693e,Nomal/Male_Normal-0683.jpg,0.860,18,no
hn_feet_54062f1a0c48030d.jpg,54062f1a0c48030de41a9cc081b8b58062ddf362ab7f50c44addb64ba4cc8674,Nomal/Male_Normal-0686.jpg,0.853,13,no
hn_feet_04bbe157ec6b09ab.jpg,04bbe157ec6b09ab700786cc69fcb12792e4dae3d8dad0b6b274d91d755a3672,Nomal/Male_Normal-0690.jpg,0.860,15,no
hn_feet_774b9cccea50d99a.jpg,774b9cccea50d99ad851572a205cbd42f7b6a022dcd2c395ac306d1e91d717da,Nomal/Male_Normal-0694.jpg,0.865,15,no
hn_feet_fd4359adb4deb254.jpg,fd4359adb4deb2541cd2deae73f7ea38ca4f0b3387f36a0b3f0d72c7ae5200aa,Nomal/Male_Normal-0695.jpg,0.803,15,no
hn_feet_48eb15b325428339.jpg,48eb15b32542833996e89304310c3ef2bc537c1a40fc661211126dce5154094f,Nomal/Male_Normal-0698.jpg,0.866,13,no
hn_feet_87bc11a4203067f7.jpg,87bc11a4203067f701ad993ea44145ebdc7065d78d20352854a64f470178a27a,Nomal/Male_Normal-0701.jpg,0.847,11,no
hn_feet_3eea67e86789c64a.jpg,3eea67e86789c64a72ac110368bb851dda3bd144d8f397269fbe57554910cb9a,Nomal/Male_Normal-0702.jpg,0.876,10,no
hn_feet_6b67b28da349ab01.jpg,6b67b28da349ab0107bd07643f5fdfcbdb9a8d284228d86f4bf11cd86779e31b,Nomal/Male_Normal-0706.jpg,0.821,10,no
hn_feet_6a7469892351c89b.jpg,6a7469892351c89bc4220a79fe709df5ae8f99b3c51f6d0166f0874bfd09af9c,Nomal/Male_Normal-0707.jpg,0.838,14,no
hn_feet_793ae104f06afbc9.jpg,793ae104f06afbc9ce19769c19dc5a161f2a354eb34801e0ee259cb665f52f4e,Nomal/Male_Normal-0709.jpg,0.805,12,no
hn_feet_98d6d65ff424c122.jpg,98d6d65ff424c12285d6f24cb1a7980e526ab6dec8cbf504661de90c5f6b4e38,Nomal/Male_Normal-0710.jpg,0.858,10,no
hn_feet_c209f3e880dd4c1d.jpg,c209f3e880dd4c1d4281f0fe0e97a2ff249b2db4a1a7d8147482aea81909ae4f,Nomal/Male_Normal-0711.jpg,0.841,13,no
hn_feet_b524dd65c9eaffbe.jpg,b524dd65c9eaffbe62f43e4b32bc469ff286795c98ce957a03dd0ae811321380,Nomal/Male_Normal-0712.jpg,0.818,10,no
hn_feet_a976ec26ac15ff7b.jpg,a976ec26ac15ff7bb2bd6bf9663217fab02a47d27970f25807532524f9e1c054,Nomal/Male_Normal-0714.jpg,0.867,12,no
hn_feet_c39892781bf377da.jpg,c39892781bf377da4ef7918f984b9866bbb909e44127be6bd2b170f1eff5b5c9,Nomal/Male_Normal-0716.jpg,0.884,9,no
hn_feet_c413f3e2af02dea1.jpg,c413f3e2af02dea1ec04c80bdd8ae425813fa5363102c93550ab793e6cddb976,Nomal/Male_Normal-0718.jpg,0.896,10,no
hn_feet_fd73cb6e58b4508c.jpg,fd73cb6e58b4508c0daa55e65ede4c3ae16f66efe45dfb4661e82415378c6352,Nomal/Male_Normal-0719.jpg,0.869,15,no
hn_feet_89ab1639745a6b96.jpg,89ab1639745a6b96c04e7f60ce3b915e6834c92d7ccf4a1bb535cbbaea5bd34a,Nomal/Male_Normal-0721.jpg,0.867,12,no
hn_feet_f2bb51e31b4d49b0.jpg,f2bb51e31b4d49b0ffecb1ac96eef91227749067430dccc8d0a388ea32813bba,Nomal/Male_Normal-0722.jpg,0.868,16,no
hn_feet_301e14664e668d1b.jpg,301e14664e668d1b089e02cc292eaae2a2cef492f936556156e6c1ed9055565c,Nomal/Male_Normal-0725.jpg,0.853,17,no
hn_feet_b62061e19ccf35f7.jpg,b62061e19ccf35f72c40d99f69bd86fc91362486c85700ba21bb604724ba0970,Nomal/Male_Normal-0730.jpg,0.867,12,no
hn_feet_86abb5e153509614.jpg,86abb5e153509614d97974dd689568de6e40c6d837e661e456ee58e117eb8db6,Nomal/Male_Normal-0737.jpg,0.874,8,no
hn_feet_09dfabf33f8d2ca2.jpg,09dfabf33f8d2ca23d1940c3eb22112720fec072f62acb50f0eab1b6dd3ba7e3,Nomal/Male_Normal-0738.jpg,0.866,8,no
hn_feet_1f763a4b19a2eae3.jpg,1f763a4b19a2eae3d0d0a198bce34ab1c5506dacb88e4d85a9c7e1f5d09a7db5,Nomal/Male_Normal-0741.jpg,0.856,13,no
hn_feet_ad7861f906f22343.jpg,ad7861f906f22343757733d5b2604b1ed45a99ebc97ebac137862e71a1c0cd43,Nomal/Male_Normal-0743.jpg,0.833,12,no
hn_feet_c06c164d2556f5b9.jpg,c06c164d2556f5b9449d0ecbf23a93b938ae7dd255db761f97cda5716b775932,Nomal/Male_Normal-0746.jpg,0.852,13,no
hn_feet_4961740dd2810578.jpg,4961740dd28105785b95b3848ffbe421b2552006e414316aa3b1fcaedaa2363b,Nomal/Male_Normal-0749.jpg,0.828,11,no
hn_feet_9df26140b0e6407b.jpg,9df26140b0e6407bba766d506a9d1c3fd9e8c0451faba1be83918d3891e47cc0,Nomal/Male_Normal-0753.jpg,0.871,14,no
hn_feet_fbbd376d49c5d006.jpg,fbbd376d49c5d006cb88135f48a2e7782ca8dc15633a4936337939ec886c1dc7,Nomal/Male_Normal-0754.jpg,0.836,16,no
hn_feet_89e5316eb6b2d6d3.jpg,89e5316eb6b2d6d3f56cf39b41e1e928055b1631faa29ecb4740845edb4390b5,Nomal/Male_Normal-0756.jpg,0.881,7,no
hn_feet_e4f5c6a6cdc1be93.jpg,e4f5c6a6cdc1be93f1431edd725a49c4bc45efb90fe61c13305b23c3880dd89d,Nomal/Male_Normal-0757.jpg,0.821,12,no
hn_feet_682efe570c455bc0.jpg,682efe570c455bc06a874b70a341bbb8de29d8a9d62af14bb7e20e37f77f7de2,Nomal/Male_Normal-0759.jpg,0.847,15,no
hn_feet_1aa4238afa32b56f.jpg,1aa4238afa32b56fc06576110c32052c3263c6553b5ddb8e1890931a8a1d9581,Nomal/Male_Normal-0761.jpg,0.842,12,no
hn_feet_66242c8e560322e6.jpg,66242c8e560322e66b3228b05a9c6dd54903e457c372e2e658fd79e5834dc56c,Nomal/Male_Normal-0762.jpg,0.841,13,no
hn_feet_5573a3e20e982782.jpg,5573a3e20e982782d8c9b59712b0fcf636c95e951e84bffa92d4946eb7f09c08,Nomal/Male_Normal-0770.jpg,0.878,10,no
hn_feet_8f045d863721a2e3.jpg,8f045d863721a2e3f6bdbe1ccae544d39938adf4814ef08ca7eb4c24fdcb439d,Nomal/Male_Normal-0773.jpg,0.821,15,no
hn_feet_6dceb0f0dd8b30f8.jpg,6dceb0f0dd8b30f81bc778acc6b914dbe0006ed0d1c5d1a00819b81fce792cba,Nomal/Male_Normal-0775.jpg,0.871,11,no
hn_feet_92f39e25c32270e6.jpg,92f39e25c32270e6d888fe95e8024443f3f492588c94375913b610dcb2afab72,Nomal/Male_Normal-0776.jpg,0.851,11,no
hn_feet_3def737784ab9f39.jpg,3def737784ab9f395fd47d3521fa246fdc301421c830e5580448c241950f3140,Nomal/Male_Normal-0777.jpg,0.833,10,no
hn_feet_0259943442eddc53.jpg,0259943442eddc531b34ff49d3822f4c5a7d566a01fc7c1b339ab07bbd1a944d,Nomal/Male_Normal-0778.jpg,0.866,12,no
hn_feet_79724c90191a4e3d.jpg,79724c90191a4e3d710f044cc03283a387774a73bef1895f632e16e50aab2db7,Nomal/Male_Normal-0779.jpg,0.888,15,no
hn_feet_d4773057360032fe.jpg,d4773057360032feaab4f2a489042d5165dc8735fbdec6201a2276ffbae4713c,Nomal/Male_Normal-0781.jpg,0.830,13,no
hn_feet_f57c40f68baae90c.jpg,f57c40f68baae90c2822c08e99cd3e9131988abfaaebdd7217ad6d8c9f7ce20b,Nomal/Male_Normal-0782.jpg,0.812,10,no
hn_feet_a21b540e8088a620.jpg,a21b540e8088a620bebbcfce6aa5089497fdd6ef2f834ffdceba42a5114888ba,Nomal/Male_Normal-0783.jpg,0.861,17,no
hn_feet_fe179f4dafb9caab.jpg,fe179f4dafb9caaba7b2be923fbb7865f91ebbe36ebf7e25e44e6f568333b3bf,Nomal/Male_Normal-0784.jpg,0.853,14,no
hn_feet_7604769f8afc938a.jpg,7604769f8afc938a50588440803c2ba90b022ef5cc8dc4d28b92a078ffd39b0d,Nomal/Male_Normal-0785.jpg,0.847,9,no
hn_feet_025982402c9c01f2.jpg,025982402c9c01f2179e6d0890143077fdbcace222e21a261b2886da148b67d5,Nomal/Male_Normal-0786.jpg,0.873,12,no
hn_feet_1b85f19afb4f955d.jpg,1b85f19afb4f955d14758abdb503e4cd6842dccb84643cdff8e7ddc38e54a59c,Nomal/Male_Normal-0788.jpg,0.887,11,no
hn_feet_55a05197f1989090.jpg,55a05197f19890904f0ce877a091fb4e6c4e1a8343942ba7d2f2b77df9a68459,Nomal/Male_Normal-0789.jpg,0.874,14,no
hn_feet_69193e682c5ec9fa.jpg,69193e682c5ec9fae0e5e7fdcda29bf1e97f3c7cfbaf946d908d7ba77fbf411b,Nomal/Male_Normal-0791.jpg,0.882,14,no
hn_feet_2716793a690b33ac.jpg,2716793a690b33acb1822d81c8bf3c42ed7932bd54c9eaa5eb29face0efea6d7,Nomal/Male_Normal-0792.jpg,0.841,15,no
hn_feet_370eb1ac549ba240.jpg,370eb1ac549ba240099b020324081f202611f53d365ca8794153ea34ef830556,Nomal/Male_Normal-0793.jpg,0.875,12,no
hn_feet_157d3160e42f6517.jpg,157d3160e42f651729a4973d3384f7e847ee36eaf149e861e91c0c11c9706d58,Nomal/Male_Normal-0794.jpg,0.864,13,no
hn_feet_edbd3844a07dd9ef.jpg,edbd3844a07dd9ef9217172410b347185a148278ffbccb6d4b47d1cf8b2c84dd,Nomal/Male_Normal-0797.jpg,0.845,10,no
hn_feet_ea4514a6a27a3ec0.jpg,ea4514a6a27a3ec0b78b3e5c026409851b1a5eaf35f427610972def5a411e963,Nomal/Male_Normal-0798.jpg,0.824,9,no
hn_feet_e99700a12516cb9a.jpg,e99700a12516cb9a4d7501c67b79be8abd4a1ccd49d5e7103e73e20caff7640d,Nomal/Male_Normal-0800.jpg,0.821,13,no
hn_feet_8f9851b881b88dca.jpg,8f9851b881b88dca69c50c816e10d131ab58cfe122749b44345d421f881cee7a,Nomal/Male_Normal-0801.jpg,0.768,12,no
hn_feet_c7b705be8644f062.jpg,c7b705be8644f062ddc29fdca0a5c3bfc0f8bcebc829e22ceb30659c9739f3b7,Nomal/Male_Normal-0802.jpg,0.795,7,no
hn_feet_2bea6748bf077aa1.jpg,2bea6748bf077aa1c5b07591c6efa05e03f7efbcc62fc20ffdfe42e0eb12b670,Nomal/Male_Normal-0803.jpg,0.826,11,no
hn_feet_8e2fbbc05b75cd52.jpg,8e2fbbc05b75cd52737b5ecf0bb3151cc70106f545329bd63a255aa1aaf37da2,Nomal/Male_Normal-0809.jpg,0.853,14,no
hn_feet_eaecf7b97df9c390.jpg,eaecf7b97df9c39072df6fac55847bacb1e9fb46c974343f536b578aa05167ec,Nomal/Male_Normal-0810.jpg,0.849,5,no
hn_feet_d14c2355f8b84b40.jpg,d14c2355f8b84b40f6bb5b3c8f866b89db992fe3e2fc6cbdc51c28fc88a20822,Nomal/Male_Normal-0812.jpg,0.840,11,no
hn_feet_ea4b6a9a3471cee4.jpg,ea4b6a9a3471cee4d13213b7b0c1348fea1ff33bdf76126a92286ff15ea30339,Nomal/Male_Normal-0813.jpg,0.863,8,no
hn_feet_91a2b9c4851f22bb.jpg,91a2b9c4851f22bb650fe966422113f541f9d16baf313f0499813f8012106734,Nomal/Male_Normal-0816.jpg,0.889,11,no
hn_feet_6805b3dac85841e4.jpg,6805b3dac85841e4e258fd5b9a2ec37099fb1df33c82f32b73881e54fa9748e0,Nomal/Male_Normal-0817.jpg,0.828,9,no
hn_feet_611b2b1e20663afb.jpg,611b2b1e20663afbd06904b7a11433ca79ae541da749e9c795b625b49fe4fb8f,Nomal/Male_Normal-0818.jpg,0.861,9,no
hn_feet_f2011802ce5fbb63.jpg,f2011802ce5fbb63b92a0d9268a3a24560c5139ba41b0fac69d410fb8c279b8e,Nomal/Male_Normal-0820.jpg,0.854,11,no
hn_feet_17fa5779a87d2553.jpg,17fa5779a87d25535153ea7c6b4c269d05f3e6bd649889e096c782f082dee0a3,Nomal/Male_Normal-0822.jpg,0.852,11,no
hn_feet_1781d58a2d5ad9ee.jpg,1781d58a2d5ad9ee3449a7ec0693e6f9d8cf3490f06d02014f9b0a2d0f04d214,Nomal/Male_Normal-0824.jpg,0.841,11,no
hn_feet_ad57fb11151d1cdd.jpg,ad57fb11151d1cddf16eee3d121f6f4441c9cc61f124223d9999970a42706dd3,Nomal/Male_Normal-0830.jpg,0.844,8,no
hn_feet_70737e1db26faddb.jpg,70737e1db26faddb1a44226aa42f73c04131a031b3d7aea7a59f7367ccf6e31b,Nomal/Male_Normal-0832.jpg,0.833,12,no
hn_feet_82d636db40d373cc.jpg,82d636db40d373cc186bdc9c39e0e12cf840b61e4570f9a32b4593151c209129,Nomal/Male_Normal-0838.jpg,0.851,11,no
hn_feet_fbf14d99f388c9db.jpg,fbf14d99f388c9db671554001411796a9cd403831178bae66f449749b2fc04f3,Nomal/Male_Normal-0845.jpg,0.877,9,no
hn_feet_9a50740eb24dff15.jpg,9a50740eb24dff157502de1a83067cbf53881380f8781190996bf950a985c466,Nomal/Male_Normal-0846.jpg,0.802,13,no
hn_feet_2c83e865a9dd7c28.jpg,2c83e865a9dd7c282b2f42e895603576613be4cd7fa949f72ecad11de9c73a3b,Nomal/Male_Normal-0847.jpg,0.880,13,no
hn_feet_a977b603a718bc99.jpg,a977b603a718bc9906ba8d0e107a75eba2646dd3f5486d179d8c37dfb422a1ac,Nomal/Male_Normal-0850.jpg,0.833,10,no
hn_feet_5f9b36cccfa5828b.jpg,5f9b36cccfa5828b211efc9d45e3fe136e5f0320119ae95bd29835e19c707a1c,Nomal/Male_Normal-0853.jpg,0.817,11,no
hn_feet_5e613ee9dc87705e.jpg,5e613ee9dc87705e00cc7d51195423e3f3b650893d46ca161ef77ab6c5af3be3,Nomal/Male_Normal-0854.jpg,0.833,11,no
hn_feet_37b3073057da25ae.jpg,37b3073057da25aed2a24df8a95b130785e9435bca3c9acb006409c959051c39,Nomal/Male_Normal-0857.jpg,0.805,13,no
hn_feet_e5e0237e431e20f4.jpg,e5e0237e431e20f46c63d6597e95270d4f9b0e93f1f60d02b05bd5fdfb4e2d01,Nomal/Male_Normal-0859.jpg,0.855,12,no
hn_feet_3ba56d635ad4345c.jpg,3ba56d635ad4345cadf489d778f2616092eba8bdaaf125bd57919794242922fc,Nomal/Male_Normal-0860.jpg,0.848,9,no
hn_feet_a6099a3764dd67d5.jpg,a6099a3764dd67d54a9fa1e44a7e8d822615489e9e86c4b039b15ffda8740bbb,Nomal/Male_Normal-0861.jpg,0.805,8,no
hn_feet_9b5a997da9b8d0cb.jpg,9b5a997da9b8d0cb5406d660aa693c402f3ee0c3e2671a5725601ec159ecdb11,Nomal/Male_Normal-0862.jpg,0.812,9,no
hn_feet_0b51751acf8a5a10.jpg,0b51751acf8a5a10ab88d5941cfde3b0d02d882b1197fc83bb86cdd8dae68463,Nomal/Male_Normal-0863.jpg,0.825,15,no
hn_feet_2ee43bec4b40b013.jpg,2ee43bec4b40b0134d6a05851dad134dd084c06bda65be91a3fefdba7971e2ec,Nomal/Male_Normal-0864.jpg,0.822,13,no
hn_feet_b55d4dc35bd770fe.jpg,b55d4dc35bd770fed02f007ebd8fdd76094832fed1c2ad55cfd9b7c254458693,Nomal/Male_Normal-0867.jpg,0.863,10,no
hn_feet_635bd701a41a7cad.jpg,635bd701a41a7cad165e8ad90175e7f34bd907576a9c2e117ac9c5eb0348cbab,Nomal/Male_Normal-0868.jpg,0.839,12,no
hn_feet_4d64e7a880f1b40d.jpg,4d64e7a880f1b40d2b9b34ff34260ea05c3ebd3b55cf1c983ccc26f0b8fe66c4,Nomal/Male_Normal-0873.jpg,0.835,9,no
hn_feet_feab4be19827f758.jpg,feab4be19827f7585bb6ba4271d80d98aee9ad28b289718042df823286997109,Nomal/Male_Normal-0874.jpg,0.851,13,no
hn_feet_f90186d6ad5f7f48.jpg,f90186d6ad5f7f4842ad767068a54771d938e6c2326a403ebb8d15ef2ded9553,Nomal/Male_Normal-0875.jpg,0.808,12,no
hn_feet_079131c5da738d3c.jpg,079131c5da738d3c8bf2cbf312eb8fe61d34dbc80c35dff881183e623a23b86e,Nomal/Male_Normal-0876.jpg,0.816,10,no
hn_feet_5c11dfeeb0c21c41.jpg,5c11dfeeb0c21c41f320dd6ed520f3b0566bba256aee80ea49691e6ca57e11ff,Nomal/Male_Normal-0878.jpg,0.841,13,no
hn_feet_1f5141b808121deb.jpg,1f5141b808121deb4424957ded821aec4654206a011f9e2bb6eed026b2b6b5ff,Nomal/Male_Normal-0879.jpg,0.844,13,no
hn_feet_351a8a47b336c93a.jpg,351a8a47b336c93abc83edc208d37f2f6c4a40b16b95a5772e87477ed84ad699,Nomal/Male_Normal-0881.jpg,0.831,14,no
hn_feet_e1204c077c2d72d6.jpg,e1204c077c2d72d641e6a4437c3a9c848697e703250a913b7564ceff51e6ef40,Nomal/Male_Normal-0888.jpg,0.853,15,no
hn_feet_d6802c80be2c633f.jpg,d6802c80be2c633fe3ed14f9815f1b137793fd5ba7728c3b7ee0262d111155d3,Nomal/Male_Normal-0889.jpg,0.805,11,no
hn_feet_5c97b91a94e70298.jpg,5c97b91a94e7029837a7dd5ad4f79e3f8fd6e6b90c44c58609116b69c27a18ed,Nomal/Male_Normal-0892.jpg,0.828,11,no
hn_feet_606f9be25bdee55e.jpg,606f9be25bdee55ea6f5175e9a08500dc5a4eeec7818d05bc7ccaeacbcf5c71f,Nomal/Male_Normal-0894.jpg,0.826,10,no
hn_feet_1ef518f0e2fcea07.jpg,1ef518f0e2fcea0799351f2b156dd75512dcfa2291b2552f69f93b7364dc6b90,Nomal/Male_Normal-0896.jpg,0.838,15,no
hn_feet_75cbefee6eb6628a.jpg,75cbefee6eb6628a10134e43abbf15e451ab255139345886ac4118c9acc22209,Nomal/Male_Normal-0897.jpg,0.856,11,no
hn_feet_a362ce7cedf02b4c.jpg,a362ce7cedf02b4cfe269d4a537759421917306064b1386892f925628a0f0d2e,Nomal/Male_Normal-0898.jpg,0.853,14,no
hn_feet_483af83c48021b4c.jpg,483af83c48021b4c5485de7f0cc47b3829377d4e1d0bf85bd1e0f0fc478b0a8d,Nomal/Male_Normal-0900.jpg,0.875,6,no
hn_feet_7f3f23e10dc8a67b.jpg,7f3f23e10dc8a67b7e7e697caad8b05e62bfb0ce22d1de1319ae4cbd35b02c40,Nomal/Male_Normal-0908.jpg,0.874,11,no
hn_feet_d65ddd588523550d.jpg,d65ddd588523550d629c26c03304c0a99e76fce31f541ad78c8b401ccc4baecc,Nomal/Male_Normal-0910.jpg,0.854,12,no
hn_feet_b1755d18430cf58c.jpg,b1755d18430cf58cc14eca02d8a8bfaf5469dde32ad0f7693b65012418dfe2da,Nomal/Male_Normal-0911.jpg,0.819,17,no
hn_feet_f2805e1c4b1fd446.jpg,f2805e1c4b1fd446c9b0e0b97c30cfa6683e3a8b218ea2a7cf23838af2a24c92,Nomal/Male_Normal-0913.jpg,0.788,16,no
hn_feet_181defd78201e642.jpg,181defd78201e642e5e3939e6a4376bff3ecc6435c50149ab3e9310f55a8dcc6,Nomal/Male_Normal-0918.jpg,0.852,9,no
hn_feet_8495badfbb0de1fe.jpg,8495badfbb0de1fe4228e9760402c569b0de426414e1d230d57286896ef69033,Nomal/Male_Normal-0921.jpg,0.855,9,no
hn_feet_afc723fbc61324db.jpg,afc723fbc61324dbb4613e48b2fe7cabb27dcea84a2ec2e5d519113343373bab,Nomal/Male_Normal-0922.jpg,0.858,12,no
hn_feet_5dff92c5f87d13c8.jpg,5dff92c5f87d13c8b921ce83538392e3433f9c2706feecffef6caf42d16956c5,Nomal/Male_Normal-0923.jpg,0.841,9,no
hn_feet_1d7ccedd29ff6605.jpg,1d7ccedd29ff6605cb7def3a84d52ab650fe32f7ad548a4ba60937b5ac691b6b,Nomal/Male_Normal-0924.jpg,0.847,12,no
hn_feet_cce3770c2439923f.jpg,cce3770c2439923f3cddcd194fa1b20862cf7a8f226ee10e45f1a3d7138204c6,Nomal/Male_Normal-0928.jpg,0.867,14,no
hn_feet_eafc2f5a3d6f26e0.jpg,eafc2f5a3d6f26e048bf053bbd0adea4e592e3c0bf7f238d27943d1ae3547732,Nomal/Male_Normal-0929.jpg,0.832,13,no
hn_feet_741d5a4f58752936.jpg,741d5a4f58752936a65e89a5b6fa58d71549c2430afce20e3b7edf1fd5f38ba5,Nomal/Male_Normal-0931.jpg,0.846,9,no
hn_feet_57659a026241fd01.jpg,57659a026241fd014fa491282765af9dd70dd4596fbb3f7344af8ebaa2209905,Nomal/Male_Normal-0932.jpg,0.891,14,no
hn_feet_9e86abb3ee8cc6c1.jpg,9e86abb3ee8cc6c1056719252579b684f4718987c54972beb3b96be3539790e4,Nomal/Male_Normal-0936.jpg,0.904,14,no
hn_feet_a5e68842c4dedc84.jpg,a5e68842c4dedc84d6e62523127465d4ac453f2d60a7bc555843981be4bfaa19,Nomal/Male_Normal-0940.jpg,0.880,12,no
hn_feet_29291d5e918377d6.jpg,29291d5e918377d62b4e5d24c129c3662a230b06a03e5645a5754d30a83cc283,Nomal/Male_Normal-0941.jpg,0.867,13,no
hn_feet_127a702341fdc4ac.jpg,127a702341fdc4ac58d06ccc90a7e83fc685f0b14456218b94bd1492b2510d41,Nomal/Male_Normal-0942.jpg,0.847,8,no
hn_feet_0a4b1a8b06e7c17c.jpg,0a4b1a8b06e7c17ce18f178d828069e204721d77c0c1b998cab63e43b4c5a97c,Nomal/Male_Normal-0943.jpg,0.877,16,no
hn_feet_4c06f39aba0823e9.jpg,4c06f39aba0823e94963f01720d127ad12adc436a7d9cd8ed95099a4f0a7cb76,Nomal/Male_Normal-0945.jpg,0.859,10,no
hn_feet_8654d7501045d345.jpg,8654d7501045d345bbb3f6e952c97d59b59b833036b0ad25ab666a5d639a6125,Nomal/Male_Normal-0947.jpg,0.869,12,no
hn_feet_35abebcf4f2840fa.jpg,35abebcf4f2840fa6a394cda1a72496311a2437fd1339736a89eb0c500279529,Nomal/Male_Normal-0948.jpg,0.853,14,no
hn_feet_025206f6828fb473.jpg,025206f6828fb4730234087ea6bc3a48e7f4ec1849be891258a5ae9bd73d5cc1,Nomal/Male_Normal-0953.jpg,0.859,9,no
hn_feet_2fe83dcb017156cf.jpg,2fe83dcb017156cf7d1b0277dbb67b11c63d026afe4e9d1ffaaa8aa8e44b9b5f,Nomal/Male_Normal-0954.jpg,0.903,14,no
hn_feet_a6e2fbf87852cf2c.jpg,a6e2fbf87852cf2c0a3c8e3e1b559d11c1698ce76f19c8b582f274f40034aecc,Nomal/Male_Normal-0956.jpg,0.854,7,no
hn_feet_f19d3d080e24fd84.jpg,f19d3d080e24fd84646d92c242b065adec97082f760ec7ff73b6e6897439011a,Nomal/Male_Normal-0957.jpg,0.870,11,no
hn_feet_dd97b84b0b3c4100.jpg,dd97b84b0b3c41008ed345eeabb025329f27666679e2f7fe0c0051ecf787fc4a,Nomal/Male_Normal-0958.jpg,0.839,9,no
hn_feet_10ed52a53d597fc8.jpg,10ed52a53d597fc84239fe78a4ec2e28b7250dbdeb37cbf814d671ce81e70628,Nomal/Male_Normal-0959.jpg,0.886,14,no
hn_feet_19ff8fd59504d80a.jpg,19ff8fd59504d80a0828bd42c6ad9a326a3cdfc5a747e2d183beaa322a7be058,Nomal/Male_Normal-0962.jpg,0.824,13,no
hn_feet_17bcda87134ffc00.jpg,17bcda87134ffc00a352a9e243501aeefbebea21564c027ed1b525cd04dd6cfc,Nomal/Male_Normal-0964.jpg,0.884,9,no
hn_feet_3e2cfb729e6fe248.jpg,3e2cfb729e6fe2480c21f6a3d3a8232a832431e4cb8b2d8daaf9d2fe9abfff98,Nomal/Male_Normal-0965.jpg,0.856,12,no
hn_feet_a3e8d021d6fc752e.jpg,a3e8d021d6fc752e7d195ee9eca362dc3b4c8215bf235966ce33f225be86ae4d,Nomal/Male_Normal-0966.jpg,0.857,9,no
hn_feet_1c120903a5368084.jpg,1c120903a5368084884b9725572f370e9c149c6b7b8ea8fe266db5e834aef126,Nomal/Male_Normal-0970.jpg,0.774,12,no
hn_feet_bdd00c8c9974b185.jpg,bdd00c8c9974b1856822a08ab6933bea87d1ed0ac96306dd744ed44e510ec6fc,Nomal/Male_Normal-0971.jpg,0.848,10,no
hn_feet_6aaa38903ce00a1c.jpg,6aaa38903ce00a1c55dc7489575661d73e6b4397c47977cdf38fd52df69fb3ba,Nomal/Male_Normal-0972.jpg,0.854,10,no
hn_feet_b8a0fe8797439af3.jpg,b8a0fe8797439af360f4659c645886b31cf2815a9764e2a329fd230f4eb2f665,Nomal/Male_Normal-0974.jpg,0.864,11,no
hn_feet_fe935c8d79d0f58c.jpg,fe935c8d79d0f58c384262fadefb3ab356d4238bfc792af98d72eb7668743f08,Nomal/Male_Normal-0976.jpg,0.900,14,no
hn_feet_fdcb07bb91923823.jpg,fdcb07bb919238232a23619d491dbfa29576a593c681dc534383ba979db051f4,Nomal/Male_Normal-0978.jpg,0.859,14,no
hn_feet_50dcde3670099815.jpg,50dcde36700998158e60193f2cd42a8965905d88002049fc02f7eec885f87e83,Nomal/Male_Normal-0979.jpg,0.881,6,no
hn_feet_9234a90210500866.jpg,9234a90210500866e63cb60f092da1bbfa9959b61a41e3a052359d02831386a6,Nomal/Male_Normal-0980.jpg,0.855,11,no
hn_feet_827a46c13db95c9a.jpg,827a46c13db95c9a8b2ce40b81cfdaae4f8f418240c2b1b8c532e49301cd0406,Nomal/Male_Normal-0981.jpg,0.858,11,no
hn_feet_85612c152bab1b20.jpg,85612c152bab1b207db7ce89df2af428dff1c6962a4544fe085fb1e4b3ab6623,Nomal/Male_Normal-0982.jpg,0.845,9,no
hn_feet_3de0b7daf5340089.jpg,3de0b7daf534008974cf8763f686d57ccd043a4843c2342ebe83576be594b28d,Nomal/Male_Normal-0985.jpg,0.855,12,no
hn_feet_04204fec1dbebc0f.jpg,04204fec1dbebc0fb88a1dec728d680bc9839f907144f7bcdfe49a1a36fae66b,Nomal/Male_Normal-0987.jpg,0.844,5,no
hn_feet_eab39caca12bb0e9.jpg,eab39caca12bb0e9545f8b079a4729f6eab46d40c95b58525005b436c672c12c,Nomal/Male_Normal-0988.jpg,0.882,10,no
hn_feet_cd346e528b252f16.jpg,cd346e528b252f16da9eb4a94c41f6608e9a513b1a65a6e8aa9295e6e048083d,Nomal/Male_Normal-0989.jpg,0.854,12,no
hn_feet_cfc7ede5c245fdc6.jpg,cfc7ede5c245fdc66cde5ab5f9b2fb98e5ce389d8533ce92eb1fe39c1561c941,Nomal/Male_Normal-0990.jpg,0.841,8,no
hn_feet_87158f1b2677431e.jpg,87158f1b2677431e1f070cdb6f00efad3c9fb1af1fda0746a4ab68336b87aca4,Nomal/Male_Normal-0991.jpg,0.898,13,no
hn_feet_768a99fd257c084e.jpg,768a99fd257c084e7380e22ad9eb08d7d88c2337ad1298a749e97011d9921b29,Nomal/Male_Normal-0998.jpg,0.822,13,no
hn_feet_acf7695f998c484d.jpg,acf7695f998c484dcb3de02abee513cae81128035fed29cb284a16f190b6c579,Nomal/Male_Normal-1000.jpg,0.860,13,no
hn_feet_ed9220765c61ad89.jpg,ed9220765c61ad89f508135d82bbdcf01dcd22d6e2f65056d09ce793501865d5,Nomal/Male_Normal-1004.jpg,0.860,14,no
hn_feet_e426fb7aa704d21c.jpg,e426fb7aa704d21c63b62e2a4f093ede0f425693fa85b8935a7512c8b5bb64f2,Nomal/Male_Normal-1005.jpg,0.839,13,no
hn_feet_81da19d618fcbefd.jpg,81da19d618fcbefdeae10704194661f402934c14fc906ec848ea1ebbc51f4d7d,Nomal/Male_Normal-1007.jpg,0.824,12,no
hn_feet_d0b274fce60ea73d.jpg,d0b274fce60ea73d3e611d35e2992c9f22864264936c83b53e134dc2fa57466e,Nomal/Male_Normal-1010.jpg,0.845,14,no
hn_feet_f9db65f794299017.jpg,f9db65f79429901769e7a9234c1cb006223c353c0e43beff45457450b91d754e,Nomal/Male_Normal-1011.jpg,0.865,11,no
hn_feet_26149e98ea1b22a6.jpg,26149e98ea1b22a640ce46f2560880fdaf8fc1751f33795d11e386bc465fe58e,Nomal/Male_Normal-1012.jpg,0.864,14,no
hn_feet_f6d4d8c5a3919231.jpg,f6d4d8c5a3919231d940f7fdcdfed164aed16fc1cf90a436d935082ecd5d6777,Nomal/Male_Normal-1019.jpg,0.881,9,no
hn_feet_dbaf7f021c48ed26.jpg,dbaf7f021c48ed2635c72bf431c297a571dafeef042ececfce7cae6956b6805d,Nomal/Male_Normal-1020.jpg,0.881,12,no
hn_feet_53775871de7835e6.jpg,53775871de7835e61d24fabc5841477e26bf970c77bf7644ffdb51aa4062b400,Nomal/Male_Normal-1026.jpg,0.875,8,no
hn_feet_2cecc68a8af39ce1.jpg,2cecc68a8af39ce17665062c6ecff8883b80a614ff3a566f93446737136de002,Nomal/Male_Normal-1031.jpg,0.884,11,no
hn_feet_24cfaf922a4b4eeb.jpg,24cfaf922a4b4eebf572fef04f75b9ea4af590a8a5cfd5d7470a6a137be8c3f6,Nomal/Male_Normal-1034.jpg,0.855,9,no
hn_feet_58dc59170d73bda1.jpg,58dc59170d73bda10c50f5682aeca3656834d0a3b356bb5412e7856faa0fc7f9,Nomal/Male_Normal-1035.jpg,0.875,12,no
hn_feet_d7b5b64f5869f5a8.jpg,d7b5b64f5869f5a8c087daf17bf4d02ac6d7eb6a2d870e07d58b20e449caac33,Nomal/Male_Normal-1036.jpg,0.846,12,no
hn_feet_c748ce53e6b8168d.jpg,c748ce53e6b8168dca10204a5db2cfc32ff613f6726bb52dfe080df0f18126f2,Nomal/Male_Normal-1037.jpg,0.777,15,no
hn_feet_f8e19fb7edf8ab64.jpg,f8e19fb7edf8ab64701435303f84bec53e04ee4b772c92e6714610551035aa0e,Nomal/Male_Normal-1040.jpg,0.837,13,no
hn_feet_d7468faddbed2a81.jpg,d7468faddbed2a81e03a19de4f05c0a813fd0c6b58f3dd9bbc65c46b32090be6,Nomal/Male_Normal-1049.jpg,0.894,10,no
hn_feet_6697d2631542193a.jpg,6697d2631542193a3ec7b90530d4b4154e4e2ae574c98437d74891f09e9a5cfa,Nomal/Male_Normal-1051.jpg,0.871,9,no
hn_feet_b5aee0dcbf5c3a42.jpg,b5aee0dcbf5c3a4291cee546b5b86d5ec9617d8ade1eee6281751f5985eabca6,Nomal/Male_Normal-1052.jpg,0.836,13,no
hn_feet_46071690dab7a1b6.jpg,46071690dab7a1b6f964618dca924e47d43a0bff713f7ce905ab4e827963837c,Nomal/Male_Normal-1060.jpg,0.864,11,no
hn_feet_b36108e69229cab7.jpg,b36108e69229cab7a7d007f40a3ad4eb6f2e0049a42308988344569738535a6f,Nomal/Male_Normal-1061.jpg,0.869,14,no
hn_feet_506773b4cd88fadf.jpg,506773b4cd88fadff69060528449a788d3837a86ea22c4578d9dc2001369777b,Nomal/Male_Normal-1062.jpg,0.881,8,no
hn_feet_f1c701d5056e8006.jpg,f1c701d5056e8006197dba515228e555f6f64cf4b87d63218225140966b12c7d,Nomal/Male_Normal-1064.jpg,0.838,10,no
hn_feet_178422cf7aa75def.jpg,178422cf7aa75def97c9d756908f2809a3ba4015b948c1fd81116122a4434416,Nomal/Male_Normal-1068.jpg,0.893,10,no
hn_feet_5c8af0c728821830.jpg,5c8af0c728821830c973cdfeea72696c6a28cb0d720d1ed3e849bc58755e0ea6,Nomal/Male_Normal-1074.jpg,0.884,15,no
hn_feet_98db4a01cf11dd16.jpg,98db4a01cf11dd161ff5607bdc7e5a9a52342ead981dc8e28aab5f4f56ac2a5d,Nomal/Male_Normal-1080.jpg,0.837,15,no
hn_feet_842d79d8a70105e2.jpg,842d79d8a70105e22d0e809088d80aa89a9ffa62790c227ed5c5f1c657642d26,Nomal/Male_Normal-1082.jpg,0.810,17,no
hn_feet_b8fe1e63836057a5.jpg,b8fe1e63836057a5721ed37b852ec54ef39443f20c0e9dcdbc55128a14f4f889,Nomal/Male_Normal-1083.jpg,0.884,13,no
hn_feet_bee9fe8f0703da0d.jpg,bee9fe8f0703da0d2007dbd747f89af6e958dd4a9a2989d45c3e4ede2cd3b922,Nomal/Male_Normal-1086.jpg,0.866,13,no
hn_feet_96dbf2c1c90224a3.jpg,96dbf2c1c90224a3dfffedc1bba153221fc5e52ce8180e9229db20ee1646034a,Nomal/Male_Normal-1088.jpg,0.850,15,no
hn_feet_6c9287a0f66abeff.jpg,6c9287a0f66abeffc8becb055078d31971c950e7f13a4f04a62f472c17b5a6db,Nomal/Male_Normal-1090.jpg,0.867,15,no
hn_feet_fef72d21445ad813.jpg,fef72d21445ad813a49306eae9725063de4810a8bfa017827fc9df066182bb85,Nomal/Male_Normal-1094.jpg,0.854,9,no
hn_feet_60cd4e410d594915.jpg,60cd4e410d59491513c4d7c6b0d32d86a61d0f72d7179e171d493ea1b717d238,Nomal/Male_Normal-1095.jpg,0.867,13,no
hn_feet_3d36e6d60b641124.jpg,3d36e6d60b641124283e1fcdb4bbe36ca4e7d234621f6c8bd1206a606919cdc8,Nomal/Male_Normal-1097.jpg,0.889,10,no
hn_feet_7178f5d3ca2f2c91.jpg,7178f5d3ca2f2c916aa000f0582cefa37a473c3c75f4a01d0c9dd5373f98ee0c,Nomal/Male_Normal-1100.jpg,0.888,11,no
hn_feet_12929854bb5310dc.jpg,12929854bb5310dcc2d9d997dced9655cdc188d8c193ebef7b7977f5d3c523f8,Nomal/Male_Normal-1102.jpg,0.868,11,no
hn_feet_4aa2ea69dab8298d.jpg,4aa2ea69dab8298d41269b447c5764ea3c531a92c06471ab4a19e6abebdbdb40,Nomal/Male_Normal-1104.jpg,0.875,11,no
hn_feet_bb55efe7b1e38b04.jpg,bb55efe7b1e38b04cb76a39a907456e22c987a04cbe7b62298cd9921849a12e2,Nomal/Male_Normal-1105.jpg,0.873,9,no
hn_feet_d090746574f177f8.jpg,d090746574f177f89f061ece9ea6e74a79755865616924a92948309c6ff30f60,Nomal/Male_Normal-1106.jpg,0.837,15,no
hn_feet_ac61bd17aa81820f.jpg,ac61bd17aa81820fb3ff8bcce210559c97361d90416eb3a0ee92f9912dedca6d,Nomal/Male_Normal-1108.jpg,0.868,9,no
hn_feet_8bc2918be6a2fdfb.jpg,8bc2918be6a2fdfb4fb30b643d08fed9a041f1543eb71cb5662aa20956916a3e,Nomal/Male_Normal-1109.jpg,0.876,15,no
hn_feet_b423212a1a14e2ab.jpg,b423212a1a14e2ab6f38c06232e9e3925c9522c7961b55a5f8ade2d1b9d3ebef,Nomal/Male_Normal-1110.jpg,0.861,9,no
hn_feet_0dda42a226ff7360.jpg,0dda42a226ff7360a6239f8b2eb04b0fb62173dd1b622134d9369d63f22fac89,Nomal/Male_Normal-1112.jpg,0.857,13,no
hn_feet_c211ce336e96ee4c.jpg,c211ce336e96ee4cdf6debcf32552a5f677447c5b5750d8c94e6892b764769b8,Nomal/Male_Normal-1114.jpg,0.831,11,no
hn_feet_e228685ac82dddec.jpg,e228685ac82dddec577bcb711b308d7457c0cc0918c243308b9bc95d4ff42f57,Nomal/Male_Normal-1116.jpg,0.863,11,no
hn_feet_a6ecc68475f9fa2b.jpg,a6ecc68475f9fa2bc66542ce7a54beb0f5ff32af47c56df1e8d1f5e194e44c4f,Nomal/Male_Normal-1118.jpg,0.855,10,no
hn_feet_4bab3eea83877068.jpg,4bab3eea83877068fc13886407cb78e4c5b1f1e39b0dc341b16ad9a01d55d757,Nomal/Male_Normal-1119.jpg,0.881,14,no
hn_feet_90804c96ac126c47.jpg,90804c96ac126c47d437bb05f448b026bc91335cbf5eefc8d051649cfdf46abc,Nomal/Male_Normal-1120.jpg,0.847,16,no
hn_feet_96df5d45d2cf8cb7.jpg,96df5d45d2cf8cb7a6e48565d6cbdb7b03da7af00a3c8c6883cc2af6cab3b992,Nomal/Male_Normal-1122.jpg,0.883,13,no
hn_feet_d951a42e7aa3ba90.jpg,d951a42e7aa3ba90ca3771aff3180d689a029b4d92356c652f454d331a22e910,Nomal/Male_Normal-1123.jpg,0.837,12,no
hn_feet_f544170a3ee06193.jpg,f544170a3ee0619304c39bbaea18c93bc38e89d98d8b6a6e268a25995692e8b8,Nomal/Male_Normal-1125.jpg,0.857,13,no
hn_feet_4f50549838eed39c.jpg,4f50549838eed39c0cd230d740231dc85e77b8dd198d67b5549e56ec546a1acd,Nomal/Male_Normal-1127.jpg,0.845,9,no
hn_feet_7a157123b6cefb26.jpg,7a157123b6cefb26a2b881b8b4b8fb79a516c4a33b969a8f95757e19acb4d886,Nomal/Male_Normal-1128.jpg,0.824,16,no
hn_feet_a14c7a93d72e93ce.jpg,a14c7a93d72e93ce6babeb9227fb77f35ae2ec32f0220c232ccdd1b1317f5797,Nomal/Male_Normal-1129.jpg,0.868,13,no
hn_feet_e41a13fe2c5cc1e9.jpg,e41a13fe2c5cc1e9b7eb1cd7bfd1661f69eadc368a75b0e94ef164e55437b406,Nomal/Male_Normal-1133.jpg,0.839,8,no
hn_feet_c4cc1aa9708b8e99.jpg,c4cc1aa9708b8e99d40cca2d1b3e8aa65a605cf2ab406e292de90471f23cd41e,Nomal/Male_Normal-1136.jpg,0.834,15,no
hn_feet_3fdbd8589ab1305e.jpg,3fdbd8589ab1305e171e145989bf3bdc1191cb2060a64b05ad4ee2db0eb8e333,Nomal/Male_Normal-1137.jpg,0.881,11,no
hn_feet_8e77a59746e185fa.jpg,8e77a59746e185fa32ce8de6851cd7e36f1385543bd246c0cac53ad4c94685db,Nomal/Male_Normal-1139.jpg,0.866,8,no
hn_feet_05aac6ff9444d2da.jpg,05aac6ff9444d2da574316501a45b6b3ecb0e78d56948f8a1eddbf7971a0416a,Nomal/Male_Normal-1141.jpg,0.864,15,no
hn_feet_feade03ae13e7ca7.jpg,feade03ae13e7ca7ab2467671fb6037abd8cdabae974172f2598604ec8e1b5ba,Nomal/Male_Normal-1142.jpg,0.850,13,no
hn_feet_c4977b3622f01faf.jpg,c4977b3622f01faf8cba8fde3cbb4d1636e01bdf4aa389d5e93b1928faa274f3,Nomal/Male_Normal-1143.jpg,0.834,12,no
hn_feet_d2812018cb7f7fb6.jpg,d2812018cb7f7fb680b66c2060bb2cc5bfb7ceff6813fce1639a0da1f987b54c,Nomal/Male_Normal-1146.jpg,0.871,13,no
hn_feet_2b2ca282b667d0b1.jpg,2b2ca282b667d0b196bc5e9091412062c0b76a06dbc208850384633153ffdac3,Nomal/Male_Normal-1149.jpg,0.845,12,no
hn_feet_b6bfa9b1bde9820d.jpg,b6bfa9b1bde9820dd804b93740932ab46922764fa028ff127dfb83a1455efa1f,Nomal/Male_Normal-1152.jpg,0.822,13,no
hn_feet_f4566cba6bcae8c8.jpg,f4566cba6bcae8c812aebdabe95bcfcd616c3180464e207da85f401b5e6c0c9d,Nomal/Male_Normal-1155.jpg,0.803,10,no
hn_feet_5f1921c27ad9abfe.jpg,5f1921c27ad9abfe4a3fd2b2b1cba06b49dc79571c66983ec0ca87016d767550,Nomal/Male_Normal-1156.jpg,0.885,14,no
hn_feet_81c79285916b7303.jpg,81c79285916b730396e179f18eb73021072b7f2448cd7d26d035c30524670b79,Nomal/Male_Normal-1161.jpg,0.861,13,no
hn_feet_b13b078ebd305a17.jpg,b13b078ebd305a17598565cc36d6eb2114f239ce82e8b020160898d592f04fec,Nomal/Male_Normal-1162.jpg,0.866,15,no
hn_feet_c24a61c3cbf63280.jpg,c24a61c3cbf6328070d54b22b069c3d9fd1fc4bd4dc3dec758e7c218789f507c,Nomal/Male_Normal-1163.jpg,0.837,7,no
hn_feet_84d967f1df33cd23.jpg,84d967f1df33cd239242525261297ab86ee8cc3911cfbd6ac1e231ede3e53f35,Nomal/Male_Normal-1164.jpg,0.863,13,no
hn_feet_1099f613c2755b7e.jpg,1099f613c2755b7e0393f2f75f9da8b31bc86b18f0e4c30b24db24b8a1427687,Nomal/Male_Normal-1167.jpg,0.867,13,no
hn_feet_e10c7e2e0a595994.jpg,e10c7e2e0a59599446f672ff58a3c982a8661cb491b8d13c449afb34e92330c8,Nomal/Male_Normal-1169.jpg,0.886,10,no
hn_feet_449c51dd31108fbe.jpg,449c51dd31108fbef33fb3a09f3c459ce244c338b6edcefea23eea004893d3b9,Nomal/Male_Normal-1170.jpg,0.894,12,no
hn_feet_2470a243a7b642fe.jpg,2470a243a7b642fe9f9b2d79dcdcb2a087a09be474cee00b0ce0c918027fb6ea,Nomal/Male_Normal-1171.jpg,0.879,8,no
hn_feet_fa56298d067aceb6.jpg,fa56298d067aceb6b5a20724c5f563c87fcbcf7ce37152d3e4c6244dff24e624,Nomal/Male_Normal-1173.jpg,0.873,11,no
hn_feet_87ab82db55363801.jpg,87ab82db55363801db975a43c83f59871880ce09b66ae9f21dda59b7af358f5a,Nomal/Male_Normal-1175.jpg,0.862,11,no
hn_feet_f6c2ee6b0b24b227.jpg,f6c2ee6b0b24b2272ca71b14be3f01c4525ceaa7d083c1a0865888be5728fb76,Nomal/Male_Normal-1177.jpg,0.855,9,no
hn_feet_f3c4352bc30fc2e4.jpg,f3c4352bc30fc2e41d026afcf121f02ba28ca0cfbc6606a1eae5538227710c13,Nomal/Male_Normal-1178.jpg,0.848,10,no
hn_feet_288d0da9ff82153d.jpg,288d0da9ff82153db027c621b5b6fe7aba95249cd373d000825a7e0a6e523875,Nomal/Male_Normal-1185.jpg,0.867,7,no
hn_feet_d9dc8c896556809e.jpg,d9dc8c896556809e3df1a15889fc5b02ba86452348e954614db37be5d4deae20,Nomal/Male_Normal-1186.jpg,0.853,9,no
hn_feet_9410b0d56ecd5738.jpg,9410b0d56ecd5738255ad7201dcce45531a91add3fa705afd3e135f870bb2724,Nomal/Male_Normal-1188.jpg,0.882,10,no
hn_feet_0488d6791bb1fecc.jpg,0488d6791bb1feccea6744ae7370281cf1dc78a86716937c84e5b5cf3744527f,Nomal/Male_Normal-1189.jpg,0.847,12,no
hn_feet_51ed0d870d4584e4.jpg,51ed0d870d4584e49f168b67e9d325fa33774e6e5168b6251247db158d21ab90,Nomal/Male_Normal-1191.jpg,0.865,12,no
hn_feet_9f3eee6dceaa3dba.jpg,9f3eee6dceaa3dba43f404c6003b5eed76dd16785b7fc7b1eb95001c66c58987,Nomal/Male_Normal-1194.jpg,0.893,11,no
hn_feet_dcc30cc1c0471a2b.jpg,dcc30cc1c0471a2b19ab77d9a80d2900f61218912d006de575d6339e231c74ad,Nomal/Male_Normal-1196.jpg,0.882,10,no
hn_feet_5e44bac763427136.jpg,5e44bac7634271366acdf534c7c30eccaef54e2106abfc5e5b023709b1339343,Nomal/Male_Normal-1197.jpg,0.849,12,no
hn_feet_cc4e5cbe489cd741.jpg,cc4e5cbe489cd74131aec17cb61ce08aba16ab170ed50ec2415d3620cec9ee0c,Nomal/Male_Normal-1198.jpg,0.845,15,no
hn_feet_bd6dd9f036dcf8df.jpg,bd6dd9f036dcf8df20d621d13a87772e0c4af85ad3ad12fd58b541c927e85990,Nomal/Male_Normal-1200.jpg,0.821,12,no
hn_feet_7b2f5644c76015b4.jpg,7b2f5644c76015b4a1a86a1a3259fba08780b552673f221c66cf407807482748,Nomal/Male_Normal-1203.jpg,0.829,9,no
hn_feet_425841f7e5ff876d.jpg,425841f7e5ff876de4005ee18e5a4d7aadc792a4df54e3d2948f4ef4a6542167,Nomal/Male_Normal-1204.jpg,0.884,11,no
hn_feet_303f730d508a86ba.jpg,303f730d508a86bad936ccd259b539a64c184e64d122f8ed65dbf2b293d621a9,Nomal/Male_Normal-1205.jpg,0.849,12,no
hn_feet_7be23c2c55071f4c.jpg,7be23c2c55071f4ca7b8e6de37589852b6d2cb7f14bdc8659608c0e31c58e043,Nomal/Male_Normal-1208.jpg,0.839,12,no
hn_feet_7fe9b7f2ad9f8030.jpg,7fe9b7f2ad9f8030ef0e5c163e0f6abc7c5a56cc29845296e5138de6cc764e60,Nomal/Male_Normal-1209.jpg,0.885,13,no
hn_feet_ecbf93ba49a2700f.jpg,ecbf93ba49a2700f33f4d005d41a612eeef41b5b82cf09b0ef38c846d049f427,Nomal/Male_Normal-1212.jpg,0.879,11,no
hn_feet_2072e8f57aea50df.jpg,2072e8f57aea50dfbc2d3bb2d59383274cc6d6453cb64715c688ed81e77616cf,Nomal/Male_Normal-1213.jpg,0.855,11,no
hn_feet_72b66bf1fbcebe91.jpg,72b66bf1fbcebe919758d8a2b78ccfea87caf47fde4c2ab53f1efcf487edf0d9,Nomal/Male_Normal-1214.jpg,0.870,11,no
hn_feet_7848c7ecd7effe76.jpg,7848c7ecd7effe767d1b3ba27d0b02b614dedbb6a05b85c446177f714a186cf6,Nomal/Male_Normal-1215.jpg,0.834,9,no
hn_feet_a03fe282e3e840dd.jpg,a03fe282e3e840dd369cf6afdae94f58820ee1b8efd04eee73cd85d6d0d7b082,Nomal/Male_Normal-1216.jpg,0.819,15,no
hn_feet_5f4494fba6cb1458.jpg,5f4494fba6cb14580cfbfe39adf2fa95c891a18b0665f15668ab274b0323dd83,Nomal/Male_Normal-1217.jpg,0.888,12,no
hn_feet_c377979501af08cd.jpg,c377979501af08cd7ce67f2e187f48489e2535ec30d78fd292bff914b07b0822,Nomal/Male_Normal-1218.jpg,0.880,12,no
hn_feet_7cc7c9f2093b6062.jpg,7cc7c9f2093b606230bcce5f4d7c3ad1cce427e42127d8fa9733f0d2ef5eb494,Nomal/Male_Normal-1222.jpg,0.896,11,no
hn_feet_052f573c17c3c327.jpg,052f573c17c3c327586cbdf14c189d63a51d46ac955882bc3a7cb981cb4a9dcd,Nomal/Male_Normal-1224.jpg,0.849,12,no
hn_feet_b996fd92858daac3.jpg,b996fd92858daac3d320a8b0005a797bab5c6ccfd3c94b14f1cf5a4d1b79c20e,Nomal/Male_Normal-1225.jpg,0.866,14,no
hn_feet_9600bd3b75008f11.jpg,9600bd3b75008f11181a519726a84b547c67061653b12d9e3942fef8493f6b5c,Nomal/Male_Normal-1226.jpg,0.874,12,no
hn_feet_96e29a853c05bf5d.jpg,96e29a853c05bf5dd495948622da59baa48df0357de886a82f6230d5c5f586c2,Nomal/Male_Normal-1240.jpg,0.863,11,no
hn_feet_ed62241f51c5b569.jpg,ed62241f51c5b569187b2c541eeedaf3e999331210e4da3859905f37d49fdb30,Nomal/Male_Normal-1245.jpg,0.864,13,no
hn_feet_9b87b1ad7366ba2d.jpg,9b87b1ad7366ba2d318d44d93b5dc67edc54e20ebdc2e980b00bbf4db3d55a49,Nomal/Male_Normal-1246.jpg,0.813,10,no
hn_feet_c514e6e48b4a9f79.jpg,c514e6e48b4a9f79a279e6aee51445cc2636be8a0122edd361ccaed6ce74b644,Nomal/Male_Normal-1249.jpg,0.909,16,no
hn_feet_9f07509eff8354ba.jpg,9f07509eff8354ba2b0e63e13cd454e80703f3083e8398551305f4a36967a3b3,Nomal/Male_Normal-1250.jpg,0.868,14,no
hn_feet_018e9c655a162edd.jpg,018e9c655a162edd3789e4be98abc11d987fd90888434e484a93ff2b69620ffb,Nomal/Male_Normal-1252.jpg,0.839,13,no
hn_feet_9ef2e7532a442b40.jpg,9ef2e7532a442b4048cea4df5188b0d9762a838e40d8f0edc2dbd3faa31c42d1,Nomal/Male_Normal-1254.jpg,0.881,6,no
hn_feet_ebf448f18f2fe913.jpg,ebf448f18f2fe9130cab8107eae0d0bec4d7bd1d86a63f8d4de31ccdb9888afc,Nomal/Male_Normal-1255.jpg,0.883,13,no
hn_feet_bac974267e10b01e.jpg,bac974267e10b01e8b82b48dfcd656e795f9e339a7bb36960649a10e466102f1,Nomal/Male_Normal-1258.jpg,0.870,8,no
hn_feet_5ecf3fdf4034dda3.jpg,5ecf3fdf4034dda3467625cfe997df0bd46afaffc3c766068ddb885c4e4da2da,Nomal/Male_Normal-1262.jpg,0.859,17,no
hn_feet_5eaa2faab0bd6762.jpg,5eaa2faab0bd6762774bf89518cad75c8c4dfaa278b9f6d00843d6215e364dc3,Nomal/Male_Normal-1263.jpg,0.910,10,no
hn_feet_ff5abc3d89c85e9b.jpg,ff5abc3d89c85e9b691c0d0fed3a9092ae1c4385865efc727902434b16efc6f0,Nomal/Male_Normal-1266.jpg,0.863,15,no
hn_feet_3b5b9a2fd19a27df.jpg,3b5b9a2fd19a27df2a9ed58e0352371500a7f2b0b605f29d9025df9989b8083e,Nomal/Male_Normal-1268.jpg,0.834,7,no
hn_feet_3e94d39bf51349ed.jpg,3e94d39bf51349ed45fb03c034e668692cd745d824f8c705f9f3e49cde1b7649,Nomal/Male_Normal-1269.jpg,0.824,14,no
hn_feet_76b1adf2b469dda1.jpg,76b1adf2b469dda10d1301335ca27806df6169821987e04ba32edde10cd10d3d,Nomal/Male_Normal-1270.jpg,0.882,8,no
hn_feet_acd1ad7d701ee0d7.jpg,acd1ad7d701ee0d754095dd1614c699c5a52896f4d708e6d52940429e25e5213,Nomal/Male_Normal-1273.jpg,0.862,9,no
hn_feet_ff6080ff959d5a3a.jpg,ff6080ff959d5a3abc98abeee91607de9fd34544db60e6c8a328b4ca06a722cb,Nomal/Male_Normal-1274.jpg,0.841,11,no
hn_feet_a1dfa1e2a351f91b.jpg,a1dfa1e2a351f91b2649590b3af34749c038c4de1dce8d3cb220f6a14cbbb6de,Nomal/Male_Normal-1275.jpg,0.861,9,no
hn_feet_a467f28e697ebcc4.jpg,a467f28e697ebcc4168831a04f5d1731a0b037eba4c63ccd00948ca6e120af70,Nomal/Male_Normal-1276.jpg,0.841,14,no
hn_feet_617fc8980c0e49d9.jpg,617fc8980c0e49d9d57f064041c24698cf003294f861fcb6dd3344b9debe8d59,Nomal/Male_Normal-1277.jpg,0.836,12,no
hn_feet_bc9b7836542e60a7.jpg,bc9b7836542e60a733b71f9b0bec9a1f97ee23f23ed7a462ce08dc8d938971cc,Nomal/Male_Normal-1279.jpg,0.837,15,no
hn_feet_a81cb386a0adc04e.jpg,a81cb386a0adc04e4d54c813712e41cf36236585a46e90e87b8914aa1c079f32,Nomal/Male_Normal-1281.jpg,0.905,10,no
hn_feet_038783c64d4b2985.jpg,038783c64d4b29854d6a30b7963404c3ebd53c0092170c6b72817bd7e1c8a139,Nomal/Male_Normal-1282.jpg,0.853,14,no
hn_feet_a9f9e3f39be7f6e7.jpg,a9f9e3f39be7f6e778773662d6eaeeeb2ec427f15f470fed7d2abc1446cf274a,Nomal/Male_Normal-1283.jpg,0.852,8,no
hn_feet_5743feec80165ff2.jpg,5743feec80165ff25a713a599fe7e2e72ba019e2b22afa8ccaab369a2fa6c68c,Nomal/Male_Normal-1284.jpg,0.860,10,no
hn_feet_190878c4e0d5e68b.jpg,190878c4e0d5e68b2437c5a066534e92333e3c50023092b45adbbdfd32d0a0e1,Nomal/Male_Normal-1285.jpg,0.884,13,no
hn_feet_612906f28693c940.jpg,612906f28693c9408e918c78862a839493a8fb4440c95ce7d7cc12d0af8c3aba,Nomal/Male_Normal-1289.jpg,0.839,11,no
hn_feet_89d19be726df3893.jpg,89d19be726df3893b121ef64f743edcf6a224d18a9bed7d7d4edc97649ac2672,Nomal/Male_Normal-1290.jpg,0.883,9,no
hn_feet_5b8c42ad02bc19ea.jpg,5b8c42ad02bc19eaebe2344b8670d56b26cb5ff20b29bb90370f32cbf0288ded,Nomal/Male_Normal-1291.jpg,0.862,12,no
hn_feet_4d682f74447842f1.jpg,4d682f74447842f1e8b8f7f38fa3c5ee9ee8280fe21992927b5a958094e92eaf,Nomal/Male_Normal-1292.jpg,0.841,11,no
hn_feet_4af63f87c9a1e66e.jpg,4af63f87c9a1e66e2a342964fa85ac26206701e0687139174eec74937af7c017,Nomal/Male_Normal-1294.jpg,0.847,11,no
hn_feet_83cf2e1f49f50b5d.jpg,83cf2e1f49f50b5dbcb3178f376c9a90d03c14fa4c28969d619e83b47b22cc1d,Nomal/Male_Normal-1295.jpg,0.851,10,no
hn_feet_fee3d48e9854f917.jpg,fee3d48e9854f917563e8a981be3b515999b1d1d2cfa2aaa120d4f9c15e94f48,Nomal/Male_Normal-1296.jpg,0.812,11,no
hn_feet_0e5070aee178cd02.jpg,0e5070aee178cd02063bac24b35f82b9df88dccf67c02e8857c1b9095b79f3a1,Nomal/Male_Normal-1297.jpg,0.879,13,no
hn_feet_681f1729b9fda40c.jpg,681f1729b9fda40c73e30de62be80aeed0eee55280386600ec7addb4c5fd165d,Nomal/Male_Normal-1298.jpg,0.796,15,no
hn_feet_e629281c9eccd442.jpg,e629281c9eccd442bb74c3d3d7941e9a7f3851e18417579813131f9f00beb9b6,Nomal/Male_Normal-1299.jpg,0.874,11,no
hn_feet_b4e6533146f3ebda.jpg,b4e6533146f3ebdadeb0c80a9ddc0fa493b400e855fe1102d6545c6bdd5c6a4d,Nomal/Male_Normal-1301.jpg,0.830,16,no
hn_feet_15cb9b3cdefa806d.jpg,15cb9b3cdefa806d0ad047684bdfa599462a0405eeeb9fb758f040e235266519,Nomal/Male_Normal-1302.jpg,0.862,14,no
hn_feet_81427afb9ad7843b.jpg,81427afb9ad7843b848ec5123b86473a115d39fed44b26621e07bf33a70b79db,Nomal/Male_Normal-1304.jpg,0.866,13,no
hn_feet_98cfa2ba46739ded.jpg,98cfa2ba46739ded3e11759cf6b806cdb947131de13d031e6d3fa8a3fc039be5,Nomal/Male_Normal-1305.jpg,0.867,10,no
hn_feet_e93eb74d9f372d09.jpg,e93eb74d9f372d09e514473dcdee618e540976bedec2e4c4e9db54c2c1c4755d,Nomal/Male_Normal-1311.jpg,0.841,14,no
hn_feet_d50839a067ae4d9c.jpg,d50839a067ae4d9c7ad00c8d1e96e4229a685fb6453c3d1c39972c879a3dda43,Nomal/Male_Normal-1312.jpg,0.830,13,no
hn_feet_2eb5b0462d0ed7d9.jpg,2eb5b0462d0ed7d9f7e0f23f1154153559f567adf0ffb47cd2054b0caa0cf0ad,Nomal/Male_Normal-1318.jpg,0.874,13,no
hn_feet_b7b2784f5ad8ac9a.jpg,b7b2784f5ad8ac9ad33a75643e1e916320ebbd3ecfa3a0d7a5c8af93fb2a38d3,Nomal/Male_Normal-1319.jpg,0.808,12,no
hn_feet_c33949b810a6df1e.jpg,c33949b810a6df1e44a49f474c447bd275fef92336888b26ac5a2b9b6e4fc79f,Nomal/Male_Normal-1324.jpg,0.868,7,no
hn_feet_ba67543372d29127.jpg,ba67543372d29127d22403c6e8ac74e917f0a4d51861a420e632288d9c1c691e,Nomal/Male_Normal-1328.jpg,0.854,15,no
hn_feet_07568c124bbd8f87.jpg,07568c124bbd8f87bdeb458df4515d4e73b8fb2b13b2e15f6fa00a19d237a0d2,Nomal/Male_Normal-1330.jpg,0.860,9,no
hn_feet_91ffb708c1b30710.jpg,91ffb708c1b30710c62fba874079e11273a3c028078a62cf13abc9befddbef46,Nomal/Male_Normal-1333.jpg,0.855,13,no
hn_feet_4a9f88d61ef5b0bb.jpg,4a9f88d61ef5b0bbf9bb4d28a08c2ae48f1b54709f113387eb8bfcdb01f33868,Nomal/Male_Normal-1334.jpg,0.857,12,no
hn_feet_69682c527875fb68.jpg,69682c527875fb686542f9e542b65d647262fff69a40bd43504e67c6b72f864b,Nomal/Male_Normal-1335.jpg,0.866,12,no
hn_feet_1e028d22fc556927.jpg,1e028d22fc5569271fc3d34497a9bb6b42dacb8b883ad4b39f3c2cb777d679ee,Nomal/Male_Normal-1336.jpg,0.854,13,no
hn_feet_15584c62570ededc.jpg,15584c62570ededc3ed7599ddb82f64fd167d336679c60123bf2d6d1c751502e,Nomal/Male_Normal-1338.jpg,0.871,9,no
hn_feet_44ab8e86f21abedc.jpg,44ab8e86f21abedc1e46452f724cdf939b6f4477917bf4d79a94ccb4ff1eb926,Nomal/Male_Normal-1341.jpg,0.860,13,no
hn_feet_6f7919330cd05d38.jpg,6f7919330cd05d38cc44ad4d1f14855d25f5e5cc8a2c84cf8f8d039a62650aba,Nomal/Male_Normal-1342.jpg,0.864,14,no
hn_feet_ababa1ee4645d6db.jpg,ababa1ee4645d6db43f76bb3ad09be03ad9dc452efabf25b85596c5c4959a54e,Nomal/Male_Normal-1344.jpg,0.857,12,no
hn_feet_d6df2be0f55476fd.jpg,d6df2be0f55476fdc247596dd2275b5284387ef3201d482e70f29d0d25f22769,Nomal/Male_Normal-1346.jpg,0.853,17,no
hn_feet_654fb3756210b0af.jpg,654fb3756210b0afdab81fd3e3d570517fe993499060381f904cecc99be54813,Nomal/Male_Normal-1352.jpg,0.836,12,no
hn_feet_72343add04609a02.jpg,72343add04609a0242099105bfd27e8da291ca89702ba91a58f8487c01a82fd8,Nomal/Male_Normal-1354.jpg,0.865,8,no
hn_feet_73c5dc69ae320939.jpg,73c5dc69ae320939fa88bb8d430a65abf4a6dc0841379145266ad99f2f5d6284,Nomal/Male_Normal-1358.jpg,0.883,14,no
hn_feet_3719254c1b734167.jpg,3719254c1b7341677244f06434b0c3b1ddb91e49b913edbd79d868f5b8d2bb27,Nomal/Male_Normal-1360.jpg,0.862,16,no
hn_feet_233a7b97f4dc01b4.jpg,233a7b97f4dc01b4092070ffa651563bd9319387ebd1f5d56ecd697e12cac8b9,Nomal/Male_Normal-1361.jpg,0.815,10,no
hn_feet_a82510c01791a2d5.jpg,a82510c01791a2d5ceb4092832127b7882736228eae3fdc1ccd33c4e88f5ca4a,Nomal/Male_Normal-1362.jpg,0.838,17,no
hn_feet_2a98aae6d360ae91.jpg,2a98aae6d360ae91a583c01bfc6e614a6f250e714cc4e3d69f6bb3165c487362,Nomal/Male_Normal-1363.jpg,0.823,15,no
hn_feet_4fa966d5b6e31516.jpg,4fa966d5b6e31516ed571270ce7450641348e7510ea5e7411bd65240557be656,Nomal/Male_Normal-1364.jpg,0.864,11,no
hn_feet_383ee92f9c121226.jpg,383ee92f9c1212267888daee8bf8104c13d5c0af3664d7e6ffbb2809b1c51cac,Nomal/Male_Normal-1365.jpg,0.827,15,no
hn_feet_ae102c2e8bfba326.jpg,ae102c2e8bfba326f52e05bb9de2107e86a71e8e26d36f09d2fc6ea388febf49,Nomal/Male_Normal-1366.jpg,0.850,7,no
hn_feet_fef981c6ef2d3b16.jpg,fef981c6ef2d3b16e1f941b2e4be8ad67d4b121fb2c00b13ea5aec2de5fd1090,Nomal/Male_Normal-1369.jpg,0.874,8,no
hn_feet_452cc74131faa09a.jpg,452cc74131faa09ab7c6478e4e7781d4b7bbcf03abe0890d47adb29ea43adc7b,Nomal/Male_Normal-1370.jpg,0.852,13,no
hn_feet_8b9de0c9fca799d0.jpg,8b9de0c9fca799d087e8d04c2c888fd90ebacb379fe356dcb1550a8c13a38b48,Nomal/Male_Normal-1373.jpg,0.859,8,no
hn_feet_1a6deb9f871b5e1e.jpg,1a6deb9f871b5e1eb144d002d4a82e7e6021b32676e83a2ca90c5b921cef87b9,Nomal/Male_Normal-1380.jpg,0.842,13,no
hn_feet_5aa4bccab7749375.jpg,5aa4bccab77493752bb2b626bd47cfaf8009e72539cd400b068c44aebd73dc9e,Nomal/Male_Normal-1382.jpg,0.807,16,no
hn_feet_a3001abfd694905e.jpg,a3001abfd694905e6dae85654f0f77093106334423ce089abd4f1ea039334adc,Nomal/Male_Normal-1386.jpg,0.867,15,no
hn_feet_3f17945b04db5e5f.jpg,3f17945b04db5e5f84f5c8c8b83a34bc97368b053a2bb0336bfc61ab3ae233da,Nomal/Male_Normal-1391.jpg,0.857,9,no
hn_feet_33934a621719521b.jpg,33934a621719521bc01b305b59151e87c59d752e3019462bf1af64109ac33880,Nomal/Male_Normal-1392.jpg,0.895,10,no
hn_feet_f8c4fac15d71787c.jpg,f8c4fac15d71787c85272baa3262b2daefa105206e2e0cc53fa0ce6c560cfd20,Nomal/Male_Normal-1397.jpg,0.854,11,no
hn_feet_b941cb3c094483ac.jpg,b941cb3c094483ace92389b0d6cad7314b4b0e280bd30ed78af9d2f288964807,Nomal/Male_Normal-1400.jpg,0.879,12,no
hn_feet_fd2b433e0cc7bcb2.jpg,fd2b433e0cc7bcb243655374b973aa218a7d207036d4c0865a90f21392f29deb,Nomal/Male_Normal-1402.jpg,0.849,14,no
hn_feet_563c463e1289c45f.jpg,563c463e1289c45f96006372725f5ac332e7d55aaf34ad60a88ac3257c322359,Nomal/Male_Normal-1403.jpg,0.870,13,no
hn_feet_8a0269ebe606e6c1.jpg,8a0269ebe606e6c1e6c72d5f4d63278fe797a2a49e79b8cf6125a7341abf5348,Nomal/Male_Normal-1406.jpg,0.852,11,no
hn_feet_4cc9452d6ee2651d.jpg,4cc9452d6ee2651d85c89cc7691bec7c9616567c9f149b0552441bfc0e13d63e,Nomal/Male_Normal-1412.jpg,0.856,13,no
hn_feet_e48b03b844d92e10.jpg,e48b03b844d92e105cb6ae7b3642b192af9231ba6709b852626c001539afb090,Nomal/Male_Normal-1421.jpg,0.855,14,no
hn_feet_43972fc6a2b16309.jpg,43972fc6a2b1630962f1f3a2831f7d4580ffe6014da899f3c6635d5960c933aa,Nomal/Male_Normal-1423.jpg,0.865,13,no
hn_feet_7e03bc604d349d3b.jpg,7e03bc604d349d3bc6fc19b7f19a6d248d31fa520b51aa8d1f9d299b130b2287,Nomal/Male_Normal-1424.jpg,0.847,12,no
hn_feet_9ea5d435d9d7b878.jpg,9ea5d435d9d7b8788b63ac8e22727464c9f7c0f0af274f626d49c52f2d43bf95,Nomal/Male_Normal-1425.jpg,0.839,10,no
hn_feet_10115248bad359e8.jpg,10115248bad359e8699d60e149764c4002f94d58e56a710fc97f0c79c5c3dc21,Nomal/Male_Normal-1426.jpg,0.869,16,no
hn_feet_cb32abf1709c5c5f.jpg,cb32abf1709c5c5f1176b3dadc97b77b2604aad8c0fcfe2a705336448676b6f0,Nomal/Male_Normal-1427.jpg,0.869,12,no
hn_feet_d390d6e2416ef70c.jpg,d390d6e2416ef70c3f35be5f129d1bdcc5cb387b6c47f66a1bc418f432334b30,Nomal/Male_Normal-1430.jpg,0.890,8,no
hn_feet_39a40854ad419401.jpg,39a40854ad4194013624e490523bec1f11ce13088f2d67148f2bd2b773c2ae17,Nomal/Male_Normal-1431.jpg,0.861,12,no
hn_feet_8340d2b0ff57d42a.jpg,8340d2b0ff57d42aac90b7c71adf21f768af02ead541642d9830ff9666489006,Nomal/Male_Normal-1432.jpg,0.886,12,no
hn_feet_8ab1bcf5a8b76a71.jpg,8ab1bcf5a8b76a71e5a9135fb596920625da50a1d3d1ff7bf2d0459f2dba025d,Nomal/Male_Normal-1433.jpg,0.866,12,no
hn_feet_e4d6353161c1c12d.jpg,e4d6353161c1c12d761811dea244241b467d8a769f64275bc752ca0b362c44a1,Nomal/Male_Normal-1434.jpg,0.868,15,no
hn_feet_1d80e8feb658167b.jpg,1d80e8feb658167b1a9c91fcb6abeea3d5ddbce891fcec85a1a44620abc5cadf,Nomal/Male_Normal-1436.jpg,0.856,12,no
hn_feet_27f8385f3b95b6c2.jpg,27f8385f3b95b6c2df5a907bcb08a9ca255d56af926197136b3d7d95c3bffe2a,Nomal/Male_Normal-1437.jpg,0.840,14,no
hn_feet_77ffe754a2a895d6.jpg,77ffe754a2a895d6dc8063f928b528294439578f9c9870eb89602823100b9d82,Nomal/Male_Normal-1439.jpg,0.828,13,no
hn_feet_4061c91ad8742c37.jpg,4061c91ad8742c373128027cdd8772a6e08ea729718dfa91af395f522313d5e6,Nomal/Male_Normal-1443.jpg,0.860,13,no
hn_feet_d3e4c6661b7256bd.jpg,d3e4c6661b7256bd51068362995bb27ea0e0a1d85476ce09888c9e3abf42bedd,Nomal/Male_Normal-1445.jpg,0.867,9,no
hn_feet_17889f43334f87b6.jpg,17889f43334f87b6eabd8ecd9258995b25bb2091b7f2523018efa407efcd400f,Nomal/Male_Normal-1446.jpg,0.845,16,no
hn_feet_5bd049ad1c0b7b5d.jpg,5bd049ad1c0b7b5da03d8d5df6112fa6bfeaed614a340fc5fbf0a540986537d1,Nomal/Male_Normal-1450.jpg,0.861,13,no
hn_feet_88156ee183b8ff6e.jpg,88156ee183b8ff6e4dd3becea2ebfb7aa29ad214eeeb8f3c93f5495723ec2129,Nomal/Male_Normal-1457.jpg,0.849,13,no
hn_feet_95097c57a6f3072a.jpg,95097c57a6f3072a417e5abcdd204a001f87bcf435f29a21fb8c0599b9ee8566,Nomal/Male_Normal-1458.jpg,0.866,8,no
hn_feet_0adb19a9e2668a02.jpg,0adb19a9e2668a02b0c472111271e04fe79ce9605b06c8500905760a2e0e71b4,Nomal/Male_Normal-1459.jpg,0.880,8,no
hn_feet_ccc2a152273ec21b.jpg,ccc2a152273ec21b2835db0efe9908107dfccd28aa090e307e8644b84ab60bb1,Nomal/Male_Normal-1461.jpg,0.859,16,no
hn_feet_c57f31beeff7948d.jpg,c57f31beeff7948df37f69c4ddf647921d8a16b30466beaf465ef89336feeea5,Nomal/Male_Normal-1464.jpg,0.868,12,no
hn_feet_341831ecba51c370.jpg,341831ecba51c370e3a888aa875c54273b2da8543a7dfa2abe9682be5c5bcbf0,Nomal/Male_Normal-1469.jpg,0.837,12,no
hn_feet_ad6275957eb62914.jpg,ad6275957eb62914590850d7fdc6e23cec3e23d980e8b21418a5662c6da062db,Nomal/Male_Normal-1473.jpg,0.854,15,no
hn_feet_81fb1c3548254c13.jpg,81fb1c3548254c1369ed529c7302ab8c27648f30d42a546c3bb60c5826315458,Nomal/Male_Normal-1476.jpg,0.833,12,no
hn_feet_ea0bd63dddf1b023.jpg,ea0bd63dddf1b023a210773ef8c63bf7536f9f895657b94c3e18e910b69f4a1a,Nomal/Male_Normal-1478.jpg,0.843,14,no
hn_feet_e67680781009a89e.jpg,e67680781009a89e29f02c77084a7ed762163096566a32807f748c4561701bc5,Nomal/Male_Normal-1479.jpg,0.843,15,no
hn_feet_3e331d3d105ccd01.jpg,3e331d3d105ccd012e54b39b2e8bcf8848f6c8f923f997d94425c7efc0883dd3,Nomal/Male_Normal-1480.jpg,0.842,12,no
hn_feet_014deea59e720d84.jpg,014deea59e720d849279e8761c4d1b26887ece778b8cd644f51ed9d3070f4f8c,Nomal/Male_Normal-1484.jpg,0.742,17,yes
hn_feet_2f1bb0a89f11c79a.jpg,2f1bb0a89f11c79a0bce859c61aaed50039c3bfd51f3515e165bff97333e8a72,Nomal/Male_Normal-1486.jpg,0.782,16,no
hn_feet_c91e4aa17c85521e.jpg,c91e4aa17c85521e53dbe4ded1486e0f48b8d3e89a02071b12abb1c3e1175e3a,Nomal/Male_Normal-1488.jpg,0.734,17,yes
hn_feet_895f5a1009cf10b6.jpg,895f5a1009cf10b68f922137a99ca689191ff22aec13c8fe491c0b285317a359,Nomal/Male_Normal-1491.jpg,0.854,10,no
hn_feet_45289a6295c93323.jpg,45289a6295c93323cf9225d1522389b5ffac7747324fa20af620482b89bb5732,Nomal/Male_Normal-1493.jpg,0.859,13,no
hn_feet_a2c16620ee2af2ea.jpg,a2c16620ee2af2eaade7b6f53b3aae5846ee93d1050b917bd0083aca4c2f9446,Nomal/Male_Normal-1495.jpg,0.890,13,no
hn_feet_96a14dbe3110e1b4.jpg,96a14dbe3110e1b4a0e2e7a687e4b1fcec0819bc0cddf1e8a6954a77076d1c72,Nomal/Male_Normal-1496.jpg,0.863,12,no
hn_feet_700f4cb18b704349.jpg,700f4cb18b7043490680b9242c45ad1a28f302a03c8aa2ac5da143a120559159,Nomal/Male_Normal-1501.jpg,0.867,12,no
hn_feet_68eb8523df28e4f8.jpg,68eb8523df28e4f8f6a925ec99cafde9dbc5e45646748b2058dc01aa42af269c,Nomal/Male_Normal-1506.jpg,0.849,12,no
hn_feet_47d7a7af6a87e9d1.jpg,47d7a7af6a87e9d1d37b024a0e013ac0cb20cb0bfd9e1f5e1e733535a767a70e,Nomal/Male_Normal-1511.jpg,0.861,14,no
hn_feet_e45aef06a5bc173e.jpg,e45aef06a5bc173ec0bffc085b4f58b7bb45058167d6da460268bd300a986089,Nomal/Male_Normal-1513.jpg,0.820,12,no
hn_feet_1624b482cdc98d45.jpg,1624b482cdc98d45d4fda65804a22c19fa8d66ab4b9d8eed78b3e82bbe1df625,Nomal/Male_Normal-1515.jpg,0.839,13,no
hn_feet_384fc0ecfd90d65d.jpg,384fc0ecfd90d65d8823a45c52348863c01c0135d3284ed8ccd8c9641153794c,Nomal/Male_Normal-1518.jpg,0.857,10,no
hn_feet_be899d0b31cf2f78.jpg,be899d0b31cf2f789400d301c3b9081c2485434af2e71b5a789ec349e6dd6131,Nomal/Male_Normal-1519.jpg,0.830,13,no
hn_feet_019a92462f0cdb92.jpg,019a92462f0cdb92569f8041ab1bad9f82b6462914afeb643147f9ac60074e70,Nomal/Male_Normal-1520.jpg,0.860,11,no
hn_feet_ea2bf65be22f463d.jpg,ea2bf65be22f463dde8f9174441500b4b544bb8fe527294c9c8538c14dd0192a,Nomal/Male_Normal-1522.jpg,0.890,11,no
hn_feet_cbc1470a024170ff.jpg,cbc1470a024170ffa757484888f48efff8c5e5aebbd2caa4ee0667e5d137f450,Nomal/Male_Normal-1523.jpg,0.895,11,no
hn_feet_1efc3013674c6f1a.jpg,1efc3013674c6f1ab74ae0b6ff892a76287fa894df0399237e7b3baca04ceb4d,Nomal/Male_Normal-1524.jpg,0.847,10,no
hn_feet_af5ada772c5170ee.jpg,af5ada772c5170eeaa9bb77a385cdff4548512d37f032bad51bbcbe6f75f8f65,Nomal/Male_Normal-1526.jpg,0.895,9,no
hn_feet_8e3224cb6bd4a0dc.jpg,8e3224cb6bd4a0dc9cff102bb3d5b02af43a9a1c1176a234f38f0d36813800d3,Nomal/Male_Normal-1530.jpg,0.878,11,no
hn_feet_f994399e04ccb02d.jpg,f994399e04ccb02d0527ae2578b9caec9c9af8d2bce69ee7cb0942c7859288ec,Nomal/Male_Normal-1531.jpg,0.867,8,no
hn_feet_ac3782c878783107.jpg,ac3782c878783107a4ade1d7d75fcae4fcfbd104aaec4373baa893052f6efcaa,Nomal/Male_Normal-1535.jpg,0.865,12,no
hn_feet_41eee16c8e037c63.jpg,41eee16c8e037c63b58830d83b13bb30229dd8a1cdd0e7d5daae35675ef9654d,Nomal/Male_Normal-1537.jpg,0.858,17,no
hn_feet_6fa3dba977470583.jpg,6fa3dba977470583b3a2c2b8b841dbf410b784cd01f46021218d4868bf656979,Nomal/Male_Normal-1538.jpg,0.873,11,no
hn_feet_0f7c4bcac944f8f0.jpg,0f7c4bcac944f8f064988d8c00c6d7f13398b935289057db115b1326b7e2fcc3,Nomal/Male_Normal-1539.jpg,0.881,10,no
hn_feet_0fcc1a2314d79eab.jpg,0fcc1a2314d79eab43750b3ef108c84ca32bff584fa2a6562f650f85e4cd05c9,Nomal/Male_Normal-1540.jpg,0.862,5,no
hn_feet_4deabfd0f0b06caf.jpg,4deabfd0f0b06cafa5243a727c75625ade19e46440b07feb5fa0c978d6d94d1f,Nomal/Male_Normal-1541.jpg,0.879,13,no
hn_feet_6cdefcaee120e625.jpg,6cdefcaee120e62513336e1abf40722dabbcbc1a48a4975f101153c9a586faf1,Nomal/Male_Normal-1542.jpg,0.886,12,no
hn_feet_0ecdc368f01bd45c.jpg,0ecdc368f01bd45c54f6c898e0a75918c22c725c96f6d75b7d714ef222793d7e,Nomal/Male_Normal-1544.jpg,0.857,13,no
hn_feet_94356a6fedb79be2.jpg,94356a6fedb79be2c9a2614f9d1452aa4388e0b5f4ef02193da5f7efdc2cdb9f,Nomal/Male_Normal-1548.jpg,0.864,7,no
hn_feet_1dfe43d297096685.jpg,1dfe43d2970966859da8083f1929dc884eb5141ed27701c2a3a31858fcfc7177,Nomal/Male_Normal-1552.jpg,0.860,7,no
hn_feet_daa7c4ed9b244eaf.jpg,daa7c4ed9b244eafb70e66397384c4c2dc65d670b2cb0ab86bbcf4ca11532bb6,Nomal/Male_Normal-1555.jpg,0.838,15,no
hn_feet_a2c8ea3401aac5bd.jpg,a2c8ea3401aac5bd516be1742063c9afd4baeddb547a91596cf9d7b0698e2abe,Nomal/Male_Normal-1557.jpg,0.813,14,no
hn_feet_888784b7a71d64de.jpg,888784b7a71d64de940705081bece2e0b647a4939c0e254218c32e8fce741f3b,Nomal/Male_Normal-1558.jpg,0.837,12,no
hn_feet_777a4095af63d5ba.jpg,777a4095af63d5ba996c36c6a7553173be8926a767d161e1954bdcb9c372b669,Nomal/Male_Normal-1560.jpg,0.845,11,no
hn_feet_d66d61dad6e4be89.jpg,d66d61dad6e4be898455fc828750442c4e2b0cd8e3d4bfdcf3af0ddc6185de88,Nomal/Male_Normal-1563.jpg,0.846,11,no
hn_feet_afb42e8c5ad6414c.jpg,afb42e8c5ad6414cb4b06f2c821407ceb7833f55fbd88fa88418cdddf41b8527,Nomal/Male_Normal-1565.jpg,0.793,12,no
hn_feet_dbea03e5c87a16fa.jpg,dbea03e5c87a16fabb6b21ec5b98aebe20daa765a86b41b3ead9e693f090b9a9,Nomal/Male_Normal-1567.jpg,0.812,16,no
hn_feet_c43f215763558e27.jpg,c43f215763558e27fac17077349d25c719111ab6ee3ecd4d7703b50ae4f40a97,Nomal/Male_Normal-1581.jpg,0.864,6,no
hn_feet_bbd36dcb00a5bdd8.jpg,bbd36dcb00a5bdd891d0c8ef86858006e6dbc8e241d165038525bd28c78ad0a4,Nomal/Male_Normal-1582.jpg,0.855,14,no
hn_feet_93ebc623a6ef8b94.jpg,93ebc623a6ef8b943b52eea3f366bc5dca5d2d6a64232d2b357464fdeb3763bb,Nomal/Male_Normal-1583.jpg,0.863,9,no
hn_feet_13ff7b391dc33341.jpg,13ff7b391dc333417a3be5877d1650635aa8991ad42e8b8d2677e863af9bde4c,Nomal/Male_Normal-1585.jpg,0.828,10,no
hn_feet_b77abaf698b745a0.jpg,b77abaf698b745a00fce889a267e685a4bd7b929fa98a80414421df5d45e7303,Nomal/Male_Normal-1586.jpg,0.857,14,no
hn_feet_6819afc6fa7d1ae2.jpg,6819afc6fa7d1ae2b8b015047accf7d51b340fe36ca98b54ad62a826e9781c60,Nomal/Male_Normal-1587.jpg,0.831,12,no
hn_feet_9bc36e29d9d3a661.jpg,9bc36e29d9d3a6610e662a143ed0a865c218002c961548109cc482ca81e82a09,Nomal/Male_Normal-1589.jpg,0.877,11,no
hn_feet_3be8c7261bc6068c.jpg,3be8c7261bc6068cf14b822cbf8c110560cd0bb4844facce35e0a465b4399707,Nomal/Male_Normal-1590.jpg,0.867,11,no
hn_feet_9be401a31c94fbbe.jpg,9be401a31c94fbbee1281734ccbab93f44d064cb9178291e978f736377f07dcc,Nomal/Male_Normal-1593.jpg,0.844,6,no
hn_feet_a5310ea36f53d618.jpg,a5310ea36f53d61898f1d290a2f77f643a00c8c9ea1a6e33e520e7603285c9f3,Nomal/Male_Normal-1596.jpg,0.859,15,no
hn_feet_aa13c5746e3eab3e.jpg,aa13c5746e3eab3e1dafa8201a9105bb7fe2f2e5af486679fd4167521ec764c8,Nomal/Male_Normal-1597.jpg,0.844,10,no
hn_feet_1bc67c5cb84b9d64.jpg,1bc67c5cb84b9d640b03d17d40b3a584f985ad7aac814369d923f8ce80e762d9,Nomal/Male_Normal-1598.jpg,0.843,12,no
hn_feet_174999c0b8b26f8b.jpg,174999c0b8b26f8b85887338cb1f1f511a19ec28ae5db36d1f966352fbe8e790,Nomal/Male_Normal-1601.jpg,0.860,8,no
hn_feet_f250dd15f8b92442.jpg,f250dd15f8b924425cf19d6803a8ce4ea7a06ea4b85c266996fb2e7d4bf80b00,Nomal/Male_Normal-1603.jpg,0.851,12,no
hn_feet_17ba09d0b6cf7c13.jpg,17ba09d0b6cf7c1382d60438b04140d2ccbf06502b65b6f41159170ced457dcb,Nomal/Male_Normal-1605.jpg,0.808,11,no
hn_feet_7451fa6b4841d81f.jpg,7451fa6b4841d81fc33b38596c36f94ad2008c805350f055b1704aac83907734,Nomal/Male_Normal-1607.jpg,0.806,10,no
hn_feet_769933bbca3aedf0.jpg,769933bbca3aedf0791bd1883d629b6a51d9e51f26e3ca5894ce32e977a35729,Nomal/Male_Normal-1610.jpg,0.873,8,no
hn_feet_6d4449288f1ce0ee.jpg,6d4449288f1ce0ee74510f6cb522edfe12ee1773b7a9ba998993dbd48f21c183,Nomal/Male_Normal-1612.jpg,0.837,12,no
hn_feet_40ab6018fb77ff2d.jpg,40ab6018fb77ff2d2743527bc10e05dd95bab0d4dc1cabbf05fbc4beba4e8a0a,Nomal/Male_Normal-1613.jpg,0.858,12,no
hn_feet_c8fbe58695b916c2.jpg,c8fbe58695b916c28a0295ad23ae416d1d98d0412f3ad9c5c07d13dff07aaf1d,Nomal/Male_Normal-1614.jpg,0.866,7,no
hn_feet_ef5c3f1e2b268bed.jpg,ef5c3f1e2b268bed597051ad38ec70903159378864ebc0b2c540dec6e8927dc1,Nomal/Male_Normal-1615.jpg,0.875,6,no
hn_feet_f72947cca11a54ef.jpg,f72947cca11a54ef84966f08755286209d774d17e035a166a1b791efa804e422,Nomal/Male_Normal-1617.jpg,0.833,14,no
hn_feet_35557beaf9194c14.jpg,35557beaf9194c14be155f28ec60738b4407f4ef99317bbd7450c5284db30d1b,Nomal/Male_Normal-1619.jpg,0.839,10,no
hn_feet_26db9c4d118af534.jpg,26db9c4d118af53408f601dc3a8c9cbd7d21c341d1c5e5fb93c4728ab21d4659,Nomal/Male_Normal-1621.jpg,0.826,15,no
hn_feet_d419abfc3f159b38.jpg,d419abfc3f159b38a0e10acf662118ade5da2e1ab6c1d288c715662244262be0,Nomal/Male_Normal-1625.jpg,0.828,12,no
hn_feet_6f5ffecd4f1ec295.jpg,6f5ffecd4f1ec2955d24a47de1f491decfdfa7ece4800dfa8460855661b198c5,Nomal/Male_Normal-1626.jpg,0.846,12,no
hn_feet_9b559140a42cf3b9.jpg,9b559140a42cf3b993a62780dae29be026e50e3d67901279cb0e24b6c704c53a,Nomal/Male_Normal-1627.jpg,0.810,14,no
hn_feet_0ba853c6c68e21d5.jpg,0ba853c6c68e21d530c7ad7ea828f221791181aab9f90cd4abebea665e353c21,Nomal/Male_Normal-1628.jpg,0.838,10,no
hn_feet_7e1778768230d0a8.jpg,7e1778768230d0a81f9c97fe5aea400c83c372203e4cfacebfcb499da1c5facc,Nomal/Male_Normal-1634.jpg,0.835,15,no
hn_feet_1dd54828832633ce.jpg,1dd54828832633ce5626cc5ca33ce772d19852307bf1ae2cdd79d249774e7569,Nomal/Male_Normal-1635.jpg,0.816,12,no
hn_feet_5a8460a4bde73c5d.jpg,5a8460a4bde73c5d79979898ba012d5590a424829e780e3d2100465942dc3bd6,Nomal/Male_Normal-1638.jpg,0.865,9,no
hn_feet_26a0c9fe897a2cb8.jpg,26a0c9fe897a2cb838173bcedba6d36887efcf59cc3b5a05ecadcca54cb0b0f9,Nomal/Male_Normal-1643.jpg,0.859,10,no
hn_feet_2c237c71cdd1ebc8.jpg,2c237c71cdd1ebc87839761cbf8f0982c14d8477965e5895c56632189e691b9b,Nomal/Male_Normal-1647.jpg,0.842,18,no
hn_feet_83c0d3f24f6665db.jpg,83c0d3f24f6665db748cefbd9e3d9d6f7287ba1aabb816d02d7744e67d58b2d5,Nomal/Male_Normal-1656.jpg,0.835,10,no
hn_feet_161f2e76f6a7c739.jpg,161f2e76f6a7c73965df6006345fe0bfc87eb27ad680cd2f6f934877a168206a,Nomal/Male_Normal-1658.jpg,0.855,10,no
hn_feet_debac8e9441944fe.jpg,debac8e9441944feac5ef6e075e01ed9c9b5c5307a56238e65420fe2747729ef,Nomal/Male_Normal-1659.jpg,0.884,7,no
hn_feet_99c08ab65f962265.jpg,99c08ab65f962265bd22c94dd37e4a03a37f8ca087f0d83a09de8e87be742523,Nomal/Male_Normal-1660.jpg,0.842,9,no
hn_feet_17e95855917f6f63.jpg,17e95855917f6f63fbca396ca7ef3e0422201021015d1e2b45788c3a33554e86,Nomal/Male_Normal-1661.jpg,0.867,10,no
hn_feet_c3d1a366b32228f7.jpg,c3d1a366b32228f74d07a131841c380f9ab51eb5bf781a38581b174bcb92c991,Nomal/Male_Normal-1662.jpg,0.878,10,no
hn_feet_340b7aa5c21f1290.jpg,340b7aa5c21f12909a4606b040fe67114342fb32f77c84836d85610840dd6292,Nomal/Male_Normal-1664.jpg,0.840,13,no
hn_feet_aa3608bb28785bb5.jpg,aa3608bb28785bb5a1943e190cbfd635e1bd7dcffe92a11e2e9740364f4e982d,Nomal/Male_Normal-1665.jpg,0.829,9,no
hn_feet_33eb11686a628a19.jpg,33eb11686a628a193dd5e8b51dc6a2bc65803d238fb8f9ad7135faf3458bdba2,Nomal/Male_Normal-1667.jpg,0.819,16,no
hn_feet_eea43385ed91533a.jpg,eea43385ed91533a58a1d47d0cbd725a37237089b5f2147f8247b0aeb216268a,Nomal/Male_Normal-1668.jpg,0.864,11,no
hn_feet_f6188df0c96df7b8.jpg,f6188df0c96df7b8a7a446ee45c6c31a7afa36c1a8ffbe99a64ba1f5cbb0f8d4,Nomal/Male_Normal-1671.jpg,0.844,13,no
hn_feet_bf99d2aa4906ca94.jpg,bf99d2aa4906ca94877253337f8512f3c7ab6f8a4e7c7bf68d863a0a97fe0be1,Nomal/Male_Normal-1674.jpg,0.842,12,no
hn_feet_dfcb14d41fc14e48.jpg,dfcb14d41fc14e48bb5995e3f6f16ce538c8493ee6fe7c1b724d570c8ee59ef4,Nomal/Male_Normal-1675.jpg,0.809,11,no
hn_feet_3729e8551d2451f6.jpg,3729e8551d2451f6ec8b672c63560b6e16e966d8aafea809c8c6a58ad2dcc34b,Nomal/Male_Normal-1678.jpg,0.841,8,no
hn_feet_2da672b367c5f57b.jpg,2da672b367c5f57bce707ce24fc73d7a034080eed8f63b4d4668e92be052d607,Nomal/Male_Normal-1686.jpg,0.859,11,no
hn_feet_98a641f98d276bb2.jpg,98a641f98d276bb2b3eb21c227da16b2ace1af3d1b6a5d99db6270523660df2e,Nomal/Male_Normal-1689.jpg,0.860,13,no
hn_feet_9648136c9d9ffd45.jpg,9648136c9d9ffd45b948dbb0d14ad77da95e3fc215ed4d74a818057f070d4af8,Nomal/Male_Normal-1690.jpg,0.819,15,no
hn_feet_94beb7e4e13ce920.jpg,94beb7e4e13ce920e8413792b2a76b81404c170c11d7bb002d91edc067ced434,Nomal/Male_Normal-1692.jpg,0.860,10,no
hn_feet_4c7b96a87b1f6195.jpg,4c7b96a87b1f61955e32140fe0c4e0947ca7179fe3c1c0e6752e72fe0d1da263,Nomal/Male_Normal-1693.jpg,0.821,14,no
hn_feet_ace4760010232b3c.jpg,ace4760010232b3c450c392c9ef8dc9feeb1dffc1a137a32d71404cfbe7b93d8,Nomal/Male_Normal-1694.jpg,0.829,11,no
hn_feet_ef549b505b38b372.jpg,ef549b505b38b3726b48b998cbda50261ea665d582eef2ffee86827951d27b6f,Nomal/Male_Normal-1695.jpg,0.830,11,no
hn_feet_6e2a9a50b491e6db.jpg,6e2a9a50b491e6db9687dd216b237ffc91f1db4c45d85c71745d389b643a3915,Nomal/Male_Normal-1697.jpg,0.813,14,no
hn_feet_7671fad8372cc06c.jpg,7671fad8372cc06cbe1d3a5d301048cdcd5f0ff90d6b2bb96abd86dd78e0cfb9,Nomal/Male_Normal-1698.jpg,0.860,10,no
hn_feet_54c4067de1c34d04.jpg,54c4067de1c34d04cc1cc4cf857c950a929370790c79efa7c05b857e6ae8083a,Nomal/Male_Normal-1699.jpg,0.864,16,no
hn_feet_47e4007fd1a842b3.jpg,47e4007fd1a842b359dcf27746761b7ad77bd19a257f3f63e4bdde961a6a889a,Nomal/Male_Normal-1700.jpg,0.850,10,no
hn_feet_8a183c61d89ddba4.jpg,8a183c61d89ddba4d780bc5f8221e9886dec77cdb6cd663de85a295911bda9e8,Nomal/Male_Normal-1702.jpg,0.873,10,no
hn_feet_9148813f3e4d4c17.jpg,9148813f3e4d4c1737250831e8409a313a6db31eb7c3f428964731e1ec53a603,Nomal/Male_Normal-1703.jpg,0.862,9,no
hn_feet_473637def9a40f20.jpg,473637def9a40f204a3140c17bb7455d9e389a60ca9e315085c5d2b192b33357,Nomal/Male_Normal-1706.jpg,0.947,9,no
hn_feet_b8ae1d9ece105175.jpg,b8ae1d9ece105175d63bbf29b98cd3297d369f74e0db793118812a6f0f831682,Nomal/Male_Normal-1708.jpg,0.854,14,no
hn_feet_57012be77d547202.jpg,57012be77d5472021ae4611fc4fc0f076a12da6aa415610132197c8b8ee5a986,Nomal/Male_Normal-1709.jpg,0.884,10,no
hn_feet_e7d1ee392ca50a6e.jpg,e7d1ee392ca50a6e6a11a4c9eb5a449b90a8cbb99cf994dc4823531c183a1077,Nomal/Male_Normal-1710.jpg,0.880,5,no
hn_feet_aa15479a06e595e5.jpg,aa15479a06e595e50a8a3abf2d20607dc8b0a0cb137a34b180850767d5845051,Nomal/Male_Normal-1711.jpg,0.876,10,no
hn_feet_f47d9532b45d12e0.jpg,f47d9532b45d12e064f3c9d78c7fd6b74ceb089a1c2b70a7f4f4f7d6fa275ffd,Nomal/Male_Normal-1713.jpg,0.894,12,no
hn_feet_fd86b78607ea0215.jpg,fd86b78607ea0215efb0655fd6e57512488b2cd3d2f7b354c135e5bc88c7f057,Nomal/Male_Normal-1714.jpg,0.833,11,no
hn_feet_5fc424589c415e8b.jpg,5fc424589c415e8b9f0600180fb3ea4955d1ad6142754ab812659dd6f8d22353,Nomal/Male_Normal-1715.jpg,0.839,13,no
hn_feet_7ac7e6142798a33c.jpg,7ac7e6142798a33c5a6d79c6bfef8e91bfec12248fb4fd75581874096b5130d3,Nomal/Male_Normal-1716.jpg,0.871,13,no
hn_feet_14f1f725dac38466.jpg,14f1f725dac3846629d245d1ddfbb89143fa77a66599a9175072159a3853d618,Nomal/Male_Normal-1718.jpg,0.834,13,no
hn_feet_54a1e315eb6d0b54.jpg,54a1e315eb6d0b54d4e66b581f2b3b08256617a8b90594162cfc776c9394ba55,Nomal/Male_Normal-1719.jpg,0.892,10,no
hn_feet_2a2f29a5c20940bb.jpg,2a2f29a5c20940bb7409a2224b65bc749e31f25c53b5a7ad9cfd25b44f15b1fd,Nomal/Male_Normal-1720.jpg,0.903,9,no
hn_feet_dc11f12f02a460bd.jpg,dc11f12f02a460bd319d97e2e701c99f62dbb86b5dd9c8d6bab1eb05a0c3205a,Nomal/Male_Normal-1721.jpg,0.877,5,no
hn_feet_43776cc857e52aa4.jpg,43776cc857e52aa4382ed5483a9d1e430bf41026bbcf6039fabf3948f7e5b173,Nomal/Male_Normal-1726.jpg,0.859,16,no
hn_feet_de2334243b314758.jpg,de2334243b314758dac3dd59d42c78744b61ddf83084e9979636bcce8f96b198,Nomal/Male_Normal-1727.jpg,0.838,12,no
hn_feet_e809da7bbaf68fed.jpg,e809da7bbaf68fed5665e44e89bd140714270c769a2015be2ecac3b7f47807c3,Nomal/Male_Normal-1729.jpg,0.844,11,no
hn_feet_d49e1c20940985da.jpg,d49e1c20940985da29048fc822a941ce93761d20e12895b0a50422f75704a824,Nomal/Male_Normal-1732.jpg,0.862,8,no
hn_feet_a612b22b033ff632.jpg,a612b22b033ff632e833b26094fa740849c9a23afeffa0f853e5b3db2c181c8b,Nomal/Male_Normal-1734.jpg,0.902,10,no
hn_feet_b490dec10f760b8d.jpg,b490dec10f760b8d52b483302714459523ceacdcb70492d9de15fb0ea864426d,Nomal/Male_Normal-1739.jpg,0.855,15,no
hn_feet_7f71fe1b1b7f7741.jpg,7f71fe1b1b7f774189391c86c48df6a2c303b4056ffcde0585cab5813103dcc1,Nomal/Male_Normal-1742.jpg,0.859,7,no
hn_feet_12ae15ace70bbb03.jpg,12ae15ace70bbb03ecd1bad323308b54861f5cc60e6f331505bccf8241c9f519,Nomal/Male_Normal-1746.jpg,0.830,15,no
hn_feet_cf4170e4b7669914.jpg,cf4170e4b7669914b0a005d605aaacb06713670c308849a736cd52747e09c427,Nomal/Male_Normal-1748.jpg,0.800,17,no
hn_feet_81786de0176d221d.jpg,81786de0176d221d6bbecd72fb357a9095a326daf6e5cf67f68ab63f6b249634,Nomal/Male_Normal-1751.jpg,0.892,7,no
hn_feet_05c2b230c571acb1.jpg,05c2b230c571acb197ab4baeddce01301b9ac4a041cb25047c6d5c9c24e95f44,Nomal/Male_Normal-1756.jpg,0.840,14,no
hn_feet_94d27f6c3386bcd2.jpg,94d27f6c3386bcd2c9446b8ff6932766eeb002535b8e2a7b29c4f5a9baeb5bf6,Nomal/Male_Normal-1758.jpg,0.844,11,no
hn_feet_b52f58a9e93c211a.jpg,b52f58a9e93c211a2f74ed04528a57028995595a37ad4b223ec668fc9b4c625d,Nomal/Male_Normal-1762.jpg,0.886,5,no
hn_feet_00aed6631d540f69.jpg,00aed6631d540f694fb05ac29e143c41a55bf9427d5bbc385a108190b0b6595f,Nomal/Male_Normal-1767.jpg,0.860,14,no
hn_feet_4cca4a2fbc022386.jpg,4cca4a2fbc022386f69522896a765aec1b5827a0471bfaacd681f1ec22fb16e2,Nomal/Male_Normal-1770.jpg,0.857,11,no
hn_feet_221e8aaa20cff1ca.jpg,221e8aaa20cff1caeffe476ee97868d2c7e426a2c699e1c371a6cbb3bdd4fee6,Nomal/Male_Normal-1771.jpg,0.902,11,no
hn_feet_2da72f8f96c55df5.jpg,2da72f8f96c55df5ad98d9505fb086c1becc83b584aaaff01288406acf1a2ded,Nomal/Male_Normal-1781.jpg,0.863,11,no
hn_feet_c212c54f527c9987.jpg,c212c54f527c998706787803f74049e51f443727003cfa42f03dfd4cc34bd129,Nomal/Male_Normal-1786.jpg,0.868,11,no
hn_feet_bf58ab99bbfeace7.jpg,bf58ab99bbfeace7f7e15354570f9bde007af8d9d2a3346799fd22b6a3bcd994,Nomal/Male_Normal-1789.jpg,0.856,12,no
hn_feet_c7d50315d7114af8.jpg,c7d50315d7114af8942d5028e268c373032bb51bdcc9350516dbc3885eacf7ba,Nomal/Male_Normal-1790.jpg,0.867,12,no
hn_feet_26524668d764132e.jpg,26524668d764132e021c311e749303242871a61e5177a6d424ff343dbc7c7501,Nomal/Male_Normal-1791.jpg,0.865,14,no
hn_feet_b7a7444a2b7bfed1.jpg,b7a7444a2b7bfed1d14f6ad25282c36dfbe79fcb1bb85e3eea83f39eba8cf4ae,Nomal/Male_Normal-1794.jpg,0.864,12,no
hn_feet_58d9c26e98d19020.jpg,58d9c26e98d190200e319ce19404ce5ae5537d407ea79f3cd30982af6568ee7b,Nomal/Male_Normal-1795.jpg,0.791,11,no
hn_feet_4e118e4154f34445.jpg,4e118e4154f34445e7a0d8b91ea4f47853126992fb6a732e17b20be165be8f09,Nomal/Male_Normal-1797.jpg,0.824,13,no
hn_feet_f7e3d3168970844a.jpg,f7e3d3168970844a0fe6a3d8c32fd02aa14b250d964e3866b42e938d07a85469,Nomal/Male_Normal-1799.jpg,0.836,14,no
hn_feet_2bd401d83b40ca44.jpg,2bd401d83b40ca44b9a527ae0b96309c0d0a710ba853e26e7ed47cd2f702d940,Nomal/Male_Normal-1800.jpg,0.868,10,no
hn_feet_fcba529633ad7a9d.jpg,fcba529633ad7a9d2a51492c55ed6585eb5cade396a47a9ce3d40caf9315edd0,Nomal/Male_Normal-1801.jpg,0.886,11,no
hn_feet_074640f6032049a4.jpg,074640f6032049a495a57a14aa5e1fd0bf19ecc9639d4d2a3582432e543329ac,Nomal/Male_Normal-1802.jpg,0.859,6,no
hn_feet_71492ce58949357e.jpg,71492ce58949357e5106793103febb332ba4aafa3fe201de117f761e2c0f5a9d,Nomal/Male_Normal-1805.jpg,0.865,12,no
hn_feet_8c1b4551e0b5e1bd.jpg,8c1b4551e0b5e1bd26b8e1e5edfe05750afd0a47233413af9422f692e628bc5e,Nomal/Male_Normal-1807.jpg,0.851,13,no
hn_feet_0c1eb1d49a2aaea2.jpg,0c1eb1d49a2aaea22b88c84484f6a3f3a487d6497d778611a56c9f7bb4fbd01c,Nomal/Male_Normal-1809.jpg,0.856,7,no
hn_feet_db64c80255caa6aa.jpg,db64c80255caa6aa42922f4ba75567792ad020bf519cfa99a24cb6c125b490a3,Nomal/Male_Normal-1810.jpg,0.873,11,no
hn_feet_53e8371f48e81e79.jpg,53e8371f48e81e79f990664fefa7133c6975f67f1b8e6fd63c4e88d98842a092,Nomal/Male_Normal-1812.jpg,0.852,6,no
hn_feet_c5a9acbf99f95853.jpg,c5a9acbf99f958534c26698ba72c798a53000bad6197508a863cdcc891a337ec,Nomal/Male_Normal-1813.jpg,0.866,9,no
hn_feet_8c20f55a6373c4f0.jpg,8c20f55a6373c4f0459667e6fe200f00eff3ad9f07f7df3a9368535877925e56,Nomal/Male_Normal-1815.jpg,0.857,11,no
hn_feet_322e1c4e99d9e748.jpg,322e1c4e99d9e74827b4a5a6e18d837eb75fd5f62fefc1b81670ca12b9a6bb53,Nomal/Male_Normal-1817.jpg,0.812,11,no
hn_feet_3a8342708cc70153.jpg,3a8342708cc701531f1b960da4198bf47f00430127a67c62e3745218b66375e5,Nomal/Male_Normal-1818.jpg,0.869,14,no
hn_feet_34addeb37999ed80.jpg,34addeb37999ed80dd9522ab4f2bd25c6e167c154d6d2d9acc07faa1f51ea81b,Nomal/Male_Normal-1819.jpg,0.831,14,no
hn_feet_d1f7ffa322b98146.jpg,d1f7ffa322b981463725089f5c81e209886b356e04ae5d159fd8e4e31c39a87a,Nomal/Male_Normal-1820.jpg,0.862,6,no
hn_feet_83a56a1b51906b76.jpg,83a56a1b51906b764a4d3f356acef00a5bc25939aa49ea87d61b24453606f2e8,Nomal/Male_Normal-1821.jpg,0.864,7,no
hn_feet_b9a8b0dd4d1454d0.jpg,b9a8b0dd4d1454d0d7283b9a7b1f17b7b7a965dbcac4863a4e13431c5540e6c9,Nomal/Male_Normal-1825.jpg,0.853,9,no
hn_feet_5256a10fe9fa804e.jpg,5256a10fe9fa804ea67d8850d60070202ef7ee0fe88b1dc9f22c8863e3c23599,Nomal/Male_Normal-1827.jpg,0.840,10,no
hn_feet_8e3b754408a3010c.jpg,8e3b754408a3010c2b338e47d279725189e2e690f5be29093a20cfd4083db142,Nomal/Male_Normal-1828.jpg,0.937,11,no
hn_feet_715c1705c253dd04.jpg,715c1705c253dd04ba937e5a2bb30dc981530e1b381582ac646f1eed6292dc8e,Nomal/Male_Normal-1830.jpg,0.853,11,no
hn_feet_d9df086edbebe056.jpg,d9df086edbebe0569471c4c878300e59041a0ff60c94e33806da9effa79d52c1,Nomal/Male_Normal-1831.jpg,0.863,6,no
hn_feet_1b5144964b724e2b.jpg,1b5144964b724e2b6c2ede1253017d18317e1453028a8a26d55e48df6f23f6bc,Nomal/Male_Normal-1838.jpg,0.841,15,no
hn_feet_06976f8c97718c5d.jpg,06976f8c97718c5d6bb03831d0add3d0d3e705c24401cca0287a770599e0cfdb,Nomal/Male_Normal-1839.jpg,0.848,14,no
hn_feet_12500b9e62d1c458.jpg,12500b9e62d1c4584d067be4d1a409a8e215c4b71457816e15c63040a15041b6,Nomal/Male_Normal-1841.jpg,0.878,11,no
hn_feet_a0420d3fbdc1eaf9.jpg,a0420d3fbdc1eaf93a62c726b06a26c7605849d9616f1b2a0ce0a857a1966456,Nomal/Male_Normal-1844.jpg,0.884,6,no
hn_feet_df786c82f6ea3aae.jpg,df786c82f6ea3aae8f69be970b8a7871226aaed2b7d25e01c5bc1d488a919f24,Nomal/Male_Normal-1845.jpg,0.902,12,no
hn_feet_8152fcfec616b0be.jpg,8152fcfec616b0beba206ba3af9cccf39f2ad5b194bdf3b44b04e355e9ac1158,Nomal/Male_Normal-1846.jpg,0.890,8,no
hn_feet_dbe1118d06e4b43a.jpg,dbe1118d06e4b43a08b75e428a8cecb73e309044e7dc1ef40985667e0c5b9d96,Nomal/Male_Normal-1855.jpg,0.887,13,no
hn_feet_223b48904e76ac74.jpg,223b48904e76ac74827e42074d4f4227173a70ab3eb6e79d1393b3cd49fa57cc,Nomal/Male_Normal-1857.jpg,0.855,14,no
hn_feet_fc15d0b7118f5124.jpg,fc15d0b7118f5124ed10314de258724a47712e0a7d3a97f48054284796adc9f8,Nomal/Male_Normal-1858.jpg,0.840,13,no
hn_feet_b727db12eda9e0db.jpg,b727db12eda9e0db66ed22eb775444d5b6a6caa576e97f87ccf8d59792080aff,Nomal/Male_Normal-1859.jpg,0.835,12,no
hn_feet_2152af224a78db7f.jpg,2152af224a78db7fa0a382b08fe23d996402cdd8ccfe5ec1e7a9b2100ae0de32,Nomal/Male_Normal-1863.jpg,0.854,8,no
hn_feet_cb7f6c42217a2397.jpg,cb7f6c42217a23975e4506e4d19da726523b2564454f0448c87c4e3b1c1d8f14,Nomal/Male_Normal-1864.jpg,0.893,4,no
hn_feet_6a008b66a81a2b87.jpg,6a008b66a81a2b87d573d749651841ef04cb0efa8fb0397a938b9d91212e3fb7,Nomal/Male_Normal-1867.jpg,0.881,15,no
hn_feet_c4cdb3a0f5940130.jpg,c4cdb3a0f5940130182370b55772da49baff487a04737f15186e3feccbfbb4b6,Nomal/Male_Normal-1870.jpg,0.794,10,no
hn_feet_a1e0124102c0733d.jpg,a1e0124102c0733dafef09cf94877cde2fc004293d53ddb016637424fb26b4d1,Nomal/Male_Normal-1879.jpg,0.823,15,no
hn_feet_e4f1b0d642d85ce1.jpg,e4f1b0d642d85ce17019ef96c45bf78043de314ef93d3a16ac10cc7daaec469a,Nomal/Male_Normal-1881.jpg,0.876,13,no
hn_feet_0f900f46b5822994.jpg,0f900f46b58229941ce60d15719f31c07e01599a10059d4044d00f9a374ff009,Nomal/Male_Normal-1883.jpg,0.841,13,no
hn_feet_0465879ff12734b3.jpg,0465879ff12734b348dbcc43c44cdb3a450194138171608bf139c586b745eb18,Nomal/Male_Normal-1886.jpg,0.840,13,no
hn_feet_19c3d4d202c4119e.jpg,19c3d4d202c4119e93b997e947330ce4b080339a682b9a821d66ebde00addb37,Nomal/Male_Normal-1900.jpg,0.866,16,no
hn_feet_e0a1f7bee071f1f4.jpg,e0a1f7bee071f1f434caf55d267dfe1ff302ebe95c09b7b85d89b993a6978974,Nomal/Male_Normal-1902.jpg,0.840,11,no
hn_feet_f50ce0c8d81d753b.jpg,f50ce0c8d81d753b3db4cb077d5622fdbbb5a5e40fcefb243b5e1d641578b094,Nomal/Male_Normal-1903.jpg,0.859,10,no
hn_feet_01af51231affd6e0.jpg,01af51231affd6e01a320937034308c168c4ccf926223af4ad1bd5c53f98078d,Nomal/Male_Normal-1908.jpg,0.837,14,no
hn_feet_665818bd31ed7cc8.jpg,665818bd31ed7cc8abd2131d41fba0aa5d94f47e93cc10913b4dbd22590f1033,Nomal/Male_Normal-1910.jpg,0.825,14,no
hn_feet_5e46538574938ec3.jpg,5e46538574938ec3751879cbd61985ec850c9dadcdf4e0055ef1ad277597ed66,Nomal/Male_Normal-1913.jpg,0.878,9,no
hn_feet_fea7502d0d0c31f1.jpg,fea7502d0d0c31f101c4c9e2aa6122074f8b9595d66ef9ddbc47ee85abd3aaa5,Nomal/Male_Normal-1914.jpg,0.889,8,no
hn_feet_68169e5a64647236.jpg,68169e5a646472361daeaf286c659aeaa4a93fa1e37c6c23c2256d29595081fa,Nomal/Male_Normal-1915.jpg,0.856,10,no
hn_feet_47c2cdd0ccb03182.jpg,47c2cdd0ccb031827bb2955139fe4bb7df04a26280614c03621f7ad46a084db7,Nomal/Male_Normal-1918.jpg,0.847,12,no
hn_feet_6c418c0621f8db52.jpg,6c418c0621f8db52ff42aa946381b3ae3de40887e115beb178209cd7faf0939d,Nomal/Male_Normal-1919.jpg,0.890,15,no
hn_feet_7307c357d9df7598.jpg,7307c357d9df75980eac7e02d88475e61c2f8e8ab9756fbaf6abe70f4ef7369c,Nomal/Male_Normal-1920.jpg,0.827,15,no
hn_feet_e19b27deebd5b8b7.jpg,e19b27deebd5b8b7a1cf2a9a002d31d597105ad76583b2e70723ab30334b4fc5,Nomal/Male_Normal-1923.jpg,0.889,8,no
hn_feet_b3acd6b2d5b1bbec.jpg,b3acd6b2d5b1bbec7950b2ace3df3c565137eaf1ab65e26763f5116a184d4d7a,Nomal/Male_Normal-1925.jpg,0.870,11,no
hn_feet_a4180abe0db7b1b1.jpg,a4180abe0db7b1b1e2dbd7320b0de835e2cfd45a64c9a0e2591fb545016ec07b,Nomal/Male_Normal-1928.jpg,0.906,14,no
hn_feet_f684bda7c8c7c08b.jpg,f684bda7c8c7c08ba3b5c3da53af160515c97c1df211287baffca5ee7aee9b02,Nomal/Male_Normal-1931.jpg,0.802,13,no
hn_feet_6f5bb901f6b86fe9.jpg,6f5bb901f6b86fe9b3b2e7cfd32c23b11b7ee6ecfa0503ada772cf364345d86c,Nomal/Male_Normal-1933.jpg,0.876,6,no
hn_feet_afee72bed8e5bf31.jpg,afee72bed8e5bf31d0eeac97d92f20518cf2b0b79b0f094bb44dde1bf90acf7d,Nomal/Male_Normal-1934.jpg,0.865,8,no
hn_feet_4d92ddbb0c0f3bfd.jpg,4d92ddbb0c0f3bfda814f43e72ab50f6e54bbc3a518295f83282904d0772eb9c,Nomal/Male_Normal-1936.jpg,0.797,11,no
hn_feet_3d1acb43fc7e2849.jpg,3d1acb43fc7e28496fd37830d82c75aff62f58a670aeb869de7b44d6ab9a3323,Nomal/Male_Normal-1937.jpg,0.870,14,no
hn_feet_bd962984737f00e6.jpg,bd962984737f00e660031e87ed4d393d005678a9bcc90f4d08560ec0c999d319,Nomal/Male_Normal-1938.jpg,0.841,15,no
hn_feet_c4da8815154ca2e4.jpg,c4da8815154ca2e44ab5c38567306d8c39e1dbe327180ea932011b295bc925f3,Nomal/Male_Normal-1939.jpg,0.835,16,no
hn_feet_78009f91d5aa862a.jpg,78009f91d5aa862a557b1df94a349053227c574cb2270df0abf714fc62e92581,Nomal/Male_Normal-1942.jpg,0.824,9,no
hn_feet_aadbb07db1503110.jpg,aadbb07db1503110bcd58a6719defb2971111c48a557cf5bc06891a1f51b0d70,Nomal/Male_Normal-1943.jpg,0.864,10,no
hn_feet_332cb160307d511d.jpg,332cb160307d511d3e3d2692fa70d6c3fca5530cde3149f3268b983e69747bd1,Nomal/Male_Normal-1946.jpg,0.866,12,no
hn_feet_b26f0a541b42a6b9.jpg,b26f0a541b42a6b95eda5d09f0e3bb73d8fcf0429bbd27b36de61dab847f4bf8,Nomal/Male_Normal-1947.jpg,0.847,11,no
hn_feet_acf4f7d8b4ee3d03.jpg,acf4f7d8b4ee3d03915a6ff51534cb4ea361fda1c809e1cd4862cd7a7ead6b7b,Nomal/Male_Normal-1948.jpg,0.851,11,no
hn_feet_dba17e2c492d5406.jpg,dba17e2c492d5406db16411305b59e3f73b68cc546d0770b4d3f4633296e945d,Nomal/Male_Normal-1949.jpg,0.818,13,no
hn_feet_4b2607101f2deb2c.jpg,4b2607101f2deb2c3b290e3623b3af2f01a80aca0be5871e410541e8337bee19,Nomal/Male_Normal-1953.jpg,0.874,5,no
hn_feet_26aef972b4780121.jpg,26aef972b4780121d2361b78f858300213590a4db63ebaec5b9b7bcda53997a0,Nomal/Male_Normal-1956.jpg,0.875,12,no
hn_feet_0d9d40dea6e0a596.jpg,0d9d40dea6e0a59644e39a79b7fcf5503815863635dd2c76cf94eb9bfa919603,Nomal/Male_Normal-1958.jpg,0.847,12,no
hn_feet_14e0b9f020bcf0ca.jpg,14e0b9f020bcf0ca51612281d89a4988749945ef44efe2285f41bcb992e28a04,Nomal/Male_Normal-1959.jpg,0.851,15,no
hn_feet_c5e40082bbac81df.jpg,c5e40082bbac81df4c4ac961900628810b0b326c40a55b129de075ab3e5d3416,Nomal/Male_Normal-1960.jpg,0.847,15,no
hn_feet_42f12022aedb9697.jpg,42f12022aedb96979b3ea0a29d27d5d657789317e2ebc5d24132bae179370249,Nomal/Male_Normal-1961.jpg,0.841,13,no
hn_feet_5216caf64cbd7505.jpg,5216caf64cbd7505577ea1e374b33f6e7fbc8d96725fa0fc514d6557230d29a7,Nomal/Male_Normal-1963.jpg,0.872,12,no
hn_feet_38f7d8d544b2c84c.jpg,38f7d8d544b2c84c7dfed33f5583c905cc5975a5520748c0c2802fa97aa3baac,Nomal/Male_Normal-1964.jpg,0.900,5,no
hn_feet_0a7beb0146bf1cb2.jpg,0a7beb0146bf1cb2c6976a21f4ac3d04c1c6aa8bbae953aaa14cb695d06467be,Nomal/Male_Normal-1968.jpg,0.845,12,no
hn_feet_9dbbab85089b5ecc.jpg,9dbbab85089b5ecc68d374aca546f191192393c43a4d649ed71adbb2bf4303bf,Nomal/Male_Normal-1970.jpg,0.815,12,no
hn_feet_cfb88f81ff539587.jpg,cfb88f81ff539587222e1ccf6bfdf933e8b11ecd91b2e2aed6906168adb35809,Nomal/Male_Normal-1974.jpg,0.840,13,no
hn_feet_d17b20dc8370a362.jpg,d17b20dc8370a362f4e203473ff571e74d092a460ddcc7194f9eadacc7e8da98,Nomal/Male_Normal-1975.jpg,0.857,13,no
hn_feet_5e5bea6887a4a8ed.jpg,5e5bea6887a4a8ede796e2c193109d7f1fe032f235d042c57c3b7181226909e8,Nomal/Male_Normal-1976.jpg,0.877,14,no
hn_feet_e4e52dc4b423b28b.jpg,e4e52dc4b423b28bfd587d74b6f278c830e5ead812e87e65e74affc00bcdd286,Nomal/Male_Normal-1978.jpg,0.881,13,no
hn_feet_fc25f88796ae1baa.jpg,fc25f88796ae1baa97402e425034867eb5bb676510d3a9095966a6d367058d82,Nomal/Male_Normal-1980.jpg,0.834,12,no
