role,class,file,sha256
train,abrasion,abrasion_kg1_100.jpg,f5d927086081d01d62046e511e57f3f2ecd16c4709bca6fa4779eb9a836e872b
train,abrasion,abrasion_kg1_101.jpg,30fcfd135509970f0953839a39262b7a036c1863dc8de2aea68930c31cd1bc15
train,abrasion,abrasion_kg1_103.jpg,3971d8205a4e25f985d364cf9e1a1040011be5ac9bfaea6806f8eaa516db9232
train,abrasion,abrasion_kg1_104.jpg,f33125dd5ff152a72df107ecd4a0ec29a1fba5ea8b245588c99435d47a11a59c
train,abrasion,abrasion_kg1_105.jpg,dd4eccaf07fa52912dab3da18ea0f4bfff66abb422535c0e4a62292879644e57
train,abrasion,abrasion_kg1_107.jpg,8dca3074e50d4d1dc79079987a5ddb06cd0b5e66968a0ff5788974086a34679d
train,abrasion,abrasion_kg1_108.jpg,532bf3f611b7e2bc9ed183a62217e99aa0df654a6fc25ca9961989d775d5573a
train,abrasion,abrasion_kg1_109.jpg,8731b84d687c302a4668ac74e0e4183251b1ac0b606e6befb41a335e99f3e8ff
train,abrasion,abrasion_kg1_11.jpg,ec2587ab0cf3fa2b233a37ece04d989955ca66335c5b8d7168a98595203c1889
train,abrasion,abrasion_kg1_110.jpg,be84d98e37921095f4aaeb8e6afa5a7b424209e192deb85646799575548a4a94
train,abrasion,abrasion_kg1_113.jpg,a2270ee2aefbd7be2e5b242e4dfca25e5ef7890af467c86d9ca535f2f8c3e76d
train,abrasion,abrasion_kg1_115.jpg,769bdee4af786e181a9f907d2ffed181aa3f6749eb0e59105bd092b4edf7b580
train,abrasion,abrasion_kg1_116.jpg,612bea3fbf4a67110537e3c0bb9ef1211408aab108773b5a83a06336f51bb985
train,abrasion,abrasion_kg1_117.jpg,de006ced7ac08d70dc58d540ce6d7cb1b66d567a902d88f05f9ada237e77b4ac
train,abrasion,abrasion_kg1_119.jpg,bae081f73177d69f5eb13b1d51249146eaac16f1f8b9e7d468087d79b2c6f82e
train,abrasion,abrasion_kg1_12.jpg,9023700d5b109708e9ab59bcd94ed22d15dfd01cc22e24ff49868ffa313047a1
train,abrasion,abrasion_kg1_120.jpg,c833b1bbd5bec98e28394333838fe9923219f326def17deef8ea40b60bbe51ba
train,abrasion,abrasion_kg1_123.jpg,879086fad2d9962d385bd191837051e7a8ac456a06fbcf9cc12623b61880c543
train,abrasion,abrasion_kg1_124.jpg,b087d773a435ff004f92cd61395ccb42c853c026753ec9de887e17e08b9485c6
train,abrasion,abrasion_kg1_129.jpg,6eed03045d22e5150869034ace428d0bf4f90b500647d0ced44e14fa5b25f0cc
train,abrasion,abrasion_kg1_13.jpg,5b858ffc0bd8ac93158089138799c27e39e124405c4e598507dc7560313b204f
train,abrasion,abrasion_kg1_130.jpg,5d7000ff50efa734901f3f07058e062761357b9a77ed6679e63a5fb18469c53f
train,abrasion,abrasion_kg1_132.jpg,3d050ee120d45cd1a51a6a160c5fa648b1f2932d74832be42ace420d877af02a
train,abrasion,abrasion_kg1_133.jpg,070784cd5bde0e2e85a8f4fe3a0a614610125665b2dc2cb899d8ee8fd3d6bfe2
train,abrasion,abrasion_kg1_135.jpg,093da7661312171d566a0bcc41c11b6378574ff799326e589268a020ba01c588
train,abrasion,abrasion_kg1_137.jpg,fe41419ec347bf893e7664cc3bdda4fe3075d3761c033ce6596d42047206b85f
train,abrasion,abrasion_kg1_138.jpg,6a11c54b37d6a72b900055113324e7069d3c4bb0fce76c1c2c846f728d2e979c
train,abrasion,abrasion_kg1_14.jpg,41451ffb149bbb560a2d7c86491448c74d06e28d88c8dabd6dd44440ea4a402a
train,abrasion,abrasion_kg1_141.jpg,d4ace807b9b6bee25a74b49bd829e6cfa2145760353a47151bdf0f41e6ce1165
train,abrasion,abrasion_kg1_142.jpg,8aaba3ab22e5f74d09a3a4613ec7c263530a77c8880476f53e4481a4073c04b7
train,abrasion,abrasion_kg1_143.jpg,c63345d255cef51f9d8111fbac46ca003b9861d53efd49fd5332d719dd9dbb1c
train,abrasion,abrasion_kg1_145.jpg,cc724d27f2943b7f9c62b4de2ee45572832163bdbe5c2df72ca1141091829fc9
train,abrasion,abrasion_kg1_146.jpg,a88506da4d4b9b52a577c430223eb7347c508383a4278cc5eab14e64172d67eb
train,abrasion,abrasion_kg1_147.jpg,2826c56bf82033bda4d5f67039bf5d65deb86b3c59c8ff31581c594a11f3dff6
train,abrasion,abrasion_kg1_148.jpg,7190d3f45ac64a247c9bc32302e421172fb1918a831d3cf140c91c9b24518c79
train,abrasion,abrasion_kg1_149.jpg,235926d08b0d552218c55abe74414e5772813433cb2649719e0643479de71a97
train,abrasion,abrasion_kg1_15.jpg,13cb0463e619d93f1bf0b2ecb8120a8208f75a854a4fc719fe9407aad2db00f9
train,abrasion,abrasion_kg1_150.jpg,39544d5548abd4ab39da5fff567ee28fa4a78c8f305a4c8523d5647013a5eb6d
train,abrasion,abrasion_kg1_152.jpg,d1718d0d791654a3ed724a0fbced8d6e131f1733bdba6a49140307325706f1bb
train,abrasion,abrasion_kg1_153.jpg,9b1d3cf081259c49a8d2fb29359f7174c1b3cc1eef9066f7c8db3a2ff0e5a6c1
train,abrasion,abrasion_kg1_154.jpg,17b6a731c556da7a655adc3dcb2f4688b9d379d8aa60cbee3fa3e2aea5262560
train,abrasion,abrasion_kg1_156.jpg,ca894be39b39ef49f98d6261b9665cbdf9a6b4ccdf2e994cc44a6b130ab5d180
train,abrasion,abrasion_kg1_157.jpg,7dfb6357452587ce06e74aca6fcb10591c43d6925f376ca740233c97b59a0d29
train,abrasion,abrasion_kg1_158.jpg,0954f566d2ffebf9664da527b9f4a5b422667f508e62ec1738e6739c008bd86c
train,abrasion,abrasion_kg1_159.jpg,0b7d6e2c532999c31b4526f6c76d0eaf94819f13f3faa021c8452c3afb3e10ed
train,abrasion,abrasion_kg1_16.jpg,b710ca5572e75498b285b7eb7219521fc37995d4191b20c70b99eeb2024b07f5
train,abrasion,abrasion_kg1_162.jpg,6b152ddb2b727106b29fc53e1bd8a4a57334d3580caff97a110b599139a6a180
train,abrasion,abrasion_kg1_163.jpg,98654d4560772d7a7ece6620a325b3e0a3214e70dacdba1e57b4b821e7306e71
train,abrasion,abrasion_kg1_165.jpg,12b6f81129040f5cfdcaaecdd28c7347fd96e4fa8d4be8d8fc0020b8021b65a0
train,abrasion,abrasion_kg1_166.jpg,20943b7cd4bf33997659567b5077c519b922eb702a9f5ff87a785480b4b9cc30
train,abrasion,abrasion_kg1_168.jpg,0065705c1ceb885196d43fa2ccebb933644925c5619bca93f92101e40192264e
train,abrasion,abrasion_kg1_169.jpg,af62c2340bd714bc185b2e65d81b77223f33610af5993d9b6a18f5c25cd68255
train,abrasion,abrasion_kg1_17.jpg,31778075e82fd5fcaf9b55cdb1728ae11309d0b8c42476d1b3fd2f779116bdd5
train,abrasion,abrasion_kg1_171.jpg,88c31dcd0e26f721dfe1b1b2222d717fcb79323842e31497b42710426ccaaaef
train,abrasion,abrasion_kg1_173.jpg,97f4410951bf92ef9bbe757609dff022379ccc57111c7ed7a53df0cc44b4fd4e
train,abrasion,abrasion_kg1_174.jpg,7e37d76af2d41e00f815230f5195b3958ff009c4327d7ee729b99b018cafb992
train,abrasion,abrasion_kg1_175.jpg,73f72ee5625e93efd3ff37415a12ed021e0290b5a1793ff714ff7a9ed3dd56a7
train,abrasion,abrasion_kg1_176.jpg,771be51f170d3c1d3038e3f6ca117e1c5bebb8b68fbe609dfbeff7e84844a7c8
train,abrasion,abrasion_kg1_177.jpg,a833a23a75079c8b529e68044e169e5bc57e459949e6f52031aa858ed75c9cd3
train,abrasion,abrasion_kg1_179.jpg,0bb5d4c0781c798b3d6fb16c5668192d1aac3c320184f5a0e2b6d427eaee8236
train,abrasion,abrasion_kg1_18.jpg,ebd1b4dd0073bfd738bf82413ab31cffff3b56fa8a2a4a758a9691ca6197c2be
train,abrasion,abrasion_kg1_180.jpg,965051908f284ef6001b8ff2096f452f41e58ec278743aca1f9f989975d3d887
train,abrasion,abrasion_kg1_181.jpg,103ec58b2e1de038e3216a6e381862ea7e6e4347396f40cd45180766172490b3
train,abrasion,abrasion_kg1_183.jpg,e77add560587ca05b56d2ab80eb3673d4326e6f8658f92d195bb656b47e06b92
train,abrasion,abrasion_kg1_185.jpg,4cecdf0b277388a1ceb63f9a2a13b97b6b4b60726959603457204e3c0092d38b
train,abrasion,abrasion_kg1_186.jpg,803b87c754c18ec6a862d7171f7f46c12bb3747ccd32e46f8ec5de69f266f067
train,abrasion,abrasion_kg1_187.jpg,775043db5c7e5f7449d92b3fa45a9305118b01c013a6712f7b58a517c4c4bff8
train,abrasion,abrasion_kg1_188.jpg,3dddbadff608add542da417b9f383557b67f6643bbf4732ed20e9d6c34e96109
train,abrasion,abrasion_kg1_189.jpg,fbfa424363f7e133457974fe6b4917cca88c25b290570d3f830203ba68cfb95f
train,abrasion,abrasion_kg1_19.jpg,5240f9c36aa811b7bee81f44923faecc5ddeb9dc7f894d16a5eadc6cb2533813
train,abrasion,abrasion_kg1_190.jpg,f799f0a41ebfaa6a0f510313f168be859e08facc79dd3ca77e290fab4193ed93
train,abrasion,abrasion_kg1_191.jpg,11f40559f77c6be6fd0130e61573ee75e979d54963e46ffff5279c6623927986
train,abrasion,abrasion_kg1_192.jpg,721bfc145a6e79e04b5b191eb049722adc06b9f53f953f1368bd884d133c34cb
train,abrasion,abrasion_kg1_20.jpg,ab0226587a1ddc7188d2c321016950189f10cba16e09446e6591b5cdb5abbeeb
train,abrasion,abrasion_kg1_22.jpg,3409cd8250f191dfcdbc9d0ce87bafcc7c1b53da7d31a384780e98dfac9bfa9d
train,abrasion,abrasion_kg1_23.jpg,2910fe61899c94d96bfc425ff7d6d1ae50bf7eb2243375f5e6551a0736f96806
train,abrasion,abrasion_kg1_24.jpg,01364696fce51854ce9ace3a7bbe9b48f11e4fcb29e1845d45bb620d18f00cd5
train,abrasion,abrasion_kg1_26.jpg,5a3ecd6c1cd6af7dfe491d8eb238d1a13435b624ce33f79f12043028abd9b049
train,abrasion,abrasion_kg1_3.jpg,02a806f35ce36dfd6e914a7454735f2226ee7e8f45637f81b9a977a900e238fc
train,abrasion,abrasion_kg1_30.jpg,4f73d897272175f006f587e4c25750ee3e0c0cd527744b5c11961ab0e6376f05
train,abrasion,abrasion_kg1_31.jpg,fe24f4e2d72f062499a633427b9c1128a5ca1982d9b0bcce065ba18a0231da23
train,abrasion,abrasion_kg1_33.jpg,fc35f9c53420efef4137360ab3a76a59ece7f7c6ef0c7d8f5d635612edb466b0
train,abrasion,abrasion_kg1_34.jpg,0914c50cd7bdbf1e61e83e6b0a6b64865b996e70da9609caba8c49175f733930
train,abrasion,abrasion_kg1_35.jpg,f4b7a32132dfdc389f4328459653b35b43d6787f77182cd7f748a34e7f01fee1
train,abrasion,abrasion_kg1_36.jpg,c9e9b4e6d00a1ecb2a39b8360284a421a8866e1cfdb8c79742a4d84fdf289144
train,abrasion,abrasion_kg1_37.jpg,904d8e3a470e5a6fe2b2f2b76fa44f4a26a0398542f7648c26d174ad7f326eb3
train,abrasion,abrasion_kg1_38.jpg,ca2e4e5495a28cc593e2f1f74ed1ad56e3269105f6ca439cc92cd38788537e49
train,abrasion,abrasion_kg1_4.jpg,0efd0f4eab3b6d7b259358721cb7d13993a140a050e0ef2c3f8404d3c795fa8e
train,abrasion,abrasion_kg1_40.jpg,a4bcf0c4bd444ac207e835a707f8ed72d0f1d87dc2aeca2d6b56ab5198838afe
train,abrasion,abrasion_kg1_43.jpg,9f24cb4838a39e8bbcdcf78893ac42dd0c7f79ef2f3d63920dae837114cfca96
train,abrasion,abrasion_kg1_44.jpg,93006ebc3bd7324c5db41a18220407d5c7af77562bf26b128307e17b8fe42a6d
train,abrasion,abrasion_kg1_46.jpg,91733e78439d2daf67e5e80be562ed247b10de7714dc2d3bbd474670a34960d3
train,abrasion,abrasion_kg1_47.jpg,5f79ae0e6cbb64b9f33ed30fc45537ae5bfa87c28d27352e70e1fd5ab9cb4c72
train,abrasion,abrasion_kg1_49.jpg,8aad2343a6f852ea279543c647252cd64fabed75b80b7c6a5a43a249da386f22
train,abrasion,abrasion_kg1_5.jpg,92880fbfb16796ff235fc4d1dbd0c2fbaaa685cf532b26297c45e670a49705b9
train,abrasion,abrasion_kg1_50.jpg,fcdf253a0a9c603c55b7d32aa7a6386d111f20b607419e0a8d45f0528c3292ad
train,abrasion,abrasion_kg1_51.jpg,5e7b0d7bad95a510ef3cb604d0b9c8ebe0ff92b8a3bb545ecd3323f02e2fb632
train,abrasion,abrasion_kg1_52.jpg,baeaabe528041ff1124a992ab7cb9b205b7fb2d98e4c194d748ca808007956c2
train,abrasion,abrasion_kg1_56.jpg,66e7f55e1c711cd95f7d836ffc5bacd5a211ea513de58292385f5d01b7f6b718
train,abrasion,abrasion_kg1_61.jpg,10a4d999999f966ed3cd68e200c29acdeda5c4430d8df2ed5759a87c9b2a56c6
train,abrasion,abrasion_kg1_63.jpg,ab9f063b5a431b68c1ee32cdc3bc5cbf089a64268944de91da52b94ce92e4124
train,abrasion,abrasion_kg1_64.jpg,62265e81b912e7999a7a5d9f9429813b646f9521c73137c4a449a1bfe35fc7cd
train,abrasion,abrasion_kg1_65.jpg,b16f9f54afe3c8822b3c9228e7e1acd3da4417db94c357686d13057e63af366a
train,abrasion,abrasion_kg1_66.jpg,bdf155ed11babe790a1ce36a7a59894167614e5031ed742e0c9004a4a7289c7b
train,abrasion,abrasion_kg1_67.jpg,084ed8b7626dec30a609b456895e0ad47ed1da4fdb2b9732f8cf85ae046c3d42
train,abrasion,abrasion_kg1_68.jpg,d5b24d0ca2a1c44c775267df5bb3da57f88af6f8a4c096b37857b27fda7dd54d
train,abrasion,abrasion_kg1_7.jpg,32e07b2f6e7c67a9bf68d56b54efaef1dd7f4beb315c2c52a3d8a3e566a06a80
train,abrasion,abrasion_kg1_71.jpg,a70240ee111e5d5eb710c18134222bccb8bcfcbff946221c3eb7c23bff6521b8
train,abrasion,abrasion_kg1_74.jpg,b57ce3e517677d9ec3b19f7af6e559912f3bfea173877e45fb3da05d96e82a2c
train,abrasion,abrasion_kg1_76.jpg,b942eafbb1b45299f60b0c5194a9e96217d5860c181fca1dcd36012e7667052e
train,abrasion,abrasion_kg1_77.jpg,b5463bf7efae77bfc5021bebd1aa2f45188c52bb6fe9c6effb982fadb0a0d2f4
train,abrasion,abrasion_kg1_79.jpg,6a43598ec654eee8152409a844b862e8335ec9d488f4bae7f174375bf8bebe67
train,abrasion,abrasion_kg1_8.jpg,a704e6fa49f34faaff818776985e03ccfde75a49aa7d3af421676f8cfe846559
train,abrasion,abrasion_kg1_80.jpg,596ee569e50df6338d1bbb39a5f8c0153d42aab831bf32fd43780e8b1067458c
train,abrasion,abrasion_kg1_82.jpg,e3bbd63b852dc12f3c2da168866e04826fc45195bf7acec34df7b1b58f61adf8
train,abrasion,abrasion_kg1_83.jpg,79b2cdef25dbbbd2c9bad1025d07a3e2f8a1c9ce595022c6606fac37235ab2ee
train,abrasion,abrasion_kg1_85.jpg,cac7381eb63da2c33ccb5bfdec36090170c51bc61894e3dec902acac9602be20
train,abrasion,abrasion_kg1_87.jpg,5eb192492fa5ee0f44be308987aef05e7ecee1ed3800c080492b61643f7d5f81
train,abrasion,abrasion_kg1_88.jpg,fdbf0feda0c948799ef8c711e2c1299c23aaa3d0f4e8e6b976e9a743fbb0514f
train,abrasion,abrasion_kg1_9.jpg,bc63b652c4b2a9dbb2521809bd623f1bff2a1683dfaad8bd3eda507ebd761641
train,abrasion,abrasion_kg1_90.jpg,37b518b34bc0a4c9a7ec6c5dac5320a88c65008a73fa2626c333986414a112b2
train,abrasion,abrasion_kg1_91.jpg,5163f90e568a8b13273e0604b4df47de714a60ea33b4cb3ea19e56abb54bc2df
train,abrasion,abrasion_kg1_92.jpg,38a7b7ca585551762aa257f09e5ed61109f26dbf6df533fdea5fa87069ae815a
train,abrasion,abrasion_kg1_95.jpg,a2b4ea47bb076d2dbbc8ef819c0ac51df908623094ce7c0aa92d7df1f7101454
train,abrasion,abrasion_kg1_97.jpg,63bb5d0747203c45073b5b5b1277768d270691602ef31811c71f563cdf7898e3
train,abrasion,extra_ibrahim_abrasion_12.jpg,edc99bc864a0b38bbfaade530fa5008b32c8291745310add210476764624945e
train,abrasion,extra_ibrahim_abrasion_17.jpg,1d9e1321c7992366c2861fca1df591acaadc9e14cb1463809a4edd2de889fc3b
train,abrasion,extra_ibrahim_abrasion_20.jpg,fcfacbf945600308069e720b188b5f42e466eafc45b69d48c6f1b8689eaa9834
train,abrasion,extra_yasin_abrasion_46.jpg,7dea1cec04f13fc8f458f56810adcb9f7b527ec1006fe2b32dbb039e15050b04
train,bruise,bruise_kg1_0.jpg,1e1405949fe88530b6ad5581f52e339b4def3f1608ad88bac2bab6e9c796b016
train,bruise,bruise_kg1_10.jpg,877bb3b665e1cab44125118e19b238ee8515b320187241367e754670f59c0a02
train,bruise,bruise_kg1_100.jpg,0a0ae64389cf362dbe9407fa57dd6f768658d4cd0663515ec6ce9a3eb1ea500b
train,bruise,bruise_kg1_101.jpg,7f8cc4b3d4696e86a50536a270534307c15b1481af3ca3846da6049fd3e54271
train,bruise,bruise_kg1_103.jpg,338afcdb6a37fe0a3717730fc1955fcf60e2a621e0e67464f96cb46b06d927f3
train,bruise,bruise_kg1_104.jpg,1297aec4384c8698ac9b655d137004cab4ae81fd36fc764f084f1f9a4c9ddc57
train,bruise,bruise_kg1_105.jpg,00a94eea085c2d01ff7f813b193abece327167f127000c5cf126eb1a320c4c99
train,bruise,bruise_kg1_106.jpg,09c3ace2f12757b302cf346490b98bb2db1b4e63bbf4d53185697a90cf45957e
train,bruise,bruise_kg1_107.jpg,a5bb41ff57c6ed2ff73ec286b662f38923f963fc1ff5151092b83d5780e85931
train,bruise,bruise_kg1_109.jpg,be38265f8523ef6ef4418f2f5575ae0ed4d075017230c072ec2962c62cf84067
train,bruise,bruise_kg1_11.jpg,c6228592c92b1f4980808bfff014c2e36c8a11ed909189d657d38ba1cc3a3251
train,bruise,bruise_kg1_110.jpg,c1c1447a5070bc19d3e7485026e0bcd6f30aa6417789f216dcb768c03cfe3557
train,bruise,bruise_kg1_111.jpg,83cb970d4653b63e4c933506f64d75b6f282e5599ba6d37c810feca7b3f5c18d
train,bruise,bruise_kg1_112.jpg,210ef0984b4aed122cce81862342459dd87b407ddf8aab2b66bd1588deaa472e
train,bruise,bruise_kg1_113.jpg,ba5a7e3d427d375f064531ffc1c285e0a29d6c03859c0aca7b532a0a2b1f573b
train,bruise,bruise_kg1_117.jpg,2bbd4da52a516ba97d01e6da77712bb04a4ae1cbe9bd67c671d9a7244deb521e
train,bruise,bruise_kg1_120.jpg,8447265abadd411b0fb58bf2d91fad7bdbdae0c831416a733b95090d2a3ebb9f
train,bruise,bruise_kg1_121.jpg,bd96b32ed1e14549dc7e8e6559d599ebd75b3b0c51255d3fbca5cb6d90b56f53
train,bruise,bruise_kg1_123.jpg,1ff16906b853ed8416e9f60f8bc94cacc894ea2b26cee7da0325f0577cd11ca3
train,bruise,bruise_kg1_124.jpg,dfb6223040dcf90f0bf56e9ecfa947493515abf8a69769515170f05937885c48
train,bruise,bruise_kg1_125.jpg,057c67527e1b4e7c4f5f75f27426ff4f9d199e6a76e2067238a2866fc840ed07
train,bruise,bruise_kg1_126.jpg,cb8831775f43461cf676f6aee6d6ab9065a4677d4f66a35b30cef6529defe508
train,bruise,bruise_kg1_128.jpg,bf59af7777ef5091311713ba27096cb6cc36c500726b756af1ea21a39d106cb2
train,bruise,bruise_kg1_13.jpg,a52d30ddeff86f397d58fb0c8342d9447e8942085745b9b81b009a59cd1aec73
train,bruise,bruise_kg1_131.jpg,f2ab1d6727133d4a9a5ef1203f44f68c2155f5d4d4898716e94271d121edc1d8
train,bruise,bruise_kg1_132.jpg,071cc953100cb84356d560c8f7bd8e259000ce6f8937361e321037f42f818bc0
train,bruise,bruise_kg1_134.jpg,92626bf22c4a754e0fb92eaa3678ec0c2e28355d11bd9ede151c43ac8560671d
train,bruise,bruise_kg1_135.jpg,891e68e390f6dbe0097f4c49ff33d7faf2ae1ae9d441f659f4a2ed6f75276b2f
train,bruise,bruise_kg1_137.jpg,4c4c1f84396a3aaecbe202178e85996b1370926de45fbf4df29c7aa24c460bf7
train,bruise,bruise_kg1_138.jpg,d561e752d9f5b5a5aa9a689d323413aed9d8ac65d15cb57e8301311e9d75d285
train,bruise,bruise_kg1_14.jpg,620b8ea8eee43365796dc8aa465e96c18fc4f2ecd93f5809c28b4f92a460e218
train,bruise,bruise_kg1_141.jpg,412294c6b6d56b7d1d0879134ab15785216a1907bbc1ba277b20134cba2901fe
train,bruise,bruise_kg1_144.jpg,a08f97915ffbdb4c506133fcadc2f25c2f10283cbeda4b5750775110b438ce8f
train,bruise,bruise_kg1_145.jpg,f0045c73af46959a82849dd0cf348933be142ff20a17a4b6737b175ac5dcb0e5
train,bruise,bruise_kg1_147.jpg,c10c1dbaeb8d6483d0f25ddcdf0b06102f32775008f457844ea018b50d0bed6d
train,bruise,bruise_kg1_15.jpg,e50872929e05d1192b8894ac50668e0f472b9bab2916741439860524a3f2b93c
train,bruise,bruise_kg1_150.jpg,8c0f1533e7f7fb9b3b31eddf872a0fd2a77c2551777c9587c9d7706f9d658bc3
train,bruise,bruise_kg1_151.jpg,b290706f2238e4420570f5af2f950b1f7d7465395018b0173d97325595b03312
train,bruise,bruise_kg1_155.jpg,76dc62c4450d13882ea6518151080f8454054f0e9d911bd8594261cbea48b41e
train,bruise,bruise_kg1_156.jpg,9e9e3960d851bb7909d25c0904fe275e005a4c77db913a139839ad567b94d12d
train,bruise,bruise_kg1_157.jpg,138916af693fd4b9657eedfd1696306aba048419ae66a28e709325226ce37c25
train,bruise,bruise_kg1_158.jpg,2e2bb88722945761011c0d22a96de0d13e4fa7a4c1ee631873a652418592b747
train,bruise,bruise_kg1_16.jpg,4d85e8a7447d626e7b745b3d658369c62a6a668b7cb7933d7612e0d42afd1799
train,bruise,bruise_kg1_160.jpg,705cc661592c9a6f0b6f303edb8a552cc9912f082b46c73774d45d634de95d5c
train,bruise,bruise_kg1_163.jpg,963c4b9a19643bd13df5193b12e1a4419b531b9e2071b2fb87232932359fde19
train,bruise,bruise_kg1_164.jpg,8417eed28277139d121dc95ade4398c4c099058207500c18a5271d0c8477faa6
train,bruise,bruise_kg1_17.jpg,8c1a7be3c09aa6e89acd5f772168860144777455e47e6d0d6539aac563214fbb
train,bruise,bruise_kg1_2.jpg,dcb75980c0c2f7470c672372e1b52b5a3d7fb4e1c062344902584c4172e3f9b4
train,bruise,bruise_kg1_20.jpg,de6bbf31640146d7bda1dab7a87298e2f5e2e6d67562cea3072c954ff80cb0f7
train,bruise,bruise_kg1_22.jpg,fcff9365e6481f6788a668afc62c398428c12581958b36b5079a5d9225028780
train,bruise,bruise_kg1_24.jpg,ad2d33f3ad698ccb06bfcd0c5579c46666d53203149ff056e68de5233edb0a10
train,bruise,bruise_kg1_25.jpg,f8c5ebd70f9ce638783165c2e5292c1a525499cedb4dd8f24cfb5862acf81e60
train,bruise,bruise_kg1_26.jpg,7fbdd2dd133d66d9c4d390b70362c197638ce3b5cb2aa244f1db1649e72cb2b3
train,bruise,bruise_kg1_27.jpg,12ad6d711d9f8c98bcdeb40d396352d6b46f6422da3fef6664561677c6d16b10
train,bruise,bruise_kg1_29.jpg,901c6692fc8dda218899b738b12f974bf3c69b978323a9b1021284f4d861cbd0
train,bruise,bruise_kg1_30.jpg,aa1bdd39328a1f53c163875b7993d2c2efa493054dc0518ea4c41e81f64f88f1
train,bruise,bruise_kg1_31.jpg,a426eb046169f0c04199a6867b722bc1d365b69abfd7e813eb61335c7e0fa42e
train,bruise,bruise_kg1_34.jpg,9c4326d6bf94058b63aaa64d9a78868f5c38964240418c50b3c28ae8a48e822b
train,bruise,bruise_kg1_35.jpg,11f4bb1608068101d28d0d570dc8a7cb598a3e9a5dc8a6cd7ad28e247c3f3662
train,bruise,bruise_kg1_36.jpg,f58d17f51fd9d89538acd20c1c415caa70f25015be601de70efd386b9138cf12
train,bruise,bruise_kg1_38.jpg,d4c2186692268cbe3afff9bcd6551233356c1c6bd6f46bad2d77a5fdb0c88c95
train,bruise,bruise_kg1_39.jpg,27ec18a9d2635bf39bb0a2a78643f12801f408327004618bdb54f14960fd4171
train,bruise,bruise_kg1_40.jpg,de2ac342e0b9a3f479c1843a12f47d0c892c45afe764ab6b635ea28eccb83b8e
train,bruise,bruise_kg1_41.jpg,caeceaae6b4cace12555f59e2066216092f96c8422c21f6107413dd422a40a2e
train,bruise,bruise_kg1_42.jpg,a86bbffe978ae6a08b06dab4d2b3ff5f6cefc4ce2b654814ec9243186fdf6c49
train,bruise,bruise_kg1_43.jpg,534b4e8ff10894dc4ac2024dba18e07f44dcb24819b513d6e76726ba28c00df5
train,bruise,bruise_kg1_44.jpg,45403c138e3519e02b9a4210c600f8ae9ca2f73f3af383412e8c84758dcc9130
train,bruise,bruise_kg1_45.jpg,9a52a547cdae89f8d45972d007cea6e15519efb2719d10275fe4714dfc3191f3
train,bruise,bruise_kg1_46.jpg,855182028e0f10a4c7b34ee228e694d39fb402a867ce33c2e44322f047b6c7b7
train,bruise,bruise_kg1_47.jpg,4dea16740abba74b84d0ea4eafb894a719a036e18b2694923e3f91e8c1cf8b5e
train,bruise,bruise_kg1_48.jpg,b747365f29c95a129648c0ea598f5bb74544efec3184c30bfd3bc8845bed4ce3
train,bruise,bruise_kg1_49.jpg,a08e378db04c2315ba161fe5f8d9355e7fba1ce949cdcebdf3bfec7a27b7ee27
train,bruise,bruise_kg1_5.jpg,659647b26830acc7e5918d68dbc208bfae7dc0341644ac721ea30ee085dc515c
train,bruise,bruise_kg1_50.jpg,d24bb0141e551d57fef4c605d143c0ed53af8a6dcfadb341ad41633f196521ba
train,bruise,bruise_kg1_51.jpg,bb400c35ab9c49a9c252846f36d793120cfe4dab1fd861f126410d48886835e2
train,bruise,bruise_kg1_54.jpg,bc58d9f4d76712ff777e668e14a3dffb94c86d110162d7be513c757db7f155d0
train,bruise,bruise_kg1_55.jpg,b9828437cabd721760d160e28c8cb7319b6d9a13d11a41cb1a8dcc95353ad777
train,bruise,bruise_kg1_56.jpg,b37226778fe63dabf8fa7b2e096136a500476eb16b3f26f60f21cbe15f3791d2
train,bruise,bruise_kg1_57.jpg,20e39785556fc5f8023d1029ea9f7473ed3ecbf691fbf96e3759be2f07c1b7d7
train,bruise,bruise_kg1_58.jpg,b9d86633618f35800c10359a7e7cf5d50d6f6911357f1614d6b25c06078d9a91
train,bruise,bruise_kg1_60.jpg,ab87b274a1604cfbd1008a3de3d36387ba95852ebb50337e03ace5056a38bf18
train,bruise,bruise_kg1_63.jpg,e02a938c7d0a1018921fd9f4b42c13bcd2a82bf0edaeaebbcb2dab51600b6cb0
train,bruise,bruise_kg1_64.jpg,90034486e2e340164efb16394e3462c2095c14593ce414e7abd0bba42a901ea4
train,bruise,bruise_kg1_66.jpg,2975e79df84cefbbb8e185e320ca476436a62510ab661743d0a3d90df95b671c
train,bruise,bruise_kg1_69.jpg,104d721de64ccc48c31865756cabd6178293bf14d6dd1ddef2f96d9b9180f8c4
train,bruise,bruise_kg1_70.jpg,3ee007e95b778cdb96db6819dcfd4edb4e5cf25b353b94f330f1a4423661b15e
train,bruise,bruise_kg1_72.jpg,c291093015fd1b3138450176e19660ca272b0c5125dbc1f1eeb0b1860a93a429
train,bruise,bruise_kg1_73.jpg,ba20c059aa47021fe327b54eeb38c6991620a84c480d973b9af032cd29350a30
train,bruise,bruise_kg1_74.jpg,06808f0c359449f7b74994223516e0416df34cd815ba1217f56bcc37852c6733
train,bruise,bruise_kg1_75.jpg,7718506ce1f1e228a608f443434c5f4b909babd8f3f139eec2d548b23497d9fc
train,bruise,bruise_kg1_76.jpg,a8d02e7ad701dd465d372cda38c55513e8dc17b0be5f915dde21e6dd9074c4dd
train,bruise,bruise_kg1_78.jpg,d854ce6c5d587ce7127f55d6f8c95cb2c931bd61a8cd6538d7fd96d382b8df1f
train,bruise,bruise_kg1_79.jpg,40aa2b4ed1d49897769b9fc1514738b4dc32395fe92a4c292023596f42d7e1a3
train,bruise,bruise_kg1_8.jpg,5307fb8f1cd7dca32049007cc24c71af7366230b98a071d4f791b5c50041ef51
train,bruise,bruise_kg1_81.jpg,ff06dfdb425368ba40855b9af76d7a90d26985113dc03f2cb35d27091c719c81
train,bruise,bruise_kg1_83.jpg,803561e658b3408a1a9d3614f135f47def231a7d7cf75eed42df014be5979b97
train,bruise,bruise_kg1_84.jpg,94ff70bbb6a3f5b8f1c1a71a39963b681afb67ed9bc82e9d3fe0788db3f448d4
train,bruise,bruise_kg1_86.jpg,ff7183041ebf81d0afce443f59c790372895dbba4793796aa1dc99839f887ffd
train,bruise,bruise_kg1_87.jpg,827144d8e9f15f821916330d2ba7cc14067346fcaf8c8ba72a99ef9c81ef5ee8
train,bruise,bruise_kg1_88.jpg,30a255cd3b7f717a59f52acec4049689134bb9750b9b382c0036a667e89df564
train,bruise,bruise_kg1_9.jpg,d19f4aa2e47147c3edffe41c89831d859f8688ac97169ac5f335c99de58ac78e
train,bruise,bruise_kg1_92.jpg,5503e2229c5a21111416f5ac48bb44bd0c76fac375895de6f9ccb9c3cee14623
train,bruise,bruise_kg1_94.jpg,5cc9af78c816e74717c2112c0818a93bfc4005993a9a9f34c0bc22d95bcb5cac
train,bruise,bruise_kg1_95.jpg,f578cb2339cb7c66382c7a4f2a8ef3b2c7962b45a8d9b307c42d1a5914984c56
train,bruise,bruise_kg1_96.jpg,3f19659086fbd5d7521fb499f7ee33096b6456f84176172e67a09cd3fc11e7a5
train,bruise,bruise_kg1_97.jpg,125a9eff6a74a8f54574a657fddf89562deb74e11b77b49b3c2ad5e1aef4a4e5
train,bruise,bruise_kg1_99.jpg,5509ac458c61576a4acc6f15ffdb7f89e972b3dd9b12cd346a2d9eaa767abee2
train,bruise,extra_ibrahim_bruise_10.jpg,bcdf5e17ef60937de7d6db8d6e6513ddd7642f21806ebd4ac9598f490129ecf5
train,bruise,extra_ibrahim_bruise_12.jpg,9872fb9a1fe553936f7d6ae2efd6bbeef548dfe91fcec0f4d07f74212a08188e
train,bruise,extra_ibrahim_bruise_15.jpg,e42836a05c5d08e422d5310fcf3226d1c380a01da107d3c77f5c0af12d04b1ba
train,bruise,extra_ibrahim_bruise_16.jpg,979ce7bd90e74b08a20fe490268e5441e6ed43e246f102956f84e2949929bf74
train,bruise,extra_ibrahim_bruise_17.jpg,c0f91abc133809afa59f766189b4ace7a622090a6522a9bc61d5028f7e74c999
train,bruise,extra_ibrahim_bruise_2.jpg,79dfd150a82af08747dbf5491084684c6adbd940b0bbb48cbee636a1f86125f3
train,bruise,extra_ibrahim_bruise_20.jpg,f1ca5ef47074fc8d0c90349ecc37b46f5c4105a49f3dc9edf3504bb2dbd6e7d7
train,bruise,extra_ibrahim_bruise_22.jpg,6429eee9fc8cad1e0a61aba2d618be1484a2327403a47cfc0cca18a7bf4c5a65
train,bruise,extra_ibrahim_bruise_31.jpg,b60a4a7c7fc4519b0fd356f6079a68fb5461794f2effec27f4469666586d7a0e
train,bruise,extra_ibrahim_bruise_38.jpg,8d247ac452674c3bd77e547ef3daf7604585c4ddaea9b93ae410b157921d8bb4
train,bruise,extra_ibrahim_bruise_47.jpg,d0b69eab88326cff5015f0d8e9fdc4151a6c699189fd8e21e21b2c387ef8caf8
train,bruise,extra_ibrahim_bruise_48.jpg,59d6f7ff497fa7926eac42badbc6d39f2b3da7f9731469fb7d3fc2ec92b312f5
train,bruise,extra_ibrahim_bruise_54.jpg,d4bdc89b289a77faf4fe3d3ed895fd922fd31bd1a47063db5b005c5a3386b1d3
train,bruise,extra_ibrahim_bruise_57.jpg,87b687c657c8c30ab7f24339a4761d0324b1c77a9a0e82c5df2a393f405b091c
train,bruise,extra_ibrahim_bruise_59.jpg,aad2802cbdf94b013e80c5182c5edfc4259f370130fbc3789f76555693701dd9
train,bruise,extra_ibrahim_bruise_64.jpg,331206b500c47bd11e3dcb337d18cadb7431584a82ef3d14a636935638583f12
train,bruise,extra_ibrahim_bruise_66.jpg,5e74f8aa54885d12102c53f6d26262dabcc020cc0c0f7d94eaa61d6c2bdae5ee
train,bruise,extra_ibrahim_bruise_69.jpg,78c73f89b5c34b99a2184c94d721861830fc9558f6d3ef1698c0b227ab3a8117
train,bruise,extra_ibrahim_bruise_71.jpg,1b1cdc7393ccd4e9e094a40e5bd23bec740e8662d2d6f41e9e92ae829256b994
train,bruise,extra_ibrahim_bruise_73.jpg,51a1f6548dd5c2ec7edffae512e333213181210c77c492837efa655ca9e61217
train,bruise,extra_ibrahim_bruise_75.jpg,7666b9c43be191f8f918673eff261b4324e63347eb8edcebc308aeb561468366
train,bruise,extra_ibrahim_bruise_77.jpg,3fc8f2b8b8c6cdf13378adb614a86d2aa3f62cbffa2ddb2290d3c563fd95f267
train,bruise,extra_ibrahim_bruise_9.jpg,8d0bdadb5ad076b9d421843c87a26a90b188619d2cf3504122845841d2e60ff7
train,burn_1st_degree,burn_1st_degree_kg2_0.jpg,f5063dbfe77dd6b2d9c5d4d710e41c965c2889cca892526c93e5fdd1f0180a42
train,burn_1st_degree,burn_1st_degree_kg2_1003.jpg,df8a9377809665988ba508969d0eaf043266a26973fc754adbb43a6051a1533b
train,burn_1st_degree,burn_1st_degree_kg2_1006.jpg,7c6714a3f33a363857dc611d1e7e08abfe766a44a7fc8f6ba063659ee59f5941
train,burn_1st_degree,burn_1st_degree_kg2_1008.jpg,cb9b96c97646354f664db934c76b8cdd3bcb40056e0fe315584314a4a4410761
train,burn_1st_degree,burn_1st_degree_kg2_1011.jpg,531acd7d5ee840cf0d245491d4c63185c39ad7452047cbeec086e64fcb0aa230
train,burn_1st_degree,burn_1st_degree_kg2_102.jpg,7cd9120b8587131592a519cda084564cbead79b88a6eabfca4794dd2215b0352
train,burn_1st_degree,burn_1st_degree_kg2_1022.jpg,d329c90fa04e7d18c68875729e4635dbe21748012598560438abd8c0c3bdd20b
train,burn_1st_degree,burn_1st_degree_kg2_1037.jpg,1ad82e46f58265bc4286911433cab78e660baca556da0f18e5673b4daa596fad
train,burn_1st_degree,burn_1st_degree_kg2_1041.jpg,1c8607788ffaa973446af52d45e9b02b02e4d7a8a7b32917917b055d99863ad6
train,burn_1st_degree,burn_1st_degree_kg2_1042.jpg,9b76d17de1fc6b43a6aca1164b07ba63484e3715c4e92910323003a4f517bec0
train,burn_1st_degree,burn_1st_degree_kg2_1043.jpg,0846477b5374745c99c50bb247768f14f6ea22b4eae08ca9d0d13a8d92428849
train,burn_1st_degree,burn_1st_degree_kg2_1047.jpg,5f9b33d5b3aad34df4cef4d1e2a7a1675ea6c897cb616357d80e612706897561
train,burn_1st_degree,burn_1st_degree_kg2_1048.jpg,1d2f95bbbb1a49842c35e6d35b9709c2881e0a086eed5cf9b3534a9da65deaa6
train,burn_1st_degree,burn_1st_degree_kg2_112.jpg,509665541ba897b3977b0d129e178d82133bc93abc9a187846b395bc7776da13
train,burn_1st_degree,burn_1st_degree_kg2_113.jpg,8e8cc25f703218f1a40326f187d6dd8073e05dd6d252f7f57029e1a73b1e9688
train,burn_1st_degree,burn_1st_degree_kg2_114.jpg,02aa8cbdce9488c79b9392ccc05641b45dc13cef6f81de235c9d7c4e9986b97f
train,burn_1st_degree,burn_1st_degree_kg2_119.jpg,6974d5bfef39ec351f27a5ce447e4f975684d690644090cb842c39d176983c0b
train,burn_1st_degree,burn_1st_degree_kg2_120.jpg,7cb67a9e45d7c4199ca995442c5d2c255b4525160508e8db8c94d855a1173609
train,burn_1st_degree,burn_1st_degree_kg2_123.jpg,06e21dc1ece9656a1bd45f5e32872e638aa4f802b5ada697b5e12044700de9ac
train,burn_1st_degree,burn_1st_degree_kg2_129.jpg,df5698564745eb351886f9268e26817f95ff4863cdbcb0829c8fe1593b5924dc
train,burn_1st_degree,burn_1st_degree_kg2_130.jpg,f2fa9484e57a2884154ae9e5e20459aae941b6398fe85380f92d0e2aef2611fb
train,burn_1st_degree,burn_1st_degree_kg2_135.jpg,3f2f45875df516b142de54e16ca775c79a0ff5b8dd02a5cba6c0716f2b4baafa
train,burn_1st_degree,burn_1st_degree_kg2_138.jpg,c8fa7f4b0d54cb47b0c25429f1986ebc85a4697323dd1136cfe874646e70d18c
train,burn_1st_degree,burn_1st_degree_kg2_139.jpg,95915e4ebc5d5ead7ae22a664d42dceb59544f2341e9ded16241f84a6a3c0eba
train,burn_1st_degree,burn_1st_degree_kg2_14.jpg,7c9f7b248aa10d1ba9a3084a0586ab906c71114d0030c5f12cc054deeb8ad55a
train,burn_1st_degree,burn_1st_degree_kg2_144.jpg,c5e87f671d72efe38e30b25d77408bf2c7ac9e00feb6f1ee03ad67a262c0458f
train,burn_1st_degree,burn_1st_degree_kg2_150.jpg,4f39d12724cf36a3ee500ce89e2fa640bdc9159cdea69a54a51a5898e1f3116b
train,burn_1st_degree,burn_1st_degree_kg2_158.jpg,4241cdd9873ee03d1228ff377eae098724873307ec909e5d2004e6329e3d3885
train,burn_1st_degree,burn_1st_degree_kg2_161.jpg,57b678864febde026d78969901fc609061dd6b58394af8d1d7bea7a0b4a5e389
train,burn_1st_degree,burn_1st_degree_kg2_162.jpg,83f143c2cdb1d840e0b33fa3593750197e2aa119b1c56cf5bcee445c29c01ed7
train,burn_1st_degree,burn_1st_degree_kg2_169.jpg,a3d758d7d9fc5b956570f558ae3879059eb00a576dd04b8e8707cd6bdb0a9431
train,burn_1st_degree,burn_1st_degree_kg2_170.jpg,73c7854957ac5ce2d748c0cc078b3e581ffdb644178f3deb8b281eb063b1dc8b
train,burn_1st_degree,burn_1st_degree_kg2_171.jpg,071b5f0f4e8da3707715f7437f6c79a4fe01729a3c5ff379dcaf2ac3aad54c77
train,burn_1st_degree,burn_1st_degree_kg2_19.jpg,7fcf2570426e90e29955daf978b053ba9dc1c63f349ce9f829efd9b3128ba396
train,burn_1st_degree,burn_1st_degree_kg2_190.jpg,a327c1aa1b1fb8dfe31e9d0825240ad233435f7e03828eb2ddae2569f8a16cb0
train,burn_1st_degree,burn_1st_degree_kg2_196.jpg,e288e5028aae582bc91a2f044a55514e9716fbf63379c69d02f0e9d044299f1a
train,burn_1st_degree,burn_1st_degree_kg2_199.jpg,63f6b97aab55563e4866eb4bab6f5187e7ed6b3c64f404af95a36e5c4b1b8196
train,burn_1st_degree,burn_1st_degree_kg2_2.jpg,c4962a94afd349c9a2c68327ef86d1c5f693c1867d1078a768317c79f47da034
train,burn_1st_degree,burn_1st_degree_kg2_202.jpg,db923cdd6b584a59432ba780405501cb578c0be01d89f617f7de89bfde36a4a1
train,burn_1st_degree,burn_1st_degree_kg2_204.jpg,17fba975e3ff8bd319de3fa529756579761c38c51f6b06b5efbab84cca4c8765
train,burn_1st_degree,burn_1st_degree_kg2_211.jpg,ea533fc075ff91233fcd7532b4fdbdff0e01760d456119548c44eb3c4fb22b1e
train,burn_1st_degree,burn_1st_degree_kg2_215.jpg,0df44eb1afae9d0fd0c5690d570bfa0ba85faf0aea63da3f4ecf07f0cf9a5bc0
train,burn_1st_degree,burn_1st_degree_kg2_216.jpg,b2923f0943d636919d469cf65df2f80b9777abee7fdf2fe595ce8f5d5223c0e7
train,burn_1st_degree,burn_1st_degree_kg2_217.jpg,cc636287a3e04384c380928e09080e51be4181e29fc256a58a42e0765d5ac05a
train,burn_1st_degree,burn_1st_degree_kg2_225.jpg,3ffd80a76ee4345ea8ff658279da543f10aaa7bcafb00fbe54ddaca0dc68db78
train,burn_1st_degree,burn_1st_degree_kg2_228.jpg,b2923f0943d636919d469cf65df2f80b9777abee7fdf2fe595ce8f5d5223c0e7
train,burn_1st_degree,burn_1st_degree_kg2_233.jpg,07181d6002bf6bd28a22fdab40ddc5a0a56bb74d85ee19c7f72f930319d94a4a
train,burn_1st_degree,burn_1st_degree_kg2_234.jpg,0c1c29970dc3df90fbd9ecf418ba1f71d2c0f4667db40d3519437f668011edba
train,burn_1st_degree,burn_1st_degree_kg2_235.jpg,e5b2ea22e50506b31d5eaa4c0b38ce5fc686d41d1e2faf16940b65fb59054015
train,burn_1st_degree,burn_1st_degree_kg2_24.jpg,0302312372b65cc87bc58d94885d4b3a6b4074d83f12194060d3da400e5969b0
train,burn_1st_degree,burn_1st_degree_kg2_249.jpg,541155186906da33c236fc6ad02c6287cd9ccad693cb974968c577d1a36c79a6
train,burn_1st_degree,burn_1st_degree_kg2_260.jpg,92dc4a3a3340688147522580c64e72b61ecdbdd9a435be3373d720e2fa60073f
train,burn_1st_degree,burn_1st_degree_kg2_262.jpg,c8fa7f4b0d54cb47b0c25429f1986ebc85a4697323dd1136cfe874646e70d18c
train,burn_1st_degree,burn_1st_degree_kg2_263.jpg,2d9a0b5c823bb74f55bdcd12e9a7ee9c4c24efe8099f011167b5313a0aec10ae
train,burn_1st_degree,burn_1st_degree_kg2_27.jpg,f3a81d035dbb53433c954d0c8e27d4167aab121483495f7a6349b41ebbee2fa9
train,burn_1st_degree,burn_1st_degree_kg2_274.jpg,d56b33a99ed9fe2ee94f598134b4be2036d386d1b1b7ed0ca805b0dd958e9579
train,burn_1st_degree,burn_1st_degree_kg2_275.jpg,8f16770fa091593c6f7d94fe6e0e11093f55d014d5f4cc63562c6a0384589db9
train,burn_1st_degree,burn_1st_degree_kg2_280.jpg,d8794fa11cd56d6026e3099ecfda5d7501dbb1bf5d3288ded1ab7a19b9cc1570
train,burn_1st_degree,burn_1st_degree_kg2_281.jpg,4c47de75822eec324d6085cd22c6e6f5ea5fb745452a219f57d914f4fdc3611c
train,burn_1st_degree,burn_1st_degree_kg2_282.jpg,ea5eb4d2cca82851aa7bc20f83f1c84f041b2f57b34ebf0735513edcb8b131ff
train,burn_1st_degree,burn_1st_degree_kg2_295.jpg,5f6995f6d0a4a4f401dcb0a51109ab093c8b7696c82fbea4bc9b5a2d2c3957d7
train,burn_1st_degree,burn_1st_degree_kg2_296.jpg,4c380853aa1ed98155594427fb01a2d7e507317f0be32eede93491031621a6d5
train,burn_1st_degree,burn_1st_degree_kg2_298.jpg,82b3bd396494ebd994925f491bd86bf2721c49983a113fede075f5b0be678a91
train,burn_1st_degree,burn_1st_degree_kg2_308.jpg,0a6e46570641ef952fc9bdb4352f5117b6180787f58ca361bc38bce7295f74bb
train,burn_1st_degree,burn_1st_degree_kg2_31.jpg,7b28e6d2a59e4c0eae367e257528781fb5eb6476e5101b8c954e812956d59562
train,burn_1st_degree,burn_1st_degree_kg2_312.jpg,689f9dfd989c8cf7428f22a2a93547a87f9693c19ae0b9e65f3d2415363a4d04
train,burn_1st_degree,burn_1st_degree_kg2_316.jpg,4e3a6c40f96f9e0ad98161a3aa7d9a2430fb0f646dcc5fa59b84416dfaadc7a4
train,burn_1st_degree,burn_1st_degree_kg2_321.jpg,8d2a131633ba9b54fd4c72fb11e2435307132849aec14182daa5cde67ddeb116
train,burn_1st_degree,burn_1st_degree_kg2_326.jpg,56f53c0e3f1d55723ee44b51992e328fd15cd3fe2e9e19b6bcfff422699d9c3b
train,burn_1st_degree,burn_1st_degree_kg2_33.jpg,f99326a022912f2e0133a6514fa1b40c452a282e4ebb173daa3ee0a15c3fedf4
train,burn_1st_degree,burn_1st_degree_kg2_333.jpg,7996e17a6ba792aa19998c7e4cece2df3de16eeee54eded10cbc582908396ed3
train,burn_1st_degree,burn_1st_degree_kg2_334.jpg,460a1b46ae76d4644769135732caac484c864484382039e7aeb2588681b69168
train,burn_1st_degree,burn_1st_degree_kg2_337.jpg,66b08d8e77a08548a4784a9c39ec8f4b9aa1e87a7df87433034cd63f3f7a8293
train,burn_1st_degree,burn_1st_degree_kg2_34.jpg,1ddfb6920190ecd676224b899645cd37b1d9d5113e01a0843037851e725caeb3
train,burn_1st_degree,burn_1st_degree_kg2_343.jpg,7ebfc3ec948637ac497fed9f05efed9d9fe6b84b6f3feb257c8006c6fab83bb5
train,burn_1st_degree,burn_1st_degree_kg2_345.jpg,7ab7abe91e2c556423a8c3397226414b8b40bd53363b8414dd49e974702ac504
train,burn_1st_degree,burn_1st_degree_kg2_347.jpg,1ab5bdd74ed6094a92f7276c60a0371e8c95f3e4fe1a6aadfa27a1ca7754499c
train,burn_1st_degree,burn_1st_degree_kg2_349.jpg,0242ea62a12ca1ffabdd114bedfaa792b679fea0bfbfeaa7c8835c6a68ad405b
train,burn_1st_degree,burn_1st_degree_kg2_357.jpg,f26cf7a2507927fb5d313cf5226afe5a39e9e1f51b6496efea4ba0a7d6dc6124
train,burn_1st_degree,burn_1st_degree_kg2_361.jpg,940056d156464957bccc6b0d390ce1854b72eb7c0b34f72a23d7a7c6d0a8cf16
train,burn_1st_degree,burn_1st_degree_kg2_363.jpg,67420aa43461abba6c2529dc62ffc4680ac6cc32a3bc8f2d602d6fe2e834fc58
train,burn_1st_degree,burn_1st_degree_kg2_380.jpg,bfa32c22d53850f92021c82d99e27630b8ddb912cdc34cbdbf5a752b7322d118
train,burn_1st_degree,burn_1st_degree_kg2_383.jpg,a0b6f93ebc76d1aa7d4e4db1db8502446698d661051565398583c00f36ec1b06
train,burn_1st_degree,burn_1st_degree_kg2_386.jpg,9da3842ef127ad0f3f89682badc36f88debd6f8c959a55c30ff4b1aa957b5318
train,burn_1st_degree,burn_1st_degree_kg2_388.jpg,97111c139fd4ccd842e54e50464d09229f1960f0bf7486d4aa98f7713e6b12a3
train,burn_1st_degree,burn_1st_degree_kg2_394.jpg,58aa5390644048eb0c1e7cea1aae70056ebe901eab291efb5cf5cc3547d1a076
train,burn_1st_degree,burn_1st_degree_kg2_395.jpg,87668c428ca46c9d78c305e6569e517ee38f0efee9c2489aad1fa9a0e46d7e74
train,burn_1st_degree,burn_1st_degree_kg2_399.jpg,a2de0223a018d9716105efcaefcfac94b49e5960a87ad66188f81f579c7ff674
train,burn_1st_degree,burn_1st_degree_kg2_4.jpg,80c7caa889cdab68fbf872299bdf2837e7698bbf72c99b99a4261a1619a96387
train,burn_1st_degree,burn_1st_degree_kg2_403.jpg,fe9b1e259c416ba288bc3484bbd401e05ff03a016629fad0a8dcec1d5aceb06e
train,burn_1st_degree,burn_1st_degree_kg2_405.jpg,23540719f84d13ef85a8bff16eeb8ba727702c56e7d0c5dd4e6f4d07a3a805f9
train,burn_1st_degree,burn_1st_degree_kg2_408.jpg,c8207027c1ce29cf2893809181f555c72b16f8117c5f72c54d1772b378d3df70
train,burn_1st_degree,burn_1st_degree_kg2_41.jpg,4538f0b4d464794a63c647649a1302b87101a5577493c8bdc2634704166aa166
train,burn_1st_degree,burn_1st_degree_kg2_415.jpg,885bf6fd318bbb04c7f27d68183796355aba2ea8d2408ae650e99657efa6cba9
train,burn_1st_degree,burn_1st_degree_kg2_422.jpg,7ab7abe91e2c556423a8c3397226414b8b40bd53363b8414dd49e974702ac504
train,burn_1st_degree,burn_1st_degree_kg2_425.jpg,ddcd494d0fc02fabcafc0dbd1283de51d7309a8693cd2b9288ba5c21804c74d0
train,burn_1st_degree,burn_1st_degree_kg2_426.jpg,55f23c983fdebee83d4fc7f9fc531a2c6ae0058031a7a2858d4ec4871eab650d
train,burn_1st_degree,burn_1st_degree_kg2_428.jpg,b06647bdec77ef288aa6f18b4c272ae1afaca8ba8ecf1fe01e345e4d78f23e38
train,burn_1st_degree,burn_1st_degree_kg2_431.jpg,f11d8fa2c509c4749ed5968afeca2e5110fda16966064ad40ebff24b20d3e2c4
train,burn_1st_degree,burn_1st_degree_kg2_433.jpg,a7c46deabdbaa96035a19afaa94d2cdea4a049a7d313e33df43ac1baca563928
train,burn_1st_degree,burn_1st_degree_kg2_439.jpg,378ca195e9873ea52dccb781c849ca18a7e8a05dcb565e15574a1b84e5fe0a07
train,burn_1st_degree,burn_1st_degree_kg2_440.jpg,b5e614ed4d2449eb2a0345177c14fc2423fb364d2d6c6e682f10b568e399f8e8
train,burn_1st_degree,burn_1st_degree_kg2_449.jpg,28f6de98a3cc273c60347d9d733d40f4bfb258a87be03fdc47422874775df557
train,burn_1st_degree,burn_1st_degree_kg2_452.jpg,4e3a6c40f96f9e0ad98161a3aa7d9a2430fb0f646dcc5fa59b84416dfaadc7a4
train,burn_1st_degree,burn_1st_degree_kg2_454.jpg,4ae90eb37ff5a991833e0690bedddc569571ce098c44dda73d42858e935dfdf8
train,burn_1st_degree,burn_1st_degree_kg2_455.jpg,23890073b269cb9dda8f962ebccd570d1c4bcc183e1f581a07ad0416ada359aa
train,burn_1st_degree,burn_1st_degree_kg2_458.jpg,84abc4522358a7af0b0374ae69caca773f95cbab14eb35c8cd6ef8ef02b32864
train,burn_1st_degree,burn_1st_degree_kg2_459.jpg,ef12c340a641656898defd4ec5d7419bef4ab5e8eb64c4f04a0ee78494ad9b63
train,burn_1st_degree,burn_1st_degree_kg2_460.jpg,c18fc2411b799793fab28543821c528a8d6611ac5cfc7197de6e5573d9dde506
train,burn_1st_degree,burn_1st_degree_kg2_462.jpg,4241cdd9873ee03d1228ff377eae098724873307ec909e5d2004e6329e3d3885
train,burn_1st_degree,burn_1st_degree_kg2_471.jpg,63c5c77fbcc5a7bd9114c9624905553faefe3129a36b7161dacdea73dc9eb59d
train,burn_1st_degree,burn_1st_degree_kg2_472.jpg,5f19c180e4bc29c22357cce780dee21f2ea78aade3800dd26e6ade0f057b93a8
train,burn_1st_degree,burn_1st_degree_kg2_477.jpg,253eb1e355520bb3e39df594256359c6cc4dc6752621155b0d372ac027ef4a03
train,burn_1st_degree,burn_1st_degree_kg2_479.jpg,811c817a5636946c3a8c46f482c45159ad9f1f557e4aa9c60019e01ad1606dde
train,burn_1st_degree,burn_1st_degree_kg2_485.jpg,6199ecd8a7a0a6a6ad021f0cda8396d293118d5eeec2fa219e5beb135b601748
train,burn_1st_degree,burn_1st_degree_kg2_486.jpg,ffb20768df35eca1b8d509590d4b85226167478b2f709caa8669c64eb931b138
train,burn_1st_degree,burn_1st_degree_kg2_489.jpg,84666691f175386e53885b3bcb65b7532a9c04d3f957b6f62b04ac1bdf3f7b12
train,burn_1st_degree,burn_1st_degree_kg2_49.jpg,4c82688d81eec4d1fc798f30907544b915cf7c288ca3ef935874cbe62795db49
train,burn_1st_degree,burn_1st_degree_kg2_491.jpg,a7c46deabdbaa96035a19afaa94d2cdea4a049a7d313e33df43ac1baca563928
train,burn_1st_degree,burn_1st_degree_kg2_494.jpg,39acec0c7657a48afce8bc559b07443d6d1dc4195e3123eb17b6402cf24bcf10
train,burn_1st_degree,burn_1st_degree_kg2_495.jpg,c7c02fc9caabdbe399df6a6c39ff99a396d6b617d058d2b2191d5255817d0e3e
train,burn_1st_degree,burn_1st_degree_kg2_497.jpg,e102ea25fb0d78a3f80d6cdcfb37df6dcbb512c90a435974443bd1861db46259
train,burn_1st_degree,burn_1st_degree_kg2_500.jpg,f636681bec8c5c78be881c8851aeb8789c961c5f0d5b434e9e917136984e0182
train,burn_1st_degree,burn_1st_degree_kg2_506.jpg,325a01ff0fc64d0462d4d14abdd3077a79d26d05d74a687ab125cb2b984c7bbd
train,burn_1st_degree,burn_1st_degree_kg2_510.jpg,c8de983d79bebb7a98adcb0b0dd7720c75cb24c3d626711fabe1ee4a412c7084
train,burn_1st_degree,burn_1st_degree_kg2_512.jpg,06bb66688cf97fb79795d9b05a5c69a846f105580b36dedb8424aac28b5ba192
train,burn_1st_degree,burn_1st_degree_kg2_52.jpg,c0252fbd23c2d863b4ef2131d757be402ad44cb934711292428f9cf376341099
train,burn_1st_degree,burn_1st_degree_kg2_520.jpg,4c380853aa1ed98155594427fb01a2d7e507317f0be32eede93491031621a6d5
train,burn_1st_degree,burn_1st_degree_kg2_521.jpg,63d26ea7cbca2f4bc4803c80c47315fda4c6f12e21ceea7e68e9807ef25ef6be
train,burn_1st_degree,burn_1st_degree_kg2_522.jpg,6943a4557a20d7b4b39614b3b4b65378d4e9f980157a333044933e03dd224e5c
train,burn_1st_degree,burn_1st_degree_kg2_524.jpg,7b0362c8e61669b6a4ef920a4b23a326171080981047aec644c93ab1e32132dc
train,burn_1st_degree,burn_1st_degree_kg2_527.jpg,24de63d19976063e1911eb8051e25daac14cbe023f79ae75ae647e602ca3b07c
train,burn_1st_degree,burn_1st_degree_kg2_533.jpg,40e94409cd97b905fb5f346d6d3e896d82c9b51765d6adb57922d3e6d8065f57
train,burn_1st_degree,burn_1st_degree_kg2_534.jpg,455dfe04815c1f2fdf14206b2be08a0dc6e292be51b72e0650dbee6eba55256b
train,burn_1st_degree,burn_1st_degree_kg2_537.jpg,9ca8bd1a9a0a98e31d0c780929f41111ab3fd52848e856cac6bdf56bd94599a9
train,burn_1st_degree,burn_1st_degree_kg2_540.jpg,dbcd842f1687f6068b141f3782e3d4e079288df3f5a82c8c638e824c68285d95
train,burn_1st_degree,burn_1st_degree_kg2_545.jpg,531acd7d5ee840cf0d245491d4c63185c39ad7452047cbeec086e64fcb0aa230
train,burn_1st_degree,burn_1st_degree_kg2_547.jpg,984f097a590f8e62a2c58795f0c3ce1f25b2c09936b4aaddb6175c161bc854b4
train,burn_1st_degree,burn_1st_degree_kg2_552.jpg,552ed81ec073472f5b244bdcc5c17b8a9374644cec3cdaa9daa90d7e90bd002b
train,burn_1st_degree,burn_1st_degree_kg2_555.jpg,4c47de75822eec324d6085cd22c6e6f5ea5fb745452a219f57d914f4fdc3611c
train,burn_1st_degree,burn_1st_degree_kg2_56.jpg,8296c98257224c5898681eb6c3f88f6a60cf6bd0bc9f709d49d9ae12af60fe89
train,burn_1st_degree,burn_1st_degree_kg2_562.jpg,3482a9600d3d317c1a33215947919f7cfc5fd93e2354e1fca888a51a935f3971
train,burn_1st_degree,burn_1st_degree_kg2_566.jpg,690de6dbff99117ffd51daad9dddfebf549d81b96d9362a4e8cc578153cab3f8
train,burn_1st_degree,burn_1st_degree_kg2_567.jpg,548c8f2660aaf4011bcd5b3065cff39ce7b48a960c4181315d9bf456e63932d7
train,burn_1st_degree,burn_1st_degree_kg2_568.jpg,aecddfaf0728a2e175224084598e8f77186fc953bfa5e3ccd952a64d9827013e
train,burn_1st_degree,burn_1st_degree_kg2_573.jpg,2817be1a70a31425b6cc700b422ad18e6480dda92ce8e34ec9a63099f1f904a9
train,burn_1st_degree,burn_1st_degree_kg2_575.jpg,dfa9881986dc62a601547bf07b34fe9b0c6b5f9bf4d34676c4fed8907278b2f1
train,burn_1st_degree,burn_1st_degree_kg2_577.jpg,1e2422eb4016a8b1a4cfad2554f54b4f43d7801e13dd032eef526b961fd710d4
train,burn_1st_degree,burn_1st_degree_kg2_578.jpg,bb98c2171af66f69d2f25057537a75c77121fab61752ef650888500751511b9f
train,burn_1st_degree,burn_1st_degree_kg2_579.jpg,52b823f291d109b92828b3e6b6090a94d90ebf8216dea7998d9330f878749c64
train,burn_1st_degree,burn_1st_degree_kg2_581.jpg,fcd6b9b1cf96e7b240f3278ffd2b0351c88c9c3bf005985df6d18449792a54fb
train,burn_1st_degree,burn_1st_degree_kg2_582.jpg,64d0cdc05aaa7f1f7b0420a7b260d9bfa81715117adda0df09b6cc4df563f3f9
train,burn_1st_degree,burn_1st_degree_kg2_583.jpg,3b58d39bcde10c9d70cec4b19b79037fe797c0f76adcf06acdd1df838dbae0d5
train,burn_1st_degree,burn_1st_degree_kg2_586.jpg,8d4fb26f5d3970d1fb925fbb3720593b2a2c757b4bfc7a9c756cf1cec16a1f05
train,burn_1st_degree,burn_1st_degree_kg2_59.jpg,a77b52e252e8a8a3158e059882dfb6bf41a7c96d5cd13aaec480d9e37c36519d
train,burn_1st_degree,burn_1st_degree_kg2_590.jpg,dbb9070507f1912d6c14debe45f26af398abdb13f7d9d55d2b51d1d8ee705d0c
train,burn_1st_degree,burn_1st_degree_kg2_591.jpg,9338a01a563026eefe6c9c3eb85e822933942aed2589a969df7d9807d8f763d2
train,burn_1st_degree,burn_1st_degree_kg2_592.jpg,b7293ad259eee0d153ac710b9be7422d42da925e5abb6b7dc0a04c96e921c238
train,burn_1st_degree,burn_1st_degree_kg2_594.jpg,041a4bcd1962ab6adef2133b464708d3eed8d7bfa83cbb7dcb1c538b0ad090bb
train,burn_1st_degree,burn_1st_degree_kg2_596.jpg,11c236e354bf73a396666c3dafd7f149a79e56c7cb522a39e09fef5384ba8c12
train,burn_1st_degree,burn_1st_degree_kg2_602.jpg,d29c4b5c52948a71724b5508e06149c67e0f1d2afc7500d4bc36a141a2984522
train,burn_1st_degree,burn_1st_degree_kg2_605.jpg,6fd482a9c416915efc23300c1b379b86bbba9552fd7f48cf07265092b45a7b17
train,burn_1st_degree,burn_1st_degree_kg2_607.jpg,f5be4fb9bd3680e446d2fc1f3f8b1ce0225c1417fe88a0d7c7bd0ea5af7e8e55
train,burn_1st_degree,burn_1st_degree_kg2_608.jpg,2640df802f8e843109ccce2ceb5e990649a6c5249f4c3a39186a967796e40598
train,burn_1st_degree,burn_1st_degree_kg2_609.jpg,7805a146e023896d11ee7e76d61d0bf55feae78d28e03ec651e7cb300af97045
train,burn_1st_degree,burn_1st_degree_kg2_614.jpg,a36976711939baea5f330f40a62752b5b5fc7b9a52eb8d4f9148fcd0f9d170b3
train,burn_1st_degree,burn_1st_degree_kg2_615.jpg,1f5ab7e4aa4c7a4e4f5bb6217b605913f8a3806c2d769f2f5aca1da4399d9aff
train,burn_1st_degree,burn_1st_degree_kg2_619.jpg,53752a1fb6fbc9cc08638d9338b20eb0b502a6973ccc9b19879f0ed82c9618b2
train,burn_1st_degree,burn_1st_degree_kg2_62.jpg,73400980ea3221965b2877b5f132b37e84817dbf87d384e24b8b12973bb3eb56
train,burn_1st_degree,burn_1st_degree_kg2_621.jpg,b13682e222195d331da75a99c11a6bf70ca9a6aa71e5b50c00392e674cd362b1
train,burn_1st_degree,burn_1st_degree_kg2_624.jpg,fb4bff870a1b387bbb7a1f646e8872af33cadeca7a45c6a7e8c91fa6d6c77539
train,burn_1st_degree,burn_1st_degree_kg2_630.jpg,f251ca090ea1fa28f50b3b11cf6563f6f42606bce2847c18ca1f2767efbce3e8
train,burn_1st_degree,burn_1st_degree_kg2_632.jpg,6179603195a229d1a1bc884851a0a5b185faf5d60f75602f527789be433b597e
train,burn_1st_degree,burn_1st_degree_kg2_636.jpg,6341e8d184e3cb44eb20b7209c780ceeaee2693c81079e6a29eee5715049b9ac
train,burn_1st_degree,burn_1st_degree_kg2_639.jpg,3c8e2557627e1ac6257f27a5b11b64e2067d9c0f2d86b8afa19e08e6693287b8
train,burn_1st_degree,burn_1st_degree_kg2_640.jpg,26eb1b962bfcadc4d79ee4f6ec9b68bce4e5dbbf205d289194b11407f2676ed0
train,burn_1st_degree,burn_1st_degree_kg2_642.jpg,77e5f6cf1c8d67e67a26160a2b7e40c5cb1fa7ad3159d119a420da700ba216dc
train,burn_1st_degree,burn_1st_degree_kg2_644.jpg,6d6211b43c39caef5b8ea9a797a99da6668fd806d874140cf53c81600c2bd5aa
train,burn_1st_degree,burn_1st_degree_kg2_645.jpg,6f56df8bea02b6ffb27198bc45635b59717d6f1377b3c8f8e787f6871128efb1
train,burn_1st_degree,burn_1st_degree_kg2_648.jpg,39acec0c7657a48afce8bc559b07443d6d1dc4195e3123eb17b6402cf24bcf10
train,burn_1st_degree,burn_1st_degree_kg2_654.jpg,09d90cda242fbf717d1048a9bdb0fd4a82658611e707ff371e1ba3075dd7a8cd
train,burn_1st_degree,burn_1st_degree_kg2_655.jpg,7dba0b8b17f83d3eb9d8f21157cdb35353d2dc3993f4a4503ff2328c94513a68
train,burn_1st_degree,burn_1st_degree_kg2_657.jpg,2dfb99265c3c54df3b4b27807bcc2ed7ce6c2b21ce5f5841d083a9fb27adb7aa
train,burn_1st_degree,burn_1st_degree_kg2_669.jpg,5f9b33d5b3aad34df4cef4d1e2a7a1675ea6c897cb616357d80e612706897561
train,burn_1st_degree,burn_1st_degree_kg2_671.jpg,bcb299b6470e79c81e2277b3eeb0764b092b74f9cc639dc751ce3f2f97f98295
train,burn_1st_degree,burn_1st_degree_kg2_672.jpg,629f62f436737a180ff67e739eb16bd4cb8f657f88c0d3bcf0bf06086559fe37
train,burn_1st_degree,burn_1st_degree_kg2_676.jpg,145ab236e9b3d375792c2e0aa444aa10dd73b26cf4180aa55b2ebd81da4ccd4e
train,burn_1st_degree,burn_1st_degree_kg2_68.jpg,3e0ce3c142fbd8778280bb57ef5ce877f9a2a07dc5802eb788c663631c72fbba
train,burn_1st_degree,burn_1st_degree_kg2_682.jpg,75fd09032dbcb85ffaeb4dbc7070063037d32028326ae679d241e38a2c86aa9d
train,burn_1st_degree,burn_1st_degree_kg2_686.jpg,35be49cd621f80b28f38a8b612776a453038546c73b0f256034986246e9dae14
train,burn_1st_degree,burn_1st_degree_kg2_690.jpg,96bbda196df04cfc5eb4a8680e76147cfa2eae11c46bd7e71bcfe089ba09d25a
train,burn_1st_degree,burn_1st_degree_kg2_7.jpg,5ecd65ce61e915cafe64705aea705c8b76a36a1a3c43319f0d04d4f78152d44d
train,burn_1st_degree,burn_1st_degree_kg2_70.jpg,f39d1e76656935872b9af96993488edda881749de76c46d03b941587a2c9d121
train,burn_1st_degree,burn_1st_degree_kg2_700.jpg,e81997be1af939c1bb44fe6c4c1a68109fa4bc48fae77e682102263b73baba86
train,burn_1st_degree,burn_1st_degree_kg2_704.jpg,fc2c493b04a277da172cbe2d9c1a52db09f11327b0560de73c86421babd428f7
train,burn_1st_degree,burn_1st_degree_kg2_705.jpg,94780ee0bbe04a1e7cfab0d54d8bc1be7c2d5c4ed398e42c1ea3e06f55cddff3
train,burn_1st_degree,burn_1st_degree_kg2_706.jpg,93a03f27f05b6d986a3319405c4610193514dab5a61b65b1d7cc0391e203edba
train,burn_1st_degree,burn_1st_degree_kg2_707.jpg,5d2618bc76aaedda8e1f33e2771c4396f4ecdb3e16fc5a09877fe763999cbb33
train,burn_1st_degree,burn_1st_degree_kg2_710.jpg,615251d396ed63c2c8a9f01a6b6d9d7dbad0b2daff7304c5661ae7ac1f86e80e
train,burn_1st_degree,burn_1st_degree_kg2_713.jpg,c0b8ba985b9279dde0863eb72e563d6bf2bdc7370c381c2e50e29a6c477fdf47
train,burn_1st_degree,burn_1st_degree_kg2_714.jpg,4d7ce0f82851fdc3b4b9b720039b4aeb6a7499a417df5dc43ac90f178423f80c
train,burn_1st_degree,burn_1st_degree_kg2_718.jpg,0b1b591a9ed3e14640d330219117aa6b96f892c036ecd73299e192195eba5288
train,burn_1st_degree,burn_1st_degree_kg2_719.jpg,3add9d868a582c51bab7105bba20b612855cb69e4aed77f3c2f52645bdc9d977
train,burn_1st_degree,burn_1st_degree_kg2_721.jpg,e91197b5fa4607d02678acebf773001925d6f863359e00b7e5136fcfb8f829aa
train,burn_1st_degree,burn_1st_degree_kg2_722.jpg,167f6cb6865944482bf371c5e0ce093a46af8dde702752658b0f4c116db02580
train,burn_1st_degree,burn_1st_degree_kg2_725.jpg,0bfb3be107130918c57e376c16a6df4014253798a4d79965092d46de75fd18d1
train,burn_1st_degree,burn_1st_degree_kg2_727.jpg,a55786918f8f9acc2ae56e464ddac0aec28665b688f759f729839879de915340
train,burn_1st_degree,burn_1st_degree_kg2_728.jpg,1a8b385ca051e9fc1959d4d5a5ae75e774e2ffd40b91b3a1bf048809656bbb17
train,burn_1st_degree,burn_1st_degree_kg2_731.jpg,2182dd23f89e98b2a761b94a4c33a4904cd5255bae3ad5c85905dcc60644c589
train,burn_1st_degree,burn_1st_degree_kg2_734.jpg,e38aa61942e35d3c363657cfdd2206587d0776c5e5ac64ca47af1928fe11bde9
train,burn_1st_degree,burn_1st_degree_kg2_736.jpg,cc0edd37c320af8f12b63677685215614a2d2af110b7ddc11bbd6ce8428f4d7b
train,burn_1st_degree,burn_1st_degree_kg2_741.jpg,056f2e2948353d9a7690b6f74f24d979a97e405f8befc0a518f2ee9753711d63
train,burn_1st_degree,burn_1st_degree_kg2_742.jpg,0b1b591a9ed3e14640d330219117aa6b96f892c036ecd73299e192195eba5288
train,burn_1st_degree,burn_1st_degree_kg2_745.jpg,0a6e46570641ef952fc9bdb4352f5117b6180787f58ca361bc38bce7295f74bb
train,burn_1st_degree,burn_1st_degree_kg2_746.jpg,088a9e10333f681b94de05e880a9f432739e470f38197c104486c5dd1130c992
train,burn_1st_degree,burn_1st_degree_kg2_750.jpg,de796aa2af6449f94c7ab0cc681cbd08c4754e9a1a5671adb2d7f8edd0a75bf3
train,burn_1st_degree,burn_1st_degree_kg2_752.jpg,3f57ff6ce50c05a49b86ce7d291186514f25ae1b94c6d1e4f67cdfbe09257a41
train,burn_1st_degree,burn_1st_degree_kg2_754.jpg,ddd57bdc2448086da81c2ea445b637e04cc56b0bf0df90e7a488966a3345f66e
train,burn_1st_degree,burn_1st_degree_kg2_758.jpg,d6f204f42f2394d7440a40f5d128e0c3bf75a1caea2c48b80ab5f68203dbc986
train,burn_1st_degree,burn_1st_degree_kg2_763.jpg,73f355aa4c5fad0d34ae1b17b97c67d806383f898ee5623e9f8f52c88186e599
train,burn_1st_degree,burn_1st_degree_kg2_764.jpg,b5ea40b82d2ff6be8e20d7ce972d294ae7abc8d5559104dee07f4c39d5fc81bc
train,burn_1st_degree,burn_1st_degree_kg2_766.jpg,717004d966fdd3279fae06373f1b1620b022083f0c613fa706b16e1750ced250
train,burn_1st_degree,burn_1st_degree_kg2_770.jpg,7ab7abe91e2c556423a8c3397226414b8b40bd53363b8414dd49e974702ac504
train,burn_1st_degree,burn_1st_degree_kg2_772.jpg,c2094072b52778449e9e299214cd71a687d8953aafc99fcbe2817b0aa4a00861
train,burn_1st_degree,burn_1st_degree_kg2_775.jpg,1cb10b6ae49bc8ed173c809a6c6747f3a578cadf8a66f1ace23444cacc026610
train,burn_1st_degree,burn_1st_degree_kg2_777.jpg,56b766de33d58e84b511497423e9d2c29e93b8d73abe1c69100828601175eb63
train,burn_1st_degree,burn_1st_degree_kg2_781.jpg,d779c9ef35b1ce1d3f03c69c709bb59acdb329a47875351ded57935520b2da8a
train,burn_1st_degree,burn_1st_degree_kg2_789.jpg,908308ada46ba366fe21ad769f89443898afc47666029d844347f068cfca2acf
train,burn_1st_degree,burn_1st_degree_kg2_792.jpg,766692e95bdd6541ecb1ad3b7491c9f67b4360329e72bad28d09226fc97e8917
train,burn_1st_degree,burn_1st_degree_kg2_795.jpg,669f3880822b821bb4e52062adcba635c827b7801ab0bfdf0bc83fdb5173bfaf
train,burn_1st_degree,burn_1st_degree_kg2_801.jpg,281b4a4c5070223c1d04470ea26f6da8d23172fdc298c1922c4d1e6819139d25
train,burn_1st_degree,burn_1st_degree_kg2_804.jpg,04d64022285617687eeee54a7488f3b2a35a584a61e9a031f20d2a2ed3a9b4d0
train,burn_1st_degree,burn_1st_degree_kg2_805.jpg,ad2fa42fe71164b0b072f939b2eefe06dd07dc74b5e2ab09b4589ddd5f20d374
train,burn_1st_degree,burn_1st_degree_kg2_809.jpg,6eb5290f0708c0ab9449f040629415e7338cd32c5946b1b2ee9e18a207a19902
train,burn_1st_degree,burn_1st_degree_kg2_814.jpg,21365dca79aafda7f6e6b7bca5afdcc12cf2c9e1b19b0ee266f3b512eaf55a2f
train,burn_1st_degree,burn_1st_degree_kg2_819.jpg,eac60fa85ca896f5ad28ac896e88f75ab049f32374d460fa4e1578933301e577
train,burn_1st_degree,burn_1st_degree_kg2_820.jpg,d0b9435d52d2cfdb4837dcecf134eb40a5b966e1971de50b8815c0f9a523d3da
train,burn_1st_degree,burn_1st_degree_kg2_829.jpg,529b50a1b2b1fde2bfd1852555de07ab18bfd40d4837ebac97efef74e7fe1fe8
train,burn_1st_degree,burn_1st_degree_kg2_830.jpg,0d7307268d3bbc566bb04db3bb14173b0dbb324b88e2f04caee201a7df867738
train,burn_1st_degree,burn_1st_degree_kg2_831.jpg,7deb1aa99bd7a9fbb785baab1abc964771fef4a9fd0ec8322b47ae83e6a457dd
train,burn_1st_degree,burn_1st_degree_kg2_832.jpg,095044d1d8a117284f54cbe7a1048302b746895fbb4bba63ba80a4d2dfe550f4
train,burn_1st_degree,burn_1st_degree_kg2_834.jpg,94e83426e285daad15829896d347ad277ee664d2b4331c337aab5e785119e583
train,burn_1st_degree,burn_1st_degree_kg2_835.jpg,3802b3816bff6c06af37292cf11b41a5158bf7cbe4e989ec99a58235eb44aa13
train,burn_1st_degree,burn_1st_degree_kg2_841.jpg,cfa29e6dc16177053699a1d2e7756673d520c25315c74d3358ecb866cbd2cd71
train,burn_1st_degree,burn_1st_degree_kg2_846.jpg,7c743bdf0ded881d2a3dbedc67e6ae9dc8f945a7350ca1d27d254cce0b4de883
train,burn_1st_degree,burn_1st_degree_kg2_851.jpg,11311b8dbbd72bb6838db64d002448745055d31cb306a663a167d9f3b39b4ae7
train,burn_1st_degree,burn_1st_degree_kg2_857.jpg,595ef36b4700c9c0e81840a7c7d8813b212984625ca8e1aca2775750052ca68b
train,burn_1st_degree,burn_1st_degree_kg2_861.jpg,e09eaabc9653235e0ff5ded79d66e778c805c5a8fa982fbf6c4976f5a9e09140
train,burn_1st_degree,burn_1st_degree_kg2_862.jpg,657488b85fb644e7958d4b6425d23a504f1d3f00e1b240a48166567fa46c3fff
train,burn_1st_degree,burn_1st_degree_kg2_864.jpg,71e8e71e4a0daf944a64a9a4159d588d54055586e1b526c075779d16d823c2c9
train,burn_1st_degree,burn_1st_degree_kg2_867.jpg,e7a93049a4c397188f5495e788eaf0593ab3c9718ed7a58572ad92d64cc22b83
train,burn_1st_degree,burn_1st_degree_kg2_875.jpg,6d6211b43c39caef5b8ea9a797a99da6668fd806d874140cf53c81600c2bd5aa
train,burn_1st_degree,burn_1st_degree_kg2_876.jpg,6bf19d8701ab9cb3617b792e5431968da913043995935a4f44b4093d129a66c2
train,burn_1st_degree,burn_1st_degree_kg2_88.jpg,410dc7aab34406ff456b3e21233bc25302bcfa0a833fd41ed38a6fef6c1fb8e7
train,burn_1st_degree,burn_1st_degree_kg2_885.jpg,4e8f958e480a30761624f12fdd8982ad5fa848156d4ab18a9c2e24d311bbe3ef
train,burn_1st_degree,burn_1st_degree_kg2_889.jpg,cd525aef6a919f80abe21c9a356f4afcd3d2ba3a3da9f734cdc915e7b0220a94
train,burn_1st_degree,burn_1st_degree_kg2_892.jpg,90428379a0d8cace2eb4952b4776383838d63aa98325d16a9c4f0c63bc7b0364
train,burn_1st_degree,burn_1st_degree_kg2_893.jpg,0b084224cdb4c43292c496cc34c15d1ff1f6fcefe90781e192101fbf630e1afc
train,burn_1st_degree,burn_1st_degree_kg2_9.jpg,cabfa749959147bb629583631265eb7485cfe17df062d4f9416bc4b0ba7b9747
train,burn_1st_degree,burn_1st_degree_kg2_90.jpg,8983dfc0f566deb2fec87b689ed813956a755d9db0f3eedc54c6be327f231d6e
train,burn_1st_degree,burn_1st_degree_kg2_905.jpg,5f19c180e4bc29c22357cce780dee21f2ea78aade3800dd26e6ade0f057b93a8
train,burn_1st_degree,burn_1st_degree_kg2_907.jpg,b62b4d16304176e1cc1be820afc77cc85bfff5324c59d29fd7302cc539d4b727
train,burn_1st_degree,burn_1st_degree_kg2_914.jpg,f9c46fb6b9a350b87b277779fb4179668c7cb617da3bc16132cfc677eee363b8
train,burn_1st_degree,burn_1st_degree_kg2_917.jpg,9ed447fb7db22fcfd1ebe57214403c5a16f7654cc0db21bccc66425f3b6449e2
train,burn_1st_degree,burn_1st_degree_kg2_919.jpg,cc0edd37c320af8f12b63677685215614a2d2af110b7ddc11bbd6ce8428f4d7b
train,burn_1st_degree,burn_1st_degree_kg2_931.jpg,faadcaf9ce6a38f733ba20cf9b6fee588fa9150537a8501ccb383160eb9689e5
train,burn_1st_degree,burn_1st_degree_kg2_937.jpg,dc09c1dbf1f4a98c51c4c32ea014333dc9fcd92aadfa94bf731acdb8d93421e3
train,burn_1st_degree,burn_1st_degree_kg2_939.jpg,90364df4b04b06215d592aa59cffe43f63e6161da44febb2aea91f8a5d1eb914
train,burn_1st_degree,burn_1st_degree_kg2_943.jpg,d62eb73fd12af810d665e405dc1eeb8c1e5db871a7e53a233c5700b1a1e507cb
train,burn_1st_degree,burn_1st_degree_kg2_946.jpg,4633af71fac6a6c195f409ab3c030f3494ca68100ca2bd1784d16dc44e21dcd3
train,burn_1st_degree,burn_1st_degree_kg2_953.jpg,ec8d8c05b5564c8deea9f7d9f165c6f2556e7dc233d84c7e5e7fb38c72e1537c
train,burn_1st_degree,burn_1st_degree_kg2_959.jpg,4ae90eb37ff5a991833e0690bedddc569571ce098c44dda73d42858e935dfdf8
train,burn_1st_degree,burn_1st_degree_kg2_960.jpg,b08597de25fbd6a43ba274f31d089dfde1930f0411e92cae40e3288ae5d580d5
train,burn_1st_degree,burn_1st_degree_kg2_961.jpg,0b084224cdb4c43292c496cc34c15d1ff1f6fcefe90781e192101fbf630e1afc
train,burn_1st_degree,burn_1st_degree_kg2_972.jpg,122aa09bffd3783eea99bb1a1a972772ed8f0a8d9ac2ccf1050bd50ed6c1f348
train,burn_1st_degree,burn_1st_degree_kg2_975.jpg,315d0fbb41da7e3f69c17386f98d8debc514f33feb5244580788f1361df36e64
train,burn_1st_degree,burn_1st_degree_kg2_978.jpg,84781e80b357fb43944994cbbd630129c697d785bfc905dcc97461d087d0e59f
train,burn_1st_degree,burn_1st_degree_kg2_984.jpg,b24b3bb77af57d38c08e1aa145b13f551f36ed9983b089f6fef4b23ec7d61988
train,burn_1st_degree,burn_1st_degree_kg2_985.jpg,3e98e91741badce18f948b3703e39ebddc56ad26d1a438bffafea72acb1388e3
train,burn_1st_degree,burn_1st_degree_kg2_986.jpg,a8d7dce28554d4726d4d0f30d215c60aa1305005956abe84851fee1c7d804397
train,burn_1st_degree,burn_1st_degree_kg2_989.jpg,37fe4e12d2a98c9b6fff7aeb28f8726411753accd636bd0ecaae838146d0c0f0
train,burn_1st_degree,burn_1st_degree_kg2_99.jpg,82975b7686bbec73bf5dfe31e788f311932e04392e62ab05cfdff81751a87741
train,burn_1st_degree,burn_1st_degree_kg2_996.jpg,f3cd53d939dee73f0fb83c1d1d6e82e38a1b334a290c0af9e2d3d5d8cb4eabbd
train,burn_1st_degree,burn_1st_degree_kg2_999.jpg,cf7e08df4c11b7f6f9b0981bf7e2065ac7c5e6852030cff1cb25cba143f68828
train,burn_1st_degree,extra_fares_burn_1st_degree_1.jpg,fd843aa3c5f616adef39753a6071f47ea68cd7b2eb59e1161f2d38abdb548c57
train,burn_1st_degree,extra_fares_burn_1st_degree_21.jpg,4e8bd1689b2376bfdbd040ab152301750e4682d667cf05cd214e2c3654de7e7f
train,burn_1st_degree,extra_fares_burn_1st_degree_67.jpg,4333fdb5a9dc678e9d7469280397a5af94609cd39b328648c1f85b3047edc4e8
train,burn_1st_degree,extra_fares_burn_1st_degree_96.jpg,c3e4fd4cbbf475f4af7315b6ed877d651b42b3a1aa48bbe149412850262cc13d
train,burn_2nd_degree,burn_2nd_degree_kg2_1.jpg,38bc1a659d47304ee7157daa2524fe9f209d14a1a7f0468675e8b6b21393ae40
train,burn_2nd_degree,burn_2nd_degree_kg2_1000.jpg,e386f7403a614a7d37ecd701022cee3ae3c1b960a988b9efa5ccd22b9298b49f
train,burn_2nd_degree,burn_2nd_degree_kg2_1004.jpg,79b756ba4e998810a15d9c5aa14c9247fe6ff8eefe6403bfc710bb881509477e
train,burn_2nd_degree,burn_2nd_degree_kg2_1007.jpg,e28e316ea4e46369c8af1d3009af2c221c960ebf9ccd68885c37c8d605f310f0
train,burn_2nd_degree,burn_2nd_degree_kg2_1009.jpg,b34cdbde5f5fda9b731954814469f9550128bdaeb019d48e826215e352d11a5e
train,burn_2nd_degree,burn_2nd_degree_kg2_101.jpg,c2257c876e21c9100d4d029ada43a9f6b05135abdfb46696f1c8c69ea55363e5
train,burn_2nd_degree,burn_2nd_degree_kg2_1012.jpg,1c6bbf690e317a55f09c58323248633a469abc4f6b84f4718a6e8ee7340de4e3
train,burn_2nd_degree,burn_2nd_degree_kg2_1013.jpg,95c73ac525f85162ed32381972b0aa3282e2a3ef8e8e17ee68eabeeb870c8ea1
train,burn_2nd_degree,burn_2nd_degree_kg2_1015.jpg,971a84908ac23a35b28a5a5f250650961c29c8632965feae5abb0221915aebeb
train,burn_2nd_degree,burn_2nd_degree_kg2_1020.jpg,a9fc177709f1798f9f5846ac4a95762a6c0a0ea9ceaf205ab39735a6fa4ba18c
train,burn_2nd_degree,burn_2nd_degree_kg2_1033.jpg,44af08a787fca49bdee5a6c36812a475f9c070d84750d6a25f36b76deae4f775
train,burn_2nd_degree,burn_2nd_degree_kg2_1038.jpg,915b11f05bb802df4dedb904ebabddfd024afec7de1eef97898ff680df7bab06
train,burn_2nd_degree,burn_2nd_degree_kg2_104.jpg,154e5655c7457913e5a156b64aa06d2ab8fc9c739f263641d3aace5896392373
train,burn_2nd_degree,burn_2nd_degree_kg2_105.jpg,ed6fd245d35db15da3c1e51b8d44bd0a46dfef18d7dc9974ec1953b1227bc90b
train,burn_2nd_degree,burn_2nd_degree_kg2_1051.jpg,c255c6e872b88d02533f5797a1fe0d95839ccab983f0304c1f23e4d71c0f3f47
train,burn_2nd_degree,burn_2nd_degree_kg2_106.jpg,87a5a68d1a342751f8e1e504dde6d14eb742b4915fc4ae41cb84924b9319e257
train,burn_2nd_degree,burn_2nd_degree_kg2_107.jpg,0d678e52cde023cfbaf838d2a60cde3219f84cc2f90c19da0794152b33d3c830
train,burn_2nd_degree,burn_2nd_degree_kg2_122.jpg,b0fffb0d2c471654dce35fd8f1952d1b8b87f84ae58dfb3a3c21365366bee1ad
train,burn_2nd_degree,burn_2nd_degree_kg2_126.jpg,f46ab6806a41425aec910a1dca1d1bbdee5dfb10862182c0a8e04a18211b542c
train,burn_2nd_degree,burn_2nd_degree_kg2_131.jpg,c7c09084dc15bcfac4017832375d4ebcd0df8db744644aa48f4002eee2bcf34e
train,burn_2nd_degree,burn_2nd_degree_kg2_136.jpg,f1492ec04e793abe415a5b50489636ae29ca92b9ece4629cc9cb5f6de9f85a69
train,burn_2nd_degree,burn_2nd_degree_kg2_142.jpg,c7c09084dc15bcfac4017832375d4ebcd0df8db744644aa48f4002eee2bcf34e
train,burn_2nd_degree,burn_2nd_degree_kg2_143.jpg,9e68a9480afb21d23297ba618e39630a62e7a83df0ed7451b826535da83ec6d3
train,burn_2nd_degree,burn_2nd_degree_kg2_145.jpg,c3d814a08e56fab53e30ab599b1702345ae73f8bacc302ba29a3d189a0cc7fbb
train,burn_2nd_degree,burn_2nd_degree_kg2_147.jpg,069f905ff2d43165bef5e72a22f468c509b324b4e36148c75475f210ac95c9e4
train,burn_2nd_degree,burn_2nd_degree_kg2_148.jpg,5db375b8b0c96e68632df1de3bd667486bd72aec45a052377fcf791f658496d9
train,burn_2nd_degree,burn_2nd_degree_kg2_15.jpg,7dbc4e0d4e02399ccb82bd82c3980db07bda11eb9898307ae830bf61d072be7c
train,burn_2nd_degree,burn_2nd_degree_kg2_151.jpg,6ecb0e7941446c7d6a4a988bd9b48ec1aa5931fd7f47b7aa7a2e768ba539bdc9
train,burn_2nd_degree,burn_2nd_degree_kg2_152.jpg,cccda7714cb6cac53e37de3147db03a54b25a186f2eb5dc951288e7f8ac8751a
train,burn_2nd_degree,burn_2nd_degree_kg2_153.jpg,d48ed9556692ca1976c2696780f87c8c9c2543d30e65af3d5f20f912dff1a10e
train,burn_2nd_degree,burn_2nd_degree_kg2_154.jpg,ef980b53ceee81052df3effc7b10e4522220e3b90da017498afa2e24df95030a
train,burn_2nd_degree,burn_2nd_degree_kg2_155.jpg,0a7ec1abfede04ce5b0350ccaf99d6a869e7f064304b69fd1533dc43902f2590
train,burn_2nd_degree,burn_2nd_degree_kg2_164.jpg,3960e2938ec0b84f1db7695e074917bc7d1142538797c40ea8618cc859af458f
train,burn_2nd_degree,burn_2nd_degree_kg2_165.jpg,9f312a3128600737f019a862e8f857fa45540b99bf5e68d89fe31ec990607a62
train,burn_2nd_degree,burn_2nd_degree_kg2_177.jpg,d347272a13b019ee1cdc2cbe086d6273d2461c694044b3abccd5e49c30072bfc
train,burn_2nd_degree,burn_2nd_degree_kg2_178.jpg,717004d966fdd3279fae06373f1b1620b022083f0c613fa706b16e1750ced250
train,burn_2nd_degree,burn_2nd_degree_kg2_18.jpg,da619cbf95323a1b5af6ae077945fe28bbeb936630b3a6655e815acff53da5b5
train,burn_2nd_degree,burn_2nd_degree_kg2_181.jpg,67642e0faca0803302718e5083c0cf0fb9170861f4160688b7e7a57433cb3dea
train,burn_2nd_degree,burn_2nd_degree_kg2_183.jpg,5cdaa3c19eb194aa4a6632f6d1b4b944a0af839e60a3986b1be579f289996cac
train,burn_2nd_degree,burn_2nd_degree_kg2_184.jpg,2118ff8997d3109303ee58aad5f83f4ca68778215a330d3a27bb8a6c6902148e
train,burn_2nd_degree,burn_2nd_degree_kg2_185.jpg,db6356a294f72a5e6ae4e581aaf8a596d483067c630da6560b12177de7b7f0cd
train,burn_2nd_degree,burn_2nd_degree_kg2_186.jpg,3236ca0184ae70ad3ac79a193c8ec7eaba6c8caea80d8de4cb3ce73af110d528
train,burn_2nd_degree,burn_2nd_degree_kg2_187.jpg,a8843b56122e1187eec100216c103a4a5efb48325429e44c5c00210681ffeca7
train,burn_2nd_degree,burn_2nd_degree_kg2_189.jpg,3f57ff6ce50c05a49b86ce7d291186514f25ae1b94c6d1e4f67cdfbe09257a41
train,burn_2nd_degree,burn_2nd_degree_kg2_195.jpg,53636477e0b863a712ade27d76000d512a438945f1b7ba46218f1a27dceed6e8
train,burn_2nd_degree,burn_2nd_degree_kg2_197.jpg,b943eb62e8915779ac0c5f63150d08ad710cfb7f11ff4679521e4d9579c2f082
train,burn_2nd_degree,burn_2nd_degree_kg2_198.jpg,e13ffa76f5a1c1a42e6af03e7add444bbb490687845d13ebd345349fe04b2b9e
train,burn_2nd_degree,burn_2nd_degree_kg2_20.jpg,f95aad6124bc452b15d6e74ad625c90b774330507c8d068b67d0fd37415538f8
train,burn_2nd_degree,burn_2nd_degree_kg2_205.jpg,38fc3a9c3342df9cdea9ec8a895c5cf158b85c593f10a4bba0f76180f2c582a4
train,burn_2nd_degree,burn_2nd_degree_kg2_206.jpg,2c6e67348b2ed4f3e483737f852a3fbe9bcb87802ecdbdc23b9901f8efc526fe
train,burn_2nd_degree,burn_2nd_degree_kg2_208.jpg,965d16139f3d099cd88d5d0468b8d31111850a7ce847c353f0684a7603a124bb
train,burn_2nd_degree,burn_2nd_degree_kg2_21.jpg,d6877246a2051e438c6f3f250016c61de61f0fc843666c3a9486565a698f3095
train,burn_2nd_degree,burn_2nd_degree_kg2_210.jpg,db7ec840efee8506bb6d5c296302d7738bb0b75afe11eb88c37ac510a4418b5e
train,burn_2nd_degree,burn_2nd_degree_kg2_214.jpg,92a365d925efad1080adbe8e1516a1705d40d863ac588e7075c7ae399fae9e3a
train,burn_2nd_degree,burn_2nd_degree_kg2_218.jpg,d81a4048e90ae020a61ed2b93a6d8125c8e8d7a4eed675e4cb649fac3766e026
train,burn_2nd_degree,burn_2nd_degree_kg2_22.jpg,e274fc483ef7c0314fa14d61bd6fa63a55298171d33537f0d139ae6d0079c2f1
train,burn_2nd_degree,burn_2nd_degree_kg2_221.jpg,da657ef57203cd43d7cd05e4c12d8b2bed646e032c55b30dc1d9fb2402cc59d3
train,burn_2nd_degree,burn_2nd_degree_kg2_226.jpg,873e50bf707134d09e8d3763ad5bb7bc2ec55e21c0b13965db3b1662afd1a849
train,burn_2nd_degree,burn_2nd_degree_kg2_229.jpg,4b943ed1b2fbf0baeb14f29e1a110087e25c287f44bc96f3aec0b088e7b496fd
train,burn_2nd_degree,burn_2nd_degree_kg2_230.jpg,20d878608fcd1fedf76e2f7494e90c10be25d7bc947329bf7042e78356af85d4
train,burn_2nd_degree,burn_2nd_degree_kg2_232.jpg,78ced49242a5285119bb12ddcca96399efd5e0ee75d6ff3112fff6b693a50567
train,burn_2nd_degree,burn_2nd_degree_kg2_237.jpg,145530c691ad42d134d62eb2e9eda61796f09e81c78e3e604b2ae95d2880415b
train,burn_2nd_degree,burn_2nd_degree_kg2_238.jpg,fc2754ef6b394ab0fa109af05ecb1170dffd4c756391d8a52b1e01bfc0bf1280
train,burn_2nd_degree,burn_2nd_degree_kg2_239.jpg,e5d236f0bc14b0994d492b36993cc84df6929a30cef5c4414a2813a29663aef5
train,burn_2nd_degree,burn_2nd_degree_kg2_241.jpg,9ec4ff37e070bd55ad9fd84d5f555ebcceb59f5b77e7320b79db977989032511
train,burn_2nd_degree,burn_2nd_degree_kg2_244.jpg,1f93c36ea4d8f1fe9456b7e163723bbe4de00aa03b8168cff238f651d9f2989c
train,burn_2nd_degree,burn_2nd_degree_kg2_247.jpg,4962ac7b04b8b26fd1fb33f526822b60c0080b0827c2e1341e88a3f5e27b82c0
train,burn_2nd_degree,burn_2nd_degree_kg2_248.jpg,29e4af12f2b562d62b0333a1f4066168eff781bd67f581cbdf222b25db766b52
train,burn_2nd_degree,burn_2nd_degree_kg2_25.jpg,90423db4b9b50c33ff09f24f5f61bfb96ff1fb1f9a29ce18e380230d97114152
train,burn_2nd_degree,burn_2nd_degree_kg2_254.jpg,2d784be89f9429a8bfcb9ff8253a171dfe9fc74391ec86ffc91d90157dad07be
train,burn_2nd_degree,burn_2nd_degree_kg2_266.jpg,5460c6555663e278ccce52c9748d84c374099e23bfde6f3d436d3c1fa5746fdb
train,burn_2nd_degree,burn_2nd_degree_kg2_268.jpg,0f9ce5829c517619317e9b7c5a842229da786c45bcdcdd7d1a957a2348673a40
train,burn_2nd_degree,burn_2nd_degree_kg2_270.jpg,fca072e67b8f87f06aab57554a61f80085fd7bfa7515addc9a037fb1c3ad79e6
train,burn_2nd_degree,burn_2nd_degree_kg2_272.jpg,3ce3bbcb3ceccf542009f8cac24261a1e9feb00aeeff01d7f59c4275592b4098
train,burn_2nd_degree,burn_2nd_degree_kg2_273.jpg,1ffe25e485bbb852183e2eb7e72d65f6bae3a2f71e8fa3ffd9eea73ced381859
train,burn_2nd_degree,burn_2nd_degree_kg2_277.jpg,4aa1908d610e36478c613310defd9b11a6a9d476739f008707080faa6014f5a5
train,burn_2nd_degree,burn_2nd_degree_kg2_279.jpg,561434866cf275b84da2dc51c2d3ae75ec29f729710bf8021450f643fec86e3a
train,burn_2nd_degree,burn_2nd_degree_kg2_283.jpg,a7d4eef640f6418147c06ff4763db7b0aad6386a88bed99f61a0a121fad0ac40
train,burn_2nd_degree,burn_2nd_degree_kg2_287.jpg,1111604548130ff9d60302130dac9823c740e4ba682bd606a5cd1c3616f0dd35
train,burn_2nd_degree,burn_2nd_degree_kg2_289.jpg,f10170f438e9be5f34e697fed998609f95b68f9315a6ce2a8c4c0233fddf7bb3
train,burn_2nd_degree,burn_2nd_degree_kg2_290.jpg,f292fb402a79e1104ce8949b1b431d6ff070f102b95a36c65ac2f94eead5527b
train,burn_2nd_degree,burn_2nd_degree_kg2_292.jpg,e87b9ad7747017617f180db6772b95249be8da05bd14060c2448130c8f4f875e
train,burn_2nd_degree,burn_2nd_degree_kg2_303.jpg,9e302be9f6f30db0ed1bae2418be11b0c0d5d18bf401bb3e9c4acf83bdf45147
train,burn_2nd_degree,burn_2nd_degree_kg2_306.jpg,1cdae55ee9aa95089af313ccc48ff6c1c813e22338b2efba0f48cf7817c4fdbf
train,burn_2nd_degree,burn_2nd_degree_kg2_307.jpg,f36677d53f7624a9c4b356c48c539f8e7e65ef0531e252aae24f64eaca27cf35
train,burn_2nd_degree,burn_2nd_degree_kg2_313.jpg,ee84ca586212ec696618a19dd66c24ff85c41cd4ff251db4760d1c6ee4f08da7
train,burn_2nd_degree,burn_2nd_degree_kg2_317.jpg,41daea2f14bc7b5e3f56d2f300234f07bee8cb416f1ceda50024052b4d3a98b0
train,burn_2nd_degree,burn_2nd_degree_kg2_318.jpg,6add5b7cdf826dc1fb54e79c2c05acdcd593c8f7d018d7195a41e016f30781af
train,burn_2nd_degree,burn_2nd_degree_kg2_319.jpg,229e69b29099009d88fad9f967805e449e76fc8de35371552b581945f2bf6354
train,burn_2nd_degree,burn_2nd_degree_kg2_32.jpg,566fc5235d47eb28d64195055c49cd834dee5d350d19f4905a639686fdd6ffc5
train,burn_2nd_degree,burn_2nd_degree_kg2_320.jpg,62e10156ac2cf9cf91a80e2f97a039b83cbb2ab22839a0426efa4a9a1dcf5e95
train,burn_2nd_degree,burn_2nd_degree_kg2_324.jpg,c8a87ba6043928c84cd6652cab28d7aab27939c5f9e2ebb6304d34fb33e4d9b0
train,burn_2nd_degree,burn_2nd_degree_kg2_327.jpg,0310e5013f96878721fc33107b13d915c2105aa41de799cd888be7cd532fccbe
train,burn_2nd_degree,burn_2nd_degree_kg2_328.jpg,3e0ce3c142fbd8778280bb57ef5ce877f9a2a07dc5802eb788c663631c72fbba
train,burn_2nd_degree,burn_2nd_degree_kg2_330.jpg,617b5f52d935fc737f9ba4c21042c50db5788fe8634abee3543fae846a11e8a8
train,burn_2nd_degree,burn_2nd_degree_kg2_331.jpg,94b40a6a0295a0a3e34abe6e591018d16dc2fd67048ce8b45eccf5f3405b0295
train,burn_2nd_degree,burn_2nd_degree_kg2_339.jpg,e47d7c3a6ad3edd9aba2eed7a4b42327bcb459bbbfcae56915529cf4fef6a2bb
train,burn_2nd_degree,burn_2nd_degree_kg2_340.jpg,2c78d4ed47fcbb894a81b0e0eea0e64d9ee5b5a332f2c6f368ac60db6bc98d11
train,burn_2nd_degree,burn_2nd_degree_kg2_342.jpg,11b1c7b17ad54c1be569188d147bc35d26473ac5f97a4c6af015dea7bb510c32
train,burn_2nd_degree,burn_2nd_degree_kg2_350.jpg,65e68eb6db378fd97f5cf4369c87eb10ecc066acfb246b73e95984326aefdc57
train,burn_2nd_degree,burn_2nd_degree_kg2_351.jpg,6761260d1471bf96a05e9178b4dc9711be6f607ffcf346b3b5524d634c8a485f
train,burn_2nd_degree,burn_2nd_degree_kg2_352.jpg,47f726a98f6e55d64115538e13416d253fbd908f7998e062f3d9e3f5563627e0
train,burn_2nd_degree,burn_2nd_degree_kg2_354.jpg,fb472fc57e56c1aa99def3d48e92a5dfd59d0dc4b9b87cfee7ca3ae1c56efe96
train,burn_2nd_degree,burn_2nd_degree_kg2_360.jpg,20d878608fcd1fedf76e2f7494e90c10be25d7bc947329bf7042e78356af85d4
train,burn_2nd_degree,burn_2nd_degree_kg2_364.jpg,dbb9070507f1912d6c14debe45f26af398abdb13f7d9d55d2b51d1d8ee705d0c
train,burn_2nd_degree,burn_2nd_degree_kg2_366.jpg,58c42eaf85ecb89459b0c18d4fca9c78949f176b8e59b0fd264f6818eb69c513
train,burn_2nd_degree,burn_2nd_degree_kg2_367.jpg,12281da6161dd821854a752e13bae5e10cb7b4cfa0a54d4abb306f42158fddab
train,burn_2nd_degree,burn_2nd_degree_kg2_368.jpg,450f5358884b950ec80f4acfe39cd429d0f6301ea6f050815680ed7ce917494a
train,burn_2nd_degree,burn_2nd_degree_kg2_369.jpg,5a2caf2f9ea2084fd685ad63f0726cc63c72b8e4208656bac9b376ed9291bc96
train,burn_2nd_degree,burn_2nd_degree_kg2_370.jpg,60c5099999f2848b61c69b19bb901f5510f4a6e2da667f9383c4c498b478ddfe
train,burn_2nd_degree,burn_2nd_degree_kg2_376.jpg,db2fb1b5e35b346c87754ca5c4ad92c14838b461cc2badf26bf0025f897004b2
train,burn_2nd_degree,burn_2nd_degree_kg2_38.jpg,b71940821b672e84c3a4239b073507863ecc180680303a33cb694d297239081e
train,burn_2nd_degree,burn_2nd_degree_kg2_382.jpg,a7c8e7f5464e67bdb0d9357e4c276198940bfeed6067b2a2c2dec5c59222d6c7
train,burn_2nd_degree,burn_2nd_degree_kg2_387.jpg,c4b48d09e3495f0ca089c89b83ede1e3887ccc0b1822829d088a57c080404c90
train,burn_2nd_degree,burn_2nd_degree_kg2_396.jpg,39d4b74de63fadba2509fcb912af2dccf8adc2ea50b02dccfaaba396b75ff2c4
train,burn_2nd_degree,burn_2nd_degree_kg2_401.jpg,9f750b737ee7506ebd45c01c4ae47541a162ca80bae5990976fbff138c76a7e7
train,burn_2nd_degree,burn_2nd_degree_kg2_407.jpg,71bab99f8789ea33d26da69c81c1e6e58978092479a61f539bde137e7e8b67fe
train,burn_2nd_degree,burn_2nd_degree_kg2_409.jpg,d2a48fa7e6d53fc521e199f52e2f10464349702b9e4f40ffa84fddff7e4f9799
train,burn_2nd_degree,burn_2nd_degree_kg2_412.jpg,1b4a6dc9119288234d3566a39470aaaa7062d31ffb90898ca4b8e7742f6caa8d
train,burn_2nd_degree,burn_2nd_degree_kg2_417.jpg,250efd0855f8d37bc2e054eec4258132fe2e1c9e9fadd7c98c4bb8231789dcc8
train,burn_2nd_degree,burn_2nd_degree_kg2_418.jpg,8ee152da55112c61eac82a3cc59dfd35ed7d0485f350956cdcc33ad03e67d289
train,burn_2nd_degree,burn_2nd_degree_kg2_420.jpg,7993385ce395a84ee36a675e41a267d5add1ef9af07aa42f6aed8ddd948f2b4d
train,burn_2nd_degree,burn_2nd_degree_kg2_421.jpg,de41a788afc4cea21a266c1e3bf3f64c96cd6fd61d34465e5ad5a03540e9dae6
train,burn_2nd_degree,burn_2nd_degree_kg2_424.jpg,1ad33962576da53747c537c7dfec448c05f5187c6b0d1ed6de52ba624b0beb06
train,burn_2nd_degree,burn_2nd_degree_kg2_441.jpg,1c0c1687cb8209a40d77713653f10d7a2e0f0860f36babf6934b5aa17186be27
train,burn_2nd_degree,burn_2nd_degree_kg2_442.jpg,b94de35ae4bb5b47c2a12a6c049ba0b84cf88f7f531387232fb12fd4415ac4cf
train,burn_2nd_degree,burn_2nd_degree_kg2_447.jpg,1d50cb41ea08fdd9119482b3f3f0100d88e83916ba5eb5d1a35b551098387aed
train,burn_2nd_degree,burn_2nd_degree_kg2_448.jpg,2c60723f2ca3eb49824417350977925b51a9e74ed66d62fd14c3e9ef36be154a
train,burn_2nd_degree,burn_2nd_degree_kg2_450.jpg,da657ef57203cd43d7cd05e4c12d8b2bed646e032c55b30dc1d9fb2402cc59d3
train,burn_2nd_degree,burn_2nd_degree_kg2_451.jpg,1c770cd120666aca04f8d3a4c765c690ed58bf7feffe6da981786f4022f28fbf
train,burn_2nd_degree,burn_2nd_degree_kg2_457.jpg,5cdaa3c19eb194aa4a6632f6d1b4b944a0af839e60a3986b1be579f289996cac
train,burn_2nd_degree,burn_2nd_degree_kg2_46.jpg,509796a8d1d324278f1562ad0757e59cf1e88c982b2c0edc8464e7ee75035292
train,burn_2nd_degree,burn_2nd_degree_kg2_466.jpg,9a02dcc73d29f0c70b8bda8c4fd72bd3ce60f4407185423d94c11f40b759c3e5
train,burn_2nd_degree,burn_2nd_degree_kg2_468.jpg,c7af52b5b59bf66154c245b00e4594938f15729c8dcdd61a0896c87cc4fc536b
train,burn_2nd_degree,burn_2nd_degree_kg2_469.jpg,7ac502b30ff128d1a7c810d1dab003957a9e651726a939e800e8bb38767ccae7
train,burn_2nd_degree,burn_2nd_degree_kg2_473.jpg,130f63a1fcc9c5f4327999629a69ffd4b4276dff38090500fe0f8680ab325171
train,burn_2nd_degree,burn_2nd_degree_kg2_476.jpg,b1a47472bc6faca387e3c225ba0ee87b38d4ed71451c015777f93d38463a202e
train,burn_2nd_degree,burn_2nd_degree_kg2_478.jpg,1c37d2c2a66072d8ec705f9594739b5216895472b4df0da7960a500f0cd758d9
train,burn_2nd_degree,burn_2nd_degree_kg2_48.jpg,e274fc483ef7c0314fa14d61bd6fa63a55298171d33537f0d139ae6d0079c2f1
train,burn_2nd_degree,burn_2nd_degree_kg2_482.jpg,85220e9170821af56a024679bd9b27686f3da0817685627825df560a2a53fe51
train,burn_2nd_degree,burn_2nd_degree_kg2_483.jpg,78fdc0bd4a10c10761c8ebd64357e6644f621f7b4d53ced2ec388a135ae5dd13
train,burn_2nd_degree,burn_2nd_degree_kg2_492.jpg,941e78f884610f9c453a81b6bf13542df545ef434c530067017a4a22e4b859d5
train,burn_2nd_degree,burn_2nd_degree_kg2_50.jpg,099099c31552c22666818679c28a36124c7b3f01822b3b2c207a36758ee093e8
train,burn_2nd_degree,burn_2nd_degree_kg2_504.jpg,58c42eaf85ecb89459b0c18d4fca9c78949f176b8e59b0fd264f6818eb69c513
train,burn_2nd_degree,burn_2nd_degree_kg2_513.jpg,b87eb3e2ec006b770d6e2fc86e09d64a99cdfef96929827791468c6fee7e681d
train,burn_2nd_degree,burn_2nd_degree_kg2_514.jpg,48c71b50ceca50c26604af35123cfed3cbfabf168760be23fabff9a7f04b00d8
train,burn_2nd_degree,burn_2nd_degree_kg2_525.jpg,381b1d237d44df686339dbdf396664d23dbc5b225bdbeea4bb73792e69d2b34b
train,burn_2nd_degree,burn_2nd_degree_kg2_526.jpg,d56c297c682b5d95498731a0acdc5cccb2a3e3386581f2b74526bc032abadf74
train,burn_2nd_degree,burn_2nd_degree_kg2_530.jpg,62198eb00980d860e2da7e34e647ed814ee7769bfe923905dc7e7bdd70c67b20
train,burn_2nd_degree,burn_2nd_degree_kg2_536.jpg,db2fb1b5e35b346c87754ca5c4ad92c14838b461cc2badf26bf0025f897004b2
train,burn_2nd_degree,burn_2nd_degree_kg2_54.jpg,d95335afa7d8f69edf14d41ecab2b95592468c295848835c96075f4deb2a34be
train,burn_2nd_degree,burn_2nd_degree_kg2_541.jpg,28aacf502d0eacd1633ec9b2fe042bf7c52d705fd9575423677b9d361db6758d
train,burn_2nd_degree,burn_2nd_degree_kg2_55.jpg,b476e3c21f55034b9a65d65bfe9ca32f01a646bd7f8b7cef6f21a2e518174c81
train,burn_2nd_degree,burn_2nd_degree_kg2_550.jpg,db6356a294f72a5e6ae4e581aaf8a596d483067c630da6560b12177de7b7f0cd
train,burn_2nd_degree,burn_2nd_degree_kg2_553.jpg,40e1e20c381c4b4b79c8de1604f80eba365a6d5d2556c795258d2ba503f2c204
train,burn_2nd_degree,burn_2nd_degree_kg2_556.jpg,3b2d70c49c576ad022aaca83d23cba950a3b468cca7643879c96aea2f989c172
train,burn_2nd_degree,burn_2nd_degree_kg2_557.jpg,7ad944a074947f31cc2051cdf09dcdafe96f1f2bcc063533c1cdb7b50a947f22
train,burn_2nd_degree,burn_2nd_degree_kg2_559.jpg,542eceb53b807eddc340b8a35125060e9d9418c5eba51548e100ddec9f09db4b
train,burn_2nd_degree,burn_2nd_degree_kg2_570.jpg,ce2aed892632449472ed60b9052c1fad303284b98abde9e9ee659c33ed27f292
train,burn_2nd_degree,burn_2nd_degree_kg2_576.jpg,1539af38ed9da7634eb58e3bc36e2458aec52b76635dcfdb532d8149a6059b50
train,burn_2nd_degree,burn_2nd_degree_kg2_580.jpg,043ea16f5ce785b74f9c51fcd3a5a02f8e25613a2c573063b9dc808d217ef28b
train,burn_2nd_degree,burn_2nd_degree_kg2_585.jpg,1ffe25e485bbb852183e2eb7e72d65f6bae3a2f71e8fa3ffd9eea73ced381859
train,burn_2nd_degree,burn_2nd_degree_kg2_587.jpg,1ffe25e485bbb852183e2eb7e72d65f6bae3a2f71e8fa3ffd9eea73ced381859
train,burn_2nd_degree,burn_2nd_degree_kg2_588.jpg,ce468b1457ed7a9ecf92cc473f2e2d0364c09860721aae0d328c1cd1f9b88b12
train,burn_2nd_degree,burn_2nd_degree_kg2_601.jpg,8bfc24826612fbd512440412492d69b9440be37941c4da6fa3f344b9f37f7c18
train,burn_2nd_degree,burn_2nd_degree_kg2_604.jpg,561434866cf275b84da2dc51c2d3ae75ec29f729710bf8021450f643fec86e3a
train,burn_2nd_degree,burn_2nd_degree_kg2_617.jpg,589f86f560abb38cc494a690e5f86ac7704005d0e6b776882152385df315b40d
train,burn_2nd_degree,burn_2nd_degree_kg2_627.jpg,3b5a497b71eebc346fe2e5530dc9c6b9c4d999c340ec6c186eec5a915c4e22a2
train,burn_2nd_degree,burn_2nd_degree_kg2_634.jpg,561434866cf275b84da2dc51c2d3ae75ec29f729710bf8021450f643fec86e3a
train,burn_2nd_degree,burn_2nd_degree_kg2_635.jpg,82ecc7a05bfd98e6dea826b7141e7462523aec6456f88dea9ab81dfab6be3371
train,burn_2nd_degree,burn_2nd_degree_kg2_64.jpg,f123c69f20b27e976f7e0cc0330da4fa42d3c715335caeb71f02480e32808d39
train,burn_2nd_degree,burn_2nd_degree_kg2_646.jpg,40e1e20c381c4b4b79c8de1604f80eba365a6d5d2556c795258d2ba503f2c204
train,burn_2nd_degree,burn_2nd_degree_kg2_649.jpg,4063770b2944571071437b4f1be0d3e891d6405110b98fad8c72319819f344b1
train,burn_2nd_degree,burn_2nd_degree_kg2_652.jpg,0238ba5084d5a18784a3a72f6d54d6666d4104fdd9aecd76b807a786de31647f
train,burn_2nd_degree,burn_2nd_degree_kg2_659.jpg,308ea49835621ed52ada4206dce3195dc0fc1718c8815766843e17ccfc1daa54
train,burn_2nd_degree,burn_2nd_degree_kg2_663.jpg,c7c09084dc15bcfac4017832375d4ebcd0df8db744644aa48f4002eee2bcf34e
train,burn_2nd_degree,burn_2nd_degree_kg2_664.jpg,32b00c8575a2d53df17268ae059b81e729fa37b51bd0cf317a588e8d1de7684f
train,burn_2nd_degree,burn_2nd_degree_kg2_667.jpg,464daef63932d954a872cbd8656d28ff2764c3aaa4ac30d7def0c60d68fdb94f
train,burn_2nd_degree,burn_2nd_degree_kg2_675.jpg,12281da6161dd821854a752e13bae5e10cb7b4cfa0a54d4abb306f42158fddab
train,burn_2nd_degree,burn_2nd_degree_kg2_677.jpg,c11ff8e39301264fd9e59fa3179b504d90139493a47e6e82de1334af6e4f6526
train,burn_2nd_degree,burn_2nd_degree_kg2_685.jpg,4cc59abfc4adfae2392c685f2a78fe1282f5670f97cba1da3de1afa998f6224f
train,burn_2nd_degree,burn_2nd_degree_kg2_69.jpg,df5961b05c94a24518ff0cccd834706c01c7d28e721a3d281376edc34e971954
train,burn_2nd_degree,burn_2nd_degree_kg2_692.jpg,4af89d7e7ecb3867fa6509eeb34b0938775fde455ba7347919f7305c733fbf15
train,burn_2nd_degree,burn_2nd_degree_kg2_695.jpg,fb472fc57e56c1aa99def3d48e92a5dfd59d0dc4b9b87cfee7ca3ae1c56efe96
train,burn_2nd_degree,burn_2nd_degree_kg2_697.jpg,d1859d0e1025e8ee17e51464a05c5d0e310028752468174bf1fb4656dc809b86
train,burn_2nd_degree,burn_2nd_degree_kg2_709.jpg,8e95cb706f1ae83b7c9960c6f701d18ddc281cbbebe693b1b43b243bed7daf05
train,burn_2nd_degree,burn_2nd_degree_kg2_711.jpg,98127c98c33453b3f1fac31bc764dfa7cfac4a3ea794887c440fffae7cd76d49
train,burn_2nd_degree,burn_2nd_degree_kg2_715.jpg,c4b48d09e3495f0ca089c89b83ede1e3887ccc0b1822829d088a57c080404c90
train,burn_2nd_degree,burn_2nd_degree_kg2_729.jpg,d9421c59198847c6c1b91452ba53bc25c87d56898c2887fc537166209c677933
train,burn_2nd_degree,burn_2nd_degree_kg2_73.jpg,c00dfadbefecb27977370b37e272dd68f6d70bc4ba80466039dd3037ad02b30c
train,burn_2nd_degree,burn_2nd_degree_kg2_730.jpg,50850513a3bb264464f60556995a40f5e2ca3094dda2a56273885371b1b77fe0
train,burn_2nd_degree,burn_2nd_degree_kg2_735.jpg,deb3910efba96f4bba84796737c57e278f59539cc3ed17462000442dc2a82378
train,burn_2nd_degree,burn_2nd_degree_kg2_737.jpg,b9c5b704111405de5e72ca2a92ae4e69c86da8a4596ef2598257f3af421c2aba
train,burn_2nd_degree,burn_2nd_degree_kg2_748.jpg,a6880adb7633416792e742f9a4dbd1fa127ec2ccc6c50e7da13cb48f19ec024f
train,burn_2nd_degree,burn_2nd_degree_kg2_751.jpg,6e60f4502630cfd493d86f2822c3a54017ef9994f10d9e9e9ef9271c2f4600f6
train,burn_2nd_degree,burn_2nd_degree_kg2_755.jpg,154a862cd7058a99befa0e14256b30fabff5ca6762b664bf6206d8b31c8ef7c3
train,burn_2nd_degree,burn_2nd_degree_kg2_756.jpg,49a8709d7a1a2cdacf8c6ed95ecd4249ea8fcaf8c73eaddc02e6db2f30578ea5
train,burn_2nd_degree,burn_2nd_degree_kg2_760.jpg,5c43e5ca29af77ccfa5ac94f670f09884742c7205052b16c08d39e142e52fdee
train,burn_2nd_degree,burn_2nd_degree_kg2_761.jpg,81614aa73e9e6b4b602a05c8f32ac79dbfe57332996267ee26b3e222e1009360
train,burn_2nd_degree,burn_2nd_degree_kg2_762.jpg,6eb079c0d01b4d92b066797246fc40b5b052e8d4a0ee88580aa0e2fcca783a5c
train,burn_2nd_degree,burn_2nd_degree_kg2_77.jpg,9e302be9f6f30db0ed1bae2418be11b0c0d5d18bf401bb3e9c4acf83bdf45147
train,burn_2nd_degree,burn_2nd_degree_kg2_780.jpg,13372190f4d6a44919d2d38956186aecab8565c56bb0c44577a280196450ee1d
train,burn_2nd_degree,burn_2nd_degree_kg2_786.jpg,ef19e5d57e608ec4fa4c9b5db8ab0e14a9313ef7b6a71856ee25eaf66c9a6a85
train,burn_2nd_degree,burn_2nd_degree_kg2_787.jpg,824951ebe81c89ae5b8f004f7f062b5f5bb13900e44aa297dde969131f58da12
train,burn_2nd_degree,burn_2nd_degree_kg2_790.jpg,7f8a320b9847b304de14bb1a45fddafb8fd2e1b2c1ba62a14898524adaea3f19
train,burn_2nd_degree,burn_2nd_degree_kg2_791.jpg,9250f6e34570f03e9a916393cd694845efde592659cbe35f6d3ec88213945c94
train,burn_2nd_degree,burn_2nd_degree_kg2_793.jpg,c8a87ba6043928c84cd6652cab28d7aab27939c5f9e2ebb6304d34fb33e4d9b0
train,burn_2nd_degree,burn_2nd_degree_kg2_798.jpg,8eebb24cc053b92813fb5e6b8338ba2ac1bc0467a31ce66b5a7964cd3e9702dc
train,burn_2nd_degree,burn_2nd_degree_kg2_810.jpg,44af08a787fca49bdee5a6c36812a475f9c070d84750d6a25f36b76deae4f775
train,burn_2nd_degree,burn_2nd_degree_kg2_816.jpg,b683668168cc1c6aed5a8d6c521748f514d07ecf6854be1d7ee4c7a49eb315c5
train,burn_2nd_degree,burn_2nd_degree_kg2_817.jpg,a543e6ce8a79007da69c3a5e73df5a70f904ba9369e9a5b924485aed2084317d
train,burn_2nd_degree,burn_2nd_degree_kg2_818.jpg,c221fddf4d8738c5911ae31a95d7534e921aceb30340ef318ba068e33737b80c
train,burn_2nd_degree,burn_2nd_degree_kg2_82.jpg,15cd634cd33e30bef76edf0ef31c7f21763b0604c23ad3f2e3b7e51c85826582
train,burn_2nd_degree,burn_2nd_degree_kg2_822.jpg,a8672b6490ba07f7b1f0be4210aa70085743dea9496f183cf55f00f443e72432
train,burn_2nd_degree,burn_2nd_degree_kg2_824.jpg,cc119622704c07135061e3d7515b281146cc5315ebe9de75505b9bb70463370c
train,burn_2nd_degree,burn_2nd_degree_kg2_827.jpg,b34cdbde5f5fda9b731954814469f9550128bdaeb019d48e826215e352d11a5e
train,burn_2nd_degree,burn_2nd_degree_kg2_833.jpg,fef8940f4270021a895a648a685d50b9ac1b18415cb72f2b398c831a1eb45983
train,burn_2nd_degree,burn_2nd_degree_kg2_839.jpg,617b5f52d935fc737f9ba4c21042c50db5788fe8634abee3543fae846a11e8a8
train,burn_2nd_degree,burn_2nd_degree_kg2_843.jpg,f2f54a3f99489ec660be9f5038846dd34d0dcff0177f33ce98816ab31dc0d738
train,burn_2nd_degree,burn_2nd_degree_kg2_845.jpg,96cc6d81e454599439d66810d8a44e807159ca56700af7efcadc9b8b39153d3e
train,burn_2nd_degree,burn_2nd_degree_kg2_847.jpg,26fa4b7ba63aa5360b3899429481d58ce52db523304131a0bce68e48e35b9a4b
train,burn_2nd_degree,burn_2nd_degree_kg2_849.jpg,5c43e5ca29af77ccfa5ac94f670f09884742c7205052b16c08d39e142e52fdee
train,burn_2nd_degree,burn_2nd_degree_kg2_850.jpg,30b3072976f7f37a23274bbdf83a8474ef3e49f0c9df98f243ded34be1bbdf7f
train,burn_2nd_degree,burn_2nd_degree_kg2_852.jpg,58cb6cd74c0602a37fdb1d36d50fab275ac58a357fba6cb0fbafdbb59ca7ab2a
train,burn_2nd_degree,burn_2nd_degree_kg2_854.jpg,7136ac70e0ac77d6cda0639c4788ad278f117627751d56b3efaf9802814ab8c2
train,burn_2nd_degree,burn_2nd_degree_kg2_856.jpg,cc21ee346fa789e9a41e5b80c1b74e1f18c56ead61db170dfc21a1bc50e675af
train,burn_2nd_degree,burn_2nd_degree_kg2_86.jpg,b1050a18977c230ce03cd1e69649486e3a99dad4f2b9e22fc2df79b451fca1f7
train,burn_2nd_degree,burn_2nd_degree_kg2_863.jpg,d52c15b52a7c35f243f80e19e11d96ece2a343267150292514d02e5195845fc9
train,burn_2nd_degree,burn_2nd_degree_kg2_866.jpg,069f905ff2d43165bef5e72a22f468c509b324b4e36148c75475f210ac95c9e4
train,burn_2nd_degree,burn_2nd_degree_kg2_873.jpg,308ea49835621ed52ada4206dce3195dc0fc1718c8815766843e17ccfc1daa54
train,burn_2nd_degree,burn_2nd_degree_kg2_874.jpg,38eda62dc761d0232160cb04b320a62b8a38b78eee8535953e17bc2625b40d98
train,burn_2nd_degree,burn_2nd_degree_kg2_877.jpg,665bc13dc27a992a571cc3af50a0d107a3913455225fa97f449e1405e6b5dff5
train,burn_2nd_degree,burn_2nd_degree_kg2_879.jpg,561434866cf275b84da2dc51c2d3ae75ec29f729710bf8021450f643fec86e3a
train,burn_2nd_degree,burn_2nd_degree_kg2_880.jpg,882661ec08930761afb38543afca734ba1891615a50752eef2041f1c578946e2
train,burn_2nd_degree,burn_2nd_degree_kg2_886.jpg,f42351b18a02a958f29c3e683a5963fc9825a438ece3b790de9ba298298069ff
train,burn_2nd_degree,burn_2nd_degree_kg2_887.jpg,baf5ce643ad97ce149c6153c2303e5bede33bcde7afd1630ddbd368f837ba0da
train,burn_2nd_degree,burn_2nd_degree_kg2_890.jpg,c746187b2cb805055c4b4ed703096f7810f887796f98ea1283922642ea13352f
train,burn_2nd_degree,burn_2nd_degree_kg2_894.jpg,8774b1f9651b86bf2231d9dbd75e343c69ea9583bad63b43e743d759a3eb5444
train,burn_2nd_degree,burn_2nd_degree_kg2_904.jpg,690de6dbff99117ffd51daad9dddfebf549d81b96d9362a4e8cc578153cab3f8
train,burn_2nd_degree,burn_2nd_degree_kg2_906.jpg,89669835e70b2508a8555379993914f54588480f9b7dfd87e8176c93fe200626
train,burn_2nd_degree,burn_2nd_degree_kg2_909.jpg,901483e413d428238c0f1bf12bad6566ecd61d3481f74905f08304c7da6945cf
train,burn_2nd_degree,burn_2nd_degree_kg2_912.jpg,34142f5b5a271b6e4e8127300d26588d65a16ac0f61d21228a9c593b454d78fd
train,burn_2nd_degree,burn_2nd_degree_kg2_920.jpg,380f490e78056723fdc6803a9bce3095a0884cf28ea87a890f57ab3644e537de
train,burn_2nd_degree,burn_2nd_degree_kg2_921.jpg,3e0ce3c142fbd8778280bb57ef5ce877f9a2a07dc5802eb788c663631c72fbba
train,burn_2nd_degree,burn_2nd_degree_kg2_925.jpg,91b70526f7b0a801377aa8234a6fd67142a1d43f1acc6cb993af22f4b501f9e6
train,burn_2nd_degree,burn_2nd_degree_kg2_928.jpg,6e58e148db9c82afa53b0e31eca8e1450b5828965498b340c690597038990c43
train,burn_2nd_degree,burn_2nd_degree_kg2_930.jpg,c45fdaa56ff3a0d206fd818b709afc2baae06378368668f80a7f1b8f61197800
train,burn_2nd_degree,burn_2nd_degree_kg2_94.jpg,ff7bb5387b11d7117770bdf0a80f1dc6a594d5b9c2c966a39a6915a98ffb057e
train,burn_2nd_degree,burn_2nd_degree_kg2_947.jpg,571f88343968533df2e6ec18c56aafaa1161e15b98f1631c892e582c2413c432
train,burn_2nd_degree,burn_2nd_degree_kg2_948.jpg,5f610b128c8d006848b2b6002e96c8af666e9586566f588c77e53549855b568e
train,burn_2nd_degree,burn_2nd_degree_kg2_950.jpg,ba50a2148af10b725d312b36af50322e2a8a2bf48f85c6e857dbac8ba720cacb
train,burn_2nd_degree,burn_2nd_degree_kg2_951.jpg,2e0021917f92859f1b77905d849f5d643d3e34c6bc89dcc61cf6d112df7718f0
train,burn_2nd_degree,burn_2nd_degree_kg2_952.jpg,798eba1d41ab71a1cc0e7e9d1ef81c3c20c85ec4c01e729bb021506dc80c51d0
train,burn_2nd_degree,burn_2nd_degree_kg2_958.jpg,2ae3fdc69b8e455cd87c53f189b631ebe075caa673463f8368eaba19ba9f8993
train,burn_2nd_degree,burn_2nd_degree_kg2_966.jpg,7688734c0ebf87943599097f9b44ff66ed9185add07130f12e033d9aca7c2d25
train,burn_2nd_degree,burn_2nd_degree_kg2_968.jpg,4813be3580e0b76086806b0ccc8657268975ddedd934ce435b2c05c78b7de4e8
train,burn_2nd_degree,burn_2nd_degree_kg2_970.jpg,a94995bf47a998bfbfe1cfd285403a40ab9f6684db9c2dc53438f6158f33a05d
train,burn_2nd_degree,burn_2nd_degree_kg2_973.jpg,095044d1d8a117284f54cbe7a1048302b746895fbb4bba63ba80a4d2dfe550f4
train,burn_2nd_degree,burn_2nd_degree_kg2_974.jpg,db2b5ec03add3477b71d24a5c3ea1791d9841c8defc0321fe46bc44aff9c5dd5
train,burn_2nd_degree,burn_2nd_degree_kg2_977.jpg,87002d14f33aec82c33829a90c8581099b931087d602dbc61378792db9be1cac
train,burn_2nd_degree,burn_2nd_degree_kg2_979.jpg,e7dd1aa4f0f190adc980dc2f6dd8280a6347ced19048183882ec742ee87db618
train,burn_2nd_degree,burn_2nd_degree_kg2_98.jpg,18c615668f66421d9d08fae11d6e812afcdc62a64c051d3d244846bbc5cb9f1b
train,burn_2nd_degree,burn_2nd_degree_kg2_981.jpg,2306d1b560e2f6042321b0ee6607beb50ce28e01fe6abc70e3dd88bf4439205d
train,burn_2nd_degree,burn_2nd_degree_kg2_983.jpg,1d107399f1733106ac996fb02beaec1faad580500ac21f1930bb903da9606cd2
train,burn_2nd_degree,burn_2nd_degree_kg2_992.jpg,64b3b8f7d347a3cddfd437a7b087150593f994945f64f0b3e2413c8f258f435f
train,burn_2nd_degree,burn_2nd_degree_kg2_993.jpg,f9506c7dfff1055e58dd46c4768709b8d34f524ae8cc9964aee9703d2c96014d
train,burn_2nd_degree,burn_2nd_degree_kg2_994.jpg,c00dfadbefecb27977370b37e272dd68f6d70bc4ba80466039dd3037ad02b30c
train,burn_2nd_degree,burn_2nd_degree_kg2_995.jpg,e773f2ed6ed610f4d0086b7cfaacc63fdd9952e698d03025a98df7e9593f7fb9
train,burn_2nd_degree,extra_fares_burn_2nd_degree_0.jpg,653c9f725462e12cb4cfc602f096d3061340523fa3e3fb18afc8602014544871
train,burn_2nd_degree,extra_fares_burn_2nd_degree_1.jpg,d6f4590ddf3b0a667abfb71c9510397401bbfcba2220cc41176f4cac2f13387c
train,burn_2nd_degree,extra_fares_burn_2nd_degree_104.jpg,f76d1ed0a59611f73ec0eb624b55c33eb6e78faae25ace7abc11e9505cc93ac0
train,burn_2nd_degree,extra_fares_burn_2nd_degree_11.jpg,7206374795082572f9db7e53214ac52418b0a1a2049fc7e4a5992d942c56ad34
train,burn_2nd_degree,extra_fares_burn_2nd_degree_147.jpg,134b9cace27d461e07321ec37540d8227a8681fa6e92440706b9d2479cb164f9
train,burn_2nd_degree,extra_fares_burn_2nd_degree_173.jpg,3ccfc1baeeb654118700e6598c00582941bdea74d8b369de1a15ab6784664363
train,burn_2nd_degree,extra_fares_burn_2nd_degree_194.jpg,a630dec073204ff63b5a5a2b07533b625616bd4527fcbee68760acfcaeb8f961
train,burn_2nd_degree,extra_fares_burn_2nd_degree_246.jpg,27da9d56f7df556f91097b66663920d6de40a3321987b2ae2cb299b4e2c8dce8
train,burn_2nd_degree,extra_fares_burn_2nd_degree_3.jpg,1e178bc6ad0e4650bc7c6f78fe9f5f3611d96ef2dc2410a26c7cb88fb9bd3bfe
train,burn_2nd_degree,extra_fares_burn_2nd_degree_328.jpg,9b8f56f32dbfcb9b13658b92697ea6e7415063d76c418232c400a66c491d5f08
train,burn_2nd_degree,extra_fares_burn_2nd_degree_332.jpg,ffb49d5d237116bbe3dfb7be901f082dcbfa0018f02bd71910bb1a01280480ed
train,burn_2nd_degree,extra_fares_burn_2nd_degree_381.jpg,acf9268d1fd3dc100d6c8af568344c78489e09a49fb76d590722ab04c4682880
train,burn_2nd_degree,extra_fares_burn_2nd_degree_4.jpg,8337abd2c9d667778c5f4c83090f89cfa487c09f46b7b5f5b44f756adba5e3ba
train,burn_2nd_degree,extra_fares_burn_2nd_degree_467.jpg,456ee3eda4846123ad240a92d652d690de34baab75d62e6498abaae65cdccc5d
train,burn_2nd_degree,extra_fares_burn_2nd_degree_494.jpg,340d28b78d4fc1f0a5a9ec81d4158fbd3ca27ba1a9f2270626d1dfcf490e6356
train,burn_2nd_degree,extra_fares_burn_2nd_degree_5.jpg,0111460f55cb63090eb854e8b389a49e7c4f8103e93f481ef0d3d118aea80056
train,burn_2nd_degree,extra_fares_burn_2nd_degree_525.jpg,501a4c28cda1e18602cd4fc1e4ebde825c3d208b147851590dfb96843fbb7a8b
train,burn_2nd_degree,extra_fares_burn_2nd_degree_571.jpg,c7b1cfc0a265f89fb7f7a4fefa5de9b43872f991381fb07a31890fde346d69ab
train,burn_2nd_degree,extra_fares_burn_2nd_degree_626.jpg,3b472f144c80e903e504eaf54a6c3fc8b533f8f9fd4e38da8fe5e71d74184283
train,burn_2nd_degree,extra_fares_burn_2nd_degree_64.jpg,3b1cd2ff70a8d4eb79d7e453948a127e574d19c7d2641774cf8eebd8c3261fa5
train,burn_2nd_degree,extra_fares_burn_2nd_degree_650.jpg,b5a417d1ef0d3f4027b9c181fe7ff5a863c40a6ef5e463aeba790c214a89e289
train,burn_2nd_degree,extra_fares_burn_2nd_degree_718.jpg,082fd5efcc8b6fda241900b78402aa2dd2a38d83817a29fb43a58d383ad9bd1a
train,burn_2nd_degree,extra_fares_burn_2nd_degree_76.jpg,29d9c3598ec5b08c8523c5a7991d0012dd3aadeee0db83355e37f00211f5c936
train,burn_2nd_degree,extra_fares_burn_2nd_degree_778.jpg,a1c1aa208435937b8cd9e77aa0c0ae80fb48b4dd13c0ee6d0536d323c5082ba5
train,burn_3rd_degree,burn_3rd_degree_kg2_10.jpg,c6557f8981e7af6e430a1b331dba7cb8686904db1eb4af6965c030673a41fb5b
train,burn_3rd_degree,burn_3rd_degree_kg2_1014.jpg,79aed498dac71faca01583ff0480987ae90dbaaa26dd70836b4e14d15d5c26a1
train,burn_3rd_degree,burn_3rd_degree_kg2_1016.jpg,8ae49494028e2675097d57cd7989591472093884f2a64e8341bde75d18dff386
train,burn_3rd_degree,burn_3rd_degree_kg2_1019.jpg,dbc184284eda3e16222fe3595f466773d07de87ba44e1fa65b1139494b28045d
train,burn_3rd_degree,burn_3rd_degree_kg2_1025.jpg,370ea293e37e7ecc11f37f13f3798258ab705aac1a26398cb8a7949f21493970
train,burn_3rd_degree,burn_3rd_degree_kg2_1030.jpg,c4ff684e46e3708c68daa824468c803458cee742370c76623d553a816fba5765
train,burn_3rd_degree,burn_3rd_degree_kg2_1032.jpg,748c7cc6d4762700f492a886cbfb809e6c51f7d994371d0606dff57a17b6001a
train,burn_3rd_degree,burn_3rd_degree_kg2_1045.jpg,07e3274e1790e1f0937f3b3be3dd8775656462262756797b12f4892bb5acd5fa
train,burn_3rd_degree,burn_3rd_degree_kg2_1049.jpg,6e5c66605569b6b9eaf4118a39ebfcf1a5f89e543d3f4f4053a54f3c7efd22e2
train,burn_3rd_degree,burn_3rd_degree_kg2_108.jpg,652272d8e4742b9e3efe0b3d412058f8c4733b0cfb67c391531267695bd406ab
train,burn_3rd_degree,burn_3rd_degree_kg2_110.jpg,0bcccfba80e0a9d57dbcaa6215c3f338812eb0e4cdf94ff3f26859dac11198ee
train,burn_3rd_degree,burn_3rd_degree_kg2_111.jpg,943dcbec9ac89225b315607a20e9bb5bca71ee46a308cd0d8d09e47445805491
train,burn_3rd_degree,burn_3rd_degree_kg2_118.jpg,7838e9a2e20e05bd9fffb7bdfac3801ebd6b4ad4a38179fe4a885af18d7bc4e9
train,burn_3rd_degree,burn_3rd_degree_kg2_124.jpg,942c46b6087045cff056ec0cfd4ee90f1adcb77ce54eea45f437dd0a95df52a3
train,burn_3rd_degree,burn_3rd_degree_kg2_13.jpg,2d35076bc62cef3588a3a62b41f2127d3d78171064dad424cdc2f62770c98933
train,burn_3rd_degree,burn_3rd_degree_kg2_132.jpg,ef0ac148ec07943a1c2459c7b1520edc5f44f9372fba12994a7773b71b7777f6
train,burn_3rd_degree,burn_3rd_degree_kg2_137.jpg,4b41159b0ee245cc1937e439f1df72fbb1da05bbe73991a4afbae24b7b7c213c
train,burn_3rd_degree,burn_3rd_degree_kg2_140.jpg,2e10b82eb2c615c5df37e4e29dc9c140c90bc8a0b534029bdaa33422f026bc09
train,burn_3rd_degree,burn_3rd_degree_kg2_141.jpg,624ead480ee9f64898251921306ffbc5c043d0da16a174873c092d222e93b26f
train,burn_3rd_degree,burn_3rd_degree_kg2_163.jpg,459bd39a711d5f6d26b4b1a4399d41a2c5bdae7ffc7c1463f821f7adff050a42
train,burn_3rd_degree,burn_3rd_degree_kg2_166.jpg,1b222a500b7420be22557ee3449917556391ff52f04197a9f74b8d0fc9bf91b6
train,burn_3rd_degree,burn_3rd_degree_kg2_173.jpg,8e088efa1e2cd7b193884bf7352e35e7421580e4e6e1ba840eb91fa6b5ca860c
train,burn_3rd_degree,burn_3rd_degree_kg2_175.jpg,ca9624b2db5a9a0d53d1bdcbcba2db81b30fde2d44b5e0f21f0654a4bbb29db8
train,burn_3rd_degree,burn_3rd_degree_kg2_179.jpg,704ac1fd0b1c1de95bd7480a7ea79f4511129f361904f3c242104836cf5aef28
train,burn_3rd_degree,burn_3rd_degree_kg2_188.jpg,8801e3552b92dde4af46a8ffa3bc4d69c68c19c4ef7206b07d9f7c1fd5b13096
train,burn_3rd_degree,burn_3rd_degree_kg2_191.jpg,19c33b5be234758835a605ab08ccba29ef0d83b10d4ba26d0e0688880ae97e65
train,burn_3rd_degree,burn_3rd_degree_kg2_201.jpg,70f8ca2028df52f68f7b66cdcf83313a274858498e075be6a7ee339b1f4f71a7
train,burn_3rd_degree,burn_3rd_degree_kg2_207.jpg,063de1857d239f407b4472d65fcb9230887706c135118dbb7b16d61826967e70
train,burn_3rd_degree,burn_3rd_degree_kg2_209.jpg,2822752eb86e7a8ceb2d27a102a9109d26c1a005154e77081595764958a607e0
train,burn_3rd_degree,burn_3rd_degree_kg2_220.jpg,4d6be3a7543a4f84f70ee8a8249e68e73014a7487212bda367854171a22b9182
train,burn_3rd_degree,burn_3rd_degree_kg2_222.jpg,e9e38f74255128e2c1e29ad10553565995fb5b7243f2782482f028b840770519
train,burn_3rd_degree,burn_3rd_degree_kg2_223.jpg,d18d7bb0071aaa629f47fc0210f1ea31754db84f593598519a5e5f01dc1e1af4
train,burn_3rd_degree,burn_3rd_degree_kg2_242.jpg,d4e2998505cbf884cefb9d371c36b7d6da3ede2896a2d5e742d6fc9ca8c079db
train,burn_3rd_degree,burn_3rd_degree_kg2_256.jpg,43e22c46c7d88bbeb68def55ec9f743da15dcd21d5e01b92c77975efc4766772
train,burn_3rd_degree,burn_3rd_degree_kg2_271.jpg,1b0f0e54a22f95abb0f612d49ebf8c3ab8f5a01bd67ccb4f41936d3357b98848
train,burn_3rd_degree,burn_3rd_degree_kg2_293.jpg,dafeea1dd583a6c12467440051be0ef879588c38e71c00e34200b1b6cbc618ea
train,burn_3rd_degree,burn_3rd_degree_kg2_302.jpg,e0f527556e0337ca081d668fe3ba49d97a83f9d058606c692311c853fe24080e
train,burn_3rd_degree,burn_3rd_degree_kg2_304.jpg,72c968e4c14bbf89ba9f0b804db9e2056fee8aa32bb88db1e75d6e9b31a96df5
train,burn_3rd_degree,burn_3rd_degree_kg2_314.jpg,0fb1c2d96c1b13d3b5bf722933404a6736f345ba9e9ea964993f26ee45a53783
train,burn_3rd_degree,burn_3rd_degree_kg2_332.jpg,78aad9e21f8c043911fe0f946deddc328624fabe767769ebfe846fd969dbec60
train,burn_3rd_degree,burn_3rd_degree_kg2_336.jpg,d0152eb7d40da4098bf42d4d7315f379a114fef2d6c9fe15662c5ab99e09dc7d
train,burn_3rd_degree,burn_3rd_degree_kg2_338.jpg,748c7cc6d4762700f492a886cbfb809e6c51f7d994371d0606dff57a17b6001a
train,burn_3rd_degree,burn_3rd_degree_kg2_346.jpg,a7b54b97b0cbd9a3ec839c40b2091c551e551660342b6429dbab506a3b8d3477
train,burn_3rd_degree,burn_3rd_degree_kg2_35.jpg,4c9eefbb3937246fcc23e583b8763540722cc010d33eea769766b67365b020d3
train,burn_3rd_degree,burn_3rd_degree_kg2_353.jpg,541c583a6611fc463455abeb0ac315858ce629084650dd54aad61e545028861a
train,burn_3rd_degree,burn_3rd_degree_kg2_358.jpg,83da50f526e94e5b86f8cd7cfa04b18c57e61ffc59e4951f6e52032fc1ce8eb3
train,burn_3rd_degree,burn_3rd_degree_kg2_371.jpg,dee9d44bb391f58e5d9a23eb073b1cdfa07255946c159afdd6417d63a0c5a69e
train,burn_3rd_degree,burn_3rd_degree_kg2_374.jpg,78a65a60c77cd89e52658a58c5d445272e82ffd14adc336b99f5187b320c4215
train,burn_3rd_degree,burn_3rd_degree_kg2_378.jpg,fa6a23e33bd2b567a2474e8dd102eb64caaeb53204b2c83e6ac2154cf8ece9b3
train,burn_3rd_degree,burn_3rd_degree_kg2_381.jpg,3960e2938ec0b84f1db7695e074917bc7d1142538797c40ea8618cc859af458f
train,burn_3rd_degree,burn_3rd_degree_kg2_385.jpg,44ca1c23dbfa764198d36ae746c7d229f9b945b91098585aab81e80d188d138d
train,burn_3rd_degree,burn_3rd_degree_kg2_39.jpg,1d0ba5b18aa6487ed5b8521c51acf4b843d8f0265fe6c28a2496c07f07c0f7d4
train,burn_3rd_degree,burn_3rd_degree_kg2_400.jpg,a28383756220e6d9433b654186dfe2f1f5a3a058e7d87674dde535aa0ff0c4ab
train,burn_3rd_degree,burn_3rd_degree_kg2_402.jpg,60f9bda857cc311ee390c72cc7a3042a938e0b14dbf1097d26ede031c2616335
train,burn_3rd_degree,burn_3rd_degree_kg2_404.jpg,72191e7934430c22d292f3d012d747b1711fdf1ebe4805b4aef126b39d2c0cec
train,burn_3rd_degree,burn_3rd_degree_kg2_410.jpg,3be463e3180c338ca2f5f8c90a56d79849644b1d0521267105f77788bf8ccc75
train,burn_3rd_degree,burn_3rd_degree_kg2_43.jpg,aea846c516471bb81ef64574bb116ae0250d03306f9d5fa61a83803a13a47e77
train,burn_3rd_degree,burn_3rd_degree_kg2_432.jpg,0bcccfba80e0a9d57dbcaa6215c3f338812eb0e4cdf94ff3f26859dac11198ee
train,burn_3rd_degree,burn_3rd_degree_kg2_435.jpg,282c45382645cb243989ec19b7f8e1ec3738d774b0ad4f548e45c262c216ccc3
train,burn_3rd_degree,burn_3rd_degree_kg2_44.jpg,748c7cc6d4762700f492a886cbfb809e6c51f7d994371d0606dff57a17b6001a
train,burn_3rd_degree,burn_3rd_degree_kg2_443.jpg,2e6ebe58d60990cbf2203b5ddcf6af10998df1b164e7f7dd8af81bcfede8da30
train,burn_3rd_degree,burn_3rd_degree_kg2_461.jpg,2998d71fa093ccc67bb4aabb89a15899cfe57f30feef3cf2220795164898c9b7
train,burn_3rd_degree,burn_3rd_degree_kg2_47.jpg,e995e0900bfab06a1511d49a99f4f25ebb8dae65d25c71394f1c847568ae9818
train,burn_3rd_degree,burn_3rd_degree_kg2_474.jpg,2af6df7425eb27348f3ea2c45188e3a9f1a7da6302c37cca9632c4b55b3c2c66
train,burn_3rd_degree,burn_3rd_degree_kg2_493.jpg,b2ad417979692c4cf5ce248afdb19a2b5fc8c161af3ad046252f4d378651fe90
train,burn_3rd_degree,burn_3rd_degree_kg2_5.jpg,b4fd07c1ce16968c26ba940071c1e590aa76e3fa5d9e1946d838cebe470327f5
train,burn_3rd_degree,burn_3rd_degree_kg2_511.jpg,2c8cac566f6780912ffd42361d91ff6d3d3e8c0230a4bf05dc3e5fc16f07542e
train,burn_3rd_degree,burn_3rd_degree_kg2_53.jpg,7c27f79bfb499b00793d1bb74da23f14e8c10dc417d63e61f818ac12dae9db04
train,burn_3rd_degree,burn_3rd_degree_kg2_538.jpg,7f593b8b2df18433934ef5945000eb5fda9e16d1b3885c38152f1f779aba8126
train,burn_3rd_degree,burn_3rd_degree_kg2_539.jpg,ca118140438182158fabc1d41050aea2baae2a2ff0feb2a0cd832d7cc5592e30
train,burn_3rd_degree,burn_3rd_degree_kg2_542.jpg,7c27f79bfb499b00793d1bb74da23f14e8c10dc417d63e61f818ac12dae9db04
train,burn_3rd_degree,burn_3rd_degree_kg2_558.jpg,ff6875ef3e666d0d646db2a4a8a08680bb204144c359feeccf650bf3380fb14b
train,burn_3rd_degree,burn_3rd_degree_kg2_593.jpg,a32a391e000228f4d2fa02d8df68d481af94ced6289ec7edd24426e4c4e4e106
train,burn_3rd_degree,burn_3rd_degree_kg2_597.jpg,058287f7a296fa025d7d92cd75c11c1117cc4e2b482ade9b353fbe542353996a
train,burn_3rd_degree,burn_3rd_degree_kg2_6.jpg,dbc184284eda3e16222fe3595f466773d07de87ba44e1fa65b1139494b28045d
train,burn_3rd_degree,burn_3rd_degree_kg2_606.jpg,12f50c3df051dddda3ebc744fd65446af8808da34678ecc61afe50fe19e2c425
train,burn_3rd_degree,burn_3rd_degree_kg2_611.jpg,c6e1bd978f26a42820c0d018f29f4fcdd8a2068e36a3a347a5d778e3543584dd
train,burn_3rd_degree,burn_3rd_degree_kg2_620.jpg,79aed498dac71faca01583ff0480987ae90dbaaa26dd70836b4e14d15d5c26a1
train,burn_3rd_degree,burn_3rd_degree_kg2_638.jpg,d10625ddcddb3d9446ca1f1959938bb07a03cfbb87aecefbfe98b7b26fda64cc
train,burn_3rd_degree,burn_3rd_degree_kg2_641.jpg,cbc5db9611db1d9ff472eb0cb76be7dd17504efe73bf136e62eaa09fd7e6dc53
train,burn_3rd_degree,burn_3rd_degree_kg2_650.jpg,a9bd8f9866c9a7b126a7d70b5faab003ca69f0ef434be87457c1f63479a00dcb
train,burn_3rd_degree,burn_3rd_degree_kg2_656.jpg,e995e0900bfab06a1511d49a99f4f25ebb8dae65d25c71394f1c847568ae9818
train,burn_3rd_degree,burn_3rd_degree_kg2_658.jpg,c6e1bd978f26a42820c0d018f29f4fcdd8a2068e36a3a347a5d778e3543584dd
train,burn_3rd_degree,burn_3rd_degree_kg2_660.jpg,43e22c46c7d88bbeb68def55ec9f743da15dcd21d5e01b92c77975efc4766772
train,burn_3rd_degree,burn_3rd_degree_kg2_661.jpg,fa2cdca2b0f62406f17c9f9448fa7ac982befa4e5b3394cdee178879cc639780
train,burn_3rd_degree,burn_3rd_degree_kg2_670.jpg,4d6be3a7543a4f84f70ee8a8249e68e73014a7487212bda367854171a22b9182
train,burn_3rd_degree,burn_3rd_degree_kg2_681.jpg,ef0ac148ec07943a1c2459c7b1520edc5f44f9372fba12994a7773b71b7777f6
train,burn_3rd_degree,burn_3rd_degree_kg2_687.jpg,a36aea493c16131f2d24499e762f507433b0e056d41d6cb21d2d7166ae2052be
train,burn_3rd_degree,burn_3rd_degree_kg2_688.jpg,a0c92438e03330217dd172ff10b01aaac98fb3c6af07e98d4f5c260ea3a5606b
train,burn_3rd_degree,burn_3rd_degree_kg2_689.jpg,7838e9a2e20e05bd9fffb7bdfac3801ebd6b4ad4a38179fe4a885af18d7bc4e9
train,burn_3rd_degree,burn_3rd_degree_kg2_702.jpg,652272d8e4742b9e3efe0b3d412058f8c4733b0cfb67c391531267695bd406ab
train,burn_3rd_degree,burn_3rd_degree_kg2_703.jpg,b559ff3b0a56c9f2c9fa6c8d45a835f37f4784590aa83b7235d91ce28f4a32c7
train,burn_3rd_degree,burn_3rd_degree_kg2_732.jpg,6cfcf1d292aa1e61265cac6e758e71b230ed3859ff12be9b21cb9f9c76aaff6f
train,burn_3rd_degree,burn_3rd_degree_kg2_740.jpg,1c0ece1207ebd43a8e9dc7473838e6ebe52bc18937f6cf8feb5623b674eba3fd
train,burn_3rd_degree,burn_3rd_degree_kg2_747.jpg,a13fa481e5f2894203996815fa0b3b42f02c4eff10afd6e8ab07dbd3f0ad1e18
train,burn_3rd_degree,burn_3rd_degree_kg2_757.jpg,e49204d846ed520cbe2fe3a121f38fd660d42d38f5e7925ffa0a926279d666f9
train,burn_3rd_degree,burn_3rd_degree_kg2_759.jpg,79956842048e3fd079623511bc69849091155f7d7f079b7989340f75dacc1fec
train,burn_3rd_degree,burn_3rd_degree_kg2_771.jpg,0bcccfba80e0a9d57dbcaa6215c3f338812eb0e4cdf94ff3f26859dac11198ee
train,burn_3rd_degree,burn_3rd_degree_kg2_778.jpg,79aed498dac71faca01583ff0480987ae90dbaaa26dd70836b4e14d15d5c26a1
train,burn_3rd_degree,burn_3rd_degree_kg2_779.jpg,a8d7d1a4d446b1e621fb4c23a866ba2c279ac32cd1d57b688948ba09f1c0aeb2
train,burn_3rd_degree,burn_3rd_degree_kg2_788.jpg,2e9fdb39e4cb463dbcf52bd1d3e93a7368f0cac6a4750758f383735b3181d79e
train,burn_3rd_degree,burn_3rd_degree_kg2_79.jpg,b559ff3b0a56c9f2c9fa6c8d45a835f37f4784590aa83b7235d91ce28f4a32c7
train,burn_3rd_degree,burn_3rd_degree_kg2_800.jpg,a0c92438e03330217dd172ff10b01aaac98fb3c6af07e98d4f5c260ea3a5606b
train,burn_3rd_degree,burn_3rd_degree_kg2_812.jpg,9329687497e663b27791cc54b1de9913423dcc41433310b66bd8ae0780801799
train,burn_3rd_degree,burn_3rd_degree_kg2_84.jpg,f8d801e28465fb97cb51dd30a816ef0f20ccef0afb7b42f1c4d2d24ce9e589d3
train,burn_3rd_degree,burn_3rd_degree_kg2_844.jpg,8e088efa1e2cd7b193884bf7352e35e7421580e4e6e1ba840eb91fa6b5ca860c
train,burn_3rd_degree,burn_3rd_degree_kg2_85.jpg,87faea123fa4c7b9c6a0d682df894e1d22e421505d73799b17547087fa83f31b
train,burn_3rd_degree,burn_3rd_degree_kg2_865.jpg,9894869872dd3df6958b4b3e2e4024751fdb29c8e6cc1de29b849991903b37b1
train,burn_3rd_degree,burn_3rd_degree_kg2_868.jpg,e34aec59d2f15145eb0d4bda1bd2583bba81cbeafbdb789f9517468b37ed7f93
train,burn_3rd_degree,burn_3rd_degree_kg2_872.jpg,ebd1222c1d435901dea109dd2700ad2c17ad0cbf3e96081b7ab25ded92d28dbe
train,burn_3rd_degree,burn_3rd_degree_kg2_881.jpg,811df0732ee498b90491618852943b8587c65bc19761b9937114e23e4688e10b
train,burn_3rd_degree,burn_3rd_degree_kg2_884.jpg,b683668168cc1c6aed5a8d6c521748f514d07ecf6854be1d7ee4c7a49eb315c5
train,burn_3rd_degree,burn_3rd_degree_kg2_897.jpg,09d90cda242fbf717d1048a9bdb0fd4a82658611e707ff371e1ba3075dd7a8cd
train,burn_3rd_degree,burn_3rd_degree_kg2_903.jpg,8340e0252246547ebcc5c2a42f422476339e0d4ac00b523d922b9d708fbd1afe
train,burn_3rd_degree,burn_3rd_degree_kg2_91.jpg,4281c1bcd2360c407afd38346c453f1edc2896348e0c717e6fe9acd0f723069a
train,burn_3rd_degree,burn_3rd_degree_kg2_915.jpg,60f9bda857cc311ee390c72cc7a3042a938e0b14dbf1097d26ede031c2616335
train,burn_3rd_degree,burn_3rd_degree_kg2_916.jpg,e3c5dae41d79856ccbbfb643fae5992fdcc6e2609be71b68c330f0e608c12406
train,burn_3rd_degree,burn_3rd_degree_kg2_922.jpg,922ea29a4ea6ab084d307f88b3293d3afa16f9e633a8cc7e525468e5b68b0222
train,burn_3rd_degree,burn_3rd_degree_kg2_924.jpg,2c78d4ed47fcbb894a81b0e0eea0e64d9ee5b5a332f2c6f368ac60db6bc98d11
train,burn_3rd_degree,burn_3rd_degree_kg2_926.jpg,d6a58d0c3332496f23640ff66ba0dc30acdb2f23de85bf04da34c4fd3251c4fe
train,burn_3rd_degree,burn_3rd_degree_kg2_933.jpg,1e67df5d186d650e2b6c020e3be8b3cb7d5e05a8188ca4c7c2d525c3f31109f7
train,burn_3rd_degree,burn_3rd_degree_kg2_936.jpg,6ddd2732258578514fb7ac29568f70a14e2596c828570c1da769514b1d506798
train,burn_3rd_degree,burn_3rd_degree_kg2_940.jpg,06408584bd1f077dba3f367902e67a069ca53392818148ef2a8ad5c8f2b73f82
train,burn_3rd_degree,burn_3rd_degree_kg2_954.jpg,42ebb34d602c421ed30b5d6fc0b2cf2285f96efa98f957fb5cb7078727ada5ef
train,burn_3rd_degree,burn_3rd_degree_kg2_962.jpg,813d24f0b3105ea17d0379dbab34225b706e90da29ef2776d81830f2340ffde9
train,burn_3rd_degree,burn_3rd_degree_kg2_971.jpg,15ce020f1c1e809a070b32906ebc84beb70b07014349f5cc2bc51ab645cd316d
train,burn_3rd_degree,burn_3rd_degree_kg2_987.jpg,8ae49494028e2675097d57cd7989591472093884f2a64e8341bde75d18dff386
train,burn_3rd_degree,burn_3rd_degree_kg2_990.jpg,eeda3cd7ec931bff716637ebe3ced0a7655518050e09105598af18dddef954f0
train,burn_3rd_degree,extra_fares_burn_3rd_degree_1.jpg,71457e986e0fb098bded0ebc9d4997d373190110a6eef266acf81df73ad4fe95
train,burn_3rd_degree,extra_fares_burn_3rd_degree_100.jpg,c8f628aa12b5d8fdfaf7c551e4a67c874aa979aee9cfd2de9b9d2f5bd0de287d
train,burn_3rd_degree,extra_fares_burn_3rd_degree_101.jpg,47e34a2e03f724a86583a9780ce3de1b4ce43bbeda414e0561b74ffc54011027
train,burn_3rd_degree,extra_fares_burn_3rd_degree_102.jpg,883e8caead631b1a44d7068932706851905fe3480afc7e0c342398596c6bb108
train,burn_3rd_degree,extra_fares_burn_3rd_degree_103.jpg,3df39a28cf436a36b049a200bce76436305c22b96ba83a111a53597d150fafd0
train,burn_3rd_degree,extra_fares_burn_3rd_degree_105.jpg,7b48563c8b70eae5227a96128e33d3663368881ff54cc07deb512746f3611ed0
train,burn_3rd_degree,extra_fares_burn_3rd_degree_106.jpg,59da44d3ccf507cf39a5e4dbe8bbc7380553ba8e33aaadb034a055c60656c121
train,burn_3rd_degree,extra_fares_burn_3rd_degree_107.jpg,3dc0972f36c3bfcafd904add2c421eb8b3035fcf10dd3c99ae086d74b25891fb
train,burn_3rd_degree,extra_fares_burn_3rd_degree_109.jpg,af56c0b880d496f17065d2972fabba5f974319d49d30883212cedf2acc79022a
train,burn_3rd_degree,extra_fares_burn_3rd_degree_110.jpg,a81c8bef43abaa0301c051096ce7b46c9cbb59326d5f5517f016e912c4c3143f
train,burn_3rd_degree,extra_fares_burn_3rd_degree_111.jpg,b1474e6c281d19b4d619381a680db33d416e9865af49ede1a186ee424d501df7
train,burn_3rd_degree,extra_fares_burn_3rd_degree_112.jpg,74fa7dbf0f3eacba769ecc2890621e981b1c946ab82fd40bdc24e636c0119951
train,burn_3rd_degree,extra_fares_burn_3rd_degree_114.jpg,a6802db66048dbcff4f5a27a78b66c3dd2d989b434d8544311cd4b0588145955
train,burn_3rd_degree,extra_fares_burn_3rd_degree_116.jpg,d4ea0f3a43874eea2591473dffbf70c5758b331430961b55b64828e728428542
train,burn_3rd_degree,extra_fares_burn_3rd_degree_117.jpg,d4ce82925df4da366b70f1f9fc2eca272b6bf19110dee59d1079431084e34797
train,burn_3rd_degree,extra_fares_burn_3rd_degree_119.jpg,1325e3ee865626e3c86e083c9d216c314f1bf2a8f367408f7e0a8636c1289cc5
train,burn_3rd_degree,extra_fares_burn_3rd_degree_12.jpg,01bd68459b58f8152e63ca1d3805d502538dc6b2be4b0d796d5ac5d638911454
train,burn_3rd_degree,extra_fares_burn_3rd_degree_120.jpg,3509f8440dbebf28fd2e64fd2309109a5d00e634c710a211b8fefdb68bf9e114
train,burn_3rd_degree,extra_fares_burn_3rd_degree_15.jpg,efa7d0b751b5a1f7de06ac7932450ea7dd6b190e6e17389867779027183ba658
train,burn_3rd_degree,extra_fares_burn_3rd_degree_17.jpg,077413c5cd81fd9af7083d6b31d13ee94c9e09a3662e5bba624a3a33a41b9c6b
train,burn_3rd_degree,extra_fares_burn_3rd_degree_18.jpg,038219dd2f1fa9c955d04df5535a259d40fe2b8946cbf57f3050e05b8d1e8e56
train,burn_3rd_degree,extra_fares_burn_3rd_degree_2.jpg,bb435b3a5c6c0b6a34a7d635a43da24ecf0330cff890dee094c73a6f0bceb264
train,burn_3rd_degree,extra_fares_burn_3rd_degree_21.jpg,af4e4013329acaa077efaa5e4394b7b2415c52128d39803a4c7544cd30740181
train,burn_3rd_degree,extra_fares_burn_3rd_degree_22.jpg,03b101f0a5c22598f49a4025cc6a7c5a33485df86347a78375887f7117f09af7
train,burn_3rd_degree,extra_fares_burn_3rd_degree_228.jpg,e3ed48ebf3b25ca5538dbbc50d877d0515b6a03f2177001c142ac79e4a0e15a5
train,burn_3rd_degree,extra_fares_burn_3rd_degree_23.jpg,301b88f52958b0b0ada85ff9e0fe6e91110122d9bdeda33232acfbececf86550
train,burn_3rd_degree,extra_fares_burn_3rd_degree_25.jpg,3b2325f5ad62ee819d05c51beb0b1b149d2df9af87ea63dbd4735801e730a4b8
train,burn_3rd_degree,extra_fares_burn_3rd_degree_26.jpg,d2dc408a052174b97fa5b4fed98d12f23e900bab56eb49da37af7399932fcc61
train,burn_3rd_degree,extra_fares_burn_3rd_degree_28.jpg,dce1d7215ef7990b730e277418047126e9f0f411a340627c824bc40be4b2cc96
train,burn_3rd_degree,extra_fares_burn_3rd_degree_29.jpg,b7e1ca185338d29941dd57e2638dc2105aa7ac973268263a8a4363ec371b3489
train,burn_3rd_degree,extra_fares_burn_3rd_degree_3.jpg,ce5df115afbd5944e2bcfdcb3290cfdf57a39a4dd60c10ef58036c0fa8987324
train,burn_3rd_degree,extra_fares_burn_3rd_degree_30.jpg,942ed2497bd911df0df06d6668a19f5a81312eb869f72de11888dc58ba56f87c
train,burn_3rd_degree,extra_fares_burn_3rd_degree_31.jpg,cbf063edd055a1a6a6dc950ed85d3440ce7ad9295770442249cc966fabf4c4e7
train,burn_3rd_degree,extra_fares_burn_3rd_degree_32.jpg,cfcde70cc873832d402c853d9dbde066015e04673396bc178ecc13a529154d93
train,burn_3rd_degree,extra_fares_burn_3rd_degree_33.jpg,802f6b2997e81a96fa618ca8f03f6bdedf151a107c45083eed8dab94f6d20591
train,burn_3rd_degree,extra_fares_burn_3rd_degree_36.jpg,f27aa2169b7ee2c1802d54e4cfcab6d53d3f7fee7d399a72ec10b144e1d3d3b7
train,burn_3rd_degree,extra_fares_burn_3rd_degree_39.jpg,a0d5b78748100272e31345f8d23a5fc7ec7840c59bf99645d281cae1befe3325
train,burn_3rd_degree,extra_fares_burn_3rd_degree_394.jpg,1e76cce780cf71e91289924ffd86bb1bcb1c747db2c4af55f9d4f1c925e4cfd0
train,burn_3rd_degree,extra_fares_burn_3rd_degree_4.jpg,bd89aacd0505ef6635e0e9664b3ac144bda3f1abd91003cd0cb36854cd0018d2
train,burn_3rd_degree,extra_fares_burn_3rd_degree_40.jpg,030f01fdd0ba8f1c2e018b99510e58555bd320bd6f7e5484af7582f23dc77a8f
train,burn_3rd_degree,extra_fares_burn_3rd_degree_41.jpg,5b249e8547d6ede72ce772fefa42af5c66e64fb3d8c614c8e4ff258632c14397
train,burn_3rd_degree,extra_fares_burn_3rd_degree_43.jpg,14ec0b616bfd15423546c216a7c948a0fffaf4cc94439cb905d8e19779272341
train,burn_3rd_degree,extra_fares_burn_3rd_degree_44.jpg,fb11220352f806a4f06e69f1441f70721e8624a213b0bd958167e323c3ba3748
train,burn_3rd_degree,extra_fares_burn_3rd_degree_45.jpg,65165c10f94c198d726e45092d4fd4a4991c6dbbb35ef075d213094ed5a07d64
train,burn_3rd_degree,extra_fares_burn_3rd_degree_46.jpg,af156e217b93dad8b4fd5544d6db0c76b555a5647e93242c899fe19139d360b0
train,burn_3rd_degree,extra_fares_burn_3rd_degree_48.jpg,73b22560d6a5e946e51d95bfd380eb5f3db6f1e3b35f913e5be5293e33886abd
train,burn_3rd_degree,extra_fares_burn_3rd_degree_49.jpg,918cdf5defe98eb0bc6ecd8fb8d0224101d72e7dd9617e46dfaa0d224a79a572
train,burn_3rd_degree,extra_fares_burn_3rd_degree_50.jpg,b2d719cf5b97c116d9662628ea976b4654ec330818bb5fb9a090bf6f8a9cfdd5
train,burn_3rd_degree,extra_fares_burn_3rd_degree_51.jpg,763c8323d58715b87bd6119f8422e2ef7c892e827ac18afa315742a3d3139239
train,burn_3rd_degree,extra_fares_burn_3rd_degree_52.jpg,814d81531ec6a4052fdb9971ba63cacb562efab17319a376358b12a6f777a347
train,burn_3rd_degree,extra_fares_burn_3rd_degree_54.jpg,95f021d413132795496320a2e614de7d3cbd2c7cac5769ca3c9dc293631098de
train,burn_3rd_degree,extra_fares_burn_3rd_degree_56.jpg,8b85292770fc39026e8db66b770bb72f4bc705a9f51df8b7aeb0136b8b2271f6
train,burn_3rd_degree,extra_fares_burn_3rd_degree_57.jpg,afd8e45d6e747fe92922b4803b285b1ce75c213c6b51c25e1a73ea17c8b6b87f
train,burn_3rd_degree,extra_fares_burn_3rd_degree_58.jpg,c75796dc8e8dd7cdf0317094bcf7dd36754ef38b9d38741c997154806f42ce15
train,burn_3rd_degree,extra_fares_burn_3rd_degree_59.jpg,d343691d87d77104e00f50251797a61c5979a3989e6e36b0d6494d5b54b178ac
train,burn_3rd_degree,extra_fares_burn_3rd_degree_6.jpg,04b843d24b55c2ffbec5fb38ae694828f046530928ee8b3f676c85d0ba3162b1
train,burn_3rd_degree,extra_fares_burn_3rd_degree_60.jpg,2cbf55d1d6c5d7eb8a369b9b8ff67ca2ce82796fb1f55619abe4844ca6fa145e
train,burn_3rd_degree,extra_fares_burn_3rd_degree_61.jpg,6236e9eea7a63a9af7b6d1df6fcb50295eea473aaed425ccdb1e9357a19d2a05
train,burn_3rd_degree,extra_fares_burn_3rd_degree_63.jpg,fb77105cccab2a243586a5f061d1d99fb404aa7d2e7f363ee9e4ca5fc9ca5195
train,burn_3rd_degree,extra_fares_burn_3rd_degree_65.jpg,77c657fe1edcd4fd42f6ddd9bc74e549e40bbe2c755deda760597b4358c063ce
train,burn_3rd_degree,extra_fares_burn_3rd_degree_66.jpg,18f18b6bed26cc4b40ebc99dbacdd32b8a7312c7fb229f3c6bb7f6ebda895f38
train,burn_3rd_degree,extra_fares_burn_3rd_degree_67.jpg,5251557e175b7995c884bbf4938f6b942aa1877c7aeab887080d743a2ce5b742
train,burn_3rd_degree,extra_fares_burn_3rd_degree_68.jpg,bf69d15936e7b92731747a4bc123525476ec34d8d20bcde785c116e18a4c924d
train,burn_3rd_degree,extra_fares_burn_3rd_degree_69.jpg,8f25e8f22b2da16b6a4d4c6401a7ea21f1b43f915e768fe2b0673fdad8abde4f
train,burn_3rd_degree,extra_fares_burn_3rd_degree_7.jpg,b29c26455aecc7ac2251bddec0e938344d6a798df1b14f280087a5aea6def9c2
train,burn_3rd_degree,extra_fares_burn_3rd_degree_70.jpg,2de17af4b28c31cf94ac2ba8c90d62a1f41032e6139b0cbc1dba2036f6ace0b3
train,burn_3rd_degree,extra_fares_burn_3rd_degree_72.jpg,ae97f9c9d238b52664452a8cde6968b86904b0eedc74704f3f4d6478b34ac30f
train,burn_3rd_degree,extra_fares_burn_3rd_degree_73.jpg,54b53b1520740852fd6baff482adbf9a41eccf1975100c354d6bcdc0924102bf
train,burn_3rd_degree,extra_fares_burn_3rd_degree_74.jpg,3f5525ea28ce0de9ff7eafcedfd50664b51ca23efdfc8edb4ab8d5c440c74ade
train,burn_3rd_degree,extra_fares_burn_3rd_degree_76.jpg,8196160695d91ae5eff6b1482789bb2ac2c052f67665a5a4db22df5bc724c688
train,burn_3rd_degree,extra_fares_burn_3rd_degree_77.jpg,14174e083ae8faf6332c68868dcae3db15a51c76146ff5795099b3fd7a16c9f4
train,burn_3rd_degree,extra_fares_burn_3rd_degree_78.jpg,f838184fa226fac57bf4012a344ca39fcaab6eb52f6f910b25997ecf18358663
train,burn_3rd_degree,extra_fares_burn_3rd_degree_79.jpg,8a7bb231ec0836e13a5678ee38139060d806715fe6e1f6663d45fb43bac1936d
train,burn_3rd_degree,extra_fares_burn_3rd_degree_80.jpg,7a76dbe980e6cc91d68dbe6f014cbb2c1d4b5ca2435ca53564fb4023bf16c70d
train,burn_3rd_degree,extra_fares_burn_3rd_degree_81.jpg,c9c1b687da5bfb19eed3f6bb73e81c345c3ba576b19b916b4c76b4512e523b66
train,burn_3rd_degree,extra_fares_burn_3rd_degree_83.jpg,8570e0c3bc5ee4831a0e9544b472776a9f05ce36b332b303661d7b2d6db85f12
train,burn_3rd_degree,extra_fares_burn_3rd_degree_85.jpg,91fb4917edfb71eb12c8055dc684ecc252940980e51de9d0b8c0008136d17708
train,burn_3rd_degree,extra_fares_burn_3rd_degree_88.jpg,bdf934e1ec1db40449776fcd336b1a6f1f9f35d1bedd6e5cf7743a17348705b1
train,burn_3rd_degree,extra_fares_burn_3rd_degree_89.jpg,e62652fa4e1643a22ce6b501728e34eb14d83c4ad8cf0e676e467701e7a4b137
train,burn_3rd_degree,extra_fares_burn_3rd_degree_90.jpg,ddbe0151f8646530f127116eda27536a706caa863203996a2393807cfc81a35a
train,burn_3rd_degree,extra_fares_burn_3rd_degree_91.jpg,84137c62204039b195b2f89c34b817338cb0a19afd57d4c7e23ab49036fc577e
train,burn_3rd_degree,extra_fares_burn_3rd_degree_92.jpg,bb5c799b41184dc9ac199a2f933f941ed6143dbf7b5f6278f3aaadffaa154a54
train,burn_3rd_degree,extra_fares_burn_3rd_degree_93.jpg,5c47fde942ed49214a7abfde12a63799c8977b8fb49fd323663d85e5161f8fa0
train,burn_3rd_degree,extra_fares_burn_3rd_degree_94.jpg,376701a68660f2ff845a25c4e1e01d4e4b087f91b13211e104ec1235462698ad
train,burn_3rd_degree,extra_fares_burn_3rd_degree_95.jpg,26c9c83866e2b0dfe1c7f0bee95bbe04dbf604b6312243043eaab6e8ae5f7b06
train,burn_3rd_degree,extra_fares_burn_3rd_degree_96.jpg,cad65c5ac0ce5944d789f40382809b7bdce13464a9a4d614067309d7dcd6ea32
train,burn_3rd_degree,extra_fares_burn_3rd_degree_97.jpg,815279447f2f00937c8f1f8818e6ef61b48dc1e3a62b7e0fd41f2648ff7c651d
train,burn_3rd_degree,extra_fares_burn_3rd_degree_98.jpg,99d40c29182667ea4835e3d375d3185952471c26a7e641cb33fc16bb1fcbedce
train,burn_3rd_degree,extra_fares_burn_3rd_degree_99.jpg,f67d0f2e84b0e1d8d9637e90903a0a178f356ca2353c2938190122d1bc8af7d2
train,cut,cut_kg1_1.jpg,b1e302cafbd0d07e42f3adcef31247d662ec8e1be5f6c79127b02a9629a3f0cd
train,cut,cut_kg1_10.jpg,8589ecbf759f01019edc8de491f9de2bc9b0027ba39bfa7fcd1244b38880f89b
train,cut,cut_kg1_101.jpg,6e3efa882426560bbaf808195419f2a43d51d3991bb9c8102865f10191f156c5
train,cut,cut_kg1_102.jpg,b1f109c2d4ab179bcd19af750bde953fd33a89583a71347761e3e5c20045adc0
train,cut,cut_kg1_103.jpg,1970ee04e5a364e5211645a104e02bd57599f54b1f1325fbe971783bdd6da204
train,cut,cut_kg1_104.jpg,c4938de0313478431fbec6df1329e5d2b250816d308e596b8a9811b462b5d712
train,cut,cut_kg1_105.jpg,5b9db93669365783664df01bc34c221ae25d858607e4364c760440a94a21e0a5
train,cut,cut_kg1_107.jpg,e99ca2061f07a68c85a4619d7ca9aea99214e0c68c0d197d2efdafb05d312e0f
train,cut,cut_kg1_108.jpg,0179bbf771f5369216af283f1bd05d461b68bf64a654ec49f93e5d78d9975df3
train,cut,cut_kg1_109.jpg,be043a2bdeb3e05a58c0750111f39c0c1e745550538a5052c2d0dd55120e10a1
train,cut,cut_kg1_11.jpg,159e34ac544254b5339ffc14eb2fd2ea0b0d84e96ad2a1d5a3e0b1c2c75eb434
train,cut,cut_kg1_111.jpg,98eed124165d463975d458ec7b7936a6c13ca89e14ef039e89a68a706b682dd2
train,cut,cut_kg1_112.jpg,c69405a66d2ef4886aaaf36ccaef930122708df9690777e07f4caf1bd44cf319
train,cut,cut_kg1_114.jpg,9f836c95ce4990a2742dd36ca77c5e2daa3eae13af2a34aa690605fb2d1cefa5
train,cut,cut_kg1_115.jpg,13270a251a0d4ad78d570a7d7d1484df5bb5decfb725d20dedc75ecb2901e314
train,cut,cut_kg1_117.jpg,55d8458458a1c5a5d1dbae7493a8ac80a345a7e07de9337d3a26b6d81c23d2eb
train,cut,cut_kg1_119.jpg,a70cbd9732a8b65be3e8d452d060cbdd9f70a43f0e30734849a876793bfb901a
train,cut,cut_kg1_12.jpg,c82e4cd8e7acc93e914e0e994149a95bdbdb02595518b2cae6f121e37d18a261
train,cut,cut_kg1_121.jpg,02d58fe20f35f5aff4e8985407634d6a96b0b9d544c23457b7cd3aa09b94c56f
train,cut,cut_kg1_123.jpg,e57d50cd43d86ae1735a3e26e4482db0a6f8cac5097b2f0ddc0c956ba6a28426
train,cut,cut_kg1_124.jpg,1a5690796c46e90d15772fdfcac965b793ef7b4b0817ec6ea09828d0feff0ebd
train,cut,cut_kg1_125.jpg,2a73e61f6c1ca8c77dbda27286532f4b678f95ebb2e69f8c53a06397979710cc
train,cut,cut_kg1_128.jpg,c5c0aa0aed3b7eea30c71dffeb10f909698d1c2ab7c7f25e205ae032c512548f
train,cut,cut_kg1_129.jpg,060bb563bdb855c99fa9ab43956c5036da12cacc0bee315ef61263dbe4f5094f
train,cut,cut_kg1_13.jpg,04ce583c856595b5c512b45b471c0369e4c7e8fe922d54e8359a0b7915ee2b05
train,cut,cut_kg1_130.jpg,43b485e6f6a669734a39a5ae0ddd5d6cbeb40c1321ed911efa0e21438fc8818e
train,cut,cut_kg1_131.jpg,49f819fead61e28c37e0db35b6050c2c605048c85281e5c6cdf805c37ae10e1d
train,cut,cut_kg1_132.jpg,fce0864a0f0f8772772ec0815a58364b07dc90a107474d7f383ee035d9bb2cb2
train,cut,cut_kg1_133.jpg,25d1a204b90bdcae0c827f27fb9dfafd739f58d902f4307b3803ea5d2d111c6b
train,cut,cut_kg1_134.jpg,831a74bc3893166b5b8dd3a36c35be231b2dc0a0de65c736a2abe9beca534849
train,cut,cut_kg1_135.jpg,865d8b4f153ccc91d28877b4aef96853783ac6ec448577c12bc8fe1681d20215
train,cut,cut_kg1_136.jpg,420aa669acaa581c8c2d84e76bc58fe99069aafcb72c8d33778bb54b74714157
train,cut,cut_kg1_139.jpg,978808be671eb31b30a675220f6ea1619675df78c1aa4f663354a8e7ce1b45ee
train,cut,cut_kg1_14.jpg,a23258da5804e7325099b2120434c8b28bc7ab4b449238cfd469401c74a9b110
train,cut,cut_kg1_140.jpg,4d6cd89e21f52ed70831d444724313e322d187f566a20e346aaacd836cf672ba
train,cut,cut_kg1_141.jpg,3952abcdd233ac120cd9118b2f6feb0b47c724cfae88e88f40cc1e22b51b4ee5
train,cut,cut_kg1_142.jpg,e4fe9ad64a17c0e2b7412d6b7187c0ab39178adcf5679db236a29b41f2acb931
train,cut,cut_kg1_143.jpg,b660e048b2029411f17e5cede84cf59be7ef9f30afe1725c7bf019842efe3a0e
train,cut,cut_kg1_148.jpg,f54fc99e3136f53d09c2778389e80840ef0785cf4d2ba72bb18d070f66710c46
train,cut,cut_kg1_149.jpg,21e5d3de23de6f68b6dd61c3dd0ce38c6ff2ac90b79e726048f99e2dcffd401f
train,cut,cut_kg1_152.jpg,1d321264665727e85f2a0d14b5580fc007336f75540330d5d59b83c927aac716
train,cut,cut_kg1_153.jpg,8f9ae3f39139409aa90a82f1cacfb4284dbd1ba05881b8a119454fff0839f62b
train,cut,cut_kg1_154.jpg,a51df584e46136f83e84b0ea7cdb1fc088dc316c27282a3f934d333ff095ddbc
train,cut,cut_kg1_155.jpg,3e52fdba35d0aced5ebf48bb4f3bb3ce59ec86e913661fa8c3c8b5b5c32ec7ea
train,cut,cut_kg1_156.jpg,a2db43fdddbfa23edf2e486a04f60745a898c55edc61fcbc60e5d5807a4d994f
train,cut,cut_kg1_157.jpg,cc1728e58dd97f023e7a63421777bedcc49d2434d6c94d629f043ed32a9ddb13
train,cut,cut_kg1_158.jpg,326db60aefce2ede8d4e86c786eb110fcf71e24626d39fe7d0bc88c329b899ed
train,cut,cut_kg1_159.jpg,6e3d255c23d4e5885728fe922f3735e982197df7752bd4fa9438e90d000df2d4
train,cut,cut_kg1_160.jpg,85a42dfe2f196e1a9023d9871bd2bef83f0e1054a823a494957015c9caf9741a
train,cut,cut_kg1_161.jpg,136517bbb25e580c658a3259e7d244c26947df8bedfcc79e920d59cbf174b115
train,cut,cut_kg1_162.jpg,ec923bb7fb59c24c8d3660986ecac8ec7f3447326b4dc37ad92d27ae4114ed30
train,cut,cut_kg1_163.jpg,000f84e785e2e322ef329eeb7f19515b8d5990d95f385e6f8a53307771888af5
train,cut,cut_kg1_165.jpg,de1ea2eb0bcc53169e27f59c3127a3d77944eaa11c9e5447295f02f06ee6ce03
train,cut,cut_kg1_166.jpg,9e985847c0381eb300e4ac2cdd3e9400cf3ff3a249c28ecf4b11a29b8e160589
train,cut,cut_kg1_167.jpg,af8b14a2a6213f61854f4cbf0edd915c9e353a1c542e7785797e56850441c2bb
train,cut,cut_kg1_169.jpg,3787650594ebb569a425120a4a8349ee0456153f4e89d709495adc7660a5af93
train,cut,cut_kg1_171.jpg,145ac33311683654845be5f8484d9df3f0700e1979c0a8ef3d5b5d2884a03291
train,cut,cut_kg1_172.jpg,634b548d036909d1286a028c01d1400ff510148d95f507273097c98e1d0c8347
train,cut,cut_kg1_173.jpg,244b4b166d926c2d2386fe6c8b05848b48199210f7ef9a9b956c5e98077c19a3
train,cut,cut_kg1_176.jpg,2f4366a06ed67fcc8f044080b5816f3ce44979132515278ff7fcc261a5ac4236
train,cut,cut_kg1_177.jpg,a8274a37f50291fee162a1ea9822f90eaff8dfb23ccf00ad5e4e5f1875192d0b
train,cut,cut_kg1_178.jpg,31f01de1b12b9f03ff0198d5e865510d5f7048d2a185bd599f28a8cd62cfdde1
train,cut,cut_kg1_179.jpg,9d21d7340ef3ab49b3cc93cd8f5a7360e8e159c9a529e30f96c9873817f12b2d
train,cut,cut_kg1_18.jpg,2e34c7e2ad4da62bd6c995dd3a8707a16bf940aa8723cab9ce24b9db99b6fbfc
train,cut,cut_kg1_181.jpg,628371d5c00ab05a56c0ae41d0588ec0c9bfa38a41afbf04f415d070ed493ec7
train,cut,cut_kg1_182.jpg,8d4894f745c52d0c25b291d1c6368e1c60a3da59601adf644e9f205f96acc207
train,cut,cut_kg1_184.jpg,955a103ac0f618c444b9e1081effc2ccc79021f2179f209799f05657b98c0028
train,cut,cut_kg1_186.jpg,2987f33b80405b8b559e60c2d79882f8c1f8ebb9f6193761a35c16493d321752
train,cut,cut_kg1_187.jpg,c82cb122cc0155440ccbcc413b9c43ddb0a65b69976b05c2988ae1debfd549bc
train,cut,cut_kg1_19.jpg,45fb4a22214daf8a18a5a445311caebab79097e58d173042fe7727afe5617806
train,cut,cut_kg1_190.jpg,6618f9a468a401001e3f3566de18d32d100110365f49177bec2cbeafd68c91dd
train,cut,cut_kg1_192.jpg,2fcb4c82aadcd814600d582dcad2fbffd6ba50e5eec93f82bd7049aae790d1ea
train,cut,cut_kg1_193.jpg,610c740e9482b7f6b26a745e3e422d6aa68cbed30c4e1f53a0785dfc344306a3
train,cut,cut_kg1_194.jpg,089a3bdb1d92a021010fdb365e05196293ef9fe1b84a41126ee475c67b95d2c2
train,cut,cut_kg1_195.jpg,e97ff6dd94af4e8867c995d4b1a5aad3e1b284a3c791a8723219fb6a0e40b602
train,cut,cut_kg1_197.jpg,d275f7f8cdb58a5fae0ebf1b7bcd0f0c4f3539d2b01bf6abf2ba2e7083bf5807
train,cut,cut_kg1_2.jpg,596473f918e8adc1c90752bfefa43b760f5f01cb2fc9f4b9a1a2b6ae7b1d5a6e
train,cut,cut_kg1_201.jpg,73ff5be6826f81dc369e3b495d872a3e7643e4d13ef516803eb9a0a4c331ea43
train,cut,cut_kg1_202.jpg,baf37476afd7f1c589c7fa04e2a716dafaee3c11c5246b65b8301868e658048a
train,cut,cut_kg1_203.jpg,b304090cf71b5795f28070dbcbd6172da22249f00ddead241443f7030efb8549
train,cut,cut_kg1_204.jpg,0cede32d795c633ea3100bc25696578e7751c421b03b409cf00ce75bf7050181
train,cut,cut_kg1_205.jpg,b25495383b63209e602b6196c1c2cfed0f3e91ce02df07a25258d466a15659b3
train,cut,cut_kg1_208.jpg,d407d0e97ceef032a55f7004d87d49fe82ab3ef0e44ea11706104a39cfbd0049
train,cut,cut_kg1_209.jpg,8eb6971eff8a7dc817b2ec3a002147021cf342ab734e709856f1910599c4305d
train,cut,cut_kg1_212.jpg,aeaadf50ae4bc68f7ef3231f4ea2d533dd498a7ee1d167226034e554322ec8fe
train,cut,cut_kg1_213.jpg,ce22819fbcc14a4204f67329909f0cf3d63c7110caae2a6dfda3dfeac97025dd
train,cut,cut_kg1_215.jpg,f55cae25a224ebe0a7349ed8f9e999496109c81a7f044ad38b1db47e6cc22c81
train,cut,cut_kg1_218.jpg,28e6c5e6ace11ae32e336109cd9efc213216b944f2785d30766b85e6c1d9af6c
train,cut,cut_kg1_219.jpg,f3ce007d45b64582a65c4f7ee5e373c60fe3c87833a09dd8a107db3c5cae0855
train,cut,cut_kg1_220.jpg,98a114de55ade7b739193fb8279df38b258c2344547958be1af5d9ffc9e326c6
train,cut,cut_kg1_222.jpg,2cec057e221b52b13bd92383ef8d7dab0d61510345d96f0593365455effd049c
train,cut,cut_kg1_224.jpg,7aa2ab3eeedd87de80fe7c11a92b4c372110ed963d2fa4d1ea40985436f272f2
train,cut,cut_kg1_229.jpg,5da9399ce4235c59d9b77f61f8c89ac686acb229e056e012ea375de1d5d1e63a
train,cut,cut_kg1_23.jpg,cbabdbf40e1b2cdb942bdec41f5fa87ba76dc3a417ac2a981ad1c5692aacaec7
train,cut,cut_kg1_26.jpg,f3a2d00830ceb701d7aba44d9c51bd82f7af0e2207fd7050fa608332bf2339f4
train,cut,cut_kg1_28.jpg,451a77a401d6686bce8ff91887abd6fcc1d7e58b87fdf8f6316018594bc1229a
train,cut,cut_kg1_29.jpg,6d8c0f4b5ed31f156c1860fa44f1defae0d7c48096225eb5965bad8050a4cdee
train,cut,cut_kg1_32.jpg,9150b939b182cbf5db036098d9e016ed9bc73668053af82707e6087d911bf278
train,cut,cut_kg1_33.jpg,0ccd22a1e149387d4c7e33c133c143350af7b21a54dd535606c96056c7a3ed3f
train,cut,cut_kg1_35.jpg,e8ced9d7b5e23b77c7e9ff6058335341cd6963b0a9bff833adfc07302d3573f8
train,cut,cut_kg1_36.jpg,19966417ebf2552da8966f417576634a08786c40dd31d7c3b98a7006ebc3250e
train,cut,cut_kg1_37.jpg,dfd3833807e874b1e94bc50dca4914c5bba23888079b86b50fa482650fea5abe
train,cut,cut_kg1_38.jpg,51691f948c4a71fc9342a374dcefe850f77744a39344c541ddc8ee20f7b551f4
train,cut,cut_kg1_39.jpg,3107ab8648c2ff7e0b8d50d5317dd4aa3be729814b526cf7acfa711450cc4491
train,cut,cut_kg1_4.jpg,ab9af89a96e5cb05c8dbf331fbc7c6788b4c9a6bbc33fbfbcabde51d66ba545b
train,cut,cut_kg1_40.jpg,1f333d2cc031d852b919cb8fcd54b4149321d93e39884e015ab2706df5c820e5
train,cut,cut_kg1_41.jpg,b61e2d4208f3272d851d289140852a10833993cc6b04d54c2b07e13a82cdd77d
train,cut,cut_kg1_42.jpg,04abff155e1c8454399aefc7a7f4af620721e195ce28054943ac120dcd1bd939
train,cut,cut_kg1_43.jpg,2c92faee2e060e3b09cb2f5e7825df9d713cdde9d11c4a2027e88c3da7b6ef02
train,cut,cut_kg1_44.jpg,8875ae1319db0c91838720909b967f888f8da7f142dc50d140188b78db2b5168
train,cut,cut_kg1_45.jpg,a5cd41c038e16595e91a73ed1903e7d966a2b3697f98c6ab27dae5bf3aa76c31
train,cut,cut_kg1_47.jpg,c724f09ef2f920640da26ffb14492e3da4e3d8be766b4b180b20cd0fd4ad0cba
train,cut,cut_kg1_5.jpg,4f4c9e8b021c9ec05cd7688cbff721389f2c5f659a349eea92a8f0c11ae88e85
train,cut,cut_kg1_50.jpg,d78bd45e4656678da972059d0cdb6cf7039e58ab263b49b4a5423add31c09e14
train,cut,cut_kg1_55.jpg,4a4dc7259e356dd82f0c3d375b11dac5dc22d14e2ff74445a62503243418b3c7
train,cut,cut_kg1_57.jpg,0973b69a9253cfcc8971dd5ff793d2814a7f331f409c9bab95f6daa906456f8e
train,cut,cut_kg1_59.jpg,97e1951a0f1d3e70e6bb1d1c0205f763cdbc24b2859acce8e47949594ddfb1f7
train,cut,cut_kg1_60.jpg,38c1101d7cfa9f7ece425bfe4090a6dd43133d4ab15c492339683612b3a73fbf
train,cut,cut_kg1_61.jpg,e3e90feaa907bdf8ba3adbd83c177f4831c9bd6b6fe194f3a7b040194b6a70fd
train,cut,cut_kg1_62.jpg,e76f24d2666ffc5b1741bebe8d33cb54d53f3400bed669b3ee38d85b4dcc0503
train,cut,cut_kg1_64.jpg,152baa70802ac73e322a8ebf332fcda0903850fb03cb408965f5930f31f17488
train,cut,cut_kg1_65.jpg,0c6fb561d6878286f1ebfe756701594e66f3cd158bc07b0121019a348447b10e
train,cut,cut_kg1_66.jpg,514b31c7cd417090d1da2a1a2e81dc1684526423bf5e64f15f1093284a06c1ac
train,cut,cut_kg1_69.jpg,614283e282f72adc0d6cc5d90412a499d8c7f845d40deac1c1e2a68d08eb8144
train,cut,cut_kg1_7.jpg,a4b77bb1387ec51a6da6cc39fe6958862c26da2c4abd82ef03209f4cb6fdee46
train,cut,cut_kg1_71.jpg,2a399ac07b32355820a48e3025c819c28d1a64ad7831a52d980fae398aa93d40
train,cut,cut_kg1_72.jpg,0108d7d2966fa0ac15c4963a1eb8664e6797b33fbedc514c4e32bee2612bff6d
train,cut,cut_kg1_73.jpg,e14dc316612c7aedf9bd0a19bfb98fa496bd960749c2162bd7d3fd7c5bf92224
train,cut,cut_kg1_74.jpg,479140329e8931c1d7d7507309a4a8b5e2d2ada22215ced6c49e6fd60bc98ca0
train,cut,cut_kg1_77.jpg,9e7fc6b66bb8885e6a160016a7f4368213718fa0df8b79800c5feeda267e94b8
train,cut,cut_kg1_8.jpg,96643c7b429718c819e8641017d090825845b5141c875987fc84c86b6071b2da
train,cut,cut_kg1_80.jpg,537b3605c91e473b8d8c2baab2e4ce51282c944ce8e27aabb7a0b7b7b9b91710
train,cut,cut_kg1_81.jpg,d0e89fba0edb209f6204aba06392d9c90ea2ba38230c1f850b703710b0fa9f57
train,cut,cut_kg1_82.jpg,d8fe823e73d5d796522431c3ee57d04da61ba71a6e32670ff8a0d62bf16d0fa9
train,cut,cut_kg1_83.jpg,3fc58d547195bae879c95dddf9b2f3cacc4dd86a56f87dcb957f29ae766c1759
train,cut,cut_kg1_86.jpg,f59dfc6129e82f33ef900197803d89ddf973220055123ed484e0e0ab923dbc73
train,cut,cut_kg1_88.jpg,8ab038c7ffe21869b8d02986285fd8c4c6cdedfcc6ef3244a4c550d1f97fedf9
train,cut,cut_kg1_89.jpg,16ca6c0f0be6d313b81a9697b1f15baedee35b3eccfe8163f07ae9e61dc0526c
train,cut,cut_kg1_9.jpg,5eaff6b38f9b72c208790a66d5a65ca1fb37fa5308386480b3c057b96f339a90
train,cut,cut_kg1_90.jpg,f3c3f4ddabd04fe8b81e8b95a7a6183265dd71e89bd04111b4e576870fed023a
train,cut,cut_kg1_91.jpg,9393a880c629b9c85ea81422817d2f052fa86646a21b7f86c04b76fe7269f501
train,cut,cut_kg1_92.jpg,f10e817f2efc0b7e3736d3547d14606cb0629ef8074703831d61a0e91ef8272b
train,cut,cut_kg1_93.jpg,f18d12f893deac2dc5436417b0841ade4687ba9f97094e01902b7d2f0c311d49
train,cut,cut_kg1_94.jpg,9dbc1a311595219f8f2717ba1969e4567e12aa1fc383ca195deceac405460534
train,cut,cut_kg1_95.jpg,0e28fbc9d519b99c57bfb6e803b69a9399b0c26c2b0c24f3441097bb6f0ae488
train,cut,cut_kg1_96.jpg,d6551a2116f7b3c47fb7ef063d966cf2f96ac13e66259dd4aff7a4da6dddd28e
train,cut,cut_kg1_97.jpg,ba22ff0e1fca5357da82dc3120d73814d656c8360d029961e6760f5d0746c770
train,cut,cut_kg1_98.jpg,ef35f21b2628dacc89219892e71aeb1122092d261a6bc193d2121bfa93d82d4d
train,cut,cut_kg1_99.jpg,0a752da2f24e4520905808ec4c6ae4f9c751b57834aba8fce62789cf454e02ca
train,cut,extra_ibrahim_cut_1.jpg,2aa3ed577823ab384ab63ee40476e3ac785a0df20b0602ab1105a6ccb207869c
train,cut,extra_ibrahim_cut_10.jpg,aaebeba0e44c9defb173c6da605feb6e87991f77aa2607574359cc4b7da06cae
train,cut,extra_ibrahim_cut_33.jpg,a3072bd5c546391fffa7b415fcdead2c23ed537059336348256f9effb340692f
train,cut,extra_ibrahim_cut_35.jpg,9c0060c7b646a918db3fcbefa7a8a23763bbb97c9b3976c2484ac45953775527
train,cut,extra_ibrahim_cut_69.jpg,7bb073848d6b83c9e51578205a7ffc12aa6943c06b66a38218c9ba9deb6e6c28
train,out_of_scope,extra_ibrahim_ood_diabetic_wound_0.jpg,5c687e09f9d01559f88be002043c4a8e4301a339a821c433ef3998b198edf625
train,out_of_scope,extra_ibrahim_ood_diabetic_wound_1.jpg,c20b6a575bb663433136236ac304b72778f6c1583b2f0d9fcf0cf5ebfcc4f4f7
train,out_of_scope,extra_ibrahim_ood_diabetic_wound_10.jpg,984e7f898188e4bff784bdb7da5f64a65cc529575b6b59165de52dd73a810b02
train,out_of_scope,extra_ibrahim_ood_diabetic_wound_100.jpg,20cb37c52bf0018c08040d3f4980c0971582c051c65a298ba55754a1d87dc37c
train,out_of_scope,extra_ibrahim_ood_diabetic_wound_101.jpg,5442303e7241e496d2fa34688f2b86e219ec7d7ce5a47c4ed066c89de4b0ce4e
train,out_of_scope,extra_ibrahim_ood_diabetic_wound_102.jpg,80c4af6392d4c480e4345bc763bc4501f69f93c6f90029b1ed5c77e757d2f2c4
train,out_of_scope,extra_ibrahim_ood_diabetic_wound_103.jpg,c0d31be939449cfeb08bfdf6b283fd55f083096a0fad187705842bdac637be36
train,out_of_scope,extra_ibrahim_ood_diabetic_wound_104.jpg,0183bd1863f07480267650d76770334b820fde2901e3e028885cdead07ba77c6
train,out_of_scope,extra_ibrahim_ood_diabetic_wound_106.jpg,461dc6dd57227cdf10ec8997612e46f4b5ffa77f2329a846c12685912673658a
train,out_of_scope,extra_ibrahim_ood_diabetic_wound_108.jpg,3641ee5babd3f909997fe71f5b81753c7eb82a9aaae9a278443525cac950fcae
train,out_of_scope,extra_ibrahim_ood_diabetic_wound_109.jpg,21fe02318323906b81cc9342f7b0dc1c21b960ab0ba3c527928fcc11bdea0068
train,out_of_scope,extra_ibrahim_ood_diabetic_wound_11.jpg,76672f55df753a3c4f0055944807d6f59f0ec9c3b3aa7bc0cb1155d4c6d94490
train,out_of_scope,extra_ibrahim_ood_diabetic_wound_110.jpg,3c32523b1076aa2b952561bfdbdc5604e41590d2fc68aeaaa4937dea61acfbf8
train,out_of_scope,extra_ibrahim_ood_diabetic_wound_111.jpg,8c496f06a722675a821aa8be82d041b7073ab2d036ff1ddd5c07bae98a0af53c
train,out_of_scope,extra_ibrahim_ood_diabetic_wound_113.jpg,be44438ab5c209e65bc3c6b187970f5a927d8cb6d5b22cd928c83b2388e6884c
train,out_of_scope,extra_ibrahim_ood_diabetic_wound_114.jpg,96f8c065e694abb060087569b64746d1c4dcdb5534ad0a11b450bff536c35feb
train,out_of_scope,extra_ibrahim_ood_diabetic_wound_116.jpg,22dc05d2c58875fd24fb4744e899b622557e551e24338481b883fb7c0ee1b03c
train,out_of_scope,extra_ibrahim_ood_diabetic_wound_117.jpg,6354624ddda62e6e67a1ad0c31ab66f5705b258311770bc2583bc6b7cf884ade
train,out_of_scope,extra_ibrahim_ood_diabetic_wound_118.jpg,16dc250e4ccedc65b48c738d204f2a95fb672204e02f9d032f865b0359f35755
train,out_of_scope,extra_ibrahim_ood_diabetic_wound_119.jpg,ade4de97dd44964ed17ba6003199fb2d212161677320319fb46c207ea6f118d4
train,out_of_scope,extra_ibrahim_ood_diabetic_wound_12.jpg,a30693c457221bdfe16a5d2b787c594cc4c32201d00a65a949520cc05b82cc62
train,out_of_scope,extra_ibrahim_ood_diabetic_wound_120.jpg,e3340914b4d3c212cfbb42d7fcf05f0bf9632e7fd60d47a4649b455ba7a21f13
train,out_of_scope,extra_ibrahim_ood_diabetic_wound_121.jpg,dc62a2c665697e3988e49bbc753cf0fe0b74d3f0451d193272e923f4e84d73a8
train,out_of_scope,extra_ibrahim_ood_diabetic_wound_122.jpg,5b7e93815edc642bd2315fdb4e1ebc5be57f3603c208c08dd7503bdb716f8a65
train,out_of_scope,extra_ibrahim_ood_diabetic_wound_123.jpg,e4ca5829be9b6247d2ec36496d2885dc9d4015a2425e3f33ed18c179ddf857bb
train,out_of_scope,extra_ibrahim_ood_diabetic_wound_124.jpg,25e3648af6f01b63005d0955f15ba5c4f9c316ea70c973604103dbd0d431b7fb
train,out_of_scope,extra_ibrahim_ood_diabetic_wound_126.jpg,7960c1a8be8b0d2673a5427c858eddd605fe85d39183b7b40d7db7aafcb2cf72
train,out_of_scope,extra_ibrahim_ood_diabetic_wound_127.jpg,2cbbf044d01b4acd8fac6557c86cf70a9b7b0889f81a451b9599449ffdb98f26
train,out_of_scope,extra_ibrahim_ood_diabetic_wound_128.jpg,67ed10cf1de16de720683a92847888d60faf857cb608ae23f11c62c39aaeacb2
train,out_of_scope,extra_ibrahim_ood_diabetic_wound_13.jpg,7533d8e04dbc16fa8a3afcea39f61e3d9f15f5b8369e43df763fcc861e398a49
train,out_of_scope,extra_ibrahim_ood_diabetic_wound_130.jpg,9c0d579b69016861e9ade50fda1eba3d1c9e513a4741e9fb8afe57175d7c2e8b
train,out_of_scope,extra_ibrahim_ood_diabetic_wound_131.jpg,7ed81bb9430bdea3ae06e09d03cc25df7f4f627c9dc02775b3e2ddcfa5975b0d
train,out_of_scope,extra_ibrahim_ood_diabetic_wound_132.jpg,8bbe4f3359bafdccc8cea2463ee9a2c89caf42c8414e096eb2beb5f2262ac5c1
train,out_of_scope,extra_ibrahim_ood_diabetic_wound_133.jpg,1074370dcbe63c52e999174a57357a3e0330f912cfd1d6acc54d17e52289e321
train,out_of_scope,extra_ibrahim_ood_diabetic_wound_134.jpg,57c01574c9e08e4567f2f7c09b98c95752f77834f419a0cee983f861c42096d4
train,out_of_scope,extra_ibrahim_ood_diabetic_wound_135.jpg,f0f6dba5613dd47c3bd62c1a94967e5142caa844c56a70cbe72de4c7e38bc468
train,out_of_scope,extra_ibrahim_ood_diabetic_wound_136.jpg,4ff36ae219cb7c25befcebdbd901461bdcdacd3bd744571cb278a0f15bdaeac4
train,out_of_scope,extra_ibrahim_ood_diabetic_wound_137.jpg,17afb1537efdfb1f6c323d3cfe99698ddbf0a4959e440251c8f8d35f60e70e69
train,out_of_scope,extra_ibrahim_ood_diabetic_wound_138.jpg,5c20ba39b439519a024a419ebacb3b30e4e9d655c510f4e9150cde6817ff6996
train,out_of_scope,extra_ibrahim_ood_diabetic_wound_139.jpg,496a0fe690eca409498c3b949357511edfd8f51feae4143e61437a02cb2791fb
train,out_of_scope,extra_ibrahim_ood_diabetic_wound_14.jpg,20b7aaee7294fa98d73ceb46edd302b172e3ae9104115211174f79cf1d0b97ce
train,out_of_scope,extra_ibrahim_ood_diabetic_wound_141.jpg,a008ef385c07b90e58eab78fe2d05a908d6f0da4116045ec9dacaa7fefbc5daf
train,out_of_scope,extra_ibrahim_ood_diabetic_wound_142.jpg,23c20fe33a00379d7b93430219fdeae122ee2ea7675c76c04d015017542d709e
train,out_of_scope,extra_ibrahim_ood_diabetic_wound_143.jpg,8e8535697af4e182a6e5f8162cb2b3acae55e2ba3d27943b22d30f2be80cb78e
train,out_of_scope,extra_ibrahim_ood_diabetic_wound_145.jpg,7cce74f74a35e485ddd959b957f6842249cef8ab5d7c47238661859bece5986f
train,out_of_scope,extra_ibrahim_ood_diabetic_wound_147.jpg,5a0f702d6cf9dc15b24761397ac7b20085933aa9fc35eb965b208b80223f8468
train,out_of_scope,extra_ibrahim_ood_diabetic_wound_149.jpg,b58c73fccbda0bc59094bbad8160512bfc0d733702e89d6d4f4007100409e969
train,out_of_scope,extra_ibrahim_ood_diabetic_wound_15.jpg,cd6ef72061f7299a1743a8eacfaa8f08251e6d75294d2c04b8e08d5d631c47d2
train,out_of_scope,extra_ibrahim_ood_diabetic_wound_151.jpg,76fbc6f580ac6d035c093aaed253dade5578df36d74f5101028ccc46b0770a26
train,out_of_scope,extra_ibrahim_ood_diabetic_wound_152.jpg,6fc64122b8139bc121fb2eb02af8066781636c6fbeb7f6d925abd04150fc21f3
train,out_of_scope,extra_ibrahim_ood_diabetic_wound_153.jpg,6ab115ba51c5c68f17b2834591b52b09008c43d0449d69edaf99a1f289f2796a
train,out_of_scope,extra_ibrahim_ood_diabetic_wound_154.jpg,1f078592c2d3e3831251a438c16ddb0f163d169b0564379e40179cecec9afce1
train,out_of_scope,extra_ibrahim_ood_diabetic_wound_155.jpg,19576e283e538f14a73edcc4a43534913ed500e1b4e6234ed028d1fd5ab49366
train,out_of_scope,extra_ibrahim_ood_diabetic_wound_156.jpg,a8f4fb188655e3106275d528619e0970e25f89f6e756a012c3f0847221a5c2ca
train,out_of_scope,extra_ibrahim_ood_diabetic_wound_157.jpg,f1f0aa2e218dbc2b404a69ad0fd2a3da565d1d3319a6725c1a4bea04f277f6ff
train,out_of_scope,extra_ibrahim_ood_diabetic_wound_158.jpg,fd9c4ac7fae9796691fc317195d45efa94e2160792b275bf5f84bacba7441968
train,out_of_scope,extra_ibrahim_ood_diabetic_wound_159.jpg,f3d196475dc2ba4ee2f000e9ace0c540aea9c40f4899fca96aed0b2e9f2e74fb
train,out_of_scope,extra_ibrahim_ood_diabetic_wound_16.jpg,bf9c6d350274139e70481c8908fc396accbb9f43b517ea825645cc536334fb7c
train,out_of_scope,extra_ibrahim_ood_diabetic_wound_161.jpg,c471cf65177cecbde55d914f62a195e81c9e419472110afcd61cd842de3f0ce1
train,out_of_scope,extra_ibrahim_ood_diabetic_wound_162.jpg,3017c5f44daf97669fad9a306e1f9dd9cbf90636be17bd4a3a37b6bd341f6428
train,out_of_scope,extra_ibrahim_ood_diabetic_wound_163.jpg,77d031fcb13b1ef28254ca62eba937ab0d6c207ef071951d68fbaea982b06e29
train,out_of_scope,extra_ibrahim_ood_diabetic_wound_164.jpg,b7a8a3d8d07f056bce44b13b5f6c0860046e7e3fdec3687d95b577c71f2550dd
train,out_of_scope,extra_ibrahim_ood_diabetic_wound_165.jpg,81ddb7bfc1099f71abfee8ec13a1869c748860ba2fd5c31f8774b2ce4ef2795a
train,out_of_scope,extra_ibrahim_ood_diabetic_wound_166.jpg,c9ee92c00a7f06595649284bfd5392a5c816ab2d4324088e6ba0b55ee78be25d
train,out_of_scope,extra_ibrahim_ood_diabetic_wound_167.jpg,5e85a3b0cb77f69980ce4aacb7e6c20a3f021ee3484b65b4b706ae952b3dafd6
train,out_of_scope,extra_ibrahim_ood_diabetic_wound_168.jpg,bbe7696c330554b56725701d9ba444ef20f41b54cdb2eed862df288b4520acc3
train,out_of_scope,extra_ibrahim_ood_diabetic_wound_17.jpg,380e5b24a8bcfb2048a2747a4ddf279134e02e2ae4fca8eb13426dadfcbbff21
train,out_of_scope,extra_ibrahim_ood_diabetic_wound_170.jpg,f5766d9834780a295ac540ea75b924cd777ee4c63c412c780b9e8feccb3fb09b
train,out_of_scope,extra_ibrahim_ood_diabetic_wound_171.jpg,4941b8852d3dd96088e24f2d38e72bf0822000e05f76be6b8b414f872410ecd4
train,out_of_scope,extra_ibrahim_ood_diabetic_wound_175.jpg,fc38c589b75cb8f49c8d09f4e4c5554b2998ac137ab3024cdce9aa64e7eb79e9
train,out_of_scope,extra_ibrahim_ood_diabetic_wound_176.jpg,5c12bff6189af660f260f234c8c3d9db465da580e03600088f7f48de0020c53e
train,out_of_scope,extra_ibrahim_ood_diabetic_wound_177.jpg,bbffe98237ecf69575e66811242d4e056c2e37ebd9a6da2b1ff08220253d988a
train,out_of_scope,extra_ibrahim_ood_diabetic_wound_178.jpg,42fe6390738ed4811d53f11b8d4dc236a3c20ec271833003990b4c2a77570682
train,out_of_scope,extra_ibrahim_ood_diabetic_wound_179.jpg,390c35f757eb4e1e94bc612f63266ddd56e80eb1525dca74890966752e308a0b
train,out_of_scope,extra_ibrahim_ood_diabetic_wound_18.jpg,6994f238ff722e51565ea96dbc706f7657b23df0403716542dba9554489dc2c5
train,out_of_scope,extra_ibrahim_ood_diabetic_wound_181.jpg,485612c6709e9da6f3b78862afb91e81264466c8adf18685751c14c40e07be53
train,out_of_scope,extra_ibrahim_ood_diabetic_wound_182.jpg,83251c75746754a758b2e854b623c2d4e2f09c7ce1fdd82658ae5fc65d87ff21
train,out_of_scope,extra_ibrahim_ood_diabetic_wound_183.jpg,fb6da048f4913bbc842409d91ed309da82ef7ff1f7bc439b2fa1c73493fd02eb
train,out_of_scope,extra_ibrahim_ood_diabetic_wound_184.jpg,0520296cf7892a61a8a2b521fcbcb316c2067487d53ebdc0696b2dcaa50bb45d
train,out_of_scope,extra_ibrahim_ood_diabetic_wound_185.jpg,cfd2042d1d542947b5cf5d5b5d852e0cf2b0a7a2d3e51931682ed3dbb16760df
train,out_of_scope,extra_ibrahim_ood_diabetic_wound_186.jpg,7c88a681f9a75e28528b190f99c3c404d13bae073f3beeb6f4493fc9f982bdbc
train,out_of_scope,extra_ibrahim_ood_diabetic_wound_187.jpg,57b2ca430ba5ac17d89cdf67805c48b2befad458cc959df1b12916863aa26936
train,out_of_scope,extra_ibrahim_ood_diabetic_wound_19.jpg,c2bde628b49fa36a38c40c892618d9e4b269e80856c1f3165911bbec938d9ff4
train,out_of_scope,extra_ibrahim_ood_diabetic_wound_191.jpg,f371ef896882382d037c8e584a6b2cca3e32e94338f2529dfe2411b06458dbc5
train,out_of_scope,extra_ibrahim_ood_diabetic_wound_192.jpg,76e5d4e76c86dcef82aff88c978e2462aeead317eda156d2c66ac059d0af77ed
train,out_of_scope,extra_ibrahim_ood_diabetic_wound_193.jpg,4d4975129b923ba09897561a5ad9239842799b7b8ef3a98aacba185d19e6dd5d
train,out_of_scope,extra_ibrahim_ood_diabetic_wound_196.jpg,5f913e29afd5894480692c66bc67861b416c6d1537bf0e57fb4b86d938375b41
train,out_of_scope,extra_ibrahim_ood_diabetic_wound_197.jpg,0386e610d2bcee2625546d464a10cfb0f4d5b75bc4ad1eaa851c22af0405cac3
train,out_of_scope,extra_ibrahim_ood_diabetic_wound_198.jpg,5063c8e038e4b50c7317566121577edc7ebfe38ec8c958db28f5de6d1e61e75b
train,out_of_scope,extra_ibrahim_ood_diabetic_wound_20.jpg,4ba95526e22420524611fc926be811b61214f6c8601d71e42818742d268ab45a
train,out_of_scope,extra_ibrahim_ood_diabetic_wound_200.jpg,d33a2d1e1bc043952ce8c8ae3a28626d02e05b3d6e5e3fab4041bc99030ffecc
train,out_of_scope,extra_ibrahim_ood_diabetic_wound_202.jpg,039dce17642298476b3e8671e8b029b5b4f65ea817a8fa903af49b9792a23d09
train,out_of_scope,extra_ibrahim_ood_diabetic_wound_205.jpg,f7a2d88a4c474f5d20dcf1c8d5783dd0374baf0f5087e8b69b6b96b39cf2ede6
train,out_of_scope,extra_ibrahim_ood_diabetic_wound_207.jpg,b333b039d6298e053a2d9fe3a97cce1453df4695df4d31986a4a5210792729f9
train,out_of_scope,extra_ibrahim_ood_diabetic_wound_208.jpg,ae55c889d4cc01566e5d58333c83ff2faff8ccba3c6a544d15c03788fa0d7220
train,out_of_scope,extra_ibrahim_ood_diabetic_wound_209.jpg,27839185c8b8ac534fcc742c373801c53c93ef1b9b97ebb6dbffe39a50ddcc10
train,out_of_scope,extra_ibrahim_ood_diabetic_wound_21.jpg,3aabe3b38b805d6b8de48d4ec6e6c351b03717d7a25c1110017e8e428310539c
train,out_of_scope,extra_ibrahim_ood_diabetic_wound_210.jpg,e977baa6c00f71d6e247c9a7fee1054fee08f7cae7355c1d062f55c0ced091cb
train,out_of_scope,extra_ibrahim_ood_diabetic_wound_212.jpg,48d3acdc415cfc47e648ee64087f8a3af19f3ffc38f31937e7d966045741a2b9
train,out_of_scope,extra_ibrahim_ood_diabetic_wound_213.jpg,441d5c5de34f8664073e1ab915cf503fb1863c06a97e524fb0392db84b75f8b8
train,out_of_scope,extra_ibrahim_ood_diabetic_wound_215.jpg,c851d8a889e80292da53505cc132a2f84343028ad46689acb99ed911c5a3ec3a
train,out_of_scope,extra_ibrahim_ood_diabetic_wound_216.jpg,36af2f38a21eb790f194cec71e1a3aa2da963e53d71f89cece391919865c33e7
train,out_of_scope,extra_ibrahim_ood_diabetic_wound_217.jpg,467eda4ad7417832c7915d0389404b705976fa42347997fbf0d074cc61325ca0
train,out_of_scope,extra_ibrahim_ood_diabetic_wound_218.jpg,f6a35b1f6d277a199f450e9dad9c8dcd4a5e745afee46a4d8c8e0cadadea4cb4
train,out_of_scope,extra_ibrahim_ood_diabetic_wound_219.jpg,311a7d529076104e1b13c099ccdd6e43fb12cb0a6cfa64feb5ad22eef19633f1
train,out_of_scope,extra_ibrahim_ood_diabetic_wound_22.jpg,090e1e553b16684f77aec1e3257d570fc6cbd27c0cb49ed3687aa1e9fe843431
train,out_of_scope,extra_ibrahim_ood_diabetic_wound_220.jpg,d7608459c360b19c7c1d3f3136f112f7a3db2e1d42f50d23571d7fc25735f7e0
train,out_of_scope,extra_ibrahim_ood_diabetic_wound_221.jpg,9c13804addb3161064b46f1a8b7ae1d38c1924725580ef4bd9c9b38d88cdd009
train,out_of_scope,extra_ibrahim_ood_diabetic_wound_223.jpg,be2874ec6575e089aa69ea63efaa530a766d10b5dbc7c9e534c0898c3d551412
train,out_of_scope,extra_ibrahim_ood_diabetic_wound_224.jpg,af276f8800a20dac87d22edae028162417d9fe08a54875207c8fbdf1d2796830
train,out_of_scope,extra_ibrahim_ood_diabetic_wound_225.jpg,c07a90ffeb2fe1c7527f1850f12fbed626632995fc9fe5dd37f2cbf635e38d24
train,out_of_scope,extra_ibrahim_ood_diabetic_wound_226.jpg,3fffd2327a278cd62d5442b8a651e7997d26bda1055300fe3492e20121f801f9
train,out_of_scope,extra_ibrahim_ood_diabetic_wound_227.jpg,d5d5667595c243908fbfc764d142f17d8bca9077b90173abf5164600b473bce8
train,out_of_scope,extra_ibrahim_ood_diabetic_wound_228.jpg,46825ebfaa1f4954e9f0ccdbec1ed39c624d4df47aa6d99330bd8ab126a14d22
train,out_of_scope,extra_ibrahim_ood_diabetic_wound_229.jpg,e548c5b0669a9a1910f086aaa593421a7510de398ead7a52226c8f25f3a82387
train,out_of_scope,extra_ibrahim_ood_diabetic_wound_23.jpg,59e61e3b1a67e798307a8437fc30396dc8dd7b2d4cb52012334ef92307acc7e1
train,out_of_scope,extra_ibrahim_ood_diabetic_wound_230.jpg,291f3ce6c7653d3cf33f62dab0fd22792d9ea31e7b023d7cf3a25c44c3236f15
train,out_of_scope,extra_ibrahim_ood_diabetic_wound_24.jpg,a08c8bd3a1295c17992b124cd05224d96deb07e96d02da23dba90a0ae2b88e76
train,out_of_scope,extra_ibrahim_ood_diabetic_wound_25.jpg,87c4e1def40b2d99ebbc014385b5f6046d9232af382d0fcabe36cc3944a49dd5
train,out_of_scope,extra_ibrahim_ood_diabetic_wound_26.jpg,fe7d73d9cea2809170d256d503bd2b6c6b85e6192c6669d1339d943917a1d33a
train,out_of_scope,extra_ibrahim_ood_diabetic_wound_28.jpg,188f3ddec12ad24cf5993de3cc53b51107f6833508171466d455989b30901ad0
train,out_of_scope,extra_ibrahim_ood_diabetic_wound_29.jpg,f14009b99da6f4d47b62689dc366af23ce5ce1027c7a31b0b860ea3217334469
train,out_of_scope,extra_ibrahim_ood_diabetic_wound_3.jpg,c1abff03bde229b02be09d38dbf9199acf6a49276d8a58376f35840bc554c0fa
train,out_of_scope,extra_ibrahim_ood_diabetic_wound_30.jpg,11f88b3fed4194f8df09830bdc30a9deb1b6427a252507cf0ac8e2cb416c6bfc
train,out_of_scope,extra_ibrahim_ood_diabetic_wound_31.jpg,1ac48aed5d686b032adec41cc85160aaf6a9c6e4c89414ebcfe87d594c951e7f
train,out_of_scope,extra_ibrahim_ood_diabetic_wound_32.jpg,47605cd3c8fa476e6020bb23160ca47792db06d43e0011893051fe931aa244c6
train,out_of_scope,extra_ibrahim_ood_diabetic_wound_33.jpg,5d9b11140580e68fa2a9c2721a39de458645fee88c3a92e38ad3eb3062f322ab
train,out_of_scope,extra_ibrahim_ood_diabetic_wound_34.jpg,302ebc79f3735882d59709ae1607ddd6e3a67e5eaac376c1da862ebc45878cb4
train,out_of_scope,extra_ibrahim_ood_diabetic_wound_36.jpg,c0c126c269162ce7f752b5475096964c0fec67659fafcb19d9ddeb5829130e2f
train,out_of_scope,extra_ibrahim_ood_diabetic_wound_38.jpg,f456a68cdc4b18d141cbbbb7022f87e9aa48291577ab3b95575c54f43a35394b
train,out_of_scope,extra_ibrahim_ood_diabetic_wound_39.jpg,d2ac860994523100b0a23837e33c0b95f983e6e787d45660056df7ef4fde6db0
train,out_of_scope,extra_ibrahim_ood_diabetic_wound_4.jpg,1d79871b905a3f957128e432dfd5de3f11d336eda2ba5d25848559eb58de1ff6
train,out_of_scope,extra_ibrahim_ood_diabetic_wound_40.jpg,a5a72a36f9a461ac0051f5785f8ccf5e2309f77fbe563a701fc5326a304756ad
train,out_of_scope,extra_ibrahim_ood_diabetic_wound_41.jpg,112f9f69ccd741e90d5339b517ef333f3b544b263dca02c30021a4efb2f63e77
train,out_of_scope,extra_ibrahim_ood_diabetic_wound_42.jpg,007b43af7d3cb50c8175b70914f116e78223026dde807f9e38f5dc9e6529aa38
train,out_of_scope,extra_ibrahim_ood_diabetic_wound_43.jpg,637373e7322621641bed0fec44cd50c9ac0dbe898afa69a34c83604325ad6612
train,out_of_scope,extra_ibrahim_ood_diabetic_wound_44.jpg,3534932c454f508d4540c6c1ff8d0200acad055ba6b339ba1e28372098127586
train,out_of_scope,extra_ibrahim_ood_diabetic_wound_45.jpg,81bc80bf7f25c764438c4c31e1933f40fc83e8f184c7e9cd52e3519010c927dd
train,out_of_scope,extra_ibrahim_ood_diabetic_wound_47.jpg,42fd0082e47cc9a9a44cdd74819ef2aa1c5a009f41357571a35f76b29e76173e
train,out_of_scope,extra_ibrahim_ood_diabetic_wound_48.jpg,5630b4076ac6f174e930faa63c93b08486bbde991f3706bb7da33b3782310ea5
train,out_of_scope,extra_ibrahim_ood_diabetic_wound_49.jpg,e61cc0a3a7135fb5280d5f5e9269e5ef9d5a966cc137085fdd65a252c7aefb97
train,out_of_scope,extra_ibrahim_ood_diabetic_wound_5.jpg,0f532e25b0a7857d888b856c63232b84bec4d91656dbac19ee3ee073d48c19f3
train,out_of_scope,extra_ibrahim_ood_diabetic_wound_50.jpg,5f4127b028f3e61a00d16126381766bb3e66649cf4cb8f7f70e3db63aaca754f
train,out_of_scope,extra_ibrahim_ood_diabetic_wound_51.jpg,d56d139ccac594be83914735832572b962f2606c384241d23f2961ad95953d59
train,out_of_scope,extra_ibrahim_ood_diabetic_wound_52.jpg,2d76ccc155c7f4d3f4f28db889f53447fe0b4b714e6068c644dd55842e127870
train,out_of_scope,extra_ibrahim_ood_diabetic_wound_54.jpg,ec5b431324833db96f169a5dc5b2a6de04f4eaeb74392a6c1fe172b32571a1cc
train,out_of_scope,extra_ibrahim_ood_diabetic_wound_55.jpg,3c754552fadcfeced6b9738b9729af3cf5391b1eb7324e0866af314a87005d30
train,out_of_scope,extra_ibrahim_ood_diabetic_wound_56.jpg,5b0d8491671972e03d11fb35258c377c1477e82883a71fc6a17289e28f3c7647
train,out_of_scope,extra_ibrahim_ood_diabetic_wound_57.jpg,b02f96b701d3ded8dd392d934641429bc23bbd336ca4ca51f5b24420e66a24c0
train,out_of_scope,extra_ibrahim_ood_diabetic_wound_58.jpg,c40de3729b87ddeaba5afe344498933b299f64c411126a1fdf2c7f4734d7cbf9
train,out_of_scope,extra_ibrahim_ood_diabetic_wound_59.jpg,8c786dc2580358e77fc44ac65eff2a94a656c8e132c5f12738158130ae859de2
train,out_of_scope,extra_ibrahim_ood_diabetic_wound_6.jpg,20fcba3cb373f99e91898d57918ce3edf2088324d66a99527c5a4bdc89c287ec
train,out_of_scope,extra_ibrahim_ood_diabetic_wound_60.jpg,59ad41431ee40d2372d394a9ff7751f00b46d894ada4e7813414620785102f0c
train,out_of_scope,extra_ibrahim_ood_diabetic_wound_61.jpg,f9a166d487b5d48f74fd934b99554b0227b413146d2d09ddaa8d798d72f9de1c
train,out_of_scope,extra_ibrahim_ood_diabetic_wound_62.jpg,c6fafde64881081102d12892844701b6b02a9f302034639d7f386eec240b4020
train,out_of_scope,extra_ibrahim_ood_diabetic_wound_63.jpg,2beb093faea341373bdbf5c36d643f7952cc141d954f8a6fd55ad043d7ba68fc
train,out_of_scope,extra_ibrahim_ood_diabetic_wound_65.jpg,2ed20eb820994429a1c7cd6aea6965b3d23c6075f8fca0ee3cc14dc8d3868943
train,out_of_scope,extra_ibrahim_ood_diabetic_wound_66.jpg,7a13dffa827516719794b87cc0b3cee44627a8561bea50d672e01945b68d7bcb
train,out_of_scope,extra_ibrahim_ood_diabetic_wound_67.jpg,4e41efa0b97831bd1000eb7b05766851ae4c2c021e55e911d1441a8623769a99
train,out_of_scope,extra_ibrahim_ood_diabetic_wound_68.jpg,44f3de607de1255f32fccb2066cc82b79d54ff03d0c6726d760a0a685138e3f4
train,out_of_scope,extra_ibrahim_ood_diabetic_wound_69.jpg,ecea606dee14d840c13f716a6b33249fe4b6426eac71218c539b17ea5a284128
train,out_of_scope,extra_ibrahim_ood_diabetic_wound_70.jpg,8ba672aa358c6d3fc5d71c96454f755fc3965efc9bba25b26f79616f53d4fdf4
train,out_of_scope,extra_ibrahim_ood_diabetic_wound_71.jpg,4ceab80c6e5edcd9ba1a33a0ddd76caa41584627a47f0fcb9340fd31c605c591
train,out_of_scope,extra_ibrahim_ood_diabetic_wound_72.jpg,55215c58bfe2d2b509b81c6e03c316eb92db51fc3ff84ed40b38897bbb77184c
train,out_of_scope,extra_ibrahim_ood_diabetic_wound_74.jpg,0cdfa18baf6296f4220a17f8743ceff9c23e54de0dd8738b06074742f12fdddc
train,out_of_scope,extra_ibrahim_ood_diabetic_wound_75.jpg,f6337544689451d9ee4a5fbf24d45394f2ca9b79551346d832df5118d0e30459
train,out_of_scope,extra_ibrahim_ood_diabetic_wound_76.jpg,5530e94a98417c09a277c6833816629bac78d968c1638500e5a1c4a0445273b6
train,out_of_scope,extra_ibrahim_ood_diabetic_wound_77.jpg,efdbc752c96912875acaef169ec62e026b875862b0400248e8549f7f055522f4
train,out_of_scope,extra_ibrahim_ood_diabetic_wound_78.jpg,041d9e4eaf7b168d0ec4d2659a6fe0bdfb46196b8be0212179dcafce75804dcb
train,out_of_scope,extra_ibrahim_ood_diabetic_wound_79.jpg,d15938746bc5cb64ebb9055d06fdab036e4443d0da18021e682bbeee667c87da
train,out_of_scope,extra_ibrahim_ood_diabetic_wound_82.jpg,13b4fe557ae8e4b50f3b44bd7e31080b1e26f13bc1a5a6fb42f7e32ba508aca2
train,out_of_scope,extra_ibrahim_ood_diabetic_wound_83.jpg,bf7a4634b71d3e4ebc5bb3d1fe90a5b644cf73aa1fddb2582e11de17d62b6dd3
train,out_of_scope,extra_ibrahim_ood_diabetic_wound_85.jpg,a8d1fbeb392f317dd8400187a0380f9c36cae5e1b86c9f2e8f967b17d278f583
train,out_of_scope,extra_ibrahim_ood_diabetic_wound_86.jpg,fd370f9378219aead842909ad7f383f21f1f173a4919ba2b9cb55f90d4d8bc20
train,out_of_scope,extra_ibrahim_ood_diabetic_wound_87.jpg,dea46cd583a07bf5e36faa78e057b5c5900f235b16836659acafb2e82d557559
train,out_of_scope,extra_ibrahim_ood_diabetic_wound_88.jpg,42b439c694e0523cef61b80da6594c6e4795440ca95c0fddb1ad0a1aecf44090
train,out_of_scope,extra_ibrahim_ood_diabetic_wound_9.jpg,1ba528d9eb8aac09520e2daddd64f2707b67e7c073f3277a3aba0a7638442be9
train,out_of_scope,extra_ibrahim_ood_diabetic_wound_90.jpg,7224f9ba4d720b4fe138d01df2fff24df048243138e3cdda5629fa0658746aff
train,out_of_scope,extra_ibrahim_ood_diabetic_wound_91.jpg,c8dfefa897f1328315a42a053410ca82d627da992a20cdfbb771e91151eb65d9
train,out_of_scope,extra_ibrahim_ood_diabetic_wound_92.jpg,e31533ac40f713b9c53c97d7778ba4e92e52b72e8db1c92f8ef88fe083f75b61
train,out_of_scope,extra_ibrahim_ood_diabetic_wound_93.jpg,c218685cc408dd7817e9adf3a092eaa45151786e5feb7c718fb4b7e409e99439
train,out_of_scope,extra_ibrahim_ood_diabetic_wound_95.jpg,eb56002771a42035c95333002a3f91061e66437e82367afaadbff990f44c6c2d
train,out_of_scope,extra_ibrahim_ood_diabetic_wound_96.jpg,efcfd8b713996ea04e32930b50d6382d5cc646f35093a8b9af7f74cff86c2cc4
train,out_of_scope,extra_ibrahim_ood_diabetic_wound_97.jpg,c8f14eec847626f88649928d1baffe0d67ecbc11093df1eeb3066f65b6c872ef
train,out_of_scope,extra_ibrahim_ood_diabetic_wound_98.jpg,400165f378fc9e2740200867573803cbd22b7d87ad796d71a9eb2ef20ebbba44
train,out_of_scope,extra_ibrahim_ood_diabetic_wound_99.jpg,e693ab316ff02c7b9e867a3af6bca9963369dcd7fe052529059e4c02043f1ccf
train,out_of_scope,extra_ibrahim_ood_normal_skin_0.jpg,49c4e16af7b9da0e9688296a2f324a83f22723703cac3a3cefe16168d154841f
train,out_of_scope,extra_ibrahim_ood_normal_skin_1.jpg,dbd179529a826d6f8e7d6a082a1b7d19150b3c5ccdba74981a354b0e027a761b
train,out_of_scope,extra_ibrahim_ood_normal_skin_10.jpg,334471dc0d421c1c0e9af4dba5720e41fbda61dbde2e88184d2a352597b1818c
train,out_of_scope,extra_ibrahim_ood_normal_skin_12.jpg,2312b24b01d51c2af20a97589d18a38c3c8023da5c966662b89ef409b2940c01
train,out_of_scope,extra_ibrahim_ood_normal_skin_13.jpg,62d2812c33b2bb423bc9a939f681fcfccc564fa8123691a3e2649ff5e32a8f3e
train,out_of_scope,extra_ibrahim_ood_normal_skin_16.jpg,c7114acd3f60571ca61806fd9ed26cb4fdc4e17b319b68ddcda97e2adc88dbdd
train,out_of_scope,extra_ibrahim_ood_normal_skin_17.jpg,8838f1f158fae364427ed9588617bd10c698fe343be463c40eb3c2f10817b403
train,out_of_scope,extra_ibrahim_ood_normal_skin_2.jpg,9f4151796e1e779c04d6b649874febbc2b9707b2a88b59abf8f73dc1d30196db
train,out_of_scope,extra_ibrahim_ood_normal_skin_21.jpg,de17a12187bfebfaf72b81b2e55e0c257a545c560ab946ca33c54f9e374ac5cb
train,out_of_scope,extra_ibrahim_ood_normal_skin_23.jpg,f177bc22e16b525a69ff1af646371adf785fbf5c4cbf18465747050aaaf4c098
train,out_of_scope,extra_ibrahim_ood_normal_skin_24.jpg,f57eda71a6a43b26f225a267e0c7bbe4bedf3697555c025b32f78d4385df9c9a
train,out_of_scope,extra_ibrahim_ood_normal_skin_25.jpg,d9c1b37988d73bc767460790ef0894cb3110261af35c492a678b4ef82e881579
train,out_of_scope,extra_ibrahim_ood_normal_skin_26.jpg,39e6fb60c8608d261c57113df31f7c39484fb25f33d8e373c981fd1ef9ea05dd
train,out_of_scope,extra_ibrahim_ood_normal_skin_29.jpg,710908fb132cee6c89f6ca179cdf99cddb08d6d18710da2248da07ef4873b498
train,out_of_scope,extra_ibrahim_ood_normal_skin_3.jpg,9db1a90b39f5f00e5a407e5cff797e85ab1e6de4f7893a409e60c91a8748bc09
train,out_of_scope,extra_ibrahim_ood_normal_skin_30.jpg,773925432b73fdba26a00fa460acf90c5ed6fe3a91bb6c90eb4d65f76f334073
train,out_of_scope,extra_ibrahim_ood_normal_skin_31.jpg,e21f8864ca959eb9bc373a49d5454d1e545f6433587757d881a163c563090d46
train,out_of_scope,extra_ibrahim_ood_normal_skin_32.jpg,77c21ef660b9e2ac7cf72d763a65a70c1b5690c98ec34a76f9df61fa62b40acd
train,out_of_scope,extra_ibrahim_ood_normal_skin_33.jpg,0377be3421836bd2352f22511b347b92c00741658a376673dce469559286e6e1
train,out_of_scope,extra_ibrahim_ood_normal_skin_34.jpg,2b586772c91ab9344d3b4dc7739d35782b1e48169436b5013ebae654a529dd6b
train,out_of_scope,extra_ibrahim_ood_normal_skin_35.jpg,c49a62cfcc5f65462832adbb8820dce4e64fd7c137f3e85dce6916a158f8600d
train,out_of_scope,extra_ibrahim_ood_normal_skin_36.jpg,6aba907246e947a4ce6a9a4e88ef740782ac062126207ec5a834ade645b46cd7
train,out_of_scope,extra_ibrahim_ood_normal_skin_37.jpg,68df6d516bbcea9ced33ffa91931659f8938c083ca971939419426391327b7cb
train,out_of_scope,extra_ibrahim_ood_normal_skin_40.jpg,7d263c9ca4b854f4a90abb844bf83119e57e55ba8549ad917aaed43b8d0a9494
train,out_of_scope,extra_ibrahim_ood_normal_skin_42.jpg,f5ed0d30f002fc4378c2a857e81132bd80c2202efa06ffc46aae043ce7b90b32
train,out_of_scope,extra_ibrahim_ood_normal_skin_43.jpg,84840dcac5ad263587476a265cbf226a4b2c8d0a8c0d7e5c62d2f6a7fd5cd201
train,out_of_scope,extra_ibrahim_ood_normal_skin_47.jpg,9f22d0baa0395cdba035fa325d8b25bd6900f4709eb54978663f9775a6e4b150
train,out_of_scope,extra_ibrahim_ood_normal_skin_48.jpg,6b1dbf70fc417718081a150e1221d5ab891078d4b74c8ce8655cd22174552dff
train,out_of_scope,extra_ibrahim_ood_normal_skin_49.jpg,2cc55b3c954a5ac8e05044198c790bdd48e4f1d02f9e91a749e6129b7c294bc7
train,out_of_scope,extra_ibrahim_ood_normal_skin_51.jpg,992a162ef41376713ec461dafadf9acd8cc6525ef5098ade6afa44774d5c0eac
train,out_of_scope,extra_ibrahim_ood_normal_skin_57.jpg,9cc5489d3ba73c7e6c1ffe42396b840db0c41e472116442bb5f8eb2db5629357
train,out_of_scope,extra_ibrahim_ood_normal_skin_59.jpg,3c7b5a4b7cbeec01ea27ff49fd896bc02ed387a43000532dee876e3ea82d784a
train,out_of_scope,extra_ibrahim_ood_normal_skin_62.jpg,853449bd2d1e3b2686494b01a5e54ba055f6d98206a9720f14e96e9e42c7b86a
train,out_of_scope,extra_ibrahim_ood_normal_skin_64.jpg,b94f54601fc7619b18462113671d69914440bab550f0dd8dc17fd4e9a3e77e23
train,out_of_scope,extra_ibrahim_ood_normal_skin_65.jpg,67b504e03f8a5bbbecad6fccfe12c0f2ca56d77c7c505120d71f13d77c5ccd64
train,out_of_scope,extra_ibrahim_ood_normal_skin_66.jpg,c5e94ec9fc07433e8859c9345347700a9ee61b9faaf8cae04287604d5369426e
train,out_of_scope,extra_ibrahim_ood_normal_skin_67.jpg,cf9bb074818b2033d12f142c54158d0a01c992c485721cfe5e0e8d61694e2dae
train,out_of_scope,extra_ibrahim_ood_normal_skin_69.jpg,964e375664f1d4ae30d368d1fca79ab4295a72458468a25f78ded5bebe262acf
train,out_of_scope,extra_ibrahim_ood_normal_skin_70.jpg,817fe07d9d972c8796793c671a9a27bb9455f9987b1d0ec7efd69bd56c883425
train,out_of_scope,extra_ibrahim_ood_normal_skin_71.jpg,c87a6f42c7cb6c5ae5cf9f32b8d8c306100c28a0ba027d86ff5fd2c664c5299b
train,out_of_scope,extra_ibrahim_ood_normal_skin_73.jpg,559c1ad555184d7690a43de84fc78628ee95566c5479636cb5a6928352df1c3d
train,out_of_scope,extra_ibrahim_ood_normal_skin_75.jpg,4e664eec5f660a2f03ccc47d388aa5150e0d49b93d91ba85f1833176220c6822
train,out_of_scope,extra_ibrahim_ood_normal_skin_76.jpg,a443b0d53b8d6037f91a8e8ee212314a58dc3264471f0c5258969856c0d6e1dd
train,out_of_scope,extra_ibrahim_ood_normal_skin_77.jpg,a1ada24e5fd2c812d9993ecfd9ea7fd360fbaa7d9afeadc2140a5df10c6da385
train,out_of_scope,extra_ibrahim_ood_normal_skin_78.jpg,294b713a1ad91531660fc1279241c014f8ab8cc6553402ba5cf4de17595d7c3e
train,out_of_scope,extra_ibrahim_ood_normal_skin_79.jpg,fc46f31beb1cb60e00303034b261784a24c33052ba721e09559635f263e2d761
train,out_of_scope,extra_ibrahim_ood_normal_skin_8.jpg,c45d17e1397c7d0440093a4d480ea47d2bada58bc4af9f6e8b818956506df5fe
train,out_of_scope,extra_ibrahim_ood_normal_skin_80.jpg,f7b1a099b841ab11724e0cd3d2256ed1a4cacc1219e481655ef785939eb5d5dd
train,out_of_scope,extra_ibrahim_ood_normal_skin_83.jpg,63ed784865a4ece3439f1a53c7a3e42c01c50e476e11b7bfe935fac1999af948
train,out_of_scope,extra_ibrahim_ood_normal_skin_9.jpg,33891b9aa753b2e78156b3c33d81722687db90ac5e11199397dee5b8f3ef73db
train,out_of_scope,extra_ibrahim_ood_pressure_wound_0.jpg,9fc7133e4bd3edc2fbd6be76f982d6a853325994c210f23a602711fe8140fb19
train,out_of_scope,extra_ibrahim_ood_pressure_wound_1.jpg,8fef83b63f4421d9e1297f109443c8205bc72f8daec999c2f7e35ce4b390c312
train,out_of_scope,extra_ibrahim_ood_pressure_wound_10.jpg,0056b7d4c7a08253476678244077ca1982166e122d44dc9c3d6229f285d2c804
train,out_of_scope,extra_ibrahim_ood_pressure_wound_101.jpg,cc9b75c5f5130ba1f1f4b1b1c20735f5a5eebcd896efad2c02a4879490c3c17d
train,out_of_scope,extra_ibrahim_ood_pressure_wound_102.jpg,0d11f1460ec38749dffb73b518348bbbca670f2e334456aaab97b7140ccaee50
train,out_of_scope,extra_ibrahim_ood_pressure_wound_103.jpg,91b61582b4a64feaf4af8caa0fc43ae41b4f1a20043ae926b0388c1d01c6eee6
train,out_of_scope,extra_ibrahim_ood_pressure_wound_105.jpg,9dda8d3578c6bad654597c54967ab20842bd6e65cba5bf42bce05530b5bdf3c1
train,out_of_scope,extra_ibrahim_ood_pressure_wound_106.jpg,2e441acd024b8f79117bef5887e8a898b50bcc76168edacf4771733013a3cac6
train,out_of_scope,extra_ibrahim_ood_pressure_wound_107.jpg,9c4f38831f78a8b2bfcc8b2b475608ba21df3fafd763f9811971585a179c9a96
train,out_of_scope,extra_ibrahim_ood_pressure_wound_108.jpg,9d359d276c75e17f77ad18371b59cc3ddb5b415e71f664fbdf465686adefa809
train,out_of_scope,extra_ibrahim_ood_pressure_wound_109.jpg,afabe1881770dbdf0c42815d38e25269b9f24cbedb031b96aabe090326ef41c0
train,out_of_scope,extra_ibrahim_ood_pressure_wound_11.jpg,8a9278eba5ebbb38506b615830e602d8fb40b1532be884a0117871cd37989a8d
train,out_of_scope,extra_ibrahim_ood_pressure_wound_110.jpg,eb23dbe0b6e419e54de6805f41703e4020e7eed5ebd3a19c97784d330d9a4062
train,out_of_scope,extra_ibrahim_ood_pressure_wound_111.jpg,5ecf8be49e10a7d2df58890a5592796e53c78001df38ab19c37e05e36089224e
train,out_of_scope,extra_ibrahim_ood_pressure_wound_112.jpg,1bca8d5330e12813472e492a6cc53d9374d9e4ac3e6e7f539451c40aa465355d
train,out_of_scope,extra_ibrahim_ood_pressure_wound_113.jpg,90a05662dadb434c256b7550c3fdef42115790b66ec4a2884ab5388c1a3fe2a1
train,out_of_scope,extra_ibrahim_ood_pressure_wound_114.jpg,691702b951fdc1689fed399aac833a4139438942b3514ad29642008f24dbc33a
train,out_of_scope,extra_ibrahim_ood_pressure_wound_115.jpg,b3dcf9c3a079679323492f126d43fc2e099ffd61ac1cb97fdc5f9eb46604a1a9
train,out_of_scope,extra_ibrahim_ood_pressure_wound_116.jpg,eba643c7775d7960eaed3fd002e0bc843653b4face28da4b51b1b428482fb0c7
train,out_of_scope,extra_ibrahim_ood_pressure_wound_117.jpg,0b548df13ad3004fbe991ca3c6c27bc1dea964096f6bb8544cadfdc604fe5576
train,out_of_scope,extra_ibrahim_ood_pressure_wound_120.jpg,9d5f3d8110ddf77f62fcb8f8a389268c3f9328f7c6875451d54ef5e721ff6287
train,out_of_scope,extra_ibrahim_ood_pressure_wound_121.jpg,c6b24185cbcc7c58c9838f04d49bd2903582f1847fbf3afe2887ed9e5464825c
train,out_of_scope,extra_ibrahim_ood_pressure_wound_123.jpg,11a8c7d8435b6a928dfe773c87db922128f74ab929c83c9f7bad8439f96b911d
train,out_of_scope,extra_ibrahim_ood_pressure_wound_124.jpg,86248575413b9c02632cea2941d8b82889c43388537d85c8dc5bc68481134a5c
train,out_of_scope,extra_ibrahim_ood_pressure_wound_125.jpg,51cef4ac2b885abc785abdd20d44748278ec9d898090e3a5a2c78171e7e82339
train,out_of_scope,extra_ibrahim_ood_pressure_wound_126.jpg,8045144f978052cde81d8190133822b183ac51fdd6caab0fdd753ed995bafbcd
train,out_of_scope,extra_ibrahim_ood_pressure_wound_127.jpg,50f2a18f0d79d50b62abe439a604d943b3b605ab04fb1f7de44234c2784eadc2
train,out_of_scope,extra_ibrahim_ood_pressure_wound_128.jpg,cc3566a4b6f4b7357f580f415b05e5b644078421ccf1820a7027cd81988c0bea
train,out_of_scope,extra_ibrahim_ood_pressure_wound_129.jpg,d0fe8f6bd638d01817dbf5e17b35d25d78ae458344b1046b2e37a6c01d29c87d
train,out_of_scope,extra_ibrahim_ood_pressure_wound_130.jpg,c9bd6bcc3a763fa3276c4415ae3af8df17c328174a84be29f2799cf7a4a37e6f
train,out_of_scope,extra_ibrahim_ood_pressure_wound_131.jpg,01c1fa2e31cf906d7ae326457645dc1aa171b64f947b14e83bded6e40262ea18
train,out_of_scope,extra_ibrahim_ood_pressure_wound_132.jpg,fe46596a66f051f276e7b35e97abb6e2a19d7bccf687c2882814f00a8664a08b
train,out_of_scope,extra_ibrahim_ood_pressure_wound_133.jpg,e36f70d3b4ec6c320467d776ecc0b75f486fcef22e93085b8a9acd335316fc2c
train,out_of_scope,extra_ibrahim_ood_pressure_wound_134.jpg,66cd3222f70e19b30fc5b96561270ae2cdeb212000b6bff3aaf295d1615870ec
train,out_of_scope,extra_ibrahim_ood_pressure_wound_135.jpg,94fab3054925eee81a28f4935e6e5185814085f2709ba238b933ef1a2e809cd3
train,out_of_scope,extra_ibrahim_ood_pressure_wound_136.jpg,a62c59244f13e52a3f48ddbed75851178db4d36c57342bd5310d7e214fd39d9d
train,out_of_scope,extra_ibrahim_ood_pressure_wound_137.jpg,00aa9e76c385d2915cf7fa38d377eb292381e798c247d8f0ea7d9facefa2e29a
train,out_of_scope,extra_ibrahim_ood_pressure_wound_138.jpg,21cb2354aa3fc65b52f4f6c6041bb13c3dd8d8bc068bf277dc4ba990f1afe7f3
train,out_of_scope,extra_ibrahim_ood_pressure_wound_140.jpg,3336f99822ad9ee7fa22a29a05f88442c0b8d7c5847afb6b1dfe16fced0aa6f2
train,out_of_scope,extra_ibrahim_ood_pressure_wound_143.jpg,a0e8e0ddb979d806fda5f84cc223fe57ae19f88c7fe4fea65a68a0e395ca5c7a
train,out_of_scope,extra_ibrahim_ood_pressure_wound_144.jpg,ed2b42a4bf10c0c71202f0e87eca6c8a85ee2f6f1ddb8613ae6e3a6fe1ca6998
train,out_of_scope,extra_ibrahim_ood_pressure_wound_145.jpg,1a585b29d87f0124790cfde5300906073fb1ee4d63a5f058137e33fa950b4f3b
train,out_of_scope,extra_ibrahim_ood_pressure_wound_146.jpg,a0eb440a5fd90024bcc5bd32f6ea8f12469d2ae52d45476336bfe5dc0ff77302
train,out_of_scope,extra_ibrahim_ood_pressure_wound_147.jpg,c0e70ca2232d58be00e0a607e1a5abba45befac5ed5e4661bd4151e4cedd41bf
train,out_of_scope,extra_ibrahim_ood_pressure_wound_148.jpg,783711d75b707f4febbe727bf3c23d8bd8b613f1e26915958d90559451895757
train,out_of_scope,extra_ibrahim_ood_pressure_wound_15.jpg,c16e63d37d8e47f6abee2e3e6ad3d652e6d4e149701fcb628b7bf86b948534a7
train,out_of_scope,extra_ibrahim_ood_pressure_wound_150.jpg,efbcb2941f36a1682e75287de81db35dbcb1d6cfa0a4fe4a0276bb33a4e4df22
train,out_of_scope,extra_ibrahim_ood_pressure_wound_151.jpg,15715f688f782318c4778d0bd2f1d90c151dd253d299392086dbcd2dad58dad4
train,out_of_scope,extra_ibrahim_ood_pressure_wound_152.jpg,ad41c2e7b8683f6177347c308d8b47ee4b5977e7330106291abe153e34124b34
train,out_of_scope,extra_ibrahim_ood_pressure_wound_153.jpg,08f8037d3040939bf9ec794c77ae53f933d0af5c6c3450b2a58c9f560593ea68
train,out_of_scope,extra_ibrahim_ood_pressure_wound_154.jpg,8ffc54bac5e0aadcff3ed1b3bec7b4d0350af30676e54f04924798ebdf241b2a
train,out_of_scope,extra_ibrahim_ood_pressure_wound_155.jpg,ecf5df379cbbd9470824194b042dd477925b5eae66d9556100a9d07e6831c3a1
train,out_of_scope,extra_ibrahim_ood_pressure_wound_156.jpg,325c1f6f0d3f91d1d757d947f40bc84f7e8c414e622c87ecc636c192208d11e0
train,out_of_scope,extra_ibrahim_ood_pressure_wound_158.jpg,aad76be54c9eedb554bde846a7f6ab5d6bdd743402d7b187761f14402c65a8af
train,out_of_scope,extra_ibrahim_ood_pressure_wound_16.jpg,f2cbf8985f65319047ae5f31cbef07c4c10e05eca7fc451c242342eff8d3d6bc
train,out_of_scope,extra_ibrahim_ood_pressure_wound_160.jpg,4098e9361f311dce1d908f2e8e32c5933d1c4d12c0510c7934bff1fcba81fbcd
train,out_of_scope,extra_ibrahim_ood_pressure_wound_161.jpg,ad655d5eab7a505b64706527eaac55d6f05aa4a0da6fdedd7d54271e97e2318a
train,out_of_scope,extra_ibrahim_ood_pressure_wound_162.jpg,3ceadcb2812cac1bd04912fc12aecda2bbf7709c4ea461ab44330acf6e922a3d
train,out_of_scope,extra_ibrahim_ood_pressure_wound_165.jpg,e26af1cb86590f7534f4ef4015ca20cd2358f40ba895320ebdc0e259901ddad9
train,out_of_scope,extra_ibrahim_ood_pressure_wound_166.jpg,b44d76d103190b2d747bd5564a32951b60032d2a9106edeba109a3ab40f07d82
train,out_of_scope,extra_ibrahim_ood_pressure_wound_167.jpg,0293f7c9bfc99fb4e8ab82e35e5f12c22657147437af8fbab33734bde35d46af
train,out_of_scope,extra_ibrahim_ood_pressure_wound_168.jpg,d3eae3db8a690b8b730dcf05a33d94b4b6c17ebbca55e4906febe2a3aeebdd4f
train,out_of_scope,extra_ibrahim_ood_pressure_wound_169.jpg,5da573fd606c85f295c7e2191e7797715adc5bc8ffb557eb626d1c684968043f
train,out_of_scope,extra_ibrahim_ood_pressure_wound_170.jpg,109c744aaf8f4304cdefbe2c66fd4747ac5396d943e6478309332c05072af40f
train,out_of_scope,extra_ibrahim_ood_pressure_wound_171.jpg,7dc06cf0356b6e0b8ea5601bd9d30df72d30ef410b48dde6fd94f162cd0bbec6
train,out_of_scope,extra_ibrahim_ood_pressure_wound_172.jpg,c8856012de1e7d8c85e7a0fcfde74aa2c04f5cc2eebcda61d8c854c0816652df
train,out_of_scope,extra_ibrahim_ood_pressure_wound_173.jpg,f27b3829514a286115b89e2b25372888a37ce98154045e8af92e79197735f0d0
train,out_of_scope,extra_ibrahim_ood_pressure_wound_174.jpg,5820e6a8b4d4a0a10ee92638719194f2b322fa99451c385fd592809a4328bf5f
train,out_of_scope,extra_ibrahim_ood_pressure_wound_175.jpg,b707b05ab4304d853287ea9d0698d73fd5d8c0cac54f9d64781e73aac6db2545
train,out_of_scope,extra_ibrahim_ood_pressure_wound_177.jpg,281a203b652dcc875d817c92d170e22d3444beebda06c7f28c4e13da42ecdc9f
train,out_of_scope,extra_ibrahim_ood_pressure_wound_179.jpg,2f61e8816ef64841e1b2ea67c61e9413daa4c18399d5cdb76b0e31a9853db974
train,out_of_scope,extra_ibrahim_ood_pressure_wound_181.jpg,a0bef4374c057d9369de9f0559d2b793e6df7cfdaa56e9ef90a2023b963d5299
train,out_of_scope,extra_ibrahim_ood_pressure_wound_183.jpg,9770f0dfef4ebbcd0b945f4bbe39efd6438bd5fda6f09e4e3dedd09fcaf9df71
train,out_of_scope,extra_ibrahim_ood_pressure_wound_184.jpg,a23c4f9f84bc0bdfd60d3d7f7549623d30a8120f8eaf2e360064f2d3a630cec5
train,out_of_scope,extra_ibrahim_ood_pressure_wound_185.jpg,9fffa54c425518c603d5b70fae196521f01da9501ff3a0b6472113862911a60e
train,out_of_scope,extra_ibrahim_ood_pressure_wound_188.jpg,6e5737d3cfae6f96c74351dd566e9f7f07e2f9529171be126d42bb5af3c42c67
train,out_of_scope,extra_ibrahim_ood_pressure_wound_189.jpg,f0ba2ad87001c5651fe6d5247f019bbeafacafcc741ca6ff8bc5306fa0cfb73b
train,out_of_scope,extra_ibrahim_ood_pressure_wound_19.jpg,0493724d67eb304b696401e84e07811a5119b8243ec1af66a9bd95aad6d96bf4
train,out_of_scope,extra_ibrahim_ood_pressure_wound_190.jpg,35fe13e2914c3b53ba511924e4b364e66edff4713fab1069ed251f2993203b26
train,out_of_scope,extra_ibrahim_ood_pressure_wound_191.jpg,db2d0f55d1b224b2f287b9b2c978a73f08d7991953e21028334e76ddd7f1581f
train,out_of_scope,extra_ibrahim_ood_pressure_wound_192.jpg,bdcfa6d1b745889fc69351806755eef837bfa976a030d3cb6f5ee5921dbf6ebf
train,out_of_scope,extra_ibrahim_ood_pressure_wound_193.jpg,210f96e312954bb14b3d353843c8f3be5fafd9bcabf22751c3e1e9f96f76009c
train,out_of_scope,extra_ibrahim_ood_pressure_wound_194.jpg,a8218bc6ca917b71ea3aa301d13efab7a925724010b92e471a47f34ffdf5b6da
train,out_of_scope,extra_ibrahim_ood_pressure_wound_196.jpg,7ffd169fc79988dd39c9208d2e1c1c2fa8f23c404b3317cd6df402dec756a500
train,out_of_scope,extra_ibrahim_ood_pressure_wound_197.jpg,8565c3994cd2b696c7e300ff1e6d6d7457e5aa5db14a5dc0975057fc900280f3
train,out_of_scope,extra_ibrahim_ood_pressure_wound_198.jpg,23c52485dc982a09ab2186065b6c76237964ace102d171623686bbcad61fec26
train,out_of_scope,extra_ibrahim_ood_pressure_wound_199.jpg,080ae5a43bcb1cf17e5e4c825558f09eb98441f4f3207a6c3b65edbaed9040b5
train,out_of_scope,extra_ibrahim_ood_pressure_wound_2.jpg,e2b1305c60c80913283ea91e3d07f23976d09363fff6161dcca722b2d40f62a3
train,out_of_scope,extra_ibrahim_ood_pressure_wound_20.jpg,6afac6f78007b886cd28d3622f1e3fa063d1f777601bca18283a9fe552a7cd5f
train,out_of_scope,extra_ibrahim_ood_pressure_wound_201.jpg,ddc9a59ac92a834cd3cbf705b92682d69c0293ba54d366ed54d99a52fe3fb4c2
train,out_of_scope,extra_ibrahim_ood_pressure_wound_203.jpg,283d9b71f7e3414ad93e661f3d0ea3479d8e0462f0b5f42db5479ab0dbf75aed
train,out_of_scope,extra_ibrahim_ood_pressure_wound_204.jpg,edec1d18ef7d3d52b2b02a5d789ae071808f45569e3ab450799f7a4dc6197e1d
train,out_of_scope,extra_ibrahim_ood_pressure_wound_205.jpg,d850f18b70a28f96f5bc792fa039585c6dfb7e46b3a0dd1f98759e385b58fa40
train,out_of_scope,extra_ibrahim_ood_pressure_wound_207.jpg,bd815d7e8520d89b10319422f453d486559587ec092c105f78d5edd6e3d65f3e
train,out_of_scope,extra_ibrahim_ood_pressure_wound_208.jpg,1137a7813ef7b94edb4c4ba3437343ad7249f31ef29214fbe9b4a2f031823c03
train,out_of_scope,extra_ibrahim_ood_pressure_wound_209.jpg,4e41084291e66e97f2f4ec6163fcfe372f8465dcfb81cbd8f4004a119bde2fb0
train,out_of_scope,extra_ibrahim_ood_pressure_wound_21.jpg,dbb49ab1183b77e6a21f0e96a34541bf921ef9f82756ff3dba0a99fdb7a2bccf
train,out_of_scope,extra_ibrahim_ood_pressure_wound_212.jpg,5306e51fd2aef049a732ff89ee7c5929ef2200748c1ebf0aba7f4aef49f9b3b1
train,out_of_scope,extra_ibrahim_ood_pressure_wound_213.jpg,e09499f9bc4f066d7d0cf504c9b16a7d161fac93f9fc5ae86585c75fad193c9d
train,out_of_scope,extra_ibrahim_ood_pressure_wound_214.jpg,d5538d0e6b9bcb1c31c69ea1bed224b66cc93577cb16f3963421be3439340cad
train,out_of_scope,extra_ibrahim_ood_pressure_wound_215.jpg,df0f55b0af16bcc5c7b941f3120f6e4ffebcf34ed20df39f11069e2f322c28da
train,out_of_scope,extra_ibrahim_ood_pressure_wound_217.jpg,248efdd880c207647a126c31ee55b48060c9a369a1e2805d94a00284a1e92431
train,out_of_scope,extra_ibrahim_ood_pressure_wound_218.jpg,71ec3204439acbe52f78910858eb082a0d58868c9980bf8eb990ef8b6963b837
train,out_of_scope,extra_ibrahim_ood_pressure_wound_219.jpg,10387a4cb9ffc38013c9e5379b66b6860d198dcea3b6368465e693a05335cfdc
train,out_of_scope,extra_ibrahim_ood_pressure_wound_22.jpg,28ea7b1bfd5a37fa590dcee01000d86a7a7d4259fe540f4c75230ac6f4ff6ce7
train,out_of_scope,extra_ibrahim_ood_pressure_wound_220.jpg,38d2a397d32f9184ded4eacf1ed5c5fcf77c6242112fd4ced4ca9d00d8765d10
train,out_of_scope,extra_ibrahim_ood_pressure_wound_221.jpg,07341129690344dadbc8dfb392dd26eaeda91a06884fe4cee53a7452832e2d02
train,out_of_scope,extra_ibrahim_ood_pressure_wound_222.jpg,f7b81cde2e35e506edf9b03f5fa141fa3bfeab3dea390516295938328da8dbe5
train,out_of_scope,extra_ibrahim_ood_pressure_wound_223.jpg,ee61eece6e9f4f42751164dc24d91814b0646fc0ed30290b9798258657c831cd
train,out_of_scope,extra_ibrahim_ood_pressure_wound_224.jpg,518ec6376d683e45c2a01d0e3535c809aecb3c4c21c2383eed95351db79cc0d4
train,out_of_scope,extra_ibrahim_ood_pressure_wound_225.jpg,9e1cf229bc01be3ee649198fb1b5441a52594f455a4392d92ad98936bf57b270
train,out_of_scope,extra_ibrahim_ood_pressure_wound_226.jpg,9be80a47a691c1dcec0d9c592f2fcb9daacdc4278705520a7d1a9fa0cc43f465
train,out_of_scope,extra_ibrahim_ood_pressure_wound_227.jpg,dd4e55ff1aa73c60f3a0545721ccdc2c3c3d37fb57955f7e5f15ef84f2ca93d1
train,out_of_scope,extra_ibrahim_ood_pressure_wound_228.jpg,b3cce82d66345d311c4812fbd20e3a85f6f3b0944156d9d5cdda2ab6c89c5829
train,out_of_scope,extra_ibrahim_ood_pressure_wound_229.jpg,003bbcd61008ab604624766506c45b7d1c9f5f7a1a53701a5f71d78d1605bc89
train,out_of_scope,extra_ibrahim_ood_pressure_wound_23.jpg,65811ff3c8219e1c58d35cbb2470312adb9b003684847bfece8746c5915e0d93
train,out_of_scope,extra_ibrahim_ood_pressure_wound_230.jpg,877c8f1e9b7c9a2f68b0da93642ef1a49ec59d0a3bdcab75cb295c8a7c0c8add
train,out_of_scope,extra_ibrahim_ood_pressure_wound_231.jpg,07763329db70c59911165af94be77c080b81095dc70c37efb72a9cfd300743f0
train,out_of_scope,extra_ibrahim_ood_pressure_wound_232.jpg,217dabeb8578722785ddf6f4769da0c9a3c21fc15804f4fd1ded1e1a6a430228
train,out_of_scope,extra_ibrahim_ood_pressure_wound_233.jpg,2b3eabe80e5664a777ad42f63d865e385dd9b1349d7d0774ee95efbd7ecd344f
train,out_of_scope,extra_ibrahim_ood_pressure_wound_234.jpg,2efc2b9de881a8e25c172aeadb79482814fc71e333c6cd302006cc40a3f50fc8
train,out_of_scope,extra_ibrahim_ood_pressure_wound_235.jpg,b1852a92eed5bdd7a7edc8edaac26a34932d5e1231d2c4c73be4968e07dee2e4
train,out_of_scope,extra_ibrahim_ood_pressure_wound_236.jpg,481323db61fc9178bb8f64dc1c753e7b187322a8b09460d41f0ec3731cedd383
train,out_of_scope,extra_ibrahim_ood_pressure_wound_237.jpg,99f08ad9303a26f1784becb18df727dad1cd65b4a9998425124202786588c486
train,out_of_scope,extra_ibrahim_ood_pressure_wound_238.jpg,20c7619921028ab1622e29e054ed09dad04cf8ddf0046f77c9d41a02312a1723
train,out_of_scope,extra_ibrahim_ood_pressure_wound_240.jpg,36b58c4dba0674718376976f71ad84d82181c19d4b579ba914918f9b36508ecd
train,out_of_scope,extra_ibrahim_ood_pressure_wound_241.jpg,d93c56983c6c96e32a9e335f00d820db825b175a545601c2f13ff867ba3c7c56
train,out_of_scope,extra_ibrahim_ood_pressure_wound_242.jpg,dd76afe454f3cf09c3a6c2573bfe7fccea85ef8feb008dd9b868b33695ac6e4e
train,out_of_scope,extra_ibrahim_ood_pressure_wound_243.jpg,a57c8e76e6d6fc69d2255164bb0f25f45ff096f2d55b98faa598c4b0dc27a32b
train,out_of_scope,extra_ibrahim_ood_pressure_wound_244.jpg,409af29e7ce54704a1dfd20dc6002bb329d2b94f37e459aff63f0c1174ec8873
train,out_of_scope,extra_ibrahim_ood_pressure_wound_245.jpg,8e5026fc5b20138780c8934c0858ec5210ed624017b7053bafe12ce06b54463b
train,out_of_scope,extra_ibrahim_ood_pressure_wound_246.jpg,ddaf1acc174cad759fda92d99b2c66b557083363ccf4140961783858f609343b
train,out_of_scope,extra_ibrahim_ood_pressure_wound_247.jpg,9871329f0bbc0c4c04ef1d115336408cfede3d3d3208141c83e2386f2e2925df
train,out_of_scope,extra_ibrahim_ood_pressure_wound_248.jpg,43e69c7425929414d45baa1e174d0c555d84d6d71a9548c197971323f6d70b32
train,out_of_scope,extra_ibrahim_ood_pressure_wound_249.jpg,0aa3e0ddd8b495238cf209341bd71d7879b1df16296ac76d41b8094dae42ea10
train,out_of_scope,extra_ibrahim_ood_pressure_wound_25.jpg,5a0169edf0da92a33d82532db6777038d2a0777f45e79db366b612eb6a008e33
train,out_of_scope,extra_ibrahim_ood_pressure_wound_250.jpg,ecdeb3c3a28e875db87abc781959c54aee3a5b6a943c5459c881dba46064fc29
train,out_of_scope,extra_ibrahim_ood_pressure_wound_251.jpg,a33b7a27a4ff1f05f8833b146d37aed3ff74b3edb1350bd9debdb2352d651772
train,out_of_scope,extra_ibrahim_ood_pressure_wound_252.jpg,e9390152dcd01bbf0167c0fa249d1a6e1c160b1ebfa61c6b084e11f7636c5956
train,out_of_scope,extra_ibrahim_ood_pressure_wound_253.jpg,3350290f42953dafb54915a5797a76ca9649013c639e29ac4a7ef600e05c6739
train,out_of_scope,extra_ibrahim_ood_pressure_wound_254.jpg,9575176271635fa2c1a16516397e7a78db5d309cbf5e2a17459fefe90181c6c9
train,out_of_scope,extra_ibrahim_ood_pressure_wound_255.jpg,cfdceda93b834e145e6d4fe375f829b4800e2be8ec3068ebcc65a499c70ba587
train,out_of_scope,extra_ibrahim_ood_pressure_wound_257.jpg,1ed675e166fd98edf7e1df081cd2ea675c35c67b446e59e7c8eaeba8f99c2a49
train,out_of_scope,extra_ibrahim_ood_pressure_wound_258.jpg,5bf08cefe44e44c31327b670588454c8bd88982e6333e47d2c8632c20d403362
train,out_of_scope,extra_ibrahim_ood_pressure_wound_259.jpg,ff490ad06c3a3db31c67fbd375bf63b05481987c135f9727f30a3a1c8ef639b4
train,out_of_scope,extra_ibrahim_ood_pressure_wound_26.jpg,cdb46e5b0a38b29a8a1db31b28aab93566db0f17a9c3fb310cf4caa0a3f2bd74
train,out_of_scope,extra_ibrahim_ood_pressure_wound_260.jpg,f9e7ab3ebbd9700321e55ab3d0eb5f36868df47f6f874764b5f0657bda990a13
train,out_of_scope,extra_ibrahim_ood_pressure_wound_261.jpg,137781c2fbdb7bf3690c4d4ebe8fae2c2a362099682b88c614bb7b912c07da5a
train,out_of_scope,extra_ibrahim_ood_pressure_wound_262.jpg,773cfd7b1678709991658d112b07e8c3f28760cf5fdf1ffe73bba0016f57b24e
train,out_of_scope,extra_ibrahim_ood_pressure_wound_263.jpg,33be7997666452163d2e665823cf690983f33a3cf2d0cb0a946bd61be20349ff
train,out_of_scope,extra_ibrahim_ood_pressure_wound_264.jpg,26a8d7b250bd46f70ed3be9f58673ba1a36e0a65a801f3cc65142a0b489b1156
train,out_of_scope,extra_ibrahim_ood_pressure_wound_265.jpg,ba2cffab9d1847611722789e7d23c6879f2499d6d84dbef4506f8a4f2b94f707
train,out_of_scope,extra_ibrahim_ood_pressure_wound_266.jpg,5419faf9cef5f615bc2dd6967ef3584156a3c52aae844c9999ba5fde1833ffd2
train,out_of_scope,extra_ibrahim_ood_pressure_wound_267.jpg,01707b1051cf3099dfe528a665ad857bc3fee25607b2fef50c32bc06451b4e8a
train,out_of_scope,extra_ibrahim_ood_pressure_wound_269.jpg,859f4462d3e5014a4c78a1d0133045059f5d9de5da9b152127ef072ec7f7d5f9
train,out_of_scope,extra_ibrahim_ood_pressure_wound_27.jpg,870505f4e6386e801779c4a5bc83efdf6dd173cb826a691ec9f5d5c4d0d704f1
train,out_of_scope,extra_ibrahim_ood_pressure_wound_270.jpg,3918da7a51300bcba69b58d4d717757f7171ab86df38f3ad77c2bc2d96d43a60
train,out_of_scope,extra_ibrahim_ood_pressure_wound_271.jpg,5ffac5c8d2d7eb98efb0fdacbc2db1619b571d7c8ed459e61bfb3970f9e3516f
train,out_of_scope,extra_ibrahim_ood_pressure_wound_272.jpg,6dcd794079a97b20d2ac2a4b147ecf897735a94ca6f87d0152d0595cdd7602cc
train,out_of_scope,extra_ibrahim_ood_pressure_wound_278.jpg,f9c4eb310138d5e18ea29cce033b3f555da23776a4307f9199b7e78a0949f468
train,out_of_scope,extra_ibrahim_ood_pressure_wound_279.jpg,6864fd627021846d7bb9a4f355325733313b0dbe08064bbba00c1246ee7bcaf7
train,out_of_scope,extra_ibrahim_ood_pressure_wound_28.jpg,97a652dc4fa7a444bdd4cc7ba027ddf369fb36fa37c421a3317de01e5166c567
train,out_of_scope,extra_ibrahim_ood_pressure_wound_280.jpg,ce67e71ea58ddbe877809947fc2a149bfab0ae5865f92ef7ac68828561c9d56d
train,out_of_scope,extra_ibrahim_ood_pressure_wound_281.jpg,c95ebc2493373a4640d24c4c608985eff5ac1b2460500924a73e8b4ad6d3a40a
train,out_of_scope,extra_ibrahim_ood_pressure_wound_282.jpg,3e8d9498fb4424061d309a1c885fb14101e89a256c478c95fb9999435be3b59d
train,out_of_scope,extra_ibrahim_ood_pressure_wound_283.jpg,27d9ba31c30cd239c4df2b146d97d96392035e7fb1f32662e7060898bba03978
train,out_of_scope,extra_ibrahim_ood_pressure_wound_284.jpg,7b796d83790c37a23b865def386b23267d4cadc0d0380769c2b8bf1687992eb4
train,out_of_scope,extra_ibrahim_ood_pressure_wound_285.jpg,ad9dd44fda4ded33b8b37e9abd523ddfc6a0a897fb34d4681d7c0c28b41b51a6
train,out_of_scope,extra_ibrahim_ood_pressure_wound_286.jpg,9fd6fa7b19ab55dc6c3dc7cff5f1fd5fdd77c30f56e888f61e3af5442afae676
train,out_of_scope,extra_ibrahim_ood_pressure_wound_287.jpg,a2fe0951e75e25b4bc5bc465b82d1283108db1dba407ee421880989ef5316e26
train,out_of_scope,extra_ibrahim_ood_pressure_wound_288.jpg,a701cd39693ed83bb7609ae3f42d909f3cab1f9318ea3f4e69e4d330bfad9bcd
train,out_of_scope,extra_ibrahim_ood_pressure_wound_289.jpg,8044ad35d54a48a2a7e935177a8627e6b29808af867ad1ad1e499625376cbfa4
train,out_of_scope,extra_ibrahim_ood_pressure_wound_29.jpg,16437faaa226c41de93e1629f7623e531386e5fb9f385334b3e63ef199781c01
train,out_of_scope,extra_ibrahim_ood_pressure_wound_290.jpg,44bd91268315e21a5d63f7d8eaa73c977c860b4c2a6d067b9c9350c3fcc33004
train,out_of_scope,extra_ibrahim_ood_pressure_wound_291.jpg,7b73691bdc2582331b9bbbd3fc4c93652f7e2c88cabe20a70dd8abe54de8bbf0
train,out_of_scope,extra_ibrahim_ood_pressure_wound_293.jpg,10506e7a65feb7c6bfb5788e5fe46f7a6038c6edac37e0b7b1e21e9c60b914b6
train,out_of_scope,extra_ibrahim_ood_pressure_wound_294.jpg,a71a619e52a55815e103c1725d9e772f57600615eadb4a73e78332a0aa1e3fa3
train,out_of_scope,extra_ibrahim_ood_pressure_wound_295.jpg,21b751e16f2d498cbe5707425734ffab1187e6c0f3ba882a71024e6e82a3efb5
train,out_of_scope,extra_ibrahim_ood_pressure_wound_296.jpg,3001c9f8276b4caeda419a6340d0faf6f1054bc529d325c85f7e40b9ee98b81d
train,out_of_scope,extra_ibrahim_ood_pressure_wound_297.jpg,0903d2589a410ac85db5d143af47dbd520f1c8f0241789e05e12af58365ee54d
train,out_of_scope,extra_ibrahim_ood_pressure_wound_298.jpg,8d3d9054f10761d6f61e415ec3f95e36b5878f7dc6d20643e72eeed66af6d775
train,out_of_scope,extra_ibrahim_ood_pressure_wound_299.jpg,70a47f794f7a5de215b5f5f1b158b1c5e2a8998f79b330fa088be5831b60a14b
train,out_of_scope,extra_ibrahim_ood_pressure_wound_3.jpg,100475eda5575cc2771da5fe077bb5eb171f7f73f92dc9abc4294dd5a48f3102
train,out_of_scope,extra_ibrahim_ood_pressure_wound_30.jpg,f3f2783ed1d78d3242d5cbb6ac84c6543506c96b0118ffe68887f1ea5fcf59c2
train,out_of_scope,extra_ibrahim_ood_pressure_wound_32.jpg,e4f54000640921ce330555768cc22ae1d7d67b29dab21eed199b0b6fe674f936
train,out_of_scope,extra_ibrahim_ood_pressure_wound_33.jpg,a303c599e6486dabf3fef8ab5f4480925d71e9690dc8fe19075f5b8dc679d793
train,out_of_scope,extra_ibrahim_ood_pressure_wound_34.jpg,3ac9926a7f1c16907df1cafe918328df103e3296b6b6446cf9f97c49a15e46fa
train,out_of_scope,extra_ibrahim_ood_pressure_wound_35.jpg,5730475dcc9cb35848c210e039dab21d007804b70aee643456f34170a88a36fd
train,out_of_scope,extra_ibrahim_ood_pressure_wound_36.jpg,1e6acffdb110c07ceaaf244da54892921710b6047e16902df176d48502352026
train,out_of_scope,extra_ibrahim_ood_pressure_wound_37.jpg,500ce18a525f5e98d32a729103181bf4d6d319209b77f38f233a72b29ad0fc0d
train,out_of_scope,extra_ibrahim_ood_pressure_wound_38.jpg,ccee087b81d2b0f86470b83fb1a5e11996e7e852e7c054902c26e73bb4e5c5a0
train,out_of_scope,extra_ibrahim_ood_pressure_wound_39.jpg,a35980ba49d254f354125c5c3cdff5220602e7f56be7b3253e6845efefc5408c
train,out_of_scope,extra_ibrahim_ood_pressure_wound_4.jpg,3e9c621a46cc8113330ec04d5f832b9057ab1fc327a44e8e788e93f7b271a091
train,out_of_scope,extra_ibrahim_ood_pressure_wound_40.jpg,e9a0f3059e572cbb3610bd99ea818778e728a24cce187d9e78221587ff319801
train,out_of_scope,extra_ibrahim_ood_pressure_wound_41.jpg,84cb54765de755379225a0258b8b7c78c0304c0997cc986266a3c7aa854910e9
train,out_of_scope,extra_ibrahim_ood_pressure_wound_42.jpg,0745c4712c60cb39428374e9dc5bfc048faf73e9c15a26bf83c6dd2aec1b8ff2
train,out_of_scope,extra_ibrahim_ood_pressure_wound_43.jpg,e104777f505ded429faeed007f1d48b7aa8e19554d63052d786aba6a0ef6e6d0
train,out_of_scope,extra_ibrahim_ood_pressure_wound_44.jpg,c5fc68b7e1b87f6257a0f27ea59d4affa270e2829849206afefd29b9153e1389
train,out_of_scope,extra_ibrahim_ood_pressure_wound_45.jpg,298b29802bbba25edee2e02e8c39276c3d553d469b9f0958f724edd4ce0b1265
train,out_of_scope,extra_ibrahim_ood_pressure_wound_46.jpg,bcb95a297a327bac290a10df0a71fed45fd58393b7aef576d7ccd7363a8aaacd
train,out_of_scope,extra_ibrahim_ood_pressure_wound_48.jpg,f2d97141b5b1f1aa72564f10c9bab87120f49713b92e12f41662766f0c790f72
train,out_of_scope,extra_ibrahim_ood_pressure_wound_49.jpg,127d5b77b4e13a4a1a7ea19e7f92897cbd538ab19289ee9e4a429fa42429d265
train,out_of_scope,extra_ibrahim_ood_pressure_wound_5.jpg,7ec20b639dbe36bd8380add113c62c4aac41a03fc8e64ed92587dc14250c96ad
train,out_of_scope,extra_ibrahim_ood_pressure_wound_51.jpg,da6a755daa2f33cebe861504b7542fb40cab12e70150ba8197e83c7e203ac346
train,out_of_scope,extra_ibrahim_ood_pressure_wound_52.jpg,4498a3bb4c16081a13f76fd434b27c36e86a9224cc1a1b04bd28abd11653a40b
train,out_of_scope,extra_ibrahim_ood_pressure_wound_53.jpg,7d25dac5a130542cb54241487f76e2560c4f25d74278208c593ef2c7220ea950
train,out_of_scope,extra_ibrahim_ood_pressure_wound_55.jpg,9841c92584d8475dd8cabfa0865976462bf4ddc010e4ab7b1d3778a4ab513ec4
train,out_of_scope,extra_ibrahim_ood_pressure_wound_56.jpg,5e666ab5a7fdc07db53a65f893bda8e6c26d071b04fc84433a445646916d0dfc
train,out_of_scope,extra_ibrahim_ood_pressure_wound_57.jpg,1bf62bc0aa87b0e0d8e9abfb8706a35535f10146be18980199c9654f2ae63942
train,out_of_scope,extra_ibrahim_ood_pressure_wound_59.jpg,dace0cfa1757d1740a58aaa900b48ebe128debc03869a12f7b84cf64fa2c15f2
train,out_of_scope,extra_ibrahim_ood_pressure_wound_6.jpg,b374bd4bf2e5df7785d9fb305ec5c08c896e848842753a8c31c46919eb7c0ce5
train,out_of_scope,extra_ibrahim_ood_pressure_wound_60.jpg,577458cb5b503795a29e9a20ea92503fa8cefad3ed9d2cb3703952902967f4fb
train,out_of_scope,extra_ibrahim_ood_pressure_wound_61.jpg,9ce9840b394e7e0b64d9e3fdd73d8ac6a26a949c3662a8235e6816be1e1d1933
train,out_of_scope,extra_ibrahim_ood_pressure_wound_62.jpg,f5fc3becd74644c7ccb8bbee1a105dfb04a860d0d31f1feae3af92d3eb8b9fd9
train,out_of_scope,extra_ibrahim_ood_pressure_wound_63.jpg,68789764748559a3916fdc2728615df8a75e3b69345d483d6ac4cb1bf8aee0f4
train,out_of_scope,extra_ibrahim_ood_pressure_wound_64.jpg,660f98c73fc9dad87fc905d5dfdcbfd5090092e4144a13e4f98d6802254aa52c
train,out_of_scope,extra_ibrahim_ood_pressure_wound_65.jpg,e5ab535800f0a0ecd10b77064172b0402ab08880be4a2d49ffc07d5e9816fcba
train,out_of_scope,extra_ibrahim_ood_pressure_wound_66.jpg,9ae0ce580247e21297eba8983a15560557f301188dfbc376e6fff016481a4b46
train,out_of_scope,extra_ibrahim_ood_pressure_wound_67.jpg,b0ebbea3e147ec74792812f5f5f093febd2408aaeed84f0362e4123bb49aedff
train,out_of_scope,extra_ibrahim_ood_pressure_wound_68.jpg,9b59ac4dfc5c907528fd4339fcb2d5e331bf8794c5ecca278effbdf21ddaf195
train,out_of_scope,extra_ibrahim_ood_pressure_wound_69.jpg,cf299cbb2ac13b4188bb1742bc987743e2f5604dab0d6c987005b1998acfe7e2
train,out_of_scope,extra_ibrahim_ood_pressure_wound_7.jpg,a3b500f86c9d9c44285b62ba044e02fa37fdfdfbe03c2ad0d57022ddd08d9481
train,out_of_scope,extra_ibrahim_ood_pressure_wound_70.jpg,c8eb43b680c083b72bf869879f877ff421e3afecccf76ce8df009c201b1da9b4
train,out_of_scope,extra_ibrahim_ood_pressure_wound_72.jpg,0bc7375defe89c450c876321318a685923b037f748e4dfeafd1bf4f6783d8251
train,out_of_scope,extra_ibrahim_ood_pressure_wound_73.jpg,0554f5c52d3ba013cee6c1195982dcdd6d685b277a55004ccb8a8a7b78cc310a
train,out_of_scope,extra_ibrahim_ood_pressure_wound_74.jpg,76cf9c4a9ff8ff602159e6dd703ee81c3b05557228e5a285440f3c04242c3579
train,out_of_scope,extra_ibrahim_ood_pressure_wound_75.jpg,3a503f516e06524a99e820d517e198797359b36f298bb53c06a1047b49799a59
train,out_of_scope,extra_ibrahim_ood_pressure_wound_76.jpg,27f632009cf4db18f02a27e05bb7f188b0df579f13fa022466ec7d42dda24be9
train,out_of_scope,extra_ibrahim_ood_pressure_wound_77.jpg,a7b25f8023da8c5ff894fa8356363c133418b77d7a9b95bc9d402cd535734a00
train,out_of_scope,extra_ibrahim_ood_pressure_wound_78.jpg,0325ae2bde14a02d04aef8ed74a8b3c1d6a39fd792db984f2bcd1370cf80ec91
train,out_of_scope,extra_ibrahim_ood_pressure_wound_8.jpg,6924effb2e345de7187f104b778328b222d203c5e73bb597bddf8e2ccea2aef0
train,out_of_scope,extra_ibrahim_ood_pressure_wound_80.jpg,a5e97bb6fda4f05bf2d322db082f50415a41abf5b521c1ac76b12af52f468e27
train,out_of_scope,extra_ibrahim_ood_pressure_wound_81.jpg,d947bf0bb0e5c82aedf1ddecda44ccad2d5229b697ba43aa3ec662d4412d0dc7
train,out_of_scope,extra_ibrahim_ood_pressure_wound_82.jpg,bf0abb787ab1468f4beb4596151d48ab9faedf496eff47521f95d4cab4e3f84b
train,out_of_scope,extra_ibrahim_ood_pressure_wound_83.jpg,5efe910d848b7a4ec537348a6e2b35c2e6c171310c6f70a0ac45cd5d61d2b52b
train,out_of_scope,extra_ibrahim_ood_pressure_wound_87.jpg,9eb0456da4389ac5dca095155af5b4275d373f2184e69749dd16831b0421e7f6
train,out_of_scope,extra_ibrahim_ood_pressure_wound_88.jpg,7042b77d8ee6d67d1461ac5e7345a55c9bcdd2307ffe81e9f3bc88a4bf843eac
train,out_of_scope,extra_ibrahim_ood_pressure_wound_9.jpg,0352dbc116491e9ff0476ca2524f78ab904011b8d3c6dfd9c36c802ace242869
train,out_of_scope,extra_ibrahim_ood_pressure_wound_90.jpg,90a7893d65818545ab47e5c3295242a351b054f1cb506692c8fa2f1a6411912a
train,out_of_scope,extra_ibrahim_ood_pressure_wound_91.jpg,a0bc4afa34b7a6f13627c77d0e13b14eab28a7d68285277e2efa22f4874b5236
train,out_of_scope,extra_ibrahim_ood_pressure_wound_93.jpg,116a41908b742e959d98dd622ae7e0146a2982c7bcbb4a89e3673b5ef45b8aa3
train,out_of_scope,extra_ibrahim_ood_pressure_wound_94.jpg,5c4cc5fba3e3ec7acf1e018f66f1f695f5a9683387865ae11711e9227d864c7f
train,out_of_scope,extra_ibrahim_ood_pressure_wound_95.jpg,7b0119ffe7a1f67f35367a06359bf0f3a8b71a8ec1c85b4d1f3d3ee7e6c8af81
train,out_of_scope,extra_ibrahim_ood_pressure_wound_96.jpg,b92522437389abf605f05cd9e5dae214686c609f1d37dbaae9278e4945766cc3
train,out_of_scope,extra_ibrahim_ood_pressure_wound_97.jpg,05804b7486ea1c318b099e531dd381ee27d0551119da365af3dfd1cae5a53c70
train,out_of_scope,extra_ibrahim_ood_pressure_wound_98.jpg,011fb145dfe755e037ca0382143ed557136cd8814321cde7bf4bdeab2e6eb8d6
train,out_of_scope,extra_ibrahim_ood_pressure_wound_99.jpg,b4448be3dca02f157d58ce27b136e3400fa5bc833c86840530592eb6808626e5
train,out_of_scope,extra_ibrahim_ood_surgical_wound_0.jpg,000212c1d3957e57830ea758b3d1ec1f2211fefef5feea1143b36bc265978e9d
train,out_of_scope,extra_ibrahim_ood_surgical_wound_10.jpg,800618bc037813bddebede045dbfdde7930cc6f1dbf74f3b3f85d1b46f2bccb4
train,out_of_scope,extra_ibrahim_ood_surgical_wound_100.jpg,d80baa167187048a320c9d03b48471f16d7e3a73f92d9eaeef83712e5c022483
train,out_of_scope,extra_ibrahim_ood_surgical_wound_101.jpg,319a4ef056e906d073a05548634c4d03efe0bb7a56de4fc2f373aeb8764c382b
train,out_of_scope,extra_ibrahim_ood_surgical_wound_102.jpg,6718164d76869c130bc58fdf7c71d6d0b0df5ab7320ecaa8c86961a490f25ae2
train,out_of_scope,extra_ibrahim_ood_surgical_wound_103.jpg,d9b43429628683a4555aae30890455080ef744c1291f198842e88a466128e8de
train,out_of_scope,extra_ibrahim_ood_surgical_wound_104.jpg,7be06a3b6b696352722585084c11ac8918073007da5400397bab4cdc56f169b0
train,out_of_scope,extra_ibrahim_ood_surgical_wound_105.jpg,6da520ec7b2632864a5ec78ff2d7a0116e8ab9d5a221e7275267d864b7b7bee1
train,out_of_scope,extra_ibrahim_ood_surgical_wound_106.jpg,c98e5b323703b32d4e24776d515bf275b2c6886e29843feb4cf9b8dfc919f00f
train,out_of_scope,extra_ibrahim_ood_surgical_wound_108.jpg,de526f959f5950f21290301e8344f7258d37597590432aacd74c77d02c711571
train,out_of_scope,extra_ibrahim_ood_surgical_wound_109.jpg,85527fcbfcfe2f7ac351e9ea5ea6f48978cb530951b8a25ef0687644bff2d431
train,out_of_scope,extra_ibrahim_ood_surgical_wound_11.jpg,eb70d64f3cd88ae654b472e03d3efbecbc87159c2da9e4612d9abb7245ca02bb
train,out_of_scope,extra_ibrahim_ood_surgical_wound_110.jpg,7657d45b8348a8602867c48554c641d13846a195905681476c6cb834b2857b1a
train,out_of_scope,extra_ibrahim_ood_surgical_wound_111.jpg,a53a43bd971b00128096292bf62990134b09062a66f37e3ae56216a332cda317
train,out_of_scope,extra_ibrahim_ood_surgical_wound_113.jpg,58af838fffbf957bb2491b3077492abd40bdbd05ff3e9f904bd10b5a07caf3d8
train,out_of_scope,extra_ibrahim_ood_surgical_wound_114.jpg,b654ef3577778f8c3824e18d56704d88629b21bcf2fec73bc705319942f0c098
train,out_of_scope,extra_ibrahim_ood_surgical_wound_115.jpg,f8b2ba6699dac030fe92ff6c93d8a5d2a72b27b241a4748c900e4536417f851f
train,out_of_scope,extra_ibrahim_ood_surgical_wound_116.jpg,887ef2e6714f625d95db4e75a8f7c0e6e5ba8fc683045edb9b68574381dc3ad8
train,out_of_scope,extra_ibrahim_ood_surgical_wound_117.jpg,9380661caf9f795d4546fb85efd7ef0916f2996af7c22d5d3346812e6ef60304
train,out_of_scope,extra_ibrahim_ood_surgical_wound_119.jpg,41000ea51f294f26b8d77ebafd9eb2c4728bfbd6b60bfcd6ef3fcd95cef5b2bf
train,out_of_scope,extra_ibrahim_ood_surgical_wound_12.jpg,6df80252321ba255404d6d4407c7f060dc2133a60ac5bef51b96580f5d16ea2d
train,out_of_scope,extra_ibrahim_ood_surgical_wound_120.jpg,642462e757f411d0d816c4aca5bc64f83165451973a4e7651d1aeaf5b1427626
train,out_of_scope,extra_ibrahim_ood_surgical_wound_122.jpg,1f93a25bf7f9cb16a612059c3549b725e8271862d18bc11bfeb5f7b4cde7d815
train,out_of_scope,extra_ibrahim_ood_surgical_wound_123.jpg,3d2406d00eca808557646c6f5634f7e5f24c057afa23e6f458b1327466ffa14f
train,out_of_scope,extra_ibrahim_ood_surgical_wound_124.jpg,d907e8b3d4099cf0640492f934688745004b49a5a66d8130d2e614d7286f1743
train,out_of_scope,extra_ibrahim_ood_surgical_wound_125.jpg,d3f2238eda6ee743f510dd6f1003124340d1d88c9a7656b9669b4460c2ca5d82
train,out_of_scope,extra_ibrahim_ood_surgical_wound_126.jpg,e18df3c8fadb40b9576dba0cb52a7821e7a92eb0184b0cc560f3dcd559377277
train,out_of_scope,extra_ibrahim_ood_surgical_wound_127.jpg,8eafca18f795fb2bd7861a943059a277925ef89e6f1132d9cbea363ceb613c6a
train,out_of_scope,extra_ibrahim_ood_surgical_wound_128.jpg,3744a587acb879febd8751cf07583bbbe817cddfa4562174733b91826846e456
train,out_of_scope,extra_ibrahim_ood_surgical_wound_129.jpg,4272fe5cfe8335cf1dd5b915db6da18799af913bac8ed2bc9aebc9662178c78f
train,out_of_scope,extra_ibrahim_ood_surgical_wound_13.jpg,8d13bf8015bfaa2157b3cfccd6126ebd1ac17e57978073a2db7703fca0ab4aa8
train,out_of_scope,extra_ibrahim_ood_surgical_wound_131.jpg,82a6c39fb2adab6df7a4e23edb628b76f9b5491fc4c58bfb434a714c4bbb4928
train,out_of_scope,extra_ibrahim_ood_surgical_wound_132.jpg,a1013277c911a43dc07f9e5acb92212665e5f3dcc27f2bb324b53955a888d968
train,out_of_scope,extra_ibrahim_ood_surgical_wound_133.jpg,59b2666a0301785e4815a53d934bd4d30d3b50d562e3d953995f0bd248c5fa10
train,out_of_scope,extra_ibrahim_ood_surgical_wound_134.jpg,5a027f8f2a6203ac123bd856334414e4049426e666b1c82bbf652e692959170f
train,out_of_scope,extra_ibrahim_ood_surgical_wound_135.jpg,2f4b0716e0914a40e6b21b3efef54d9182604114493bd51219a6682ca2acc59e
train,out_of_scope,extra_ibrahim_ood_surgical_wound_136.jpg,5439fefa2d11c4904253e4b54e7cc3fee04983fef28337c39d25cc5017a7a053
train,out_of_scope,extra_ibrahim_ood_surgical_wound_139.jpg,157b5db921129f8a0d52d2de6caea9cd4ff74b004c7314c03813a3720dcf8faa
train,out_of_scope,extra_ibrahim_ood_surgical_wound_141.jpg,0c4a2c38321a24b7a4cdf42629b743cdf3be0dfff83b5b8bb041e326ce68bc2f
train,out_of_scope,extra_ibrahim_ood_surgical_wound_142.jpg,12031daaa74373667ca9eb56463e878e2805590662f9ddcd8f04f6799d0303b9
train,out_of_scope,extra_ibrahim_ood_surgical_wound_143.jpg,01e5ea1477a96117f7fb87a454e01a209849e5b2b6c3f14d728c636db2b987bb
train,out_of_scope,extra_ibrahim_ood_surgical_wound_144.jpg,3ed2f8a099db5a8d256a7797390b473c464ae8d8e2b4e01e112d6b8d0b8f3840
train,out_of_scope,extra_ibrahim_ood_surgical_wound_147.jpg,bcf27fc154125c371f0972d8bb4f2efc4babf22611bf96ec2028495eeaaaa3f7
train,out_of_scope,extra_ibrahim_ood_surgical_wound_149.jpg,1a4e00ebf03d2cb8ce7ff5807b91a131539b500acaa70500813a242f6fa30e6c
train,out_of_scope,extra_ibrahim_ood_surgical_wound_150.jpg,ec3d76eb644662f27145f1ffd71f615c6978f67c79fe52649c9ed90f566bf6c0
train,out_of_scope,extra_ibrahim_ood_surgical_wound_151.jpg,ad9244cf0d8a316dba39d02245c7fedc7d222f49474b9fcb0123d4e65156f71a
train,out_of_scope,extra_ibrahim_ood_surgical_wound_152.jpg,1739079f87e890451cb3ba69b4682c0a7c6331a62372cb74f9e6b4b7a8812593
train,out_of_scope,extra_ibrahim_ood_surgical_wound_153.jpg,d9a9f52a5896d6a559df7644be7cff7a71768217a9374cd31c127559e4bd76ad
train,out_of_scope,extra_ibrahim_ood_surgical_wound_154.jpg,1b419f9000ff8175437a8e0548fcc71a181f310ff9f5fde3061bfc3a185a7490
train,out_of_scope,extra_ibrahim_ood_surgical_wound_155.jpg,7ce0fa32ca0ea1a64ecb47fdda8e11130e60c7e60b0a08023ef1dbb2f1230bd3
train,out_of_scope,extra_ibrahim_ood_surgical_wound_156.jpg,f958b61fee4c95437d71a9d0b416f61c8ed7a5137438ae6e2f06ee0244fda66b
train,out_of_scope,extra_ibrahim_ood_surgical_wound_157.jpg,ce7b11aad4bd20f474bbf0d20ec7a1097830d009f247962109f1889b25dddd51
train,out_of_scope,extra_ibrahim_ood_surgical_wound_158.jpg,b8e8cb9197683bbcfe2215e80ed7b81841194affd01a5b1907b6cc5905bc8772
train,out_of_scope,extra_ibrahim_ood_surgical_wound_160.jpg,ebfe132dd68a31fbfd3cf1a58b9bac327df20c13df8d02af5f29d227dc93bad8
train,out_of_scope,extra_ibrahim_ood_surgical_wound_161.jpg,88e8fc0ee1eff33857c32fc384544594ae9f78b187d7595ed86fc74c56b8a54d
train,out_of_scope,extra_ibrahim_ood_surgical_wound_162.jpg,8f1d7d6accedb5771321b61ee718e5a57ebd98573932cf3dc68d8a33f38bf3e5
train,out_of_scope,extra_ibrahim_ood_surgical_wound_164.jpg,593f5cb04769e2553c9be6291c40725f13b6cc0420af4de831e28153929ff3bd
train,out_of_scope,extra_ibrahim_ood_surgical_wound_169.jpg,3d4125e7a8e9df727f4a85870d710475951d9b5a364a8c7e67ad949bf106d48d
train,out_of_scope,extra_ibrahim_ood_surgical_wound_17.jpg,faeff41033c4fc2b8a6b836818492513b9657aa9380229f92f682b8f827038cd
train,out_of_scope,extra_ibrahim_ood_surgical_wound_171.jpg,fb3923e1805f7738980773a4011813e5ab395a9d3eaaa476011178cc0566db6f
train,out_of_scope,extra_ibrahim_ood_surgical_wound_172.jpg,86b9800bf41c0f0b5f86036da54ddf72b077f2b4b1a9ba6fbce7e784fd9fbf05
train,out_of_scope,extra_ibrahim_ood_surgical_wound_173.jpg,c6456b792859ef7d996add4409bc68685186370dc30e145d33f1e112bafa519f
train,out_of_scope,extra_ibrahim_ood_surgical_wound_174.jpg,e01562170780b55309ed35da75ef0d4cd561c1dc2279cf0e84b018ab0367dd51
train,out_of_scope,extra_ibrahim_ood_surgical_wound_175.jpg,7d823ba76334bbe52ece4440e99dc5181b56cca02c252ff15e6d069149d4f170
train,out_of_scope,extra_ibrahim_ood_surgical_wound_176.jpg,58559d8ed06de5284d087d74f99e5c5fecb261a10b061acdd4ff26086ab14541
train,out_of_scope,extra_ibrahim_ood_surgical_wound_178.jpg,1d371758e2a446b8ad86264e1e49386f49f528ee2179a47c570c74272ef7feb7
train,out_of_scope,extra_ibrahim_ood_surgical_wound_179.jpg,7e7786fdc41b4626203accdca80b752a9cb6351ed0dcecc161b57503db7e1c43
train,out_of_scope,extra_ibrahim_ood_surgical_wound_18.jpg,98c0187416c197e3ac49511974e476e7beea9d9ce53faf185740f4f171b22e5c
train,out_of_scope,extra_ibrahim_ood_surgical_wound_181.jpg,54789755b8638414245bf36f5240eccff02cb2053e3c877cea4a0b6ef9415a87
train,out_of_scope,extra_ibrahim_ood_surgical_wound_182.jpg,cc999142112c646ce885605d515696afaf19920ab99b9c24b6a359d43ecf953d
train,out_of_scope,extra_ibrahim_ood_surgical_wound_183.jpg,66152a72794daf1e28c0634d0d487381d4029392c0443132af7f015038f6195c
train,out_of_scope,extra_ibrahim_ood_surgical_wound_185.jpg,595c932cde989ba803a90c402e8e3841ec703a67d11c9566fba4ca7fcf0fdc1d
train,out_of_scope,extra_ibrahim_ood_surgical_wound_187.jpg,b1565192dc48696ae5e8b56439e195c1517b33b9fcc244c71f7a50367973cf37
train,out_of_scope,extra_ibrahim_ood_surgical_wound_189.jpg,f618f96c4198c0910ea165eb8b361a53e4574945ba00b1c682a5bff78f4948fb
train,out_of_scope,extra_ibrahim_ood_surgical_wound_19.jpg,067ab97e076dc534d3300fb406100a8beba192778d6517544ee828292cdfc26b
train,out_of_scope,extra_ibrahim_ood_surgical_wound_190.jpg,00661acff7162b13dadb63f0b22993b1bd0681007a72866f87c4e86c6a36e860
train,out_of_scope,extra_ibrahim_ood_surgical_wound_192.jpg,8a7b319cb477d965ff0cf51ebd9719ba2e8be74304d0430466e6f0c3993f0032
train,out_of_scope,extra_ibrahim_ood_surgical_wound_193.jpg,a501d2f95634d5802dd431dac2c219078a8658742f2bdf2d9448e4c500ca7278
train,out_of_scope,extra_ibrahim_ood_surgical_wound_194.jpg,a446edb64d2e90b345985b19810805fc6e2d3942af01ad5b9f002427525d44a4
train,out_of_scope,extra_ibrahim_ood_surgical_wound_195.jpg,26a0eb7572a3274f61767f1eae07a9ba447d1526024e6adf8da01941f9e39da1
train,out_of_scope,extra_ibrahim_ood_surgical_wound_196.jpg,cb5cda37f35e271b49bf1333d51cbc2a2080521e8590c90a6aa2aee03ae738d2
train,out_of_scope,extra_ibrahim_ood_surgical_wound_197.jpg,fd86b2228a5ddb8fa345143b9c64d0a1a2152dbc58aab6d569bdb4ba6ee3e009
train,out_of_scope,extra_ibrahim_ood_surgical_wound_198.jpg,b6a4fe3bc999a31d4c932717e94b93e34f44c945403b37f739bb030b7fa4e2ba
train,out_of_scope,extra_ibrahim_ood_surgical_wound_20.jpg,2b222ef037c4093330525899da7c45b56d92935ccb393cc6781811c883880fb5
train,out_of_scope,extra_ibrahim_ood_surgical_wound_200.jpg,2c33c514a58eec06fdd2d833b316dfc45f07a0a496888140b7309a65e8e126f8
train,out_of_scope,extra_ibrahim_ood_surgical_wound_202.jpg,0a808271875cc56534d845ab881708a209eeaf9c3814ecef292f40edd92cafd1
train,out_of_scope,extra_ibrahim_ood_surgical_wound_206.jpg,7ee354668904ed5020ccd05eff524ffa29e887442095fc518ab4362649a2d33d
train,out_of_scope,extra_ibrahim_ood_surgical_wound_208.jpg,8a756e699c1295e377fabaf4ab913136627769c2535fe68c892c0a3dd1f4f0e5
train,out_of_scope,extra_ibrahim_ood_surgical_wound_21.jpg,924446ede8d7db7d29ff32b205d0935551a5403ea08fe59a8d09cb3022f6d3eb
train,out_of_scope,extra_ibrahim_ood_surgical_wound_25.jpg,f5c16ca5d13a7af27218d02edd74973481afb90de2d6c55dce53d243803cf751
train,out_of_scope,extra_ibrahim_ood_surgical_wound_26.jpg,5d9f5c791731243981880effb3ed7495f0ba1d357e82b07c07a833c9caf5dec1
train,out_of_scope,extra_ibrahim_ood_surgical_wound_27.jpg,5217f01f3982d5be6bcfb9eefe33a9669164f58af654c757b36432445dff1ef0
train,out_of_scope,extra_ibrahim_ood_surgical_wound_29.jpg,5170a94d75aaec54e876360e345c33b74ddd49a7dc42838a44390f2a38889a8e
train,out_of_scope,extra_ibrahim_ood_surgical_wound_3.jpg,2da0db49d1532431491a9271e9e2a08fd44db43ba8dd904d911a63ad5c0d8917
train,out_of_scope,extra_ibrahim_ood_surgical_wound_30.jpg,99e6a4a96cb722c9b9df2c37f3a476ae6a7f89144dce90047dfa5f21d96b51c4
train,out_of_scope,extra_ibrahim_ood_surgical_wound_32.jpg,492cbe8a6a0237890459e6f807c4d8d53477253c5294baf67c1980f1a80d9cec
train,out_of_scope,extra_ibrahim_ood_surgical_wound_34.jpg,115ae61d0e4b3e31ff955e154b1f2c68df0bd4d60bf3fe43e86a35c73352054c
train,out_of_scope,extra_ibrahim_ood_surgical_wound_35.jpg,25a915224d1f9caf483cca55ad88aba1c9ba5093ea212a4c613cb2f50de40d72
train,out_of_scope,extra_ibrahim_ood_surgical_wound_36.jpg,f57dc4b0ec297a5d9c507808d69c0e4bb016f69fa4a49ec48c8d7935eac3ca0f
train,out_of_scope,extra_ibrahim_ood_surgical_wound_37.jpg,7398e585457c8512b46d3c1b8b977130c876067abb4eac9228e1c3aedbaffaa1
train,out_of_scope,extra_ibrahim_ood_surgical_wound_38.jpg,a69c98c891c9e8f43477ddc911a2dfc5850f25a86072c875082507e075d8f99e
train,out_of_scope,extra_ibrahim_ood_surgical_wound_39.jpg,50288311e7df16235608987269703e32876e532935bac78314b3a7c73b48c089
train,out_of_scope,extra_ibrahim_ood_surgical_wound_40.jpg,561565b75775c0c3525339865418f4fd1fa1996b275cc48713f20fde91cc74ca
train,out_of_scope,extra_ibrahim_ood_surgical_wound_41.jpg,11a4b17898cdb826b555b8079a1b005e3cbf56faf737de54e1aa28ee4b7ddb1c
train,out_of_scope,extra_ibrahim_ood_surgical_wound_43.jpg,bb52bedabf2ab929cde6136bd60d36540bcf3347147f24b35e63b979e8ba7f06
train,out_of_scope,extra_ibrahim_ood_surgical_wound_44.jpg,05aae3f6f024b61cb164846bce5a043e334fa52409fbaa2f4c70ca4cfd67c505
train,out_of_scope,extra_ibrahim_ood_surgical_wound_45.jpg,1c20a1a8b4de5c91cc0a0c6aed5243a45ea8c091d1330da0a7c781664d557028
train,out_of_scope,extra_ibrahim_ood_surgical_wound_46.jpg,b531687fbf4d6543bd7b3e4f3fa487fcb356d6cf0b14cbcaf5b06753a98aeaeb
train,out_of_scope,extra_ibrahim_ood_surgical_wound_47.jpg,a30e0b8efe07e619dcd1cbff4bfe447cb02d24b8b9b6095b630db2f6ba70098d
train,out_of_scope,extra_ibrahim_ood_surgical_wound_48.jpg,b8a8469a4d170d1a6dbd6ab9390a9c006df4e82cc7c998958ce2b48b19251c05
train,out_of_scope,extra_ibrahim_ood_surgical_wound_49.jpg,3ab0553d6ae6a77a55d2b4dbcef8199fc842961c1fc95011b33788b712492609
train,out_of_scope,extra_ibrahim_ood_surgical_wound_5.jpg,eae88e8fb8d1093c63a50d621b3b0effb61b549e1c17c32651f9a25bf7f54084
train,out_of_scope,extra_ibrahim_ood_surgical_wound_50.jpg,4e38a713095b918f7c26e00b3f1adc795697333c746de45dad91a68e080b495f
train,out_of_scope,extra_ibrahim_ood_surgical_wound_51.jpg,9eaa6af4b2f94382e3dd7a89693146e70543294740baeafa54cb387869bf811a
train,out_of_scope,extra_ibrahim_ood_surgical_wound_52.jpg,5e3d3c2e78a1bfa1ca6a3df91a3ed9959873d398d8621ab590cf73c94d543163
train,out_of_scope,extra_ibrahim_ood_surgical_wound_53.jpg,ef0d8b67cc781ad9c8b66e58d2dda8f53f60b13955b9dfc24bb88bf2d207f8fc
train,out_of_scope,extra_ibrahim_ood_surgical_wound_54.jpg,8ac8482334cc72ffa08420960515fed8abda4a81019856e27b29ea6e63b8b94a
train,out_of_scope,extra_ibrahim_ood_surgical_wound_56.jpg,99276998b8c22c3213fb23df49733ac648a8cc7bc0d6da8ca149cd1355317b6b
train,out_of_scope,extra_ibrahim_ood_surgical_wound_57.jpg,37e5207e3db37168f58983799f3d6965b6badf390d102252c63a235cfdea42ca
train,out_of_scope,extra_ibrahim_ood_surgical_wound_58.jpg,132fd596400b7d9753ba585f22a45c2fb90c7b478661d8f14f63444372b7c0f2
train,out_of_scope,extra_ibrahim_ood_surgical_wound_6.jpg,aadc2a713a790db83b03b8cb9a78bdde96aa3e4f6b69a74c13a4698e1a502433
train,out_of_scope,extra_ibrahim_ood_surgical_wound_60.jpg,3821eda51ab49dc7a82c28bf0e209944c746e356fb50f622261f6f672d15fd37
train,out_of_scope,extra_ibrahim_ood_surgical_wound_63.jpg,e2367025bc23a50e6feecc54be6d0454303b4b8642d02aa20c9304fcd0713738
train,out_of_scope,extra_ibrahim_ood_surgical_wound_65.jpg,bd9a968ff7218ba867afe99d3ffc39112c8b199d04b84873caa03cc05a1a1a7e
train,out_of_scope,extra_ibrahim_ood_surgical_wound_66.jpg,78ce8e84a386bf21541703516f67abafa0dbd780c2358add64d507ec79062b54
train,out_of_scope,extra_ibrahim_ood_surgical_wound_67.jpg,a3421b0fbf54a07c105907c2e5ed7b26bf5904033e5dbb98df4d50db69e3004b
train,out_of_scope,extra_ibrahim_ood_surgical_wound_68.jpg,038739950720af321a45aab5f5d6005b16938b468dae461b9463bc257d6056b8
train,out_of_scope,extra_ibrahim_ood_surgical_wound_7.jpg,7d7906e9f4442802f4fd29fe38185a27542e658e8684c741b19567907339deb5
train,out_of_scope,extra_ibrahim_ood_surgical_wound_70.jpg,b991bdf9ca7f6f7f49e50b516b9fb16fd3457fa2dac467b9e0329034cf400b5e
train,out_of_scope,extra_ibrahim_ood_surgical_wound_71.jpg,a93f8d8043dc6ca7b38c698d68517ac1a92b4cfbd4c9041c28a28b555c27108d
train,out_of_scope,extra_ibrahim_ood_surgical_wound_72.jpg,3272d1c3f257f300ebc8ba64e0d744559572538549acdf2a44e209867d6fa916
train,out_of_scope,extra_ibrahim_ood_surgical_wound_73.jpg,2545e845c2e5fa5bbb0e1143b8df1af59e705362e462883dc2c31f4b0a0c2cef
train,out_of_scope,extra_ibrahim_ood_surgical_wound_74.jpg,15e7f9ed92fdf3905a243c44b28f773367c0ba4f86a54e77e53e971cf3fadb16
train,out_of_scope,extra_ibrahim_ood_surgical_wound_75.jpg,0e313aae12c2723c216015f50ea835cfd3124e98253028bdc588cba8e55de619
train,out_of_scope,extra_ibrahim_ood_surgical_wound_76.jpg,5ac9341a769c77cf9fc8581ab58dfe326d2a3421a863824f05ae591040bfafca
train,out_of_scope,extra_ibrahim_ood_surgical_wound_77.jpg,3c854581295027acbab40446d8b2186b92935ce90a3509bfec09842bec30f6ff
train,out_of_scope,extra_ibrahim_ood_surgical_wound_78.jpg,8b8b52ef804441f24bee1003fc33bd9e0350c04543e35cfd2ee81c995b085c29
train,out_of_scope,extra_ibrahim_ood_surgical_wound_8.jpg,31cef7a2f2f87dcd037b2f346cb9555c0931dea429907cddb6775821639bc2f2
train,out_of_scope,extra_ibrahim_ood_surgical_wound_80.jpg,2b913a1a702ae8667f5d4c0ecc63fd050a91eb941e2bffef2c44ab1926875e9a
train,out_of_scope,extra_ibrahim_ood_surgical_wound_81.jpg,68e01cd99018016490032d4f5a21a3703e98dd5e190f2273927dc2424777146d
train,out_of_scope,extra_ibrahim_ood_surgical_wound_82.jpg,459dc2551f9b89309e50f99ef8cbe84fdb416111e6adabf72485c2b787f6a485
train,out_of_scope,extra_ibrahim_ood_surgical_wound_83.jpg,20635cefa80cc4d33aa1115051d3728c46367c9a4a3f9715592980176f6f7bc5
train,out_of_scope,extra_ibrahim_ood_surgical_wound_84.jpg,4bc105d6aec0a0b585307bee610c0eab692c74cdff4da904d42d963267171f87
train,out_of_scope,extra_ibrahim_ood_surgical_wound_85.jpg,60a89dc2e7f30c13c2e40cac9c159d6c699877e8dbf4719f11cb9a23c2b1c486
train,out_of_scope,extra_ibrahim_ood_surgical_wound_86.jpg,e8cd3cb99bad9f2465877d6c8aac7178f479d811f0d9060534281a27f09fd467
train,out_of_scope,extra_ibrahim_ood_surgical_wound_88.jpg,cbaec3fd5458b2e0d6941e8e90019b0be7aae5695ec3b85fa80a8e94d8b79b7c
train,out_of_scope,extra_ibrahim_ood_surgical_wound_89.jpg,c3fce3748d639e783479e3440708838230ed2ddf206a2c2d03e1472907f4d3ee
train,out_of_scope,extra_ibrahim_ood_surgical_wound_9.jpg,c67e3b017cb17970469780fa0101a3bf1f171709d30d758efb7ba887b8eff562
train,out_of_scope,extra_ibrahim_ood_surgical_wound_90.jpg,df59338015f838efddc37ab9befcd6a15f6af31ae81287cfac2ec318bb7c150e
train,out_of_scope,extra_ibrahim_ood_surgical_wound_92.jpg,69d1e6c4fe93872ab04cf146efb482e712264e33d931364e405d33364a332ec0
train,out_of_scope,extra_ibrahim_ood_surgical_wound_93.jpg,1f4816272848cfef5a87a7c70423f57ff8e966dfdc1c58aea96eb24e173d5775
train,out_of_scope,extra_ibrahim_ood_surgical_wound_95.jpg,48ad9d7c3c781fd461a3a027d2cb5bcc13ea1870e8eb338abaa45cf43242246f
train,out_of_scope,extra_ibrahim_ood_surgical_wound_96.jpg,ac7d0c27f508364137cea66bc84d4dc222bb5905c0594e73d56c506110db16ea
train,out_of_scope,extra_ibrahim_ood_surgical_wound_97.jpg,982bc200041d5b3ed0a88ad627c3e75fe14fdc291eca63e5c7ae85da5d9b5e70
train,out_of_scope,extra_ibrahim_ood_surgical_wound_99.jpg,15101d7f5a72e8c665b556d260f2aca95797e1a574566c9f15d295a32fe375db
train,out_of_scope,extra_ibrahim_ood_venous_wound_0.jpg,0403f73fa560201b5bef8698e0df15ecdbf0429b4c790b9246fe1118266758a7
train,out_of_scope,extra_ibrahim_ood_venous_wound_1.jpg,17b096330cdcfcd3f42173a3760db2b4b1018b5c8ba87a305b703c8769b5cb12
train,out_of_scope,extra_ibrahim_ood_venous_wound_10.jpg,f5496bb75e5430c129e039787fd8fc6d2752fe9a9feb219b28f828f8096ce593
train,out_of_scope,extra_ibrahim_ood_venous_wound_100.jpg,4b5b1a440135e91ccaecec113faf0f57daea6f2ea2d8f64440c80a6aac670b7e
train,out_of_scope,extra_ibrahim_ood_venous_wound_101.jpg,28d0967233e7e6acd590da285c9b7e90fd800fa3599e63cc6048d42919c8a649
train,out_of_scope,extra_ibrahim_ood_venous_wound_102.jpg,5e4b6bc982a489a9496ffa0a308ca6a91340963f93f749e3d79a56a6380cae20
train,out_of_scope,extra_ibrahim_ood_venous_wound_104.jpg,bb55a7f3a8e2cbfaf50ffb032598a21b8cad7054891b65a437ac141d964761c8
train,out_of_scope,extra_ibrahim_ood_venous_wound_105.jpg,e7cfa98e060bc0660850e982220945409312d3df1207f8caafe108f1174c30c5
train,out_of_scope,extra_ibrahim_ood_venous_wound_106.jpg,dd192e6590ef6c3e91f0f5c20b13babe2c0415208afba2a3c643b87e5fa753d6
train,out_of_scope,extra_ibrahim_ood_venous_wound_107.jpg,6ace621e69a903a9db11300ab7155e6f94053079469d0e959166fe159e2d11fc
train,out_of_scope,extra_ibrahim_ood_venous_wound_109.jpg,338f8154ef79d6b5e30938ea376404ecfc5f86d8732e0feb94d6ab7c768f4e02
train,out_of_scope,extra_ibrahim_ood_venous_wound_11.jpg,689f5f4f58623383e38ed7740ce3dc24f34308eb5126d3fc435375266f6d1f10
train,out_of_scope,extra_ibrahim_ood_venous_wound_110.jpg,5ec84c7b21d44ea4a266d6842b1f325becbbf2056fe3750c1a2c67319c52233d
train,out_of_scope,extra_ibrahim_ood_venous_wound_111.jpg,51f5cb9ace8bc22017ffcbda293f6e975b71ee60cbe226cb2f2d09e15a1c8dc2
train,out_of_scope,extra_ibrahim_ood_venous_wound_112.jpg,8839644b3d7fbb8517146c493d1eaba8ec425ef780c57b9f01fbe202ebebd039
train,out_of_scope,extra_ibrahim_ood_venous_wound_113.jpg,05de8210e67896969454e8dcea56ef0ee3b87ebb5994aa8f927800edd6a42cb3
train,out_of_scope,extra_ibrahim_ood_venous_wound_115.jpg,0413208a0381fa36c62826c725b76e2be11aab2f409baa49f52c095bc01cc774
train,out_of_scope,extra_ibrahim_ood_venous_wound_116.jpg,5e2afdad6227190605fab6a2c68ef915bbd61a2b78c020b2dc4a05ab27af4e7f
train,out_of_scope,extra_ibrahim_ood_venous_wound_117.jpg,7a803f196fc410eb6332713bd4668033b6607ee8cffedccc9914ea6fb4f9e2d7
train,out_of_scope,extra_ibrahim_ood_venous_wound_118.jpg,e9dec7906e60233d0fe87ea40b4da241c6fbb13a803e5f1154413a0e33367f19
train,out_of_scope,extra_ibrahim_ood_venous_wound_119.jpg,2135d74bce37b211c73e20913c1d7bce5afe23a69aef655119a4f64c7a85184c
train,out_of_scope,extra_ibrahim_ood_venous_wound_120.jpg,feff0d63809d7d69364893fdbaad6c6267a66b3751a450af2fba1b9dd029f7d7
train,out_of_scope,extra_ibrahim_ood_venous_wound_121.jpg,271feaf16ae92e2bc13e19e65a25284b59e53ebbe279243801d98404db3d4daa
train,out_of_scope,extra_ibrahim_ood_venous_wound_122.jpg,07c08ad8441bb625e5df976654ee6a5f057074462ebaa72975a9885d15e0e4d5
train,out_of_scope,extra_ibrahim_ood_venous_wound_123.jpg,76560d9540a179283d0532cb657e4fd73fc573ddbad007e9bd136bfeace03de2
train,out_of_scope,extra_ibrahim_ood_venous_wound_124.jpg,06865ce4d60bc88a88b1116c3a8ecb7a8ecd10017ba28088fe28877999d4a707
train,out_of_scope,extra_ibrahim_ood_venous_wound_125.jpg,0cc02cbaee08c921cefe4052ce30217b8cdb94dda6e05be120f524376d0fdbde
train,out_of_scope,extra_ibrahim_ood_venous_wound_126.jpg,7884147a1e1f26d1feb56f1310746a7e0c4eb0239eacd616dfd70c47788a23c7
train,out_of_scope,extra_ibrahim_ood_venous_wound_127.jpg,c4130c2c552086434391e8981ffd68831b0331336c2e671f3ce3d491e7d012cf
train,out_of_scope,extra_ibrahim_ood_venous_wound_128.jpg,308e9584206d201ee170a498ba5bfcd554bb1592a40aeaede73ee203097a6707
train,out_of_scope,extra_ibrahim_ood_venous_wound_129.jpg,807c3c5b33ff16f488a86bb553680755be1e5292ad22bd5eeb16c49bdac3ae81
train,out_of_scope,extra_ibrahim_ood_venous_wound_13.jpg,3dfaeb26de2c2c26eccdb01ee232edab9a4c7233becc106ac046500c6c3aecba
train,out_of_scope,extra_ibrahim_ood_venous_wound_130.jpg,508184b8857b8bf42af80230b76d758f51fc5a886f691bb3f4f84161ef8bbed3
train,out_of_scope,extra_ibrahim_ood_venous_wound_131.jpg,7b8470ef3bbeb636e9a884037741547b33eecf94387753b092521a2a56c821f7
train,out_of_scope,extra_ibrahim_ood_venous_wound_133.jpg,4f27c8b851e8ff2e6a31168cff5fcdef34b05f11b1b5b4949e2677ddcfed11b9
train,out_of_scope,extra_ibrahim_ood_venous_wound_134.jpg,3978e8a203906da125ae57f22f746005339c793dd4feef1fcf31a1f5f6079884
train,out_of_scope,extra_ibrahim_ood_venous_wound_135.jpg,30a473aef4cbd782f26ee3c1a333ecb601bf25fa2959539a4198fe3ed22f9dcc
train,out_of_scope,extra_ibrahim_ood_venous_wound_136.jpg,e1dfb0f28123dba1411e4f1ab1f881832d79f9a41b1cf2365c81db3d3bccbdb2
train,out_of_scope,extra_ibrahim_ood_venous_wound_137.jpg,8488464a92a5d47c081fb8c87c642f974210c5feae968ac485070e07036ddd23
train,out_of_scope,extra_ibrahim_ood_venous_wound_138.jpg,77cc272dec4bf6a1ee890c3c826d596f1d478ea33e788d6ac344946a7d5e2a59
train,out_of_scope,extra_ibrahim_ood_venous_wound_139.jpg,5c1bbd4670d9e0a95338653bbd71f0d17f79d53c0b84c5d054ef0e70486a6685
train,out_of_scope,extra_ibrahim_ood_venous_wound_14.jpg,4a89cf422be45d43f6ee016bd1b44570b0044a5a7cb58660058530f23fecaf0e
train,out_of_scope,extra_ibrahim_ood_venous_wound_140.jpg,0271a94a454ed762532c56426e51d378bd9360f41d62c251b40561571b873ef2
train,out_of_scope,extra_ibrahim_ood_venous_wound_144.jpg,831d09edddc27652ebdf1e424df39d0f871bed7fd736447d9c755edd0c6f61a6
train,out_of_scope,extra_ibrahim_ood_venous_wound_145.jpg,a923a74ea735f3ae7f41a8650f854895a0655983784af10eeae152b3a5d519a0
train,out_of_scope,extra_ibrahim_ood_venous_wound_146.jpg,469b861cb370186d7cb4cb51b7a2264c057063d88e1e8d7b7bad6546bfbaa522
train,out_of_scope,extra_ibrahim_ood_venous_wound_147.jpg,69c85779e70cda7fc9b51af10b85938ca467be30df6db39dfedeb96b7c1d961a
train,out_of_scope,extra_ibrahim_ood_venous_wound_148.jpg,4b85fd3c78c7b04bd4e6fbfb692b635424bc68a4910ea5bd8aac4cec56d9d405
train,out_of_scope,extra_ibrahim_ood_venous_wound_149.jpg,54d357355f33834d2b223f9bb9fd7b09313848f60af3556779b474a88e9fb05a
train,out_of_scope,extra_ibrahim_ood_venous_wound_15.jpg,efea8c86c2069ebffc4769c8b5d970d9b14184079ca31c63c06ccccbb8c47c84
train,out_of_scope,extra_ibrahim_ood_venous_wound_150.jpg,bc4a29ab53f74489c402098a8af0738b0cf4cd641a43ea520e6ead71eb393370
train,out_of_scope,extra_ibrahim_ood_venous_wound_151.jpg,ba2f78db02bf6318b94c874e9333fb96c69a27a278d651a11a7a7ab2d484d15f
train,out_of_scope,extra_ibrahim_ood_venous_wound_152.jpg,a6064ac007e6cfacd26d842bb739940c9df62ce869da820adaf4890c00e053be
train,out_of_scope,extra_ibrahim_ood_venous_wound_153.jpg,da3cdd27e2c53edefb42803191b6a62fe1d6225b2a70942fe94d99675c59312e
train,out_of_scope,extra_ibrahim_ood_venous_wound_154.jpg,949e7a1410d69567304f417d68c1c9ee5aa4a0ba2196f81f36b8abb2810a2625
train,out_of_scope,extra_ibrahim_ood_venous_wound_155.jpg,66bf67952424ac2650344849b1f2bf4455970396d2964780c80e6e2f2aed0d6e
train,out_of_scope,extra_ibrahim_ood_venous_wound_156.jpg,e48cc20077e77517c3f2e356161bed8c9024f30db569221fcc3a1065ace60ec1
train,out_of_scope,extra_ibrahim_ood_venous_wound_157.jpg,0aee84fcd7d84d1beae6cc50419ae4567098ed5a41a99a05b26eb77990cc24ba
train,out_of_scope,extra_ibrahim_ood_venous_wound_158.jpg,a02a95bd31cf272feb0b5fafe31eb720f5dabe90dab0b491d4d048b352f5a599
train,out_of_scope,extra_ibrahim_ood_venous_wound_159.jpg,72756929071f0d8e1bfb4e7cca6965e547acaed080b28229340bfb5e2d4b2399
train,out_of_scope,extra_ibrahim_ood_venous_wound_160.jpg,3678b5921f87c163dc9e12cefae230981a0de4337a0e731876bee1850584c102
train,out_of_scope,extra_ibrahim_ood_venous_wound_161.jpg,ec67829de04ed22493278bef01d0cc8003f78982a5253029087c5c830a1e7da2
train,out_of_scope,extra_ibrahim_ood_venous_wound_162.jpg,4c6e0abace96c34f84930926290b2c64092d8246eb312c521b5e7e36958cd89f
train,out_of_scope,extra_ibrahim_ood_venous_wound_163.jpg,18df9bc5a5892993b1361cb70e956b69f80befc11dfd3dd5fcc2dfe4900ba5cc
train,out_of_scope,extra_ibrahim_ood_venous_wound_165.jpg,42a317dfb3bac1e448d8a3ef95d3e127a69949b868e572439cd0dbecdef04130
train,out_of_scope,extra_ibrahim_ood_venous_wound_166.jpg,9de163f19e6a6408c34b8be1677229f5f730a7f244867ced31705b57c591b908
train,out_of_scope,extra_ibrahim_ood_venous_wound_167.jpg,80a22e84a4af6819544888d06b7984c386d6093e91384a5978607733a585b1f0
train,out_of_scope,extra_ibrahim_ood_venous_wound_168.jpg,c81a6f974525c02c6516c360f548e173b9111e7566d28055c2619fae3471bf3c
train,out_of_scope,extra_ibrahim_ood_venous_wound_169.jpg,e2eab2f9173452ffbbf8a83a1ae4131e0474dffa564a0f1d1d6074b4bc2ba20d
train,out_of_scope,extra_ibrahim_ood_venous_wound_170.jpg,670d33eb9c3f5dcc2f4edbdfecf4c141af51926c21fe449e3e71eb7fe4e86dda
train,out_of_scope,extra_ibrahim_ood_venous_wound_171.jpg,e1bb7062335fa13d9361c436cb41453508e21d97aea5ec3842bd032d8baf88a1
train,out_of_scope,extra_ibrahim_ood_venous_wound_172.jpg,a4b374e2c7c3cf2af84c3a3e5dae202bdb2c6af716d8efc69baa14eaf3e8ee93
train,out_of_scope,extra_ibrahim_ood_venous_wound_173.jpg,87e2039278c5675cedd6af79e3aa6009575c87f8f8eb907bb03c32cd37005627
train,out_of_scope,extra_ibrahim_ood_venous_wound_174.jpg,253369e6ffa52303b1ce37a44308bda7525ce40a1eee880544616ad13fb049e3
train,out_of_scope,extra_ibrahim_ood_venous_wound_175.jpg,3bddb91c53489efd83e14af314f105dcd35f1635c4e64801e185db607f9d7483
train,out_of_scope,extra_ibrahim_ood_venous_wound_176.jpg,4500e1709add3ce166832ba1a519ef04436816f3481c0c21141b717b5a57ba97
train,out_of_scope,extra_ibrahim_ood_venous_wound_177.jpg,17ff1a09d81f1e9ecf9f75aab6d9edf055cb22a7d6031bc498efe88f1211a44e
train,out_of_scope,extra_ibrahim_ood_venous_wound_178.jpg,9f3f8f8165b340a771f918a435f9e6481811c5f3db6320f943244743d6b5ea12
train,out_of_scope,extra_ibrahim_ood_venous_wound_179.jpg,a4e47bcd7f99890fa516047d74ccabba71255a24e9d2c4faea91dcb96616f6e8
train,out_of_scope,extra_ibrahim_ood_venous_wound_18.jpg,c1e19d3daaa98fcfcf8b4826d15a90de97e1954402aa99bf2412952b2f45d4d2
train,out_of_scope,extra_ibrahim_ood_venous_wound_180.jpg,e00fc2c34fb61438e63dcac8892ff6587dc0c16e8bd0f48a41696479e04a9cfe
train,out_of_scope,extra_ibrahim_ood_venous_wound_181.jpg,e394d15853851e877f1ab7d8df754f306ccddd6c206c8596050bd9ff4c8a8fd5
train,out_of_scope,extra_ibrahim_ood_venous_wound_183.jpg,ad5bc37ed998a7460b9c357649e1784d60d280f3e417a42f05ccdcc2ce50fd78
train,out_of_scope,extra_ibrahim_ood_venous_wound_184.jpg,85f8386b185439420b605a9813e1bd26b5766c5387a2606c1772e1c08e6edb02
train,out_of_scope,extra_ibrahim_ood_venous_wound_185.jpg,1830ff07b8942567e124d70361cb634e97cab78abc93c38e050446ebb7326a9e
train,out_of_scope,extra_ibrahim_ood_venous_wound_186.jpg,389e1a79e7496027d07a8a95b0fddea99f13798321f17bdbd5b6ca37ce5b0346
train,out_of_scope,extra_ibrahim_ood_venous_wound_187.jpg,49956d2572d0c39b5620bfd22b301c90b77f84fb7ece6ca35072dc45dca9645b
train,out_of_scope,extra_ibrahim_ood_venous_wound_188.jpg,bbf2322f5d8293894721ff9d62b48d6b1a6b00b3569e4bebb091308e60067ce2
train,out_of_scope,extra_ibrahim_ood_venous_wound_189.jpg,d1c1c2c561f935362714f04dc51ec6d9fd39da86061135fc2439ac10e5979496
train,out_of_scope,extra_ibrahim_ood_venous_wound_19.jpg,05f24a07c8b82aceb7844580cad94333dd83e59a7850aac280002be11b70c791
train,out_of_scope,extra_ibrahim_ood_venous_wound_191.jpg,68955f6fa56d591c31a9fcf5e483067fd47bf38d3c5efb47a8711ca4cb3a9c8b
train,out_of_scope,extra_ibrahim_ood_venous_wound_192.jpg,ca54cb13ff321b6dba986d6d2490a425cfa3b91bea7e3b6b4a509373852d4e84
train,out_of_scope,extra_ibrahim_ood_venous_wound_193.jpg,efeacd15f5dc8b709e03e90ff0954bf9bb6796ebfab4b3e2dbc1b027a6f963ba
train,out_of_scope,extra_ibrahim_ood_venous_wound_194.jpg,c6ca61a3cb47dcb7426eb0a8c7149fa3b3af0bf89652713a0693a20dbb32eddc
train,out_of_scope,extra_ibrahim_ood_venous_wound_195.jpg,8916f52db6500bc1e8a949b3656b6414c68720d4ac80afb265c0f635cf4c1776
train,out_of_scope,extra_ibrahim_ood_venous_wound_196.jpg,9bc22f379d42956bf9f51f9c8c0896add82eba616b420781bde3109323ad4d27
train,out_of_scope,extra_ibrahim_ood_venous_wound_197.jpg,bc98a0cd9b0fa72efe238523cc8c096791bc9d61d2ad450b5969df6447ae82d9
train,out_of_scope,extra_ibrahim_ood_venous_wound_198.jpg,1eff748bc6c13ed72cf06bfe987c131b6b2919b079b5820bae4a2118bcc68c18
train,out_of_scope,extra_ibrahim_ood_venous_wound_199.jpg,7b9fb892b353e6b3aba5754661854b7d6fd8ec914da0e1ed90d201d17e192b0b
train,out_of_scope,extra_ibrahim_ood_venous_wound_2.jpg,49693ff76e1051ed000e0eef81ea176b7d576183bc12a802b30ac4c6de2ca895
train,out_of_scope,extra_ibrahim_ood_venous_wound_20.jpg,79a9dc4d50e38d8fef2ff4a6d319b48f4618da36096d0bf37d87b593db337fa2
train,out_of_scope,extra_ibrahim_ood_venous_wound_200.jpg,a2bf617110ad2f660ec1b493b3332b31ffec78e3fab65fa1de264e71978843ec
train,out_of_scope,extra_ibrahim_ood_venous_wound_201.jpg,eec7d2a06d957a73ce773ea6746776fa097b2e3da561a6824949ce2b63bcd985
train,out_of_scope,extra_ibrahim_ood_venous_wound_202.jpg,6a907cd4777fce728ebf4ed7dfeca52ef205df5e50490daf69e4f932fdf0a209
train,out_of_scope,extra_ibrahim_ood_venous_wound_205.jpg,63f0079f81cb486978f2f52cfef573e6b116c92f15b1843276881665d7fad57a
train,out_of_scope,extra_ibrahim_ood_venous_wound_206.jpg,c1a8e3badd4b589efcf046476f4a495c80f2af52b9ea4ec3c74ed50651ef19e6
train,out_of_scope,extra_ibrahim_ood_venous_wound_207.jpg,87c89304d1da7886cef1e1acd26b092062e35da5f8249432fa41d8b5f264d154
train,out_of_scope,extra_ibrahim_ood_venous_wound_208.jpg,1aef9daf4409017b34b92b7e781497ed634080deb9f60cdee3317086c11ee91c
train,out_of_scope,extra_ibrahim_ood_venous_wound_209.jpg,e2acb6b5aaf61b85ccf4bac5e36658aa8076ce64e7eff9bed255cb8b4e6eb077
train,out_of_scope,extra_ibrahim_ood_venous_wound_21.jpg,65ca112f43517e99f90b830c40db325552fafea308bfcd2ae5c7809d51b59679
train,out_of_scope,extra_ibrahim_ood_venous_wound_210.jpg,1458398bf83c4e58512579fe27490b60163b9022b2d0dac7519149ac8453b5da
train,out_of_scope,extra_ibrahim_ood_venous_wound_211.jpg,0cc96b76a965e6d442757b7dead383f5027e7710d2d9fb33b105571bacdf51b4
train,out_of_scope,extra_ibrahim_ood_venous_wound_212.jpg,48500514e2b39e3a6e7f5263e31c4f4ffc3b4991eb46041fc6ae0a5df66ae913
train,out_of_scope,extra_ibrahim_ood_venous_wound_213.jpg,4ff79d692e72fb9180fa1bb350f9a4d9f79a10ee8766cab356240d43de797fe9
train,out_of_scope,extra_ibrahim_ood_venous_wound_214.jpg,b8bc270080404af25cee3e4c92e52fa9f13366672cef2f5fdf7c3e9ca2771d94
train,out_of_scope,extra_ibrahim_ood_venous_wound_215.jpg,e6c7f645ac6a5a76029253be65be4a6b25f32b19314e8a90e46db6b76b769fed
train,out_of_scope,extra_ibrahim_ood_venous_wound_216.jpg,53c274739a343d2bac7b99356001242e6eb23aca83b66e6d66ca93441eea4d1c
train,out_of_scope,extra_ibrahim_ood_venous_wound_217.jpg,ce7f30b87c910dbf638b7d0908be58cf7b96e54d5f3c24dac1c4f0c38d03b91c
train,out_of_scope,extra_ibrahim_ood_venous_wound_219.jpg,4be75298bcb3cbd6be1481d995fa891dcb2ed0a0fc64efb6ed74b11a1faf280e
train,out_of_scope,extra_ibrahim_ood_venous_wound_22.jpg,6441c76d3b9943c242a13238d5308ed4b2e325b91db4ecf5279ec8a8c81d03d0
train,out_of_scope,extra_ibrahim_ood_venous_wound_220.jpg,f3523b43e04bca91259a4c6493157928ec5681313577e9b95540280448e002ac
train,out_of_scope,extra_ibrahim_ood_venous_wound_221.jpg,8724475f26f1b20a775ee42b01c43fe35494e21aa4e0ab8a18a3ad43bc5a1271
train,out_of_scope,extra_ibrahim_ood_venous_wound_222.jpg,97b25800a012b9630eca70589c3639166443c1f0e191d59818646a4322562ed3
train,out_of_scope,extra_ibrahim_ood_venous_wound_223.jpg,94689b9389079e97f880065231d62b6bc625de6d94d4f56a3cee51eb493253ea
train,out_of_scope,extra_ibrahim_ood_venous_wound_224.jpg,eeb5240b1cff90ab684926ea5e2bb955264f2d06efdcf4cfc4f5afa7d51a2722
train,out_of_scope,extra_ibrahim_ood_venous_wound_225.jpg,5a9052b1ce43738bc38040e31b5c8e8a66434248b0ea1135a9b9c19352f2527d
train,out_of_scope,extra_ibrahim_ood_venous_wound_226.jpg,6f67a2433c6a74ba7b04002d01b189de057cb0684272b8f7535266167f60a586
train,out_of_scope,extra_ibrahim_ood_venous_wound_227.jpg,e2256dade1cb0db641aea9bcbb79e958a99cdeaba75dfeee99cc68d206db3547
train,out_of_scope,extra_ibrahim_ood_venous_wound_228.jpg,ba2ba12ae1cf555744ac2eb931da2313d88d7ae7b8d46d71e66b343f021fc6bb
train,out_of_scope,extra_ibrahim_ood_venous_wound_229.jpg,714daa8de5ea4031a40f50bfb993f815e7d15be4ebc3339274d2b7eaa6a1c2b9
train,out_of_scope,extra_ibrahim_ood_venous_wound_23.jpg,5ed6d778e0f78bd1aa4641e314682180cc6d24a61de7a0864a265ea9ad47021a
train,out_of_scope,extra_ibrahim_ood_venous_wound_230.jpg,bd27264f3df7e849417529c5c01dd0fda04e36f81dcded42eeb530ebe264703c
train,out_of_scope,extra_ibrahim_ood_venous_wound_231.jpg,8d7ada041ebed4135f767adcb5d8402785238f1cb044fb8cd7576fba6f925ddf
train,out_of_scope,extra_ibrahim_ood_venous_wound_232.jpg,3e96cce397322e9d81aa929d584492d6c7482131d5fb1b551edbf232ca454e9e
train,out_of_scope,extra_ibrahim_ood_venous_wound_233.jpg,6b349e801cb9d33faa0363004a381df435001194ed6a103ab07e305fe8715ae7
train,out_of_scope,extra_ibrahim_ood_venous_wound_234.jpg,770e040a7db14b7fb47e7843c545b92521d2bdb4e092dba0617525bfecc36e5a
train,out_of_scope,extra_ibrahim_ood_venous_wound_235.jpg,cdf7ece0eda70f0c8a207aea6a08f5387b165411f20ec1789357e2013a15e2e4
train,out_of_scope,extra_ibrahim_ood_venous_wound_236.jpg,5104fbdb852d8c3ac6903c653d06af38f48ea3ee558a62a493c020dd5688ba0e
train,out_of_scope,extra_ibrahim_ood_venous_wound_237.jpg,3e771d000daee2b245646f794def0e1f1765f53a40533815cee9817173b0550a
train,out_of_scope,extra_ibrahim_ood_venous_wound_238.jpg,2f9eceebbb6c467c00a3aa5b74dd52055443391e19cc2a1901e7a975b87db522
train,out_of_scope,extra_ibrahim_ood_venous_wound_239.jpg,90cb8f6ef6083c3920f25b92275d5dabbf0612f46d7faed935f8cf2e6cb15028
train,out_of_scope,extra_ibrahim_ood_venous_wound_24.jpg,f25b1f958d74b14c1b3f86aeed30aeb3ca9639e5712b10830ef81861d58fa9b9
train,out_of_scope,extra_ibrahim_ood_venous_wound_240.jpg,7ff7d21ef6e692627d9b9677db3ac43c027491447214293a4aa15bf4ac7d03bb
train,out_of_scope,extra_ibrahim_ood_venous_wound_242.jpg,b811d733572a6b08ebf25b9ded1f539033651bbac16e4d9120b3b6a97f41178c
train,out_of_scope,extra_ibrahim_ood_venous_wound_243.jpg,dbd7914bfe51d555e6c1f1f98db2bd67ab4f59d18026d44747b6018576ae2397
train,out_of_scope,extra_ibrahim_ood_venous_wound_245.jpg,b2d9c70e394e6d78a50f18374576834867512fa18a3004bfd4d70371ae1ed305
train,out_of_scope,extra_ibrahim_ood_venous_wound_246.jpg,94ef54ca15da37781b6adc597764cacb72e4ca2b3b60feada870d7c3a1c145f8
train,out_of_scope,extra_ibrahim_ood_venous_wound_26.jpg,23085fa86121ecb6eb7f7b8adea9577de317ab17d07b7929694a8f9cc4de3728
train,out_of_scope,extra_ibrahim_ood_venous_wound_28.jpg,3c6d0b1c4fab7e3546580afe1e460cd67ea864ac2f29cc358ef938ad6b13fc46
train,out_of_scope,extra_ibrahim_ood_venous_wound_29.jpg,dfdaa230ad5dde2ef87332377a8ecea897cdfb9dac393e79d898b8226c2a9205
train,out_of_scope,extra_ibrahim_ood_venous_wound_3.jpg,d47ea6e0c447f324c19ac0fe83120fed9cf5854a4f486c18c7d05ee34093b186
train,out_of_scope,extra_ibrahim_ood_venous_wound_30.jpg,375eec120c4aa217b4a025f2d50d7828107b44a9729875059b003b063c70667e
train,out_of_scope,extra_ibrahim_ood_venous_wound_31.jpg,868e7a584afd85f1de4dfb89846c494dcdad2d717ae8ee76d03458ef4cfae6ab
train,out_of_scope,extra_ibrahim_ood_venous_wound_32.jpg,cc82b20dc9e312038a9bf815998f2230962b8b084d36a8ad04aad175f7e5f2b1
train,out_of_scope,extra_ibrahim_ood_venous_wound_33.jpg,5b3e23421014ccaafa08067130fe065eea276725bced66bd0c38e81c54d79431
train,out_of_scope,extra_ibrahim_ood_venous_wound_34.jpg,149d079ca5eac9944a886c80bb303cbeed2d1ea65f671b698f1a1d1e63edb6a8
train,out_of_scope,extra_ibrahim_ood_venous_wound_35.jpg,204ee50be469229a3eb124251840be075e1ddebdebf7ee19c2fdb363415a1734
train,out_of_scope,extra_ibrahim_ood_venous_wound_36.jpg,c7ad4c911761b9d66cb3c3f460ab0fea7c1dd7e2f937e90aacaa7d3c45137f32
train,out_of_scope,extra_ibrahim_ood_venous_wound_37.jpg,63981b0b746588b69f9251e81673063e56e2eff7050525ea03f0a9125e85efb7
train,out_of_scope,extra_ibrahim_ood_venous_wound_39.jpg,de89ffeabda98eb893d66a6e32b36d1c03f2cd984440bfb9e08a4eeb2c6da6f1
train,out_of_scope,extra_ibrahim_ood_venous_wound_4.jpg,3b0db79e57e858b6065c0375bc82ba6a363b8237ae6c65245ea5ac6f7b4fea39
train,out_of_scope,extra_ibrahim_ood_venous_wound_40.jpg,1be2e9d8770c011af289018e911f74a03a3e971cf8aee652ed395d439a6c9f6a
train,out_of_scope,extra_ibrahim_ood_venous_wound_41.jpg,b60dcb8867e004c85f2ecceb0d09cbea26c43563809dfde6f7562a52170da542
train,out_of_scope,extra_ibrahim_ood_venous_wound_42.jpg,c65a4290e43952c9f14ae0dec9766000219af12f15047adea783169d8a6976ce
train,out_of_scope,extra_ibrahim_ood_venous_wound_43.jpg,19b678e86937ef763b8c85be273f0c26102d1e6a75f83194521941d513bd78c4
train,out_of_scope,extra_ibrahim_ood_venous_wound_44.jpg,aa68fb432864e0d180ed4619faf762681bb4fdcd7cb8d82590cc175b173f9e27
train,out_of_scope,extra_ibrahim_ood_venous_wound_45.jpg,cf04ec6fb953708e3beefb52f7650842221367dae9a8577dc684568cc66972d4
train,out_of_scope,extra_ibrahim_ood_venous_wound_46.jpg,95b94c67d27a9b0c96c73c9fc54751c88e0049a744122a917aeaa2152b4460b2
train,out_of_scope,extra_ibrahim_ood_venous_wound_47.jpg,c08ce7afb647c3f0cb1449485579baa585eee86279de096c556b57aa9b1a5fff
train,out_of_scope,extra_ibrahim_ood_venous_wound_48.jpg,339462bafdd9900dafdd1664a120e2532a91fbd2a737e34d42792acc23e44582
train,out_of_scope,extra_ibrahim_ood_venous_wound_49.jpg,c17b3d259aa7db2560ba2ad2916eea3a341a5c5b2e6d1fd0434f1d2cf835d317
train,out_of_scope,extra_ibrahim_ood_venous_wound_5.jpg,e813d339466f19da361b5f8d7e0e88effe91d0284a4e9f8173b11992aeaa8e08
train,out_of_scope,extra_ibrahim_ood_venous_wound_50.jpg,d5d54eeab681f8e382023923cf68753ea258408e8138304152259b7671a5431a
train,out_of_scope,extra_ibrahim_ood_venous_wound_51.jpg,bcef662f3116026a338c61de8b50ef729c0b9cdf7812e91a3d8d31ec5717f753
train,out_of_scope,extra_ibrahim_ood_venous_wound_52.jpg,f6e784be8642269336a1b9ce70283bc9963d40db44b30031830b0fa1442c3d41
train,out_of_scope,extra_ibrahim_ood_venous_wound_53.jpg,d59b123fec9352fb7e9f3a900232c69a0a4841478a154b80372938cc1408c53b
train,out_of_scope,extra_ibrahim_ood_venous_wound_54.jpg,1aad1458cfbd35c64c8e2771afa7115691ba5e73f932a0136cfa3585e7f93aff
train,out_of_scope,extra_ibrahim_ood_venous_wound_55.jpg,19e4d795218a975f3f357863401b2786eafff5eca1dbf84cc3d6fd277b0c1d4f
train,out_of_scope,extra_ibrahim_ood_venous_wound_56.jpg,f0f27db352f39f750f395034694c976c73dc0657a3b7adc44f020d5ad279f18c
train,out_of_scope,extra_ibrahim_ood_venous_wound_57.jpg,d575f9a41b43720e2c940a394a57695efa4798a3885b6b0a2cdb9797d40430fc
train,out_of_scope,extra_ibrahim_ood_venous_wound_59.jpg,f75032484df8771310f5796902c7b2f804e03f5423d70cc91ff3a293679dbc18
train,out_of_scope,extra_ibrahim_ood_venous_wound_6.jpg,bd0fa1e8617c21d608de7d00f0a322ab13357423937ac7c9f03f68e0c3c4e742
train,out_of_scope,extra_ibrahim_ood_venous_wound_60.jpg,a0838e1b5e89c2dd95d098caaf93ef5b06da6be3199001416f733b316fcb3bc1
train,out_of_scope,extra_ibrahim_ood_venous_wound_61.jpg,4a6547d7d0739be3ee6f3529d9615cb1ae3bc32ee8b7b0908148351a76143f4e
train,out_of_scope,extra_ibrahim_ood_venous_wound_62.jpg,cd4ade183a3bed433cbe67bb1804eca5801d2743138b7aed71a219a35512da40
train,out_of_scope,extra_ibrahim_ood_venous_wound_63.jpg,34863ff024f42def02100b14180bb4269d6f860b09b8681b068057bea252b7fb
train,out_of_scope,extra_ibrahim_ood_venous_wound_64.jpg,2faba2c8deb5c618020674f85e001fa34f54521799d080c6c77b5254fde5a205
train,out_of_scope,extra_ibrahim_ood_venous_wound_65.jpg,cc94f816169c7d6037e48f1b7151a6fc74bf8b47ff8c49416f3aaeb71d81d5f5
train,out_of_scope,extra_ibrahim_ood_venous_wound_66.jpg,75341c30d1b30e5b27134ecedbc65034ce74a1d78823e98e34c2e3f460cb279a
train,out_of_scope,extra_ibrahim_ood_venous_wound_67.jpg,d9fbfe82348931598c0f16bfddfc74e57507208e43d9c30b584ab3acaf1525f0
train,out_of_scope,extra_ibrahim_ood_venous_wound_68.jpg,82f4b18aeb9bc2b32fc51d12347df6bbb8266aa2385ea9980f3631a6bd592fba
train,out_of_scope,extra_ibrahim_ood_venous_wound_69.jpg,e1b984b3baffa55ed767bba13d6c7c643141b83172ef72c69276fc7fbb5433c1
train,out_of_scope,extra_ibrahim_ood_venous_wound_7.jpg,9a79109941b550576af183a99ddafbf15dee6183294a8ed80763a1d14534489b
train,out_of_scope,extra_ibrahim_ood_venous_wound_70.jpg,1348cd0a1291b77da978cd7be0ab4b6837b3874da2cd5d7cf95d2b0adc57f05c
train,out_of_scope,extra_ibrahim_ood_venous_wound_71.jpg,ea8103747f867fd10a8f238a4e654d00e9f92f81bb8ee0876ba4d26127611cd3
train,out_of_scope,extra_ibrahim_ood_venous_wound_72.jpg,ab92241a0ab0cc2b54d1dc1b5d2dea55c0ff2aa4f10a7be8d5d431e8c4555891
train,out_of_scope,extra_ibrahim_ood_venous_wound_73.jpg,c26d91587928490f6d32ab86315e1264ece490f824b18d7847c268aeff769875
train,out_of_scope,extra_ibrahim_ood_venous_wound_74.jpg,0c9a4f9fe654f443cdff64c8310999e64fc457674178f7d638be928f48f291a5
train,out_of_scope,extra_ibrahim_ood_venous_wound_75.jpg,4dcd7fed562d1d239c029891500107fac3f6cb1247495ab0858d12bb4530e4f3
train,out_of_scope,extra_ibrahim_ood_venous_wound_76.jpg,dad7f7792831a63ca4e5b97d28751ed258006f146f799fa5ae7a6975ed666861
train,out_of_scope,extra_ibrahim_ood_venous_wound_77.jpg,ec311e79232d3250271bb653ba991c83cfc9c42f03e7472196316f622b19d034
train,out_of_scope,extra_ibrahim_ood_venous_wound_78.jpg,6e86cf91444cbc02745bff088dc44f1384fa3d179a732fcb3b6f40da3a2c695b
train,out_of_scope,extra_ibrahim_ood_venous_wound_79.jpg,8e5f6114c701d1ab4dd9c0b5c563a1d80787cb76807b8425281caad8fa4fe3e0
train,out_of_scope,extra_ibrahim_ood_venous_wound_80.jpg,c741d280876dc03a7e3ba048f05e62d060ec18843759afee26614d2aa3b1b47d
train,out_of_scope,extra_ibrahim_ood_venous_wound_81.jpg,3c0092224b99c38e87f07bb2accbe6b6dbc884daeacb64e42b7870982bce384d
train,out_of_scope,extra_ibrahim_ood_venous_wound_82.jpg,45b4a5e37be9e37bb60eb7cef6e46337d22f96035c687783d96c7e1633f46f80
train,out_of_scope,extra_ibrahim_ood_venous_wound_83.jpg,ddba54065c0cdc14384589eec988ee6cc90c0db5cd947b1b69d0815b50541fab
train,out_of_scope,extra_ibrahim_ood_venous_wound_84.jpg,7361901eff061409ee688b61d30ff7db5bf7fe798ed557f06810538123b8f0cb
train,out_of_scope,extra_ibrahim_ood_venous_wound_85.jpg,47dc46d37cbd3801d4c3aa97d76e64d9bf7104276dec7fbec371c6a059ca44e4
train,out_of_scope,extra_ibrahim_ood_venous_wound_86.jpg,00bc75acdd42a76383f7d099e6cc0cce79eb1038130b6f56b1d8af07829cd449
train,out_of_scope,extra_ibrahim_ood_venous_wound_87.jpg,95f32a264d602f7524951029aac39eb7e95c6bbf338f47969b3bc883849fc930
train,out_of_scope,extra_ibrahim_ood_venous_wound_89.jpg,7eeb0d6c26fd2cd7e6c3f97953dff15aa3e33b1e15e90c2aa0a70b8fe12d3d30
train,out_of_scope,extra_ibrahim_ood_venous_wound_9.jpg,048cd487398c9d07413813936c7b2ba314efd8740930af7998ce4c32881999f7
train,out_of_scope,extra_ibrahim_ood_venous_wound_90.jpg,f0f9985fc61d46fab3798fc12660712509c6c3692629f807dc04c8d4686b39b7
train,out_of_scope,extra_ibrahim_ood_venous_wound_91.jpg,3897281f1050e3b6d720311a5a1c300afd1c546539a2ad8ab14a59010315eb7c
train,out_of_scope,extra_ibrahim_ood_venous_wound_92.jpg,3c3c248f1b0f5694841b5ee1ee179769c201e438999334447f7f1825728127c9
train,out_of_scope,extra_ibrahim_ood_venous_wound_93.jpg,c1f576a0a43a5cd9f49c7023ec37cab8a78391e3fc8ec512f2468cd92f3d187b
train,out_of_scope,extra_ibrahim_ood_venous_wound_94.jpg,64ec62a9fd0496f93bad0673599be71c6d25df0edaf5ef135bf3bdb40b3bd7a2
train,out_of_scope,extra_ibrahim_ood_venous_wound_95.jpg,2c2b1f7a0193852283e5fa51d2d021b9fcd0afb8a664aff4cb2fddaa40e3ce8b
train,out_of_scope,extra_ibrahim_ood_venous_wound_96.jpg,de3237a27d0364afab6954002c44b55005f00317f08322c499784be1462b547e
train,out_of_scope,extra_ibrahim_ood_venous_wound_97.jpg,76728a0ddda37cc37a89c333c452ef2921d70e170e4c1c1daa33bc92a947f3be
train,out_of_scope,extra_ibrahim_ood_venous_wound_98.jpg,06470cad743db1b716483f1ccf3122837a99395c3c1d249167d523e074767893
train,out_of_scope,extra_ibrahim_ood_venous_wound_99.jpg,04f8a97d585741f71467196efb670e632967ec4226ed3c78cada04842039a917
early_stop,abrasion,abrasion_kg1_1.jpg,571ec9e4105f5b09ee2f27f064faf6417dabdf73ecd75fcc90e691ce4715a40e
early_stop,abrasion,abrasion_kg1_102.jpg,3448ae8048b8030354b2a474a58b1ab91cef3b8d4ee6e361f1be8259ba80b4fe
early_stop,abrasion,abrasion_kg1_111.jpg,efc2318ae9092cc833e1c88fdb483172b8900ca9927127f9964b8c6872f776fe
early_stop,abrasion,abrasion_kg1_112.jpg,d80b2dd5199a24093419287cde71675d5366394fbab3acf91637d98c4d6cea8c
early_stop,abrasion,abrasion_kg1_121.jpg,c7117f4c95c46e5c353a1ec8cde074217151133c6a269d0e475e46ebc1117296
early_stop,abrasion,abrasion_kg1_122.jpg,fd8fe375213a82f315ba73eac3689451316825d94450520e248dbfb77696d903
early_stop,abrasion,abrasion_kg1_127.jpg,7034fba9cb2175a719ed7daf08721b3526255293044550b9e14f27efa5825d7c
early_stop,abrasion,abrasion_kg1_128.jpg,8d02f649cfc401f130102b75d73ba42f0b215521f68eeb6b35efe7bca50e1d1d
early_stop,abrasion,abrasion_kg1_144.jpg,5473e111d716f424111b50237c16fcd9c1707c530fefa1ba53fa58d6ecd96e5d
early_stop,abrasion,abrasion_kg1_155.jpg,6270620dd4901931c5bb9ebb98815820a2eedb8a4a4ee208557dcd988e3ca25c
early_stop,abrasion,abrasion_kg1_164.jpg,33e1e75c007552c005f14a0a9b8a0be500e6c9f8859513655bc84427ebff1dec
early_stop,abrasion,abrasion_kg1_172.jpg,e869e4ca13649ff768dc9fdcd9fc92ec5b6a6e64bda4c8a1b1875a313c04f068
early_stop,abrasion,abrasion_kg1_182.jpg,187da159a88f7423e574855ed78ec699c1ad2aeee9d60399cd3506aa11f52ede
early_stop,abrasion,abrasion_kg1_184.jpg,b13e927fe6204421acecbc4d7ce4ef2020b00bc084063719532488af0cc89475
early_stop,abrasion,abrasion_kg1_194.jpg,7a8d80761dc5912e279fd7949b24f9dfaf2a37cef46bcfb72f73e0d2ff73ceeb
early_stop,abrasion,abrasion_kg1_27.jpg,ae039af899039602bcbea43562fa396970b702ad560d8f33c6dc31c1f3d8aa58
early_stop,abrasion,abrasion_kg1_32.jpg,1ee5d5f1d23154346fbdd986ada43fb0201cf5cbc22ca77da3d49b0b640e50cb
early_stop,abrasion,abrasion_kg1_55.jpg,1b15e9d6499878e8230f4b0d0fa2246dcfdd76ab0c9014c97a5de185bcfc7deb
early_stop,abrasion,abrasion_kg1_58.jpg,5a60aa9ddc01714d60392ceb0982abceabf99fd29df7dce37a254ffcdd23194d
early_stop,abrasion,abrasion_kg1_62.jpg,6cdccc45b2b9f1ffccda6d97dba850c2676e5d5b24bb582edefdbfc01748602d
early_stop,abrasion,abrasion_kg1_69.jpg,b8dafe7be09ce17fd4af10dc7202443a8bdf0c0c5c0b9c30390fed45b9abf90d
early_stop,abrasion,abrasion_kg1_70.jpg,de1d4ba2640956dbe5c5fa3d6dddd58f5b5fb50e4bf384145f7fc576b685cbd6
early_stop,abrasion,abrasion_kg1_72.jpg,7978441817d6c9bb6529736a1ebc3ae7d54007d53c406dc560b4bf4b24dc07c5
early_stop,abrasion,abrasion_kg1_73.jpg,2b71abcc03a4e373ed1cd1cab725e2965e503da5b6841c2fbd34daba01bb40ba
early_stop,abrasion,abrasion_kg1_81.jpg,7cc78e5aaeac631d52b15cf5edb1250663091ff98137942472d575564fe3f720
early_stop,abrasion,abrasion_kg1_89.jpg,ed81cbeb004660eeace45dded2a683a38e7727097b09d05a0016f4b6ac3a8508
early_stop,abrasion,abrasion_kg1_93.jpg,23c9f221a93bcad9d16ea98e2432b6ffff38cc20074a7aabfd6ffa856d6750bd
early_stop,abrasion,abrasion_kg1_94.jpg,e4eb1ab1bf6777db021038ab15e57d704151aeba9fdfa694c77e59e7811073d8
early_stop,abrasion,abrasion_kg1_96.jpg,ab473c17aa5c42d0928cd5f78893e6d467d908211c417187a385c91d0020ba36
early_stop,abrasion,abrasion_kg1_98.jpg,c0d6f09689a5f8b06194d9f64118bbe191ea8cc8fdd322d0086108249df2f1e5
early_stop,bruise,bruise_kg1_108.jpg,5e5d122192ce3a0fad9fa0f24dad165a81dd91dc4fd813b5b5800ca8e5d00159
early_stop,bruise,bruise_kg1_118.jpg,fa516c57df736a1118f40290544430467b09bda0eb0520ea635a426f57d09ab6
early_stop,bruise,bruise_kg1_129.jpg,a0707c189218f4240fee9971a2a06f92f3845cf90a9b11875867250cead5afbb
early_stop,bruise,bruise_kg1_140.jpg,1cca0308f771f13a3238ff89b7f470c389b0e0b0f43cb307191f552e77a49764
early_stop,bruise,bruise_kg1_142.jpg,fdc6177a7954c563757deee51aab86cf8718dbd39d8dc842497cfc14d49e0aa2
early_stop,bruise,bruise_kg1_148.jpg,117119c40040947fec9e12a386eb340c6f9172867a8bfef9c60bc1b62c709722
early_stop,bruise,bruise_kg1_149.jpg,ff7d4977a68aac13c9565225719114a9ac3b82d3670fb265ecd0a51ccd64dc97
early_stop,bruise,bruise_kg1_152.jpg,5edf614491391b1687b58e213451c549460b9ae69703856d55e93f927eb75ce2
early_stop,bruise,bruise_kg1_153.jpg,a018a678c9a6e0dd176b17e53bd3ee4bb7484778bfbe71bbd6b23113f1c3d644
early_stop,bruise,bruise_kg1_162.jpg,c920bf8f2cb2150377fd2bfa9c63e36bbb6c720056e365aea45bd848d6f74925
early_stop,bruise,bruise_kg1_18.jpg,99a120d5cf800b9c17af5ca71b1a2454456189644876a6db42079f5f5945a031
early_stop,bruise,bruise_kg1_21.jpg,3b7fd4efdb9a77175af40178184a915ec7611508c84e41521e0d333a294e400c
early_stop,bruise,bruise_kg1_23.jpg,4f3edfa0ec4de77d1509dd16256e636290aa9b77b64cd9dced40d72e80231aad
early_stop,bruise,bruise_kg1_4.jpg,58c042e7c47d1ac61b22cccb873bd5ee57a8048b0d4336fdb5870e52b15ae569
early_stop,bruise,bruise_kg1_61.jpg,2b784361c3eb337b6c119c0e4d1952dc8aefd1959223587ff23a9a7da96f46e5
early_stop,bruise,bruise_kg1_62.jpg,c00caf6cd4ccf7b853db64863e6cad3282299e86085c6746213c6ce0902b61b7
early_stop,bruise,bruise_kg1_65.jpg,54050705d5524b1281d5eb88306f454fa2dc8730ff6e8d88b8887f53fe761709
early_stop,bruise,bruise_kg1_67.jpg,5ca816d8f7ad5cab51545167d6b1fca4f3b45a9a473e2ee1dab77d592bc3a0b1
early_stop,bruise,bruise_kg1_68.jpg,52c18a640a0294bc578a2ea1f95ad765485bfa3bda3839c8b2c5df9a6d33619d
early_stop,bruise,bruise_kg1_7.jpg,513acdc2dd26d8ea83305584c4ce2d2ec0bbdc7078326c5848604204e478c0d4
early_stop,bruise,bruise_kg1_80.jpg,e1bcadce7ad7cd36dce4af6bbcba2e4fb6565b04ea55c11ec1f775e47c69016d
early_stop,bruise,bruise_kg1_82.jpg,cbb9405a9197f2dec3ffa56b13d748eaa0b6c30135abbc5cd9c5e09e91855402
early_stop,bruise,bruise_kg1_89.jpg,d37dff497fd8927ba8a6cb0d11b2f79b52987ceed0f3069d9bc228dcca0a2d37
early_stop,bruise,bruise_kg1_93.jpg,f03baca155a628addbc475909292a6bb060785f44547c86ee993b54fbd5482f5
early_stop,bruise,bruise_kg1_98.jpg,13c7f112da63783bc24e1770d55827f3b19ef6f859abb6e8d6d2156ad04fdb60
early_stop,burn_1st_degree,burn_1st_degree_kg2_1002.jpg,ffe3686550a85903da5d34750c42ba684cc7cdf368aa86104390bb291bd064f7
early_stop,burn_1st_degree,burn_1st_degree_kg2_1005.jpg,f0801d1b4c0793dd87342aef80073ecc23c36737b9da2c67ee96d4ade6926acc
early_stop,burn_1st_degree,burn_1st_degree_kg2_1028.jpg,58062151b73d3fa8e7d57277338525254d2573083cc2b3440488fb66d2aa9e09
early_stop,burn_1st_degree,burn_1st_degree_kg2_11.jpg,ece52fde7a93e0683406be47a61d61fe31dcffeff79f3ffbe9b40329b8898b38
early_stop,burn_1st_degree,burn_1st_degree_kg2_115.jpg,419e5e4f25756bd9a65a6cc327a74962df105d4bfc11a52cdfc9ea459acfb0de
early_stop,burn_1st_degree,burn_1st_degree_kg2_12.jpg,37246867006686ab8d9f42a924b825cf81f1ae29f31153e7192ad7b661a3ba7b
early_stop,burn_1st_degree,burn_1st_degree_kg2_134.jpg,ca8ccfddd37eb3afa59210f4b36c29e8d0686bdd8b76a41df98b052ff5f09950
early_stop,burn_1st_degree,burn_1st_degree_kg2_149.jpg,0e9b9f22cdf48ab4b5e05089cda943c88e4925ddeb72ee0a4b090fc1f72fe92e
early_stop,burn_1st_degree,burn_1st_degree_kg2_156.jpg,30c4bfc7a44a3bfe1026443f5901e1f2e97c6436c1795c6078d98513bd7c8277
early_stop,burn_1st_degree,burn_1st_degree_kg2_257.jpg,a4893ffa2369d095897cf7d2234d4b5a23c03e8266653cf7bd307065b0be0dc1
early_stop,burn_1st_degree,burn_1st_degree_kg2_264.jpg,bb3c6a877f130c9eb4df84c6a3c59a91d95c6c66634a96c359dbebad1d499ebb
early_stop,burn_1st_degree,burn_1st_degree_kg2_276.jpg,a4739ecd67d04f4ab4b00bc5745a2f903f6df63c931075c1dcf1ed8a0572dfef
early_stop,burn_1st_degree,burn_1st_degree_kg2_28.jpg,75b27c30ca9672a1d78363788b520f14f6277889a1f9c99aeee5b5fc233deb41
early_stop,burn_1st_degree,burn_1st_degree_kg2_286.jpg,1bce6a8b43f115850f0916b2381b27e42cca74601827c08146c17df4a025eb90
early_stop,burn_1st_degree,burn_1st_degree_kg2_297.jpg,8789350811a9f2a5d11bb62d7b096e360a8ff7651f028e8e5e05813832a45c53
early_stop,burn_1st_degree,burn_1st_degree_kg2_315.jpg,c136c4629d4112ef7c1bfd9d6d6dcf9676b6ef9161ca26043d335a83305a8ae5
early_stop,burn_1st_degree,burn_1st_degree_kg2_344.jpg,303bcd713bef4e2ddcdab3147ee82531d1a0fd6bc93bdd93ae12d9976e4476dd
early_stop,burn_1st_degree,burn_1st_degree_kg2_356.jpg,aae257f3de336d04fa9b4970ac16954e7650c3f0bdb85a88fd07149250d186eb
early_stop,burn_1st_degree,burn_1st_degree_kg2_375.jpg,f11e5d316e0b29cf082dc5ea4457acce981691732561958adaf8307494bb0ae5
early_stop,burn_1st_degree,burn_1st_degree_kg2_384.jpg,d018fe3a95bff88112abfff06772b66895934f03677733121c76f18e8618bb9f
early_stop,burn_1st_degree,burn_1st_degree_kg2_414.jpg,02a1678e204ebd034095e25030019cb7773fbfe98aea01d531c9c5839beb278d
early_stop,burn_1st_degree,burn_1st_degree_kg2_427.jpg,7998650423333e39d68e6b40db974fd6cd728423a91f1951e412d850d506694c
early_stop,burn_1st_degree,burn_1st_degree_kg2_436.jpg,4e7403388429c3c149401aa4d804c87d5d308b27ce484f0ad80874d05c26f6e0
early_stop,burn_1st_degree,burn_1st_degree_kg2_437.jpg,bb3c6a877f130c9eb4df84c6a3c59a91d95c6c66634a96c359dbebad1d499ebb
early_stop,burn_1st_degree,burn_1st_degree_kg2_444.jpg,3ccba5fb34b4ad4128dbeb3a4379aae9a638c0f51f68dd29701a50f3b97d7a2f
early_stop,burn_1st_degree,burn_1st_degree_kg2_446.jpg,30c4bfc7a44a3bfe1026443f5901e1f2e97c6436c1795c6078d98513bd7c8277
early_stop,burn_1st_degree,burn_1st_degree_kg2_456.jpg,8d65705e2816e7f467a2f897c8d2f00f57378801a3297ccad2a6b416abb2a048
early_stop,burn_1st_degree,burn_1st_degree_kg2_464.jpg,45201457311c350de7a8d2ee83c338e03bb0b41b66971cc6896dd018165b2ef4
early_stop,burn_1st_degree,burn_1st_degree_kg2_502.jpg,0f719508ce9dc8a051a50442e30f80954370bab9a128e4807f1012acc62bf55f
early_stop,burn_1st_degree,burn_1st_degree_kg2_507.jpg,5c76359a34444b4cca78927fc1711800dada1e37686fd8319b03fa1d15091f57
early_stop,burn_1st_degree,burn_1st_degree_kg2_509.jpg,7687af7b2110a2c76d6b9e390c7e44d440501d63fa3157e9fc2518e03216ddde
early_stop,burn_1st_degree,burn_1st_degree_kg2_51.jpg,9d9374cf4e1ea965d09fab6f595874594ffcba8d8329a7c0020190da1badf64a
early_stop,burn_1st_degree,burn_1st_degree_kg2_535.jpg,3fff14784aea37cbd9dbfe75330bc6012a6bfe38a4f4281b3af49ec08c081524
early_stop,burn_1st_degree,burn_1st_degree_kg2_544.jpg,db909fe27ffa43d970ea319834e5ab9649461e41f6c9083ea50de94db7df7e08
early_stop,burn_1st_degree,burn_1st_degree_kg2_549.jpg,f5db6bb97ff12ecfd2f6236aed8c3b9b68e9d10f46ba731d04b28c76296b1ab1
early_stop,burn_1st_degree,burn_1st_degree_kg2_563.jpg,55708bc89a3d2534d07df720d6916bc54f29fc08590b40216d71f7725273b34a
early_stop,burn_1st_degree,burn_1st_degree_kg2_571.jpg,3e6082eeceb5fdb30e70704a078ab4cea202895333174c1d913fd65967ac2b72
early_stop,burn_1st_degree,burn_1st_degree_kg2_603.jpg,fc189c76fa19eab2ac075a274cc4a762c965437b70ad3ba77a53288073edaa7b
early_stop,burn_1st_degree,burn_1st_degree_kg2_613.jpg,3ccba5fb34b4ad4128dbeb3a4379aae9a638c0f51f68dd29701a50f3b97d7a2f
early_stop,burn_1st_degree,burn_1st_degree_kg2_616.jpg,8664bed87a22d67ccef3884d2962359a2219cf60f68ad89a451dc4849334bda9
early_stop,burn_1st_degree,burn_1st_degree_kg2_626.jpg,4e7548a6b3044e453f3607f29036d3e98817dc1fb0dc9b3dfcf40b81823dde41
early_stop,burn_1st_degree,burn_1st_degree_kg2_637.jpg,ffe3686550a85903da5d34750c42ba684cc7cdf368aa86104390bb291bd064f7
early_stop,burn_1st_degree,burn_1st_degree_kg2_647.jpg,530174efe966f4e7f5a20fa4f208ae3312e45e11a9c0a4d0a6a8758e0fc9a85c
early_stop,burn_1st_degree,burn_1st_degree_kg2_662.jpg,e1f1c99c8770333e1edd901e409a84995daec37497d94b755855a947ff2a9f08
early_stop,burn_1st_degree,burn_1st_degree_kg2_666.jpg,9b82c977bfe1b1c99de7564be740a42c208d32e867a195a8e873fee20dfff696
early_stop,burn_1st_degree,burn_1st_degree_kg2_67.jpg,0e8a05e6ad425cce95a5969075285ef4623341e43d3088da4cf1f233221edc46
early_stop,burn_1st_degree,burn_1st_degree_kg2_673.jpg,a0ba371aa98d71b9b07ea432b602d06e90b2eae06cd83008fac5b6f716b16cbe
early_stop,burn_1st_degree,burn_1st_degree_kg2_674.jpg,3016a8ad5dd012659211dc44c742157de8fa76474b07314a5dab2065cba28cc4
early_stop,burn_1st_degree,burn_1st_degree_kg2_694.jpg,0c612257102ca231aedfe264b3ed144ee3af1e35a08185ecfc4027d1204c7f39
early_stop,burn_1st_degree,burn_1st_degree_kg2_698.jpg,6cadc4d5b0e90ca704c9ce7dbf1e3d7e1b87a2722c9cc7599843132f40de53f8
early_stop,burn_1st_degree,burn_1st_degree_kg2_712.jpg,5a4f6116297cc1e008076fcb23fadaa004297904e2cd0cedc34facaa4ae6f49f
early_stop,burn_1st_degree,burn_1st_degree_kg2_733.jpg,b76f58778f7ef23ac43c4556d25c3aa1ae7206a65386ceafcb96a6e708f4eb30
early_stop,burn_1st_degree,burn_1st_degree_kg2_769.jpg,baf9db26b9de24ba126af246c3ab83084d938274be45e520135d3b07989ef1c1
early_stop,burn_1st_degree,burn_1st_degree_kg2_774.jpg,d438f9c3266a2d294727e0494e02a8dbf4a0af0e94b79a27df7543ba4776bf12
early_stop,burn_1st_degree,burn_1st_degree_kg2_776.jpg,d7dddcc318e248e0288af779597fc091ab40a9956f91ad79ed4892a9ed6720e0
early_stop,burn_1st_degree,burn_1st_degree_kg2_783.jpg,aae257f3de336d04fa9b4970ac16954e7650c3f0bdb85a88fd07149250d186eb
early_stop,burn_1st_degree,burn_1st_degree_kg2_785.jpg,09fd1c92619265266e318564dc8824507d0036ead512b88ea70a2ec10b654475
early_stop,burn_1st_degree,burn_1st_degree_kg2_794.jpg,5c76359a34444b4cca78927fc1711800dada1e37686fd8319b03fa1d15091f57
early_stop,burn_1st_degree,burn_1st_degree_kg2_797.jpg,294383401029742fc002c11549388b9c5de263b98f4a7cbeb93c6fc275701596
early_stop,burn_1st_degree,burn_1st_degree_kg2_859.jpg,1a50ac6f8bc01a07925aa9696a6e8216408c4e44d0c9b531e8af380a67b8f867
early_stop,burn_1st_degree,burn_1st_degree_kg2_87.jpg,4e7548a6b3044e453f3607f29036d3e98817dc1fb0dc9b3dfcf40b81823dde41
early_stop,burn_1st_degree,burn_1st_degree_kg2_871.jpg,833d014459b9ef18df35570a50fc5b505aa09a492d9313012a786aec1b1d4d08
early_stop,burn_1st_degree,burn_1st_degree_kg2_898.jpg,9ba48c9f6e538220b2f7cc8d126908d08ea7007aa789efcf0ce031cc835410dc
early_stop,burn_1st_degree,burn_1st_degree_kg2_902.jpg,b2a8ca931860ec2bba04ce89db9d25c2e86b0990c2bf087338d686c8e440a5cf
early_stop,burn_1st_degree,burn_1st_degree_kg2_945.jpg,4a00d665c717bf7f7bcb80cda87efb4a826bf408746029b826f555e660dcab65
early_stop,burn_1st_degree,burn_1st_degree_kg2_967.jpg,19d089ded36a07ac56007dde150616e6477e0203e7de748e5f0e9b2c54b4fa7e
early_stop,burn_1st_degree,burn_1st_degree_kg2_991.jpg,c71c619ed60d755144caa44c237567dac41ae254b5bb39b3070a45f9e58bafc9
early_stop,burn_2nd_degree,burn_2nd_degree_kg2_1017.jpg,58902d93d7dc5b219ce1c68965538e74103a686d1960cc4e2035f506681067ff
early_stop,burn_2nd_degree,burn_2nd_degree_kg2_1036.jpg,ff2cad172ab8a6b1338ac564f0a8aca538a214fa8239a07e856b3f2eb53e50cf
early_stop,burn_2nd_degree,burn_2nd_degree_kg2_117.jpg,6a1397fd01af4c3b34f683c6ad6775d915eb2a3061a1c43da5c9df8962b22de7
early_stop,burn_2nd_degree,burn_2nd_degree_kg2_128.jpg,ed032918ead5a980bb9b2b2e61ef0383258d1c76a91425b1a2a170378bb6cf3b
early_stop,burn_2nd_degree,burn_2nd_degree_kg2_133.jpg,1db43505a2d52c3f0240af3339e40ce2b7a0143da62c507d0666570fb5a94a61
early_stop,burn_2nd_degree,burn_2nd_degree_kg2_16.jpg,1e568490870707728acba57cfd8065176bc1224e914b0f593f650c8f0a8b4eab
early_stop,burn_2nd_degree,burn_2nd_degree_kg2_160.jpg,f5d4992f766806f2d5dcf4d324b4b248fb734468e82513e0230ac1c5046369ed
early_stop,burn_2nd_degree,burn_2nd_degree_kg2_17.jpg,db1bc77b7a95380f78bba5b4198ac2a678a95b99904d87917ceb1f17a96798e0
early_stop,burn_2nd_degree,burn_2nd_degree_kg2_176.jpg,3a68385828b0549cbb2a1d1183873f0b5a76375a50d6b580270adeded2f1ac28
early_stop,burn_2nd_degree,burn_2nd_degree_kg2_182.jpg,e021d3130c3f7aa996b672823d8cc90e5288bee6e487acf6e7586a3e2d036b55
early_stop,burn_2nd_degree,burn_2nd_degree_kg2_213.jpg,727a638bd03c3d8010774b224af4bffcbc4dbd634c46ed4c2306be4038af4a48
early_stop,burn_2nd_degree,burn_2nd_degree_kg2_219.jpg,ef7e467d94e2257dfdf90b16ff00dffa154e236884bff47759023d7bfec003d1
early_stop,burn_2nd_degree,burn_2nd_degree_kg2_224.jpg,54984ee407d602592c73e5ab57669ee7544ded56b65997d178dd22e784b5faf9
early_stop,burn_2nd_degree,burn_2nd_degree_kg2_227.jpg,32274769797e664e47b0f481b100bd18829f3c8a9c295c8e5fc61a99a0bb2863
early_stop,burn_2nd_degree,burn_2nd_degree_kg2_246.jpg,024159d575b251497a43c3463c0a93df6766c3d4830b2ea1ee3574702d44cd7b
early_stop,burn_2nd_degree,burn_2nd_degree_kg2_255.jpg,2e3266fa5f72895587ac40bddb9c9734aa1daa028eef5cda361672dcc3b86008
early_stop,burn_2nd_degree,burn_2nd_degree_kg2_26.jpg,b0cec1b00bd5d340524502e8239de634c7e769dfc5353d8bb3b559c01195d90b
early_stop,burn_2nd_degree,burn_2nd_degree_kg2_265.jpg,0759778899e8195c70ad5300d5716f1f61a229d105836363c545d538a5abfa52
early_stop,burn_2nd_degree,burn_2nd_degree_kg2_291.jpg,4c313ec941d17e29552b393573d85322b2975f23e22f88924206ba9d1ce54d67
early_stop,burn_2nd_degree,burn_2nd_degree_kg2_335.jpg,58902d93d7dc5b219ce1c68965538e74103a686d1960cc4e2035f506681067ff
early_stop,burn_2nd_degree,burn_2nd_degree_kg2_379.jpg,78c1d8a6128434a50792c183a71bdeed7e1ada33679f063668393d421d70a40f
early_stop,burn_2nd_degree,burn_2nd_degree_kg2_392.jpg,12bcc28ba85a119caf2dd5f1d84be6822277c3c669fd7a38c87400fd5c542139
early_stop,burn_2nd_degree,burn_2nd_degree_kg2_398.jpg,7c2bf3db577017a12db9c1892e5a4a19706abab13193d347c306f9949141e74c
early_stop,burn_2nd_degree,burn_2nd_degree_kg2_413.jpg,59ee105898d400f1d8e66451c7d9df1355544ae43bbacb3811e659625a514896
early_stop,burn_2nd_degree,burn_2nd_degree_kg2_429.jpg,e1a821056e2407b41a36bdae6d96c593cca24e8a01ee523faee6c93d751195ae
early_stop,burn_2nd_degree,burn_2nd_degree_kg2_438.jpg,6d5fdb4f6c382737ef8b9ee08ecb53b57f30b22487ce4c776a7e5af6495ce3a4
early_stop,burn_2nd_degree,burn_2nd_degree_kg2_45.jpg,ce526c3b4a40ad558e4bd69768ba83f76640e8f207f3eeadf41d848b53755cc0
early_stop,burn_2nd_degree,burn_2nd_degree_kg2_470.jpg,5bc5fe5e7aa4dd49d6fa3e3ca6eaa57425b94007006699543f402109f37de17a
early_stop,burn_2nd_degree,burn_2nd_degree_kg2_484.jpg,1db43505a2d52c3f0240af3339e40ce2b7a0143da62c507d0666570fb5a94a61
early_stop,burn_2nd_degree,burn_2nd_degree_kg2_515.jpg,5d3e040ae75f705198b428b5401562f364f48c1cb7b519fc1478e3f7a86a21da
early_stop,burn_2nd_degree,burn_2nd_degree_kg2_517.jpg,1db43505a2d52c3f0240af3339e40ce2b7a0143da62c507d0666570fb5a94a61
early_stop,burn_2nd_degree,burn_2nd_degree_kg2_561.jpg,d22938b0868349f91173a6ae1ad1eddf237855a57609f68476ee4254a07ce8f6
early_stop,burn_2nd_degree,burn_2nd_degree_kg2_564.jpg,66a891d4e6cb6db4fd51cb4f80b0bd47d955a76845eee6157ca1d29842553cc8
early_stop,burn_2nd_degree,burn_2nd_degree_kg2_565.jpg,864add2d2613c0a5469fc1baea162d4e9007ab0a249503d8b1c5849ad70043a6
early_stop,burn_2nd_degree,burn_2nd_degree_kg2_57.jpg,b3ce66c5ff74c21c9a48e2d1502d89d68cee4ae4c7ccb25f87fc1c648b1f6d0e
early_stop,burn_2nd_degree,burn_2nd_degree_kg2_574.jpg,6ab3a9f81683ef601b74a172c160224c91fd3208cd34fb0565821659ae853def
early_stop,burn_2nd_degree,burn_2nd_degree_kg2_61.jpg,3fb61aec7b5d8e74250ca19186f1da084958afb3be5324f0729cbdde7fc94f93
early_stop,burn_2nd_degree,burn_2nd_degree_kg2_610.jpg,7d1c3ebbe9a5fa8e2a34e4b4de993f0a448f61d0d58eb32f24973edf833219ed
early_stop,burn_2nd_degree,burn_2nd_degree_kg2_629.jpg,d9d2d90b1a3f39dbafe248896132d7624c2071db5e24146d82e52848722c1db0
early_stop,burn_2nd_degree,burn_2nd_degree_kg2_684.jpg,c15e7892e60bfe6f0664827ae8154082a389d2915537cc16657dc5045a8e3eca
early_stop,burn_2nd_degree,burn_2nd_degree_kg2_701.jpg,de2cee691fb87f426538334e4e0ff2e32e0a9b085af18b7e433c8ce7a3f0323f
early_stop,burn_2nd_degree,burn_2nd_degree_kg2_708.jpg,9a1b4ca9ec92c816ecf2b2bf2329053a28c760cd30c1a8119d8b005ab9d9e738
early_stop,burn_2nd_degree,burn_2nd_degree_kg2_74.jpg,4f2c36ac43a080dfec018fab4d314ec7f07de1fe7b187d7b7a08896edd831172
early_stop,burn_2nd_degree,burn_2nd_degree_kg2_767.jpg,15e5879902664f6cd7ccc1f63c1302d4dbde2ac6ea74841d19d6cbfdaad5e425
early_stop,burn_2nd_degree,burn_2nd_degree_kg2_78.jpg,864add2d2613c0a5469fc1baea162d4e9007ab0a249503d8b1c5849ad70043a6
early_stop,burn_2nd_degree,burn_2nd_degree_kg2_784.jpg,f72c4995afdcef10647cebf3a10d33e2efd4a4b3857fd511cbb0d7e613dc6b56
early_stop,burn_2nd_degree,burn_2nd_degree_kg2_808.jpg,b75567ae5d3e642d42fe888d720e98a2c1fc40fd2b16f6e514a2de895768c693
early_stop,burn_2nd_degree,burn_2nd_degree_kg2_813.jpg,5bc5fe5e7aa4dd49d6fa3e3ca6eaa57425b94007006699543f402109f37de17a
early_stop,burn_2nd_degree,burn_2nd_degree_kg2_826.jpg,b2e5038ed6414dcf1ec3fb7f68b87408659e9673ab59fdd7f3d81930d5126285
early_stop,burn_2nd_degree,burn_2nd_degree_kg2_836.jpg,1072eb287f94871a8914fc49c949615b4f562d634e6f7d5e65183a5906610817
early_stop,burn_2nd_degree,burn_2nd_degree_kg2_840.jpg,6d5fdb4f6c382737ef8b9ee08ecb53b57f30b22487ce4c776a7e5af6495ce3a4
early_stop,burn_2nd_degree,burn_2nd_degree_kg2_869.jpg,a11d8af422a0fb4f7ce3278248baf8fb59ed37d45599c2a7f6510420f4f8ed56
early_stop,burn_2nd_degree,burn_2nd_degree_kg2_878.jpg,ef7e467d94e2257dfdf90b16ff00dffa154e236884bff47759023d7bfec003d1
early_stop,burn_2nd_degree,burn_2nd_degree_kg2_900.jpg,b36f3965b94115767560cdfb9b968542f5182c0b8c9de5c0c1dba9a1427af82d
early_stop,burn_2nd_degree,burn_2nd_degree_kg2_913.jpg,dd14e68ee2b1b917eb36b716c31d5f41f11f275bc9c620953083050662a5a149
early_stop,burn_2nd_degree,burn_2nd_degree_kg2_92.jpg,a666a1768e7cb4260a764af91112cb0837f967848d9cb79679fe10270652f4b5
early_stop,burn_2nd_degree,burn_2nd_degree_kg2_929.jpg,27c590701506cc372fa5af0d4aa26cf774b09e168a6c999f7d50a90d52690a0e
early_stop,burn_2nd_degree,burn_2nd_degree_kg2_938.jpg,b60257495ba918dcdbe01f19696365aae5a21fa0e9fdd0998136890f3ee339d6
early_stop,burn_2nd_degree,burn_2nd_degree_kg2_949.jpg,e44fbe6ddb69de0f3bddbbdb1dc6613eae16141dc99d6fc47cef3323d5ea2663
early_stop,burn_2nd_degree,burn_2nd_degree_kg2_95.jpg,d9c3a82dfed4fceed30ef58bb868b9d25690e00831a53ac869de4651d7553daa
early_stop,burn_2nd_degree,burn_2nd_degree_kg2_955.jpg,5b6c0191da0566ce1b5e0c392539b8d66f25969c935a6788592ab12aa9fdf1fb
early_stop,burn_2nd_degree,burn_2nd_degree_kg2_96.jpg,9b80eb4cc149502073c68e491f74cd7b399f361c50fd970ff6ad25bcf81ccb0c
early_stop,burn_2nd_degree,burn_2nd_degree_kg2_964.jpg,1a50ac6f8bc01a07925aa9696a6e8216408c4e44d0c9b531e8af380a67b8f867
early_stop,burn_3rd_degree,burn_3rd_degree_kg2_1046.jpg,0f96f28b1bd878de804158262c14d5c7286be20f90b1f7ff45facbc637f18a72
early_stop,burn_3rd_degree,burn_3rd_degree_kg2_192.jpg,791705dedc5e154324fa151870a4ca058763236e3ca0d52d60bc85c39f5d55af
early_stop,burn_3rd_degree,burn_3rd_degree_kg2_259.jpg,760af722011d10ba0e8d51007931eb7ebe164afe0450be6aae643f1ae07c377a
early_stop,burn_3rd_degree,burn_3rd_degree_kg2_284.jpg,079d45d10c650219eda7679a5e7c2510432cb6fef94b1f3806c91fea677e43ea
early_stop,burn_3rd_degree,burn_3rd_degree_kg2_285.jpg,0adc0c3db3266313216b51f5ddfc9e34c500a48c98e4436cf4484cd83fc498c6
early_stop,burn_3rd_degree,burn_3rd_degree_kg2_30.jpg,7dbfc95ca2ef74ed9ed7ae098fabd4c04e29188a85408dc9d4cead75e4b1bfca
early_stop,burn_3rd_degree,burn_3rd_degree_kg2_310.jpg,2874dc52a0765e7671c73cf1eb8bf9537c09cbda8c0d3df7b78b18da85d25af4
early_stop,burn_3rd_degree,burn_3rd_degree_kg2_362.jpg,6a1397fd01af4c3b34f683c6ad6775d915eb2a3061a1c43da5c9df8962b22de7
early_stop,burn_3rd_degree,burn_3rd_degree_kg2_40.jpg,079d45d10c650219eda7679a5e7c2510432cb6fef94b1f3806c91fea677e43ea
early_stop,burn_3rd_degree,burn_3rd_degree_kg2_419.jpg,5789a73cf91f3a14b0b61d39d1928dc5eae17b41e7dd13a9ba9234352c4b031b
early_stop,burn_3rd_degree,burn_3rd_degree_kg2_453.jpg,df7d46db98eb587dd49c9d4b277c77da823e30961928bb1c3201af8aebbf3b1d
early_stop,burn_3rd_degree,burn_3rd_degree_kg2_465.jpg,a2bb00339effe1df4e0bfcd879d330d72c7e8b56ad3817eb87936397d07e0c74
early_stop,burn_3rd_degree,burn_3rd_degree_kg2_475.jpg,5789a73cf91f3a14b0b61d39d1928dc5eae17b41e7dd13a9ba9234352c4b031b
early_stop,burn_3rd_degree,burn_3rd_degree_kg2_490.jpg,7dbfc95ca2ef74ed9ed7ae098fabd4c04e29188a85408dc9d4cead75e4b1bfca
early_stop,burn_3rd_degree,burn_3rd_degree_kg2_518.jpg,20ee6f4fc31490b740c23bf13d8454b940b7cfdb6329a4256a8049097e0d9b51
early_stop,burn_3rd_degree,burn_3rd_degree_kg2_529.jpg,6bf67427029fedfc09b4105b44848044b76949c0c3ccc7a1465a4a9ec9db2c96
early_stop,burn_3rd_degree,burn_3rd_degree_kg2_58.jpg,ad6e86d14c292de94353fad42ec4f4d880a074ee32615d9404b2d73e655f92a6
early_stop,burn_3rd_degree,burn_3rd_degree_kg2_612.jpg,c40b4a71aeb6730097a83a0cdb99a84974b074adc66e74f1592f7626c63ce85c
early_stop,burn_3rd_degree,burn_3rd_degree_kg2_622.jpg,a5caa69aa8ec415ad57991891738851c8919126d12ec204880cb7351f2999b73
early_stop,burn_3rd_degree,burn_3rd_degree_kg2_723.jpg,79655f0d03af5673528827a5305703401c496e3819e067128dd4dac313528438
early_stop,burn_3rd_degree,burn_3rd_degree_kg2_76.jpg,b2ecccbaa02ef48bc1ae69db409109c376190d9785239fd6b1293bbd37b56b39
early_stop,burn_3rd_degree,burn_3rd_degree_kg2_83.jpg,c15e7892e60bfe6f0664827ae8154082a389d2915537cc16657dc5045a8e3eca
early_stop,burn_3rd_degree,burn_3rd_degree_kg2_855.jpg,794bb205b5aa787b79dd59dbadb7683fdb27e1edb5b00910a3460393aa9fc01c
early_stop,burn_3rd_degree,burn_3rd_degree_kg2_895.jpg,32a0175efbee97ea5dcc9de6d9da0b9855a523d8f20340f0eaaa86393807c0b2
early_stop,burn_3rd_degree,burn_3rd_degree_kg2_899.jpg,c81dfaeea0f7145cdf89c534130a238afd512ecb0f56266c87268bc941a539d6
early_stop,burn_3rd_degree,burn_3rd_degree_kg2_908.jpg,c71067b9c8c8a762e2da2537b33ad6b87328d9c3498341d675b84f24f8662152
early_stop,burn_3rd_degree,burn_3rd_degree_kg2_923.jpg,1762d233a20762b10e303f445aa72c4d0856c511f7cb0b6edf89b163841bbe0f
early_stop,burn_3rd_degree,burn_3rd_degree_kg2_93.jpg,df7d46db98eb587dd49c9d4b277c77da823e30961928bb1c3201af8aebbf3b1d
early_stop,burn_3rd_degree,burn_3rd_degree_kg2_934.jpg,6d5fdb4f6c382737ef8b9ee08ecb53b57f30b22487ce4c776a7e5af6495ce3a4
early_stop,burn_3rd_degree,burn_3rd_degree_kg2_944.jpg,775b6c89b6acfa288502dc982330d9ba74a212590bf2378ea81053789d5327d3
early_stop,burn_3rd_degree,burn_3rd_degree_kg2_965.jpg,5a088d2887fb73404e7119fab9b046bcde65f34946a4a0b3b790dcf62b16c38c
early_stop,cut,cut_kg1_0.jpg,27eb93cb13f5cdfb55e0bb247a02e9210d556bfd11c78633ff2e9336cadeb062
early_stop,cut,cut_kg1_106.jpg,f67c101b0db7221b6e3ca5318153b428691e283f34f3b181eaec0e0a5b5ba195
early_stop,cut,cut_kg1_138.jpg,2934babc96e60a0fa9a6baf3d313d83251eeb916c2e90e9680d62cfcc6276a81
early_stop,cut,cut_kg1_144.jpg,f80fc944849a6b1ed0f8a895ad17068706c67f1bac7f0af9beafaebc7e5880b1
early_stop,cut,cut_kg1_147.jpg,e3d39a1bfd04d4284536ce0489fec4af59ffbaf1b55e92f414ca5ac1201d2bf4
early_stop,cut,cut_kg1_150.jpg,3144e0a8fd161a3acbaa4e843d153ce24e5fe92a28b026559680e277c12a7b1e
early_stop,cut,cut_kg1_151.jpg,d843bd3d4bbda02bbe3ca0d31d23abf46dfe60f6c6d61237ca8c28955c90a3ad
early_stop,cut,cut_kg1_164.jpg,a21ddd9f8f919a3f4fa45a25139f551cc2c4b8936f4ea8d0f5ed3259d7e821ab
early_stop,cut,cut_kg1_17.jpg,853dabd6556ba516fa7a4fd41d10d065f1493741a6f0fb36d15802aa9c398141
early_stop,cut,cut_kg1_175.jpg,2e5e437f8e37848796063aed2224245d9cf340d2fae412b2d0cd8624496c0df7
early_stop,cut,cut_kg1_180.jpg,c3d486d7566fdf13f2440898c50503a7fd453377de4a6cb739caa767425baa25
early_stop,cut,cut_kg1_183.jpg,38946a52a9c66879020b7ac2a739157f48f40e4846952655950b1f3ca0e23005
early_stop,cut,cut_kg1_189.jpg,528ea7eb1c80968e39df20bdd5c3d44928f344d41fff4ecb1c75eade7f67f213
early_stop,cut,cut_kg1_199.jpg,b7eb8b9c63086086d2ac47641d0323bc356910db4d1395737d457751b527b970
early_stop,cut,cut_kg1_200.jpg,e78925a26f453ecac5f00db692a097180d96bc95cd6f9f0e9bb943b095a16341
early_stop,cut,cut_kg1_206.jpg,866021b6bb82ce4290af48b0a4a5be4e74b4c1408987e23103b6b486a7bc74f0
early_stop,cut,cut_kg1_207.jpg,068209f93ae1f406ed3307b96d52c4a39d1456be553fb098255db6d0b6b096b7
early_stop,cut,cut_kg1_21.jpg,ca8d4fe1faffc259a0067bfd0cc317c0e7a3a73663b03b10ae16fb29ae202635
early_stop,cut,cut_kg1_210.jpg,51bfa7558aec7b63e74c761ccac1a308f6c500d2896e625c25de908f51be70c8
early_stop,cut,cut_kg1_211.jpg,aa2da6dcc2caf04e541880c0f6b7f46cd89bbb26bc1fae820863f22c1e8eb4c4
early_stop,cut,cut_kg1_226.jpg,54122da787b561be4b5dc10c41bbb910d5ab16ab3da1e51259fa111c9eb09f93
early_stop,cut,cut_kg1_228.jpg,8fa625a7aef9b5afbc3ede29b718c16a15887e5c48c3c80e5b1bf3cb52fe8a7f
early_stop,cut,cut_kg1_24.jpg,8bbf8abc41deb09ad3c06e7d5b69f783ec51ddf629ac373cdb8b50c537340d98
early_stop,cut,cut_kg1_25.jpg,54162d9f1ad6bc0a503291673bbe6928d306e685d735a06266874301cd3cecc9
early_stop,cut,cut_kg1_27.jpg,b299b265ee3417b1a9d622dc44ade87559bb3629d143857be41635d8c163cdd1
early_stop,cut,cut_kg1_30.jpg,b0228fb540f91873b795345dcdd768a92624788f1ad49649f1e045cc8af4b679
early_stop,cut,cut_kg1_46.jpg,fbb81b9d1966c416a4b36c5f097922a64130e4a0ed5cf9acbfe9797873aa5a4f
early_stop,cut,cut_kg1_54.jpg,cdf5f9770790109c5ced9886c668c7091fa50f90366f61be1462ea92ebde57b3
early_stop,cut,cut_kg1_58.jpg,e525e812dfe3fea0b081eae996815f6fcc0e23affd06614eeaac09235ed6bd24
early_stop,cut,cut_kg1_63.jpg,c76fbf6f47309ac8211c83af63a4b6c5ba9e12e842678b46d0d32429c2660acb
early_stop,cut,cut_kg1_70.jpg,d76b3de152a342f988b5c1d7cec0005fd28a80bb414f693742f81ce691e53bf4
early_stop,cut,cut_kg1_76.jpg,061a0b73f8c1e72268ae7a1aec49e40f9d2c147c9054f63352a76d864e05b93a
early_stop,cut,cut_kg1_79.jpg,8951a35499e07a55d2758cd85b57fb745372739f7debc9bfa9cdf1ba2c549da4
early_stop,cut,cut_kg1_84.jpg,eca5e067cb638cd021922a930b7335a267ffd726049a13452b974c34f2fd23b0
early_stop,cut,cut_kg1_87.jpg,4caaad5cba2e3b390f564fa80604e272d91caef691034716016c03ac958464f1
early_stop,out_of_scope,extra_ibrahim_ood_diabetic_wound_125.jpg,e1eb38232cc7c901c0f0ca90e28392e99841ef0c41d4e1304b4f115f8f05797e
early_stop,out_of_scope,extra_ibrahim_ood_diabetic_wound_140.jpg,eb0881b84951abff5d30271443968f6296d476477b8e347b990d5abda95e05bb
early_stop,out_of_scope,extra_ibrahim_ood_diabetic_wound_150.jpg,80ce84eea0eced35adbd9271ffbd05dd46c09b69498262f26cbdd847dca6f3b6
early_stop,out_of_scope,extra_ibrahim_ood_diabetic_wound_188.jpg,e0589de22e263e025771dd838b27466a110fbf5e091793d87f9b3e6e8416b846
early_stop,out_of_scope,extra_ibrahim_ood_diabetic_wound_203.jpg,66c0dc3ca03ba165a97a364c2bcae26636b5a1c95097c5e0ff23dcdb8e71fa59
early_stop,out_of_scope,extra_ibrahim_ood_diabetic_wound_80.jpg,c0ea98e5ace889b87762c3c6cbf03007d77a3ba392e250914cec0c6cbdbcd198
early_stop,out_of_scope,extra_ibrahim_ood_diabetic_wound_81.jpg,23f1c5cb7cbeee1fe4b1ade46377ac0227fda46f78eb8ee310066ef4fd7b7ccc
early_stop,out_of_scope,extra_ibrahim_ood_pressure_wound_119.jpg,bac1ebd79c093b09cde2cd1ce0eff64e4bdc5bdc6f27985ee29684aa510cb3e4
early_stop,out_of_scope,extra_ibrahim_ood_pressure_wound_13.jpg,b8152817369b8a34307b21cbd6002c101779c485fc795a40f0dfc529d3d87d32
early_stop,out_of_scope,extra_ibrahim_ood_pressure_wound_141.jpg,b10b404196b994420d3218082e5b406ec991f94d13e7a4b41db292743fc4145f
early_stop,out_of_scope,extra_ibrahim_ood_pressure_wound_142.jpg,90440ad830b4cb54e90cf3e1be854a23abcf211cbe401d03b22ddd24f4a5505c
early_stop,out_of_scope,extra_ibrahim_ood_pressure_wound_202.jpg,3b02273d261e1c06d64699a22d2536e56100d27348cc0546ae616507d062549f
early_stop,out_of_scope,extra_ibrahim_ood_pressure_wound_58.jpg,738c92256438726121bef1ad644b5b67472138ad47765b16535c268081a9aa4f
early_stop,out_of_scope,extra_ibrahim_ood_pressure_wound_79.jpg,c80716c45d1980b4d15070262b4f0b5057341ee928420ed64ebc89e6adb19c16
early_stop,out_of_scope,extra_ibrahim_ood_pressure_wound_85.jpg,8cf2300a04ae2d1ba6fdef236ad23bccd613af4d66bd6d7eab9ee9b6bd03a5d9
early_stop,out_of_scope,extra_ibrahim_ood_surgical_wound_14.jpg,3d0543b7a71ae56a0ae2359b1604c90fb73c91fc24722efbe899c0082bcf79bc
early_stop,out_of_scope,extra_ibrahim_ood_surgical_wound_159.jpg,230564576e8fa5b5da7699299046aa83ce8da2e28e90156385a5f9bd566d8f98
early_stop,out_of_scope,extra_ibrahim_ood_surgical_wound_166.jpg,5ff00b0f84200e85eb73920c089d9bab4a696462124f0d6d147173e849c02286
early_stop,out_of_scope,extra_ibrahim_ood_surgical_wound_167.jpg,bd23356e2752cb7f6fa0145c11bf3fa82088b788d4a06926672afbaacd5bc216
early_stop,out_of_scope,extra_ibrahim_ood_surgical_wound_168.jpg,3448960a2b89c298913a6a85809443d3df36b5d1b016eaf3f85f97a55f109abd
early_stop,out_of_scope,extra_ibrahim_ood_surgical_wound_170.jpg,f40a6998f40226618b60bd9b305cabf4ef4cc42188f762be9cca88e49676b2b0
early_stop,out_of_scope,extra_ibrahim_ood_surgical_wound_184.jpg,839d8580082024f8dda7633f5a288fafcf0d0aec14375eb84388c462602193c5
early_stop,out_of_scope,extra_ibrahim_ood_surgical_wound_2.jpg,8351d86d8401ac8fa9233b53d848ffe672400aea53d0523456ce4465cbaf786e
early_stop,out_of_scope,extra_ibrahim_ood_surgical_wound_201.jpg,6cde783b3919e1e0a1945946972101bb1658fa9cc4ad24fc31d17e8c8ea48ee1
early_stop,out_of_scope,extra_ibrahim_ood_surgical_wound_22.jpg,a816134e7053f683ab53e74d4790175c8219e38551ff78d5f29e5ea8f6ecf199
early_stop,out_of_scope,extra_ibrahim_ood_surgical_wound_24.jpg,e2a21a3c282be0de8adc7fce71b62a4fae5af9e3ea243a3929b85402bb462c44
early_stop,out_of_scope,extra_ibrahim_ood_surgical_wound_59.jpg,720a0d5f34d5ff27d6bc37172896178ec425b8f824c7849c6ea29cdf5fafa389
early_stop,out_of_scope,extra_ibrahim_ood_surgical_wound_62.jpg,5feb738514914e36c052e1eb5a1f4bf9342184fe0777ba453e14e464450a7c59
early_stop,out_of_scope,extra_ibrahim_ood_surgical_wound_69.jpg,07ee6d8f1d8fde6654c2cc49126993774b7515e6d135e4eadbff9ad749c16817
early_stop,out_of_scope,extra_ibrahim_ood_venous_wound_141.jpg,ce254151d8140d29264a95a81f65030e6f7b966c7fb0eacadf7babfc5df0c729
early_stop,out_of_scope,extra_ibrahim_ood_venous_wound_17.jpg,7471da73f567e57d2b809c37a15b3f1575e3396c171be9779c893ab4464ce176
early_stop,out_of_scope,extra_ibrahim_ood_venous_wound_218.jpg,7638a090f2fad269766e874bb702163909bfa8a6de6cfb4e2eef33d873f3e987
early_stop,out_of_scope,extra_ibrahim_ood_venous_wound_244.jpg,1259a80cfbd173cbf3db38aaaa10fae73d733aa48c39e69eacdec18bd6571212
