file,sha256,source,label,eval_role,licence,dup_group,box_area_fraction,original_name,max_similarity_to_training_or_selection
roboflow_wound_v1_33e91c9b9e0bacc4.jpg,33e91c9b9e0bacc4e378f66f009fc62caa13063e6a000cb0a92c963700aa5628,roboflow_wound_v1,burn_degree_unknown,burn_any,CC BY 4.0,g0,0.485,test/images/-16_jpg.rf.68d16f55a6c528eaa25c704d6f0f23f3.jpg,0.696
roboflow_wound_v1_41c96e242f10eb3f.jpg,41c96e242f10eb3feae6fcd17fae4605145e1ea3fc460f1903897c759d5e9d75,roboflow_wound_v1,burn_degree_unknown,burn_any,CC BY 4.0,g1,0.535,test/images/-20_jpg.rf.6f6c63a2cd47194c9683fd6d9e3ee414.jpg,0.732
roboflow_wound_v1_2e61232bdef83e90.jpg,2e61232bdef83e90b595839c9c621424d71d5738f746e6a69e38cfecd8b8dadb,roboflow_wound_v1,burn_degree_unknown,burn_any,CC BY 4.0,g2,0.184,test/images/-21_jpg.rf.3c27edc93e43a86efd2f0a133600e15d.jpg,0.747
roboflow_wound_v1_e8d3c41de6ddf481.jpg,e8d3c41de6ddf4816c6d636b1640cc81b88b8ee6a44add364aef284dba74af3d,roboflow_wound_v1,burn_degree_unknown,burn_any,CC BY 4.0,g3,0.117,test/images/-23_jpeg.rf.ee586eb917d26d5a0211894fc4d8fcc0.jpg,0.682
roboflow_wound_v1_09c43c4eef8c2b28.jpg,09c43c4eef8c2b2819d0ff439a1b5d21fb50b707c47ca5abc5c99c7c9ac4ece7,roboflow_wound_v1,burn_degree_unknown,burn_any,CC BY 4.0,g4,0.047,test/images/-45_jpg.rf.05ce74c19a05fdf778e8e4eb38dc42de.jpg,0.729
roboflow_wound_v1_bbc5c551f620403c.jpg,bbc5c551f620403ce9d20febad2bdf2b26ce39ee4fddfe7e2ea5b13900cfbc10,roboflow_wound_v1,burn_degree_unknown,burn_any,CC BY 4.0,g5,0.211,test/images/-86_jpg.rf.70e4786d3d88a9b84929d1b4eed1b2b5.jpg,0.709
roboflow_wound_v1_4804121b86d6c6bd.jpg,4804121b86d6c6bdd05d38ce0602535e5360edcfca260ab653c66e01c1156533,roboflow_wound_v1,burn_degree_unknown,burn_any,CC BY 4.0,g6,0.367,test/images/0001_jpg.rf.c6b2bbfb64f34a2d93b6aae80c555455.jpg,0.646
roboflow_wound_v1_c3afb56ac7283932.jpg,c3afb56ac7283932883c6b27ae932ae53e58fdaa2fac3b5c191ba37deee76996,roboflow_wound_v1,burn_degree_unknown,burn_any,CC BY 4.0,g7,0.583,test/images/0250_jpg.rf.6ac5e43cfcfdec94df4544ed94c8f3df.jpg,0.742
roboflow_wound_v1_2043a9306b7e8bbc.jpg,2043a9306b7e8bbc86e737ecabd94a2fe23aaef1afec12b4ac0f83651f94c7cf,roboflow_wound_v1,burn_degree_unknown,burn_any,CC BY 4.0,g8,0.530,test/images/0313_jpg.rf.713cca6c8883ad7fb3c0f2ff682b1a77.jpg,0.729
roboflow_wound_v1_f46f8085bfc64317.jpg,f46f8085bfc643175cb001fa46b9f38b7159e8e48b8799cc673c26463efc3dd3,roboflow_wound_v1,burn_degree_unknown,burn_any,CC BY 4.0,g9,0.333,test/images/0335_jpg.rf.cad4463895d6f0a38a4f0f8b906c6cc8.jpg,0.727
roboflow_wound_v1_82cadc411f27c93f.jpg,82cadc411f27c93f4a5840e03c9f3244f35c0cfb20241b8f05bc2cf09437ea26,roboflow_wound_v1,burn_degree_unknown,burn_any,CC BY 4.0,g10,0.634,test/images/0350_jpg.rf.9ee665405011baf066d22005daf8b2d0.jpg,0.724
roboflow_wound_v1_3cabe08d1ae22294.jpg,3cabe08d1ae22294921d5577ae6a205c93f5fb52254ae70747794c99ec40131c,roboflow_wound_v1,healthy_skin,non_wound,CC BY 4.0,g11,,test/images/11_jpg.rf.f792e76521bd5fd8a0968a8b0d026fb7.jpg,0.724
roboflow_wound_v1_60af29c5a8ee45b9.jpg,60af29c5a8ee45b9c83d1429e65f8d8c365c9e76ca45e81235f58e8fa3e77612,roboflow_wound_v1,cut,in_scope,CC BY 4.0,g12,0.096,test/images/173659127332368_P29611314_jpg.rf.e97df41a99691596970c0792ed9d8d3d.jpg,0.732
roboflow_wound_v1_011b0beb78a1e278.jpg,011b0beb78a1e278ef15934611f21671014a83ac1fffbf4bf8337ebad7305188,roboflow_wound_v1,cut,in_scope,CC BY 4.0,g13,0.030,test/images/282_jpg.rf.8783f75a2095b20200fb9a50361be4c9.jpg,0.681
roboflow_wound_v1_fce9f5c2b1f828a8.jpg,fce9f5c2b1f828a8d6c6b960802a26a8662574761952752c0f3d880cf23a6326,roboflow_wound_v1,healthy_skin,non_wound,CC BY 4.0,g14,,test/images/75_jpg.rf.6822b9eb86034ed528e4c3e2f9fc6e2c.jpg,0.741
roboflow_wound_v1_60b723f96a5c2783.jpg,60b723f96a5c27834c582e9493b9a3f799f42a8101084fcab87c81084461b604,roboflow_wound_v1,bruise,in_scope,CC BY 4.0,g15,0.176,test/images/87_jpg.rf.024651dd2a1f6bfb625ed513dcb5620a.jpg,0.745
roboflow_wound_v1_929a3e6659924cce.jpg,929a3e6659924cce345d573a83bb0fbd2309a7c0ae3d96960e6ba8470226c083,roboflow_wound_v1,bruise,in_scope,CC BY 4.0,g16,0.019,test/images/95_jpg.rf.5ad715af4d847d868f9a43206101f98d.jpg,0.721
roboflow_wound_v1_0ea2b2a48c9a80a2.jpg,0ea2b2a48c9a80a28917b97847275acaebae3089b117c89c333d696af58345d9,roboflow_wound_v1,bruise,in_scope,CC BY 4.0,g17,0.054,test/images/Bruise-14-_jpg.rf.6be3d62460a3a0e0d54e8e268d4dd06e.jpg,0.719
roboflow_wound_v1_c0c1cac4cdc21c30.jpg,c0c1cac4cdc21c30db057baa517e836fcb70a4f0cd0f5fb4b0b2fef57a768c2b,roboflow_wound_v1,healthy_skin,non_wound,CC BY 4.0,g18,,test/images/LINE_ALBUM_-_250207_1_jpg.rf.8c8ea25f64c5a029b67cb248ca039d0c.jpg,0.669
roboflow_wound_v1_8da0b406942fcbe0.jpg,8da0b406942fcbe0e3809716924a45617aa080007d34c440d20a0bd3e56e3042,roboflow_wound_v1,burn_degree_unknown,burn_any,CC BY 4.0,g19,0.487,test/images/burns-41-_jpg.rf.a9e8af1e6b003743b5ad3207ea6bf782.jpg,0.747
roboflow_wound_v1_080b4c0e824b5b0c.jpg,080b4c0e824b5b0cdb9d32ba53381fcc9d11823758e687776b5ad9a7e2a92e26,roboflow_wound_v1,burn_degree_unknown,burn_any,CC BY 4.0,g20,0.088,train/images/-101_jpg.rf.3267a30c287d1adcf6996b4b3ac04c0c.jpg,0.700
roboflow_wound_v1_597de6292cc21bb5.jpg,597de6292cc21bb57f0475e033c41c677c6d923f8c86e8650106e2df37d9fcb8,roboflow_wound_v1,burn_degree_unknown,burn_any,CC BY 4.0,g21,0.175,train/images/-102_jpg.rf.710458d734bddf973c1a96efcd888372.jpg,0.738
roboflow_wound_v1_807bcbdf0412ef97.jpg,807bcbdf0412ef977dbacb7c02c67c7a7049d74cbd7b3a128c2fa476e3a7a5a8,roboflow_wound_v1,burn_degree_unknown,burn_any,CC BY 4.0,g22,0.207,train/images/-107_jpg.rf.ab9bc7a8a6f75ad480bdab1f9595d63f.jpg,0.742
roboflow_wound_v1_65d886a5dafdfdca.jpg,65d886a5dafdfdca27cf97640e8b1bbd1d089077dc6d3a8778f1b3739e5aa766,roboflow_wound_v1,burn_degree_unknown,burn_any,CC BY 4.0,g23,0.404,train/images/-14_jpg.rf.f48c987c2d23e65bd76a6d71ee9bd5ee.jpg,0.742
roboflow_wound_v1_fcf9e98eaff3607b.jpg,fcf9e98eaff3607b3b2c70bb61fa461eb9d24b4e7caf57991f626e5011bfb13f,roboflow_wound_v1,burn_degree_unknown,burn_any,CC BY 4.0,g24,0.281,train/images/-15_jpg.rf.e14506cba3455339006bbeb493b9f688.jpg,0.662
roboflow_wound_v1_039087d3ef90701b.jpg,039087d3ef90701b338629b30239e1e599b38f1a37fff475d3661a8f5aa9220e,roboflow_wound_v1,burn_degree_unknown,burn_any,CC BY 4.0,g25,0.447,train/images/-17_jpg.rf.1b959b2ba0393249c9db3e3540a252dc.jpg,0.726
roboflow_wound_v1_dd8f844286bb5e7a.jpg,dd8f844286bb5e7ad9c9e6fd429afe892d3cb47514220cf5fccbc2710a6d031f,roboflow_wound_v1,burn_degree_unknown,burn_any,CC BY 4.0,g26,0.415,train/images/-27_jpg.rf.9b8a20a40f4247917e913799cd7b7818.jpg,0.714
roboflow_wound_v1_9656386a0f821ca1.jpg,9656386a0f821ca11d0d7b07fbe50f56d46522c7a12f86301ed2084528054c8a,roboflow_wound_v1,burn_degree_unknown,burn_any,CC BY 4.0,g27,0.487,train/images/-37_jpg.rf.864abab293901ff626edc46f17e68606.jpg,0.694
roboflow_wound_v1_ab7b757bc84833e3.jpg,ab7b757bc84833e3c6dd5e26d19ebd691609b2c2b12ab84631808f9cc51b5947,roboflow_wound_v1,burn_degree_unknown,burn_any,CC BY 4.0,g28,0.057,train/images/-50_jpg.rf.e8d1d9a37f462fd1a4f8763aa0a11506.jpg,0.720
roboflow_wound_v1_3097062759366365.jpg,3097062759366365729a50bb63fa8b1cf6310d8309fff391de91287f03f14aa1,roboflow_wound_v1,burn_degree_unknown,burn_any,CC BY 4.0,g29,0.761,train/images/-53_jpg.rf.f27f3c1dd2120b2bcde7465155bc816e.jpg,0.736
roboflow_wound_v1_fe3de82d8315e477.jpg,fe3de82d8315e477bffd0fb539b1ec4b95e0dc88913d54996579d14eb558a0b1,roboflow_wound_v1,burn_degree_unknown,burn_any,CC BY 4.0,g30,0.296,train/images/-55_jpg.rf.452c96112799da98e96b9169fa7519f4.jpg,0.713
roboflow_wound_v1_30869d3563759126.jpg,30869d356375912624f563fd02b76ade03ddd9636bc35c889c19724f53225fcd,roboflow_wound_v1,burn_degree_unknown,burn_any,CC BY 4.0,g31,0.084,train/images/-73_jpg.rf.2eb1d8a53ddf7b1fb4ffcfcb16e8d4fc.jpg,0.698
roboflow_wound_v1_217aebee06e27efc.jpg,217aebee06e27efcc4d2c5d84aec20ff553986e14c8c52ea92c204f881c77595,roboflow_wound_v1,burn_degree_unknown,burn_any,CC BY 4.0,g32,0.217,train/images/-76_jpg.rf.36ca065b49b60617ceb5de2dabeaff5b.jpg,0.734
roboflow_wound_v1_a832e889c6bdef35.jpg,a832e889c6bdef354d4ac460dba6f10cc6e64b86f6efb9a2858d19d6bd590404,roboflow_wound_v1,burn_degree_unknown,burn_any,CC BY 4.0,g33,0.129,train/images/-77_jpg.rf.6fc23d956d61a6ee13a2a89470f21080.jpg,0.722
roboflow_wound_v1_8a4c8a8469e08196.jpg,8a4c8a8469e08196bf3556ce3f0a0d52e72d70929f21aff208f375aa5b2580c3,roboflow_wound_v1,burn_degree_unknown,burn_any,CC BY 4.0,g34,0.120,train/images/-79_jpg.rf.28686c42a60e3d835c14b4ede7d0bbb9.jpg,0.691
roboflow_wound_v1_159070566af05037.jpg,159070566af050371879cfba2ebdbc397da55cdac04fa56d987f26501bf5afaf,roboflow_wound_v1,burn_degree_unknown,burn_any,CC BY 4.0,g35,0.680,train/images/-88_jpg.rf.d8e81303eca075392c5689ef92f85fb2.jpg,0.650
roboflow_wound_v1_1476cdadf154f061.jpg,1476cdadf154f0619a49fccc7b63c745ce0586e0e0950ef47e23a561d993445a,roboflow_wound_v1,burn_degree_unknown,burn_any,CC BY 4.0,g36,0.051,train/images/-8_jpeg.rf.33a13ca348d335d255a89505f251aeee.jpg,0.728
roboflow_wound_v1_8da6b6207fd8b635.jpg,8da6b6207fd8b635ffb8a7dcd7b9bbc68549177e345a463a7bda811d9bfb1e77,roboflow_wound_v1,burn_degree_unknown,burn_any,CC BY 4.0,g37,0.100,train/images/-94_jpg.rf.7038cb4c7417ab633ef2af1c2aed9be8.jpg,0.740
roboflow_wound_v1_270a29c8eef94f01.jpg,270a29c8eef94f01c92f0bdd3ae18929cacf82ed780af429839d7a1be5e9ab81,roboflow_wound_v1,burn_degree_unknown,burn_any,CC BY 4.0,g38,0.421,train/images/0031_jpg.rf.4e1336f89b09577541c3e2b83d3174a0.jpg,0.737
roboflow_wound_v1_374711b32241d301.jpg,374711b32241d30192ff8a2810b948eeb86872d91ae03e46b7400b99b710a08a,roboflow_wound_v1,burn_degree_unknown,burn_any,CC BY 4.0,g39,0.248,train/images/0116_jpg.rf.7a190587fe616ab8dff83f432cc1ff3c.jpg,0.734
roboflow_wound_v1_b1c66657a33f69af.jpg,b1c66657a33f69af600603cd5ba7008acf658ed184a15e17775abf1677c4f7d3,roboflow_wound_v1,burn_degree_unknown,burn_any,CC BY 4.0,g40,0.795,train/images/0176_jpg.rf.c9729b5708cc35da64c20b36c5896491.jpg,0.729
roboflow_wound_v1_d4b6cae354857783.jpg,d4b6cae354857783fa5bd9d28828a488fb4f3f56a565750b19f52414692457ea,roboflow_wound_v1,burn_degree_unknown,burn_any,CC BY 4.0,g41,0.061,train/images/0180_jpg.rf.f92f708f401a7b23914559f351ace657.jpg,0.676
roboflow_wound_v1_0629e5fe9d7ad8d2.jpg,0629e5fe9d7ad8d2c410d4c8d7d8e3e000d74b3177e76eb25bb12358b101ced1,roboflow_wound_v1,burn_degree_unknown,burn_any,CC BY 4.0,g42,0.437,train/images/0202_jpg.rf.e0d8dd27a0fe971f3330f576eed974f1.jpg,0.735
roboflow_wound_v1_80ac035045be8bfb.jpg,80ac035045be8bfbea0a734d8801b394960da4b4e165ff79933157f3fa5b54c0,roboflow_wound_v1,burn_degree_unknown,burn_any,CC BY 4.0,g43,0.312,train/images/0244_jpg.rf.3c71154355f1317f880242a1a3fc0ad8.jpg,0.696
roboflow_wound_v1_45b6eca00e438bd0.jpg,45b6eca00e438bd0fe9388a1f9c5d7bb159ac241fa1f959500b940cac7657425,roboflow_wound_v1,burn_degree_unknown,burn_any,CC BY 4.0,g44,0.503,train/images/0263_jpg.rf.839908edc5bbaba0ab7dc3b90fa1a6b5.jpg,0.733
roboflow_wound_v1_57a4dc4c1b07bc66.jpg,57a4dc4c1b07bc6632bd4ae598ba026c767dfdee2d422423385ca0569abed4aa,roboflow_wound_v1,burn_degree_unknown,burn_any,CC BY 4.0,g45,0.439,train/images/0264_jpg.rf.36f4ae007ce311f0b294fd32e32b4dad.jpg,0.720
roboflow_wound_v1_5f10f4c0516d31a5.jpg,5f10f4c0516d31a54776bf8ff37d050e6bd62b1d2876e51a72159464cf6600e5,roboflow_wound_v1,burn_degree_unknown,burn_any,CC BY 4.0,g46,0.532,train/images/0265_jpg.rf.a21960c50acf1f37cdb9825d442f7553.jpg,0.717
roboflow_wound_v1_ecb5a546b3cabe95.jpg,ecb5a546b3cabe95e04a7e436e3ef0cda25f4cb7220cecf91ce75a03115b8f1c,roboflow_wound_v1,burn_degree_unknown,burn_any,CC BY 4.0,g47,0.391,train/images/0271_jpg.rf.997a0db1c9d568135363da522b7efd57.jpg,0.730
roboflow_wound_v1_dd7a152d1ad73071.jpg,dd7a152d1ad730716568e4b7264685c2173dcc00a2e483781c3f57eb666fca97,roboflow_wound_v1,burn_degree_unknown,burn_any,CC BY 4.0,g48,0.549,train/images/0274_jpg.rf.5368cca29629b6c0b2475e0f4869b3b9.jpg,0.720
roboflow_wound_v1_03cc3d3f5c6358e8.jpg,03cc3d3f5c6358e8eb05db2b21ef10a99b497434ce5d02c58af5eea22e22baaa,roboflow_wound_v1,burn_degree_unknown,burn_any,CC BY 4.0,g49,0.440,train/images/0277_jpg.rf.67d3bb458e3dd12820439326f67c96dc.jpg,0.744
roboflow_wound_v1_dcf1f1f1336952cc.jpg,dcf1f1f1336952cc4735f3ac52102baf6a37c5f9c2202e53b154115e4bbf2c83,roboflow_wound_v1,burn_degree_unknown,burn_any,CC BY 4.0,g50,0.518,train/images/0278_jpg.rf.ece36a15e2c839b889a5f9f768cc5822.jpg,0.699
roboflow_wound_v1_946713a5802a1048.jpg,946713a5802a1048268182d456f343945dc2b283d07da599a7beff8d9cee1098,roboflow_wound_v1,burn_degree_unknown,burn_any,CC BY 4.0,g51,0.304,train/images/0280_jpg.rf.761674a9fa155ed76cb7c723c4d16e35.jpg,0.741
roboflow_wound_v1_74d2bf8959c35f37.jpg,74d2bf8959c35f37ef2d8af6e4493bf6aeb09c070a5ab0c9b0f3435b8ae1510e,roboflow_wound_v1,burn_degree_unknown,burn_any,CC BY 4.0,g52,0.600,train/images/0283_jpg.rf.4e8f8715f391de84948902bd36e5b89d.jpg,0.741
roboflow_wound_v1_6aac8242384fdff1.jpg,6aac8242384fdff185ceac8c82888e9e1de5679a2fee16a332358a1e0f286f26,roboflow_wound_v1,burn_degree_unknown,burn_any,CC BY 4.0,g53,0.416,train/images/0298_jpg.rf.be051bce0a8cb4a778b1a531effcab20.jpg,0.732
roboflow_wound_v1_1468fd31a45dc27d.jpg,1468fd31a45dc27d38053e9ba9ff2ac7e81a5c690ecc1d28e3a5210544fec3e3,roboflow_wound_v1,burn_degree_unknown,burn_any,CC BY 4.0,g54,0.187,train/images/0317_jpg.rf.3cf3bb8a5de5a3c339d6a2e04a26dac4.jpg,0.710
roboflow_wound_v1_5f094773effcbfcd.jpg,5f094773effcbfcdc128dd2845366b685a5659cbc8e22d1a2981f7a3f93c039e,roboflow_wound_v1,burn_degree_unknown,burn_any,CC BY 4.0,g55,0.385,train/images/0330_jpg.rf.d07d6a7cbcbb770ab66e69e91e8e72a5.jpg,0.720
roboflow_wound_v1_1ca1d475efcb4334.jpg,1ca1d475efcb43343d8f4ad3b10b19a01dde6306fd7bee7653682d9d8af6bc3f,roboflow_wound_v1,burn_degree_unknown,burn_any,CC BY 4.0,g56,0.445,train/images/0331_jpg.rf.11e3ba5275296afe8aa7decc9661fd02.jpg,0.687
roboflow_wound_v1_7dcbd46f2aae2b97.jpg,7dcbd46f2aae2b97af2d64d229124d5c881c45e3f43c60db4f507befa49f4543,roboflow_wound_v1,burn_degree_unknown,burn_any,CC BY 4.0,g57,0.290,train/images/0336_jpg.rf.f3dd468597f69be23692302e56eeb3a8.jpg,0.701
roboflow_wound_v1_0bba6b83449bee5f.jpg,0bba6b83449bee5f2f7304eacacc41cbdf753c33048f8d5af7dd09ecbca6f5ca,roboflow_wound_v1,burn_degree_unknown,burn_any,CC BY 4.0,g58,0.284,train/images/0342_jpg.rf.b78277b867049c644fbbefc35c8c4183.jpg,0.658
roboflow_wound_v1_a9d7892023780212.jpg,a9d78920237802120108dc67ecf531a2857f3cbbb301f3597ecc9ec541fbd602,roboflow_wound_v1,burn_degree_unknown,burn_any,CC BY 4.0,g59,0.612,train/images/0351_jpg.rf.232b6ce3691de05875134db04770ed6c.jpg,0.726
roboflow_wound_v1_8af656b17a1157e1.jpg,8af656b17a1157e169d25747b55f06b36e08af53d75f4a1ab79ada3835718f9a,roboflow_wound_v1,bruise,in_scope,CC BY 4.0,g60,0.158,train/images/100_jpg.rf.c3ca0bb632fe1d54c7601d6ed7ed99ab.jpg,0.749
roboflow_wound_v1_62137667bbaf413a.jpg,62137667bbaf413a884fcdcda7cf79383b6114a02fa8f7892ad23b3dc612045d,roboflow_wound_v1,bruise,in_scope,CC BY 4.0,g61,0.171,train/images/103_jpg.rf.f3b41886ea659c9ce65158a2fb09aa20.jpg,0.732
roboflow_wound_v1_d8674ce83edcafb8.jpg,d8674ce83edcafb8eeec05340eb806cca50eeef193e055098c3cb2ba38859fd8,roboflow_wound_v1,bruise,in_scope,CC BY 4.0,g62,0.117,train/images/107_jpg.rf.3caa7f4c59001dc48c53e3ef03e19fa7.jpg,0.699
roboflow_wound_v1_6466efb6736274d0.jpg,6466efb6736274d05d4516b7da3e60d10935ad6e23fa099339fb2709bebc65ba,roboflow_wound_v1,bruise,in_scope,CC BY 4.0,g63,0.084,train/images/108_jpg.rf.6052d642357008781e0714a35e9111de.jpg,0.672
roboflow_wound_v1_4ce64f58f83505ac.jpg,4ce64f58f83505acac9c3b6631a9f9b97ceb430131f5d10db10cc93a1633fa9f,roboflow_wound_v1,bruise,in_scope,CC BY 4.0,g64,0.036,train/images/122_jpg.rf.0d019ce98225f92e7e2cbed3ea10c565.jpg,0.723
roboflow_wound_v1_5b0047c82ad91474.jpg,5b0047c82ad91474543c28b64e88f3c3fcd1bae9f8a13df43548dd1c1bfbab52,roboflow_wound_v1,cut,in_scope,CC BY 4.0,g65,0.327,train/images/123_jpg.rf.afdcc3db6831e99f1a10a9888dad74e0.jpg,0.741
roboflow_wound_v1_f3e39a0fc0f9e3a0.jpg,f3e39a0fc0f9e3a0ee68a7b7b28db653b344dc462dfad2e73cf40a735c9b04f7,roboflow_wound_v1,bruise,in_scope,CC BY 4.0,g66,0.078,train/images/143_jpg.rf.7e4c13f8a52f016f8bcd7af3426968df.jpg,0.743
roboflow_wound_v1_c6504fc540e4142a.jpg,c6504fc540e4142acc698a735f5a47151dd1b836c94c9693db933cf5e7a02bcc,roboflow_wound_v1,cut,in_scope,CC BY 4.0,g67,0.034,train/images/160914104849_paper-cuts_512x288__nocredit_jpg_png.rf.a848441fa22861fdc3381187387e4339.jpg,0.746
roboflow_wound_v1_100c95002ee41302.jpg,100c95002ee4130269d12cfd9603dabb0bdbccf301346a1c69da0eba8a3b1735,roboflow_wound_v1,abrasion,in_scope,CC BY 4.0,g68,0.062,train/images/199_jpg.rf.05d198e564f7172b73d37971425fcd35.jpg,0.734
roboflow_wound_v1_db4d71b53e4bf540.jpg,db4d71b53e4bf5404f7852d9d8d9907b2827c1f60801f10517c8c3a0e0d6e9ec,roboflow_wound_v1,abrasion,in_scope,CC BY 4.0,g69,0.056,train/images/205_jpg.rf.e33ce6c314f4c7a20500b3bb0d4f49f7.jpg,0.744
roboflow_wound_v1_c8eb49cfd59a7071.jpg,c8eb49cfd59a7071d5de1adefa8babab39ff67961a4767125086152e7fa6a17b,roboflow_wound_v1,bruise,in_scope,CC BY 4.0,g70,0.253,train/images/21_jpg.rf.7bede2b56b6437cfe13cd462cf58de6b.jpg,0.663
roboflow_wound_v1_882f2fb54fc99b44.jpg,882f2fb54fc99b44a91036e76e508cc773a799290e81db39377f4b34ebb8d03d,roboflow_wound_v1,cut,in_scope,CC BY 4.0,g71,0.006,train/images/237_jpg.rf.ea3306923e9e76236c4aae96d8dda5b9.jpg,0.717
roboflow_wound_v1_b18362fbff5c2d32.jpg,b18362fbff5c2d32861689bac4634d628ec7d09b342e02ce9f0bf27cc1936f84,roboflow_wound_v1,bruise,in_scope,CC BY 4.0,g72,0.526,train/images/242_jpg.rf.f4a3048eeac06b01d148bbc878829ed0.jpg,0.674
roboflow_wound_v1_af8ce014cb87f4c7.jpg,af8ce014cb87f4c77a1be2c98eb3ac16b42f207fd80c4ea2868424df0db911bc,roboflow_wound_v1,bruise,in_scope,CC BY 4.0,g73,0.090,train/images/26_jpg.rf.de03a9362dd3e862f38982dde46f5db4.jpg,0.737
roboflow_wound_v1_736933bd24ac8dd7.jpg,736933bd24ac8dd7d2b9c1852a2eeac57d37ef22683c392bdde47dce21082329,roboflow_wound_v1,healthy_skin,non_wound,CC BY 4.0,g74,,train/images/30_jpg.rf.2619d5789f69882d6209048a727345c6.jpg,0.708
roboflow_wound_v1_ba20348f62fe456d.jpg,ba20348f62fe456d965eafad132587aba40b58f8e40a2e808d28528197d4823a,roboflow_wound_v1,bruise,in_scope,CC BY 4.0,g75,0.167,train/images/329_jpg.rf.d37239f7640f335cbb20388af72ad0ea.jpg,0.702
roboflow_wound_v1_afe4a98e1a9a7193.jpg,afe4a98e1a9a7193d7bfe7476d5e239bc37a88278f9b0b19c13821cbdff183da,roboflow_wound_v1,bruise,in_scope,CC BY 4.0,g76,0.053,train/images/336_jpg.rf.ca452855d873025a5f3dfaf0ee641bef.jpg,0.726
roboflow_wound_v1_833c078fd9686408.jpg,833c078fd96864089fe6b1b83821b88ddb0072f08bbab879e07f643131be0224,roboflow_wound_v1,healthy_skin,non_wound,CC BY 4.0,g77,,train/images/33_jpg.rf.30b1f4767d7e09d383a4df3321aa4f68.jpg,0.708
roboflow_wound_v1_ad2fb4b15fd9c7ee.jpg,ad2fb4b15fd9c7ee44134703e167386a050df81babab095d304c499f6325c4cf,roboflow_wound_v1,bruise,in_scope,CC BY 4.0,g78,0.076,train/images/341_jpg.rf.6e2be1cc378660b6002f4ab921b7483e.jpg,0.745
roboflow_wound_v1_34c8699d4e29a994.jpg,34c8699d4e29a994c9522231c8848d012d941cec73e3bb261c34358f0226ed62,roboflow_wound_v1,bruise,in_scope,CC BY 4.0,g79,0.247,train/images/343_jpg.rf.fbc3b904fe941edd659b16de7674b005.jpg,0.712
roboflow_wound_v1_d206bd67c9dae546.jpg,d206bd67c9dae546d1992447e6d07178d874eaaddece9d23ee6b9ad54508012b,roboflow_wound_v1,cut,in_scope,CC BY 4.0,g80,0.062,train/images/436_jpg-list1x_png.rf.b202ec280ec248359676249880b08216.jpg,0.739
roboflow_wound_v1_2b93d20c7be79307.jpg,2b93d20c7be7930703fb798ea014ad36a2fdef8c07cb5311e4adfd7b68caff87,roboflow_wound_v1,healthy_skin,non_wound,CC BY 4.0,g81,,train/images/53_jpg.rf.06d38a03434174ff2bf16765fda8bb25.jpg,0.724
roboflow_wound_v1_7a56fff250cfa57f.jpg,7a56fff250cfa57f98418090c7a2130762b7eee9e4dfb790ebdd98ad523d91bb,roboflow_wound_v1,bruise,in_scope,CC BY 4.0,g82,0.030,train/images/58_jpg.rf.11cf2129ffd361eecfff18e389890391.jpg,0.682
roboflow_wound_v1_395487ff01e983b2.jpg,395487ff01e983b2021c739fb0d9ec9de265a8f0e4be151ac4ff3ac9965321f5,roboflow_wound_v1,bruise,in_scope,CC BY 4.0,g83,0.138,train/images/59_jpg.rf.6226ea9d2688d462148916a909d9d2bb.jpg,0.707
roboflow_wound_v1_8e6049a3e523d0fa.jpg,8e6049a3e523d0fa0b28cc25aa5cfa14d03f5e78a7d3f280d05c86439542b8f7,roboflow_wound_v1,bruise,in_scope,CC BY 4.0,g84,0.051,train/images/6_jpg.rf.51d2cf360d0d1c9127655c952270cd7e.jpg,0.744
roboflow_wound_v1_865a91c35e7e123e.jpg,865a91c35e7e123e961743341f2d728b5ca9d1fbde8689b30a3aaa2a8c156a41,roboflow_wound_v1,healthy_skin,non_wound,CC BY 4.0,g85,,train/images/70_jpg.rf.e19b9a44250326baad8d291789ed4426.jpg,0.675
roboflow_wound_v1_6422f3916adc6e1c.jpg,6422f3916adc6e1c45039ae89189d9de29a5da22d2e513ebbe2de0a48811d986,roboflow_wound_v1,bruise,in_scope,CC BY 4.0,g86,0.200,train/images/72_jpg.rf.24f679cadbd7b3fbbb52995a938975ba.jpg,0.736
roboflow_wound_v1_ac4f9c92d9f8e5b6.jpg,ac4f9c92d9f8e5b6f3b4112322d41b62cd3b42e5a2d4817dac80b25e9bbca65a,roboflow_wound_v1,healthy_skin,non_wound,CC BY 4.0,g87,,train/images/73_png.rf.d2d256db670b8e348bb8dd4f9bc43777.jpg,0.725
roboflow_wound_v1_ffb36b7c4012ad08.jpg,ffb36b7c4012ad08139267027bb8c912632b718f5da82de680f55aad53f73372,roboflow_wound_v1,healthy_skin,non_wound,CC BY 4.0,g88,,train/images/74_jpg.rf.a41f6436e2fcc8ba56152fc24a1c3ba9.jpg,0.723
roboflow_wound_v1_c412f536da6f3ae7.jpg,c412f536da6f3ae7834aab9c0a4ff99f00d5173c8ee0e4e170958d07a8dea1aa,roboflow_wound_v1,burn_degree_unknown,burn_any,CC BY 4.0,g89,0.501,train/images/7b10d426-7bee-4046-80be-d85a8914d87a_jpeg.rf.68bbe455d663edc7a79988b040560c07.jpg,0.749
roboflow_wound_v1_89c15096f0708af4.jpg,89c15096f0708af49505d7e82ee77d0aa05876b4c65bb114fb9a74da9225359d,roboflow_wound_v1,burn_degree_unknown,burn_any,CC BY 4.0,g90,0.627,train/images/7e70aee5-a37f-4a14-b643-979b62f88a42_jpg.rf.ee9c32480ce1ab7f7e5c504effff523b.jpg,0.746
roboflow_wound_v1_f3adf0bed87ce660.jpg,f3adf0bed87ce6608f566ffa89d7087784df60205db9cdc8b17ca988d807f090,roboflow_wound_v1,bruise,in_scope,CC BY 4.0,g91,0.081,train/images/81_jpg.rf.6934527923837d20af4fb03a7ef7ed1b.jpg,0.720
roboflow_wound_v1_9bbeac025aeb944c.jpg,9bbeac025aeb944c204a3f709ab6f8d1c062c114cd39d505b36768d623d57a71,roboflow_wound_v1,bruise,in_scope,CC BY 4.0,g92,0.233,train/images/82_jpg.rf.ff015d1a59f0800065fad14df177e2ba.jpg,0.749
roboflow_wound_v1_3e39a90b5d8f8b13.jpg,3e39a90b5d8f8b13b8576484227cfce321cdef4bcab822089b3ccef9bdc424f5,roboflow_wound_v1,bruise,in_scope,CC BY 4.0,g93,0.107,train/images/84_jpg.rf.64358742b82350768b806f1b102ae14a.jpg,0.737
roboflow_wound_v1_cc1cea2629abc18f.jpg,cc1cea2629abc18f3ccafdd1eea18fe82989717815bca73891fbb9b4fdeaa936,roboflow_wound_v1,healthy_skin,non_wound,CC BY 4.0,g94,,train/images/85_jpg.rf.3004157484091db947b74ad61c6a68aa.jpg,0.740
roboflow_wound_v1_694e2bd977036960.jpg,694e2bd9770369602ec4fcb35b4aed03b696189d79eda3389740d6d9ad4b7139,roboflow_wound_v1,bruise,in_scope,CC BY 4.0,g95,0.167,train/images/85_jpg.rf.317531266cc9e49a99d090d988ad22b8.jpg,0.727
roboflow_wound_v1_212d1baaa124b2b8.jpg,212d1baaa124b2b8c50d85d9294289a0f144bfe0ebdb49b26bf67ef9308e2df1,roboflow_wound_v1,healthy_skin,non_wound,CC BY 4.0,g96,,train/images/88_jpg.rf.3c2d3d8ee6f51e84c4b2dfbd85f0a035.jpg,0.697
roboflow_wound_v1_3e3a666fd08f5802.jpg,3e3a666fd08f5802645799d09f80e8fee696be1c7825ce9cb5ee82f0f3d00548,roboflow_wound_v1,healthy_skin,non_wound,CC BY 4.0,g97,,train/images/89_jpg.rf.9d97896cea81652fa83fc88eded32dae.jpg,0.737
roboflow_wound_v1_48796a4f6072eb94.jpg,48796a4f6072eb9473cea6abd7b98340b5606421b07bf24d44ea2867a456abfd,roboflow_wound_v1,bruise,in_scope,CC BY 4.0,g98,0.013,train/images/91_jpg.rf.f106962e5e6bf964a41e3e53fbfd1690.jpg,0.742
roboflow_wound_v1_566df6266a8e8ad1.jpg,566df6266a8e8ad13523fe12d7537298f5a58521bbcb99ff865757863dac3c91,roboflow_wound_v1,bruise,in_scope,CC BY 4.0,g99,0.022,train/images/99_jpg.rf.5eda2a07939566c9d6084c17e6aeb070.jpg,0.734
roboflow_wound_v1_32e8aa1cf4c27e3e.jpg,32e8aa1cf4c27e3e734703e650bd0226edcf9368dffc7b7434e30f456112bfd7,roboflow_wound_v1,bruise,in_scope,CC BY 4.0,g100,0.155,train/images/Bruise-11-_jpg.rf.54a9ac893c3148a6113c5062174e81b6.jpg,0.711
roboflow_wound_v1_33c7caed1365ac66.jpg,33c7caed1365ac66b093784418a6200d8650abef0e5aeeff1f032474822f1447,roboflow_wound_v1,bruise,in_scope,CC BY 4.0,g101,0.106,train/images/Bruise-3-_jpeg.rf.730ac70e03d1fab86e8ae5dfda6199dd.jpg,0.735
roboflow_wound_v1_e6eb2eef82b11f3e.jpg,e6eb2eef82b11f3e3e97b0ec840822c55005e43aa66568da15ca343cabf1bb82,roboflow_wound_v1,bruise,in_scope,CC BY 4.0,g102,0.131,train/images/Bruise-7-_jpg.rf.b7f6d2e4a8932ffc0d79c172363ea365.jpg,0.727
roboflow_wound_v1_2d7e8987fd6aacdb.jpg,2d7e8987fd6aacdb84864d4b2e93f2cc12d05f720d8f4d2713e325c72430e6a7,roboflow_wound_v1,burn_degree_unknown,burn_any,CC BY 4.0,g103,0.343,train/images/Burn-10-_jpg.rf.86b4737e2f0211acef43fba70ff1ee8c.jpg,0.707
roboflow_wound_v1_77a3a29b08c87880.jpg,77a3a29b08c87880900fb99850013f3efb786cadf833be8a74c998b5ec7f48ca,roboflow_wound_v1,burn_degree_unknown,burn_any,CC BY 4.0,g104,0.521,train/images/Burn-11-_jpg.rf.98d6082731722196795e426382d63227.jpg,0.746
roboflow_wound_v1_6e359709fbe2c54f.jpg,6e359709fbe2c54f0c4e5f36adbfea6accfd414f45a90c5390ec438abc425e62,roboflow_wound_v1,healthy_skin,non_wound,CC BY 4.0,g105,,train/images/LINE_ALBUM_-_250207_2_jpg.rf.e38abfd72681b2e8cc841d6a463f7ef9.jpg,0.694
roboflow_wound_v1_3f61591d10fcc139.jpg,3f61591d10fcc13922c8985a43c37edc76986c4dbe7935f95fdbf3f9652f0cbe,roboflow_wound_v1,healthy_skin,non_wound,CC BY 4.0,g106,,train/images/LINE_ALBUM_-_250207_5_jpg.rf.7af7c5a4aeb407e4a38ba8be7a8b1746.jpg,0.715
roboflow_wound_v1_e8e1b371f44e5767.jpg,e8e1b371f44e5767d2bf1dabf5b5facccbe69a25a229c485e8bc8c67ef1f4a5a,roboflow_wound_v1,healthy_skin,non_wound,CC BY 4.0,g107,,train/images/S__78331909_0_jpg.rf.198573def09f1e4c7b98bc83da3bb1c9.jpg,0.699
roboflow_wound_v1_47fc488ebef954f8.jpg,47fc488ebef954f88a12e65ffbb709199a7d2589e9b69869a8a54e015d9cf699,roboflow_wound_v1,healthy_skin,non_wound,CC BY 4.0,g108,,train/images/S__78331911_0_jpg.rf.ec97c1a956cfa2ea7e3284420c180f62.jpg,0.726
roboflow_wound_v1_fa54daf4398f3661.jpg,fa54daf4398f366120ab01d2bd6cc03db5f551d730ea2af80dca1407a125be12,roboflow_wound_v1,healthy_skin,non_wound,CC BY 4.0,g109,,train/images/S__78331912_0_jpg.rf.2d8dfe0ea6951fe8461ba2752e0bdd68.jpg,0.741
roboflow_wound_v1_3fe27ed08de7cad8.jpg,3fe27ed08de7cad86f8eb7a976480f853160e1062ef20dc63d60db104fdc29f1,roboflow_wound_v1,healthy_skin,non_wound,CC BY 4.0,g110,,train/images/S__78331920_0_jpg.rf.65bed15cd30ea943bdf4141f38adfd37.jpg,0.718
roboflow_wound_v1_11e8aa4e98c782c8.jpg,11e8aa4e98c782c8550e73bf67a44674dae0351c4a1da56c426354b06aab2a5d,roboflow_wound_v1,healthy_skin,non_wound,CC BY 4.0,g111,,train/images/S__78331924_0_jpg.rf.fcc895ea91ba0705ae0f000158e98a4f.jpg,0.750
roboflow_wound_v1_d77346233919a1a5.jpg,d77346233919a1a56991431ce6df61c90577a43d3aa620ffe9c309951d0667d7,roboflow_wound_v1,healthy_skin,non_wound,CC BY 4.0,g112,,train/images/S__78331925_0_jpg.rf.0d8f9ae871bc599b9c6e467b4110f8b8.jpg,0.747
roboflow_wound_v1_d7c0bfa128ad41f5.jpg,d7c0bfa128ad41f55d99df98e1fcb71eded59b6be873edea50d0446566313d73,roboflow_wound_v1,cut,in_scope,CC BY 4.0,g113,0.099,train/images/cut-10-_jpg.rf.3d834bea65f4e23a26f5e2913bee05c2.jpg,0.725
roboflow_wound_v1_90d6e8a61a2d7cb6.jpg,90d6e8a61a2d7cb650815b1e28056e38126d7089f101c2a348d2389767e6087e,roboflow_wound_v1,cut,in_scope,CC BY 4.0,g114,0.305,train/images/d5505059_jpg.rf.989aac7bcc10ba6ba98d21419699ad8b.jpg,0.708
roboflow_wound_v1_cfde783cade17e65.jpg,cfde783cade17e653c8296cf9baf78707501ba70bd8d89fe9a5cc39c268f7664,roboflow_wound_v1,burn_degree_unknown,burn_any,CC BY 4.0,g115,0.182,valid/images/-38_jpg.rf.d45307c449821e81af0625408903f0a6.jpg,0.720
roboflow_wound_v1_35c0125bdb0030c5.jpg,35c0125bdb0030c5030fb68aaacc388f5d4f16c93b7131a40bd97434e072d167,roboflow_wound_v1,burn_degree_unknown,burn_any,CC BY 4.0,g116,0.145,valid/images/-41_jpg.rf.b432fee9b2a3c536dee243402bc39293.jpg,0.739
roboflow_wound_v1_f0de78d8b583ca5d.jpg,f0de78d8b583ca5d3eefa416348ad2cb8ddaee35856d309d6b959429ce693dd3,roboflow_wound_v1,burn_degree_unknown,burn_any,CC BY 4.0,g117,0.230,valid/images/-63_jpg.rf.3e589bb122b0f6081131d325fbf8f1ba.jpg,0.738
roboflow_wound_v1_ed2aabb203c60b3d.jpg,ed2aabb203c60b3d6636bd7f662960d80f8d8805395dd97f6e724044a3a41d32,roboflow_wound_v1,burn_degree_unknown,burn_any,CC BY 4.0,g118,0.187,valid/images/-66_jpg.rf.7ffdd72c9d03919120e31c65f092444b.jpg,0.717
roboflow_wound_v1_732dd46bf3755dd6.jpg,732dd46bf3755dd6b3a280107bd680d9da6ff1e443bf79914381e5acdc86be45,roboflow_wound_v1,burn_degree_unknown,burn_any,CC BY 4.0,g119,0.090,valid/images/-70_jpg.rf.48f60135a232e5cb1137ee13268e7846.jpg,0.651
roboflow_wound_v1_e635cdb3ecc03e81.jpg,e635cdb3ecc03e812c7e801ec57fd99b54b6716f6f1de8e4124bbd98cfafceca,roboflow_wound_v1,burn_degree_unknown,burn_any,CC BY 4.0,g120,0.198,valid/images/-87_jpg.rf.1180c4538ac42c69e9acc3be96535311.jpg,0.715
roboflow_wound_v1_7dd04c5c6cf470f5.jpg,7dd04c5c6cf470f58f4faa60f80587977ea1dd63c813dd2e2d219efebebb55bf,roboflow_wound_v1,burn_degree_unknown,burn_any,CC BY 4.0,g121,0.160,valid/images/0249_jpg.rf.e3710517bdbd34af56e4b73f7d41f4d3.jpg,0.745
roboflow_wound_v1_912a5e6e1971ef27.jpg,912a5e6e1971ef27ff741c91342663af85869e33e98ff842287c1b5cdda7a82e,roboflow_wound_v1,burn_degree_unknown,burn_any,CC BY 4.0,g122,0.238,valid/images/0316_jpg.rf.9405e326f0567ce5911edf995728d6c8.jpg,0.730
roboflow_wound_v1_a87e81b1a8cc8153.jpg,a87e81b1a8cc81537318b8e62c23fd06ea39e9a335509732c1088f59fd07b7bc,roboflow_wound_v1,burn_degree_unknown,burn_any,CC BY 4.0,g123,0.303,valid/images/0348_jpg.rf.101cc6b71c73d8d13968f7e44d6b7529.jpg,0.717
roboflow_wound_v1_5026bf54a60e33b6.jpg,5026bf54a60e33b6017156c62a60f04905c8ac504091a71d03609845178340ca,roboflow_wound_v1,bruise,in_scope,CC BY 4.0,g124,0.074,valid/images/134_jpg.rf.a175b6ccf2c8a95efb784904072c3c82.jpg,0.734
roboflow_wound_v1_ae5b71b2ed0d4b53.jpg,ae5b71b2ed0d4b53c65acb36694388bcc56914c794a006ac07af3482fadd619d,roboflow_wound_v1,cut,in_scope,CC BY 4.0,g125,0.061,valid/images/173856335843109_P29611294_jpg.rf.b1660f4a573f9be76a778c43aa2634d6.jpg,0.745
roboflow_wound_v1_12f06ca6df88332e.jpg,12f06ca6df88332efc594e208ac75c41029b7046426b0cec48f75aa349732afb,roboflow_wound_v1,cut,in_scope,CC BY 4.0,g126,0.017,valid/images/203_jpg.rf.a45f60e0d0e2557a3f40f97dd1988b30.jpg,0.743
roboflow_wound_v1_92653434d20ae88c.jpg,92653434d20ae88c76c6b66ee4a1ccd1ab398521c87208055e95ecf08203dc50,roboflow_wound_v1,bruise,in_scope,CC BY 4.0,g127,0.054,valid/images/342_jpg.rf.784a16696f7ec6452fcb0b0577f20f35.jpg,0.740
roboflow_wound_v1_4958d3534d04480b.jpg,4958d3534d04480bfa7a425d0fed1de328147febe590310475a37044bf45da4e,roboflow_wound_v1,healthy_skin,non_wound,CC BY 4.0,g128,,valid/images/44_jpg.rf.2d1f24b9c2e299debfd527028040b18a.jpg,0.720
roboflow_wound_v1_19c2d6b609d65f5e.jpg,19c2d6b609d65f5eb27f9140ef0d910bf288ee96da8d6b6e7f19448d8df20ca9,roboflow_wound_v1,bruise,in_scope,CC BY 4.0,g129,0.101,valid/images/77_jpg.rf.16569810311e2d3e01833470f2edc306.jpg,0.712
roboflow_wound_v1_7a3059ce621679b4.jpg,7a3059ce621679b42e8db57b66d3b611ef5add944435e7890c5320fe4c34e8ef,roboflow_wound_v1,bruise,in_scope,CC BY 4.0,g130,0.240,valid/images/90_jpg.rf.8556f5e522625ee86813c7c03041b2f0.jpg,0.726
roboflow_wound_v1_ac9fd9269435cd55.jpg,ac9fd9269435cd555d3a0f23b30d25f035fc821eac9f84938888b0ad1759aa71,roboflow_wound_v1,bruise,in_scope,CC BY 4.0,g131,0.055,valid/images/Bruise-1-_jpeg.rf.3312cb580e592c413cca426a7f581bf6.jpg,0.713
roboflow_wound_v1_a1bcede127f07600.jpg,a1bcede127f076008a730b25de4c21fabe54432cc98772b568605d74b338bba5,roboflow_wound_v1,bruise,in_scope,CC BY 4.0,g132,0.183,valid/images/Bruise-12-_jpg.rf.0dd4d833c9107a6f4ce2d75d4764e5f4.jpg,0.746
roboflow_wound_v1_eb3f9e3674c529ba.jpg,eb3f9e3674c529ba231ec8722379becf33c128ce08bd2c20b17d3d8a0f1bdbb2,roboflow_wound_v1,healthy_skin,non_wound,CC BY 4.0,g133,,valid/images/S__78331913_0_jpg.rf.f4cb36e5390f62e8ca0e8325e5de7f64.jpg,0.703
roboflow_wound_v1_c5da39fa1f000a1a.jpg,c5da39fa1f000a1a8355f46c8267451e7afff60f3e1351326de83787af7e6b4e,roboflow_wound_v1,burn_degree_unknown,burn_any,CC BY 4.0,g134,0.094,valid/images/abb27151-7549-4291-aac1-d193d8eb237b_png.rf.59e76a56a2a27f7e5549dda427213e4e.jpg,0.711
roboflow_wound_v1_46731ca6b0ffbaa1.jpg,46731ca6b0ffbaa1f8d9c41cf956bcece27e7186c6d93de8dd6c876fb7403378,roboflow_wound_v1,abrasion,in_scope,CC BY 4.0,g135,0.187,valid/images/abrasions-60-_jpg.rf.6369d2c1bb8eeaf1a1be0e3425dedf0b.jpg,0.687
roboflow_wound_v1_385db79939185ff0.jpg,385db79939185ff0f05ce3ac929dedcae77a575b864aa9301cd3f258db2e3dd4,roboflow_wound_v1,burn_degree_unknown,burn_any,CC BY 4.0,g136,0.328,valid/images/burns-35-_jpg.rf.b783ea356de001a70c58edc3684452ff.jpg,0.745
lower_limb_feet_a823002b86c5b0c6.jpg,a823002b86c5b0c62f93d0962a2e62ba9de77f2fdb2138eab990b27d6d6c6c38,lower_limb_feet,healthy_skin,non_wound,CC BY 4.0,g137,,Nomal/Female_normal-004.jpg,0.695
lower_limb_feet_b601c8a32bb8bd93.jpg,b601c8a32bb8bd93ebc2c461236cd1c1885abf5f435e83b50f7f71f778b5ac0f,lower_limb_feet,healthy_skin,non_wound,CC BY 4.0,g138,,Nomal/Female_normal-005.jpg,0.725
lower_limb_feet_868ecc5314722dee.jpg,868ecc5314722deebae6dce21c6598556c9ec43464486883cd22318c1efd1c14,lower_limb_feet,healthy_skin,non_wound,CC BY 4.0,g139,,Nomal/Female_normal-006.jpg,0.708
lower_limb_feet_ce9a8b0372cd6e55.jpg,ce9a8b0372cd6e55faa3a8860935a4ffb52ddbf52a267fe5db0d68d08a7462f4,lower_limb_feet,healthy_skin,non_wound,CC BY 4.0,g140,,Nomal/Female_normal-008.jpg,0.730
lower_limb_feet_3d77a5184a9802ee.jpg,3d77a5184a9802eede9484c7dfbe0ae929b8bb5f8a755ad040ec8c0618ae9f9d,lower_limb_feet,healthy_skin,non_wound,CC BY 4.0,g1728,,Nomal/Female_normal-010.jpg,0.734
lower_limb_feet_213827de50792d98.jpg,213827de50792d98ce7d299c6d15f097a8a035e97c3e90f1c7ecbec734175c2d,lower_limb_feet,healthy_skin,non_wound,CC BY 4.0,g142,,Nomal/Female_normal-011.jpg,0.734
lower_limb_feet_e2a8b2dbaf92aa53.jpg,e2a8b2dbaf92aa53509c26d2b57a8d006581bab9639625341596babd736a20c3,lower_limb_feet,healthy_skin,non_wound,CC BY 4.0,g143,,Nomal/Female_normal-013.jpg,0.711
lower_limb_feet_ddbc4d41c42e9b27.jpg,ddbc4d41c42e9b270e6a3811fa85fd33d0ca6c315251e423dc42974c1fbc35a5,lower_limb_feet,healthy_skin,non_wound,CC BY 4.0,g144,,Nomal/Female_normal-016.jpg,0.711
lower_limb_feet_f654b099cfc22744.jpg,f654b099cfc2274455b11803069c2fadca8e35760ba81d6364ac7f8b86b95103,lower_limb_feet,healthy_skin,non_wound,CC BY 4.0,g145,,Nomal/Female_normal-018.jpg,0.735
lower_limb_feet_214ad54a1f0aabfa.jpg,214ad54a1f0aabfadcce89bf557f6daa7f8e6381dad126920de48b6e25f6d014,lower_limb_feet,healthy_skin,non_wound,CC BY 4.0,g146,,Nomal/Female_normal-020.jpg,0.718
lower_limb_feet_a44e78bc3ec84172.jpg,a44e78bc3ec84172dcebfe5acdadd346abf77f0f5e068ae69d71c947784a199b,lower_limb_feet,healthy_skin,non_wound,CC BY 4.0,g147,,Nomal/Female_normal-021.jpg,0.731
lower_limb_feet_a6b7d62840b2939e.jpg,a6b7d62840b2939e22fae059636030036c32684309c87052efa2b5e66e56740e,lower_limb_feet,healthy_skin,non_wound,CC BY 4.0,g148,,Nomal/Female_normal-022.jpg,0.718
lower_limb_feet_28e8eba3889b72b0.jpg,28e8eba3889b72b040aef4a13eef90af80597689dd4467d8070a3f9e84449060,lower_limb_feet,healthy_skin,non_wound,CC BY 4.0,g149,,Nomal/Female_normal-024.jpg,0.722
lower_limb_feet_328db9bebb9c4b46.jpg,328db9bebb9c4b466670523f88f64cc6660bee94206ce95d8e5d38d6951c9dbb,lower_limb_feet,healthy_skin,non_wound,CC BY 4.0,g150,,Nomal/Female_normal-026.jpg,0.709
lower_limb_feet_93c935de302ca519.jpg,93c935de302ca51933692bbdbe6c1b40a26782bfe68bd974d8cebb8211bb6e59,lower_limb_feet,healthy_skin,non_wound,CC BY 4.0,g151,,Nomal/Female_normal-028.jpg,0.705
lower_limb_feet_32ad304403acf20a.jpg,32ad304403acf20a63312560d86abb2e31fb1ec97fb0cb5dbc0f4f105a763fd0,lower_limb_feet,healthy_skin,non_wound,CC BY 4.0,g152,,Nomal/Female_normal-029.jpg,0.728
lower_limb_feet_c2d17e3897746185.jpg,c2d17e389774618544df630d7f317f3e07bdc8ae7037fa87b705a6c8a66e3ba1,lower_limb_feet,healthy_skin,non_wound,CC BY 4.0,g153,,Nomal/Female_normal-031.jpg,0.717
lower_limb_feet_63f374ff5e02adc4.jpg,63f374ff5e02adc4a3b85ae180e900d19ba204a065cb11ac436b15dcc7dcd891,lower_limb_feet,healthy_skin,non_wound,CC BY 4.0,g154,,Nomal/Female_normal-032.jpg,0.745
lower_limb_feet_4dacf8399ed02c8c.jpg,4dacf8399ed02c8cd6c78b1cf52f7d0579888820e10d624f26182127f84e5c72,lower_limb_feet,healthy_skin,non_wound,CC BY 4.0,g155,,Nomal/Female_normal-034.jpg,0.743
lower_limb_feet_e44c883c83b04dbf.jpg,e44c883c83b04dbf2eaaf7c7ce5f40d568801e7f73d45bd1ee48291bd3bc0429,lower_limb_feet,healthy_skin,non_wound,CC BY 4.0,g156,,Nomal/Female_normal-037.jpg,0.734
lower_limb_feet_80c6c50f33dca877.jpg,80c6c50f33dca8771e963f51ec4cb3b648eb513c15cedc3f6888ac224e2ea2c5,lower_limb_feet,healthy_skin,non_wound,CC BY 4.0,g157,,Nomal/Female_normal-038.jpg,0.705
lower_limb_feet_c573a40f379065a9.jpg,c573a40f379065a92dbbbcfa4738d3f5d8f886ebdb1aa980da03379a37158ce7,lower_limb_feet,healthy_skin,non_wound,CC BY 4.0,g1728,,Nomal/Female_normal-042.jpg,0.719
lower_limb_feet_8514f4dd690f40bb.jpg,8514f4dd690f40bbabdcb1e4598f172ae66b2e02c9a537cd24263ed18ec79469,lower_limb_feet,healthy_skin,non_wound,CC BY 4.0,g1678,,Nomal/Female_normal-044.jpg,0.738
lower_limb_feet_dd1abc3f80de8823.jpg,dd1abc3f80de8823ac496b5fe5d6ddf68c07a8eaf21ec5967bf589ede90b5cda,lower_limb_feet,healthy_skin,non_wound,CC BY 4.0,g1728,,Nomal/Female_normal-046.jpg,0.713
lower_limb_feet_9883176f9f00d345.jpg,9883176f9f00d3456bc093502e768306c1522619d872fd744ad4cb33d431bda6,lower_limb_feet,healthy_skin,non_wound,CC BY 4.0,g1678,,Nomal/Female_normal-049.jpg,0.743
lower_limb_feet_38a1ae821ef6d6aa.jpg,38a1ae821ef6d6aafd8fd2e3db802820c2881585231c44b191b8edf31152eae8,lower_limb_feet,healthy_skin,non_wound,CC BY 4.0,g162,,Nomal/Female_normal-050.jpg,0.699
lower_limb_feet_b62e2d3b84f52f96.jpg,b62e2d3b84f52f965dca04dc923dc73a9facbbbb73c1f0dbfb84182019bb3fb4,lower_limb_feet,healthy_skin,non_wound,CC BY 4.0,g1678,,Nomal/Female_normal-051.jpg,0.748
lower_limb_feet_2f326b31568adecb.jpg,2f326b31568adecb13541dd1d9dbd1c673f023aa43b3dd645efa3dd7eb1146b0,lower_limb_feet,healthy_skin,non_wound,CC BY 4.0,g1678,,Nomal/Female_normal-052.jpg,0.709
lower_limb_feet_785d3640ddb4c4d9.jpg,785d3640ddb4c4d9d65acc0a2611f57b616ad0e1c5005fd391ad97abe8e5311a,lower_limb_feet,healthy_skin,non_wound,CC BY 4.0,g1678,,Nomal/Female_normal-053.jpg,0.707
lower_limb_feet_7c496228c7e340fb.jpg,7c496228c7e340fbb8cbf2bfca5f0fddc38af394198df8c6c80668444ea7ee2d,lower_limb_feet,healthy_skin,non_wound,CC BY 4.0,g1678,,Nomal/Female_normal-054.jpg,0.719
lower_limb_feet_5f9cce0d3940d65c.jpg,5f9cce0d3940d65cd43b3753b4020676971a9e880cd1ad494d7cd8f434a1e3ff,lower_limb_feet,healthy_skin,non_wound,CC BY 4.0,g1678,,Nomal/Female_normal-055.jpg,0.750
lower_limb_feet_1f51876280858cec.jpg,1f51876280858cecea798f7fe34bc34a245a23e951156ff6c09e0c1190493b38,lower_limb_feet,healthy_skin,non_wound,CC BY 4.0,g168,,Nomal/Female_normal-057.jpg,0.733
lower_limb_feet_bbded1603bede682.jpg,bbded1603bede6827954167ef4a440c5655ba797a6d9debd4c014ea544d63eb1,lower_limb_feet,healthy_skin,non_wound,CC BY 4.0,g378,,Nomal/Female_normal-059.jpg,0.738
lower_limb_feet_8254f63715429a07.jpg,8254f63715429a072035588e4291cbae14ed18ed1497193b7a2ea5bd7aacdf22,lower_limb_feet,healthy_skin,non_wound,CC BY 4.0,g170,,Nomal/Female_normal-062.jpg,0.688
lower_limb_feet_ba8b146d0d8b9004.jpg,ba8b146d0d8b9004b75ddfc1a6953386837921891f017b6402bcf9ae26b9f3a3,lower_limb_feet,healthy_skin,non_wound,CC BY 4.0,g405,,Nomal/Female_normal-063.jpg,0.744
lower_limb_feet_eda810a19962567b.jpg,eda810a19962567b25a9e7b4536553a50d2adadb917559ce0c471a527af58939,lower_limb_feet,healthy_skin,non_wound,CC BY 4.0,g172,,Nomal/Female_normal-064.jpg,0.694
lower_limb_feet_fd303945427ca0fc.jpg,fd303945427ca0fcba1bd7bf54961b81af31d3be08ba67203a870e508522c1f9,lower_limb_feet,healthy_skin,non_wound,CC BY 4.0,g173,,Nomal/Female_normal-065.jpg,0.704
lower_limb_feet_bf32d069717fff6d.jpg,bf32d069717fff6dc2cfc763b7fea227f3c1a7a5467c63fbf19bc62805e7afd1,lower_limb_feet,healthy_skin,non_wound,CC BY 4.0,g464,,Nomal/Female_normal-067.jpg,0.733
lower_limb_feet_603c6e85020a5e5b.jpg,603c6e85020a5e5b190ca48b997958da7fd91150842c84897bb5a36bf66803aa,lower_limb_feet,healthy_skin,non_wound,CC BY 4.0,g175,,Nomal/Female_normal-068.jpg,0.675
lower_limb_feet_e0f44b6a1e09f054.jpg,e0f44b6a1e09f054865ab982a8dacf2b9ad523b0688829096dc7c01dd156e01e,lower_limb_feet,healthy_skin,non_wound,CC BY 4.0,g176,,Nomal/Female_normal-070.jpg,0.700
lower_limb_feet_69badd622465cc98.jpg,69badd622465cc989d21f774878cf7962dfe0fe5d083fef507f4fd6a6feabffd,lower_limb_feet,healthy_skin,non_wound,CC BY 4.0,g478,,Nomal/Female_normal-073.jpg,0.715
lower_limb_feet_7a03bccdd9810790.jpg,7a03bccdd981079030f608de10e4feacd6990f6202abfe9a4d05ac0614cd2ad9,lower_limb_feet,healthy_skin,non_wound,CC BY 4.0,g478,,Nomal/Female_normal-074.jpg,0.684
lower_limb_feet_75f36cf8def7939a.jpg,75f36cf8def7939adb63e31a944acc90642d5085cb1a60eb1c11dc6a05613b42,lower_limb_feet,healthy_skin,non_wound,CC BY 4.0,g537,,Nomal/Female_normal-077.jpg,0.725
lower_limb_feet_13bc0b5410a883ec.jpg,13bc0b5410a883ecde17ead37f976a0445d9185d95da65f122372e232b4bd959,lower_limb_feet,healthy_skin,non_wound,CC BY 4.0,g180,,Nomal/Female_normal-078.jpg,0.714
lower_limb_feet_d64f2bc142b45ea3.jpg,d64f2bc142b45ea354a40e88e031c50b483391a5ef1bc1363aaf708823491356,lower_limb_feet,healthy_skin,non_wound,CC BY 4.0,g181,,Nomal/Female_normal-079.jpg,0.695
lower_limb_feet_fb0218a797d85f87.jpg,fb0218a797d85f870fb0efbc654e996a04f323782d7afdd542806019c54de259,lower_limb_feet,healthy_skin,non_wound,CC BY 4.0,g1023,,Nomal/Female_normal-082.jpg,0.748
lower_limb_feet_41de628e8813eae7.jpg,41de628e8813eae73d30e25fda88bb4a89ae67f4d20fb2cd5c2c69d4bbedef51,lower_limb_feet,healthy_skin,non_wound,CC BY 4.0,g183,,Nomal/Female_normal-083.jpg,0.700
lower_limb_feet_cf8a053316ae077f.jpg,cf8a053316ae077ff0602ca2879ba8a24f0dec0c6dd782c28695eba54d233f77,lower_limb_feet,healthy_skin,non_wound,CC BY 4.0,g184,,Nomal/Female_normal-084.jpg,0.676
lower_limb_feet_ebfb543328d52de2.jpg,ebfb543328d52de256da31088f3e9119179d3ee2e77a317dd6e64d52039124df,lower_limb_feet,healthy_skin,non_wound,CC BY 4.0,g185,,Nomal/Female_normal-088.jpg,0.722
lower_limb_feet_623c9bac0b98f727.jpg,623c9bac0b98f7275333392bca651f881ec6943c56b1c33f6438af01d53a06ac,lower_limb_feet,healthy_skin,non_wound,CC BY 4.0,g1728,,Nomal/Female_normal-090.jpg,0.745
lower_limb_feet_f53213a81c8fa444.jpg,f53213a81c8fa4441553bc81ff998348368baa2d6e59d5565f2a1472ec669b44,lower_limb_feet,healthy_skin,non_wound,CC BY 4.0,g1728,,Nomal/Female_normal-091.jpg,0.708
lower_limb_feet_a0ea638795cbc28f.jpg,a0ea638795cbc28f6991603d2412775a129547accd82683fd7f1642147f0e508,lower_limb_feet,healthy_skin,non_wound,CC BY 4.0,g1728,,Nomal/Female_normal-092.jpg,0.703
lower_limb_feet_c37b0f4f60de5e61.jpg,c37b0f4f60de5e617732c36ab875c251c15e290d5e4e2ba37978514a4f833c82,lower_limb_feet,healthy_skin,non_wound,CC BY 4.0,g1728,,Nomal/Female_normal-093.jpg,0.709
lower_limb_feet_42aae6dc29d0849b.jpg,42aae6dc29d0849b28ba84da78ae565316bd3c4cfbea4a5d1f7cf27e4d52b212,lower_limb_feet,healthy_skin,non_wound,CC BY 4.0,g1728,,Nomal/Female_normal-094.jpg,0.729
lower_limb_feet_bcbbcbf6c8d1cda2.jpg,bcbbcbf6c8d1cda2f388512d49fc06b2ddcd909a4c1580ec89f9c4521d833400,lower_limb_feet,healthy_skin,non_wound,CC BY 4.0,g1728,,Nomal/Female_normal-095.jpg,0.731
lower_limb_feet_9553bf4b9da76985.jpg,9553bf4b9da76985ca39ac5f931a0ec4bf978ccf6bb0cfda6d763f795932e8b7,lower_limb_feet,healthy_skin,non_wound,CC BY 4.0,g192,,Nomal/Female_normal-098.jpg,0.711
lower_limb_feet_ee1b13622ed2f678.jpg,ee1b13622ed2f6783513a896566b86f345a3a128e96617354d510d6f92e7083a,lower_limb_feet,healthy_skin,non_wound,CC BY 4.0,g1728,,Nomal/Female_normal-099.jpg,0.726
lower_limb_feet_c2f748dfb2341522.jpg,c2f748dfb234152299948ec0d2789afdc46c1d79f1770ccef5a71ee592b25929,lower_limb_feet,healthy_skin,non_wound,CC BY 4.0,g194,,Nomal/Female_normal-100.jpg,0.722
lower_limb_feet_eba2803e1b6858f3.jpg,eba2803e1b6858f3bd8bbaaaf9ec4d1821985bf38b5758bf48385f9f738a6572,lower_limb_feet,healthy_skin,non_wound,CC BY 4.0,g195,,Nomal/Female_normal-104.jpg,0.732
lower_limb_feet_d4fbcc381bb55296.jpg,d4fbcc381bb5529675ae39ee5154cbea432a731130027edd10606a98248bb66e,lower_limb_feet,healthy_skin,non_wound,CC BY 4.0,g196,,Nomal/Female_normal-105.jpg,0.734
lower_limb_feet_fa47712ccb1d32ff.jpg,fa47712ccb1d32ff7e883a375b9d05e4f899739206525b7c22167e2205f34f1a,lower_limb_feet,healthy_skin,non_wound,CC BY 4.0,g1728,,Nomal/Female_normal-106.jpg,0.709
lower_limb_feet_296db6a4fa47f039.jpg,296db6a4fa47f039c6d61c38ba65a4e829a5cb3f22804ecae84e7ab4807ca291,lower_limb_feet,healthy_skin,non_wound,CC BY 4.0,g198,,Nomal/Female_normal-108.jpg,0.685
lower_limb_feet_f2933c10b6867b3f.jpg,f2933c10b6867b3fec7833fb4477042896a65adb516882b93f2a56c69588f24d,lower_limb_feet,healthy_skin,non_wound,CC BY 4.0,g199,,Nomal/Female_normal-110.jpg,0.710
lower_limb_feet_945f799ae5fd9775.jpg,945f799ae5fd9775a0cbdbd7244939309c41d4743d98f4d840354ea20ed56cef,lower_limb_feet,healthy_skin,non_wound,CC BY 4.0,g1728,,Nomal/Female_normal-113.jpg,0.749
lower_limb_feet_b5cb529b090ab4e7.jpg,b5cb529b090ab4e77bca11596e672cd4f0fef9230fa4964c8af4bdc17c13d5d0,lower_limb_feet,healthy_skin,non_wound,CC BY 4.0,g1678,,Nomal/Female_normal-115.jpg,0.710
lower_limb_feet_d2dd2267e683b77d.jpg,d2dd2267e683b77d6e80ab8ebc040af80078283e9d95a8cd50473f8c23ed5c60,lower_limb_feet,healthy_skin,non_wound,CC BY 4.0,g202,,Nomal/Female_normal-116.jpg,0.708
lower_limb_feet_5f126821bc8af0d3.jpg,5f126821bc8af0d31d54678432de4f87431ec44ed934532815e08abcb3980082,lower_limb_feet,healthy_skin,non_wound,CC BY 4.0,g1728,,Nomal/Female_normal-117.jpg,0.747
lower_limb_feet_ffc8a3aa8cf547e6.jpg,ffc8a3aa8cf547e68ff58c22f8fbd63a9f3ecfc9de78080d10881105edb96798,lower_limb_feet,healthy_skin,non_wound,CC BY 4.0,g1728,,Nomal/Female_normal-118.jpg,0.738
lower_limb_feet_2d480cbd65508b36.jpg,2d480cbd65508b364aaa24dc5f33b98699a24b2f5ce5cf74e1f2f96afe77c3f7,lower_limb_feet,healthy_skin,non_wound,CC BY 4.0,g1728,,Nomal/Female_normal-120.jpg,0.723
lower_limb_feet_a0274f8e6c16f5b1.jpg,a0274f8e6c16f5b1d7e1539941782e07022732a7f8a53fa0f82dafeafa7922b8,lower_limb_feet,healthy_skin,non_wound,CC BY 4.0,g1728,,Nomal/Female_normal-121.jpg,0.731
lower_limb_feet_a72fcc5e4bf21e61.jpg,a72fcc5e4bf21e619a8d8dd7c3b85224f3ce54cfa4f5c681b1757e7b76bd41e8,lower_limb_feet,healthy_skin,non_wound,CC BY 4.0,g1728,,Nomal/Female_normal-124.jpg,0.709
lower_limb_feet_9cada6a2b8a2cdc5.jpg,9cada6a2b8a2cdc53110cae84512db2f57680f52cfa0c92a82c36360817ce440,lower_limb_feet,healthy_skin,non_wound,CC BY 4.0,g1728,,Nomal/Female_normal-125.jpg,0.713
lower_limb_feet_3592b0cb4cfa5d67.jpg,3592b0cb4cfa5d671795d19a8f1964c44bcc74536c6b1d889e6a6f4d478fa6c6,lower_limb_feet,healthy_skin,non_wound,CC BY 4.0,g1728,,Nomal/Female_normal-127.jpg,0.715
lower_limb_feet_6506ef9ba1be5881.jpg,6506ef9ba1be5881255acf7d42dab90afc290419ea1bd03c7f1ec5f7ca4689b0,lower_limb_feet,healthy_skin,non_wound,CC BY 4.0,g1728,,Nomal/Female_normal-130.jpg,0.707
lower_limb_feet_850bf98bae20e70b.jpg,850bf98bae20e70b87d89d7299c63a7d3cc7d22069a539a7c62d4af6b5ba95ec,lower_limb_feet,healthy_skin,non_wound,CC BY 4.0,g1728,,Nomal/Female_normal-135.jpg,0.746
lower_limb_feet_27af8a4a4a6d3761.jpg,27af8a4a4a6d37619334f629e7563257a5f623462cc124e31540bfd1e8291e57,lower_limb_feet,healthy_skin,non_wound,CC BY 4.0,g212,,Nomal/Female_normal-136.jpg,0.721
lower_limb_feet_baacce637cf195ef.jpg,baacce637cf195ef464e7e38a969129fcefef7f4afe750f80e1fba028689f2f4,lower_limb_feet,healthy_skin,non_wound,CC BY 4.0,g213,,Nomal/Female_normal-137.jpg,0.727
lower_limb_feet_64b1e878036c0586.jpg,64b1e878036c05862986c45bab71f1ae1a4db85e9ec68f01a289feeb8c849bd8,lower_limb_feet,healthy_skin,non_wound,CC BY 4.0,g1728,,Nomal/Female_normal-138.jpg,0.739
lower_limb_feet_ba125e4fabb47346.jpg,ba125e4fabb47346c49e2dbc11eb5254f34c5b595b5ceb6ea31ab8e7e121cec9,lower_limb_feet,healthy_skin,non_wound,CC BY 4.0,g1728,,Nomal/Female_normal-139.jpg,0.747
lower_limb_feet_9cc4e965492ef995.jpg,9cc4e965492ef99570b208de9d80dbf7c2be1627808c06db9bbcd876c0ed985b,lower_limb_feet,healthy_skin,non_wound,CC BY 4.0,g1728,,Nomal/Female_normal-140.jpg,0.703
lower_limb_feet_4e6be1d043220327.jpg,4e6be1d04322032717d9d0a876f3f20bf63b8952bbda89ff75cfb1e9bb6d3810,lower_limb_feet,healthy_skin,non_wound,CC BY 4.0,g1728,,Nomal/Female_normal-142.jpg,0.747
lower_limb_feet_be3266d3476eb61d.jpg,be3266d3476eb61ddcbf17c6a215100fb9326101db4df73c87b4fd998011ac62,lower_limb_feet,healthy_skin,non_wound,CC BY 4.0,g1728,,Nomal/Female_normal-143.jpg,0.722
lower_limb_feet_e331878df756e249.jpg,e331878df756e2498d6b2720f055df916ce5fd834218d20ce88d73d81b26b903,lower_limb_feet,healthy_skin,non_wound,CC BY 4.0,g1728,,Nomal/Female_normal-144.jpg,0.739
lower_limb_feet_0dab31a6ed0fdbab.jpg,0dab31a6ed0fdbab0d8ea2fc8b76b473b1aabfe6d82ef0129abb760c97462124,lower_limb_feet,healthy_skin,non_wound,CC BY 4.0,g1728,,Nomal/Female_normal-146.jpg,0.720
lower_limb_feet_321f8be11c7c6fab.jpg,321f8be11c7c6fabedaf10f7b6cd5ff15aa05147196a413cb6f3fd9309481842,lower_limb_feet,healthy_skin,non_wound,CC BY 4.0,g221,,Nomal/Female_normal-147.jpg,0.686
lower_limb_feet_f192f35bd3ef2a3a.jpg,f192f35bd3ef2a3ad5f2e0c774b3534afb172eef38f14d2b13fb8b26b70b5070,lower_limb_feet,healthy_skin,non_wound,CC BY 4.0,g222,,Nomal/Female_normal-149.jpg,0.720
lower_limb_feet_59315fdaad01370a.jpg,59315fdaad01370ab7034496ee9317e2ff9ebab54cd61da1a99eb0d9d564e3bc,lower_limb_feet,healthy_skin,non_wound,CC BY 4.0,g1728,,Nomal/Female_normal-150.jpg,0.698
lower_limb_feet_ab3c5e7a3a84e6e5.jpg,ab3c5e7a3a84e6e5dc369987fc8356656e64337b8d74a3ec4f7cb1785299955c,lower_limb_feet,healthy_skin,non_wound,CC BY 4.0,g1728,,Nomal/Female_normal-151.jpg,0.696
lower_limb_feet_8474ec8ce276c40c.jpg,8474ec8ce276c40c421091107f8851f93e990977b55bf33e6611c46b5ebe22f0,lower_limb_feet,healthy_skin,non_wound,CC BY 4.0,g225,,Nomal/Female_normal-152.jpg,0.694
lower_limb_feet_0f4581d937bb00f6.jpg,0f4581d937bb00f649c05f3dc417a877c068f553c929501de89b57fa06d7c0ef,lower_limb_feet,healthy_skin,non_wound,CC BY 4.0,g226,,Nomal/Female_normal-153.jpg,0.711
lower_limb_feet_5915b0ff1edb6028.jpg,5915b0ff1edb60288930a52498091204d97c77d78b7c2d3d8c1fc6477ec49b9d,lower_limb_feet,healthy_skin,non_wound,CC BY 4.0,g1728,,Nomal/Female_normal-155.jpg,0.739
lower_limb_feet_52aad78bf34b5993.jpg,52aad78bf34b599385fd56e64d2c923ce2923ade09000cf44776f70fe5ce7e82,lower_limb_feet,healthy_skin,non_wound,CC BY 4.0,g1728,,Nomal/Female_normal-158.jpg,0.713
lower_limb_feet_a704c3a288b02569.jpg,a704c3a288b02569e3d2ea335f325fdf7fab0cfd7843fc6b98776a679068e296,lower_limb_feet,healthy_skin,non_wound,CC BY 4.0,g1728,,Nomal/Female_normal-160.jpg,0.737
lower_limb_feet_00dc77b6c5093771.jpg,00dc77b6c5093771b42f889150a0d6b14a7f144cc5f14edd0abc10e37bcd6172,lower_limb_feet,healthy_skin,non_wound,CC BY 4.0,g1678,,Nomal/Female_normal-161.jpg,0.742
lower_limb_feet_4f72ee022a109a68.jpg,4f72ee022a109a6803bcbc5de846e775aa191f817c25055004fb281f26f6d6f1,lower_limb_feet,healthy_skin,non_wound,CC BY 4.0,g1728,,Nomal/Female_normal-162.jpg,0.707
lower_limb_feet_b86d2bad3dc6e20b.jpg,b86d2bad3dc6e20bbdc904d1487ebe7b8f8488f86b2f4ff6f87875f1343c0ffe,lower_limb_feet,healthy_skin,non_wound,CC BY 4.0,g1728,,Nomal/Female_normal-166.jpg,0.736
lower_limb_feet_81ade40be11742a4.jpg,81ade40be11742a4d3a63cd5362716840e2793bd405fe536d63df1facc087a05,lower_limb_feet,healthy_skin,non_wound,CC BY 4.0,g1728,,Nomal/Female_normal-167.jpg,0.712
lower_limb_feet_c67f7927b3743619.jpg,c67f7927b37436197de3e5e4007fed27fa82ed5ee3d33ab6c9f17c155ece3b41,lower_limb_feet,healthy_skin,non_wound,CC BY 4.0,g1728,,Nomal/Female_normal-168.jpg,0.705
lower_limb_feet_c9382bce8e8d65b6.jpg,c9382bce8e8d65b616f30be9151829ae1ccf3dbd3602ee4f6e5a39297f249db3,lower_limb_feet,healthy_skin,non_wound,CC BY 4.0,g1678,,Nomal/Female_normal-169.jpg,0.740
lower_limb_feet_f0bf5aba112e18d8.jpg,f0bf5aba112e18d81685a1295f97b8e27d5bb58c9d3cff2a1211e3ef7aa54537,lower_limb_feet,healthy_skin,non_wound,CC BY 4.0,g1728,,Nomal/Female_normal-171.jpg,0.716
lower_limb_feet_a934963facc49ed4.jpg,a934963facc49ed4431bb76471eb7db63d65eb22fc4283126115d91760b05c91,lower_limb_feet,healthy_skin,non_wound,CC BY 4.0,g1728,,Nomal/Female_normal-174.jpg,0.719
lower_limb_feet_125bd33478ab3771.jpg,125bd33478ab37718090e4df40e1bb4fe1789088372f4bdc69b52cc71d62e446,lower_limb_feet,healthy_skin,non_wound,CC BY 4.0,g1728,,Nomal/Female_normal-176.jpg,0.700
lower_limb_feet_b9e4d4b33cf69889.jpg,b9e4d4b33cf69889151443c4644e6f5fda7f34f23d09ba6d458fad11dd8ae88b,lower_limb_feet,healthy_skin,non_wound,CC BY 4.0,g1728,,Nomal/Female_normal-179.jpg,0.740
lower_limb_feet_b3630a7166521af3.jpg,b3630a7166521af38f0f3030440e3d6313bd7446fb6794552357104ac6eabab5,lower_limb_feet,healthy_skin,non_wound,CC BY 4.0,g1728,,Nomal/Female_normal-180.jpg,0.737
lower_limb_feet_31b8729ce6b85afc.jpg,31b8729ce6b85afcb0236a118c6409f294be6574f7c16248aada900f89216f68,lower_limb_feet,healthy_skin,non_wound,CC BY 4.0,g1728,,Nomal/Female_normal-183.jpg,0.707
lower_limb_feet_428e33f12813dc33.jpg,428e33f12813dc33b8b3bef8dd173acd099d9aed72c8ebdb062f101aff383e9a,lower_limb_feet,healthy_skin,non_wound,CC BY 4.0,g1728,,Nomal/Female_normal-184.jpg,0.736
lower_limb_feet_4201d058499e1559.jpg,4201d058499e1559d85e3412424fe423a4d7cb1d0ab9db23637a4649b63c1798,lower_limb_feet,healthy_skin,non_wound,CC BY 4.0,g243,,Nomal/Female_normal-185.jpg,0.702
lower_limb_feet_cf074ea43531eb5a.jpg,cf074ea43531eb5aed31198ff0ea7404080c3962e1b7d971514391010b54f90a,lower_limb_feet,healthy_skin,non_wound,CC BY 4.0,g1678,,Nomal/Female_normal-186.jpg,0.723
lower_limb_feet_ecfd261218e6a621.jpg,ecfd261218e6a621919d68d78c28abdb82f516ead278b1609bf3efa7a816d8eb,lower_limb_feet,healthy_skin,non_wound,CC BY 4.0,g1728,,Nomal/Female_normal-189.jpg,0.728
lower_limb_feet_f618ce20709d5c2f.jpg,f618ce20709d5c2f4148b8f75aa3de87e16e82fa3eba9535b1e3d6bcc05a115f,lower_limb_feet,healthy_skin,non_wound,CC BY 4.0,g1728,,Nomal/Female_normal-191.jpg,0.720
lower_limb_feet_e08ab996d5666ee9.jpg,e08ab996d5666ee908c4ae7e6fb4a2a533d4cbe2d32586b257afefbb57aee7e4,lower_limb_feet,healthy_skin,non_wound,CC BY 4.0,g1728,,Nomal/Female_normal-192.jpg,0.748
lower_limb_feet_dd76ce37e0c58bad.jpg,dd76ce37e0c58bad6103095c7d765444e92d235d91d41296caae609297c27a56,lower_limb_feet,healthy_skin,non_wound,CC BY 4.0,g248,,Nomal/Female_normal-195.jpg,0.706
lower_limb_feet_fe8b26289f1edab4.jpg,fe8b26289f1edab48c676abba2e71f1d92c8f2d75b99c3b6b1b96aa3a9205760,lower_limb_feet,healthy_skin,non_wound,CC BY 4.0,g1728,,Nomal/Female_normal-196.jpg,0.715
lower_limb_feet_9471245931fbfeb9.jpg,9471245931fbfeb93709fab6ec1209966615ccaf7bc2d2bdf2877be1bbb8746b,lower_limb_feet,healthy_skin,non_wound,CC BY 4.0,g1678,,Nomal/Female_normal-197.jpg,0.745
lower_limb_feet_008d7fc1fd6d0501.jpg,008d7fc1fd6d0501f9f5d567d377e90b818a7bd59acf7343b8bea6da98758034,lower_limb_feet,healthy_skin,non_wound,CC BY 4.0,g1728,,Nomal/Female_normal-198.jpg,0.722
lower_limb_feet_072555a376d89da2.jpg,072555a376d89da248e0aa411f8731e92aa587a56be58043be61d4bcc50c5ba3,lower_limb_feet,healthy_skin,non_wound,CC BY 4.0,g1728,,Nomal/Female_normal-199.jpg,0.718
lower_limb_feet_87afb5b8c1f0da98.jpg,87afb5b8c1f0da98660205cee71b19bc98cfd9b4c707f86ddc94482b168cdb13,lower_limb_feet,healthy_skin,non_wound,CC BY 4.0,g1728,,Nomal/Female_normal-200.jpg,0.702
lower_limb_feet_ea3114acc331ac78.jpg,ea3114acc331ac78626af01a6eddd546f9a0e6e6831424faf008f3e63799c13b,lower_limb_feet,healthy_skin,non_wound,CC BY 4.0,g1678,,Nomal/Female_normal-201.jpg,0.749
lower_limb_feet_1e441c2ccb188c30.jpg,1e441c2ccb188c30a0feb6323cf4391ca67525bc186f17e0c89d9710f34acd0f,lower_limb_feet,healthy_skin,non_wound,CC BY 4.0,g1728,,Nomal/Female_normal-202.jpg,0.744
lower_limb_feet_42fbc8703da63243.jpg,42fbc8703da63243ebc1db530120d2bc5c2b231cde532a943a6aea0e115efb30,lower_limb_feet,healthy_skin,non_wound,CC BY 4.0,g1728,,Nomal/Female_normal-203.jpg,0.721
lower_limb_feet_b76d4e313048051c.jpg,b76d4e313048051ce7d222264e9a7da50ae8143e6c0ef33c93969d1692d63ebf,lower_limb_feet,healthy_skin,non_wound,CC BY 4.0,g1728,,Nomal/Female_normal-204.jpg,0.722
lower_limb_feet_e20381716439decf.jpg,e20381716439decf789f3358d1774a9d4273f7411430872d57e09f6b2ec6e5ad,lower_limb_feet,healthy_skin,non_wound,CC BY 4.0,g1728,,Nomal/Female_normal-205.jpg,0.726
lower_limb_feet_20142fb6c71e21c6.jpg,20142fb6c71e21c603c6a578588e4c58b0699e0a41c5fb55c46660a1b93d8606,lower_limb_feet,healthy_skin,non_wound,CC BY 4.0,g1728,,Nomal/Female_normal-207.jpg,0.730
lower_limb_feet_e84f6c87b32c9a45.jpg,e84f6c87b32c9a4574bd35743aa0ac08c32a918baf5d66620fc22079d72ac06a,lower_limb_feet,healthy_skin,non_wound,CC BY 4.0,g1678,,Nomal/Female_normal-210.jpg,0.740
lower_limb_feet_7a5a6094b34f6619.jpg,7a5a6094b34f6619981b183a448e9a91cb23ae7410111e70515719e25af84288,lower_limb_feet,healthy_skin,non_wound,CC BY 4.0,g1728,,Nomal/Female_normal-211.jpg,0.726
lower_limb_feet_9c3d44c7a2256ea3.jpg,9c3d44c7a2256ea375001feda11e29ab836454062f425c72b5dc9188f1295b99,lower_limb_feet,healthy_skin,non_wound,CC BY 4.0,g1728,,Nomal/Female_normal-212.jpg,0.749
lower_limb_feet_83c6db23755820a2.jpg,83c6db23755820a298cd06528e98170035a6002c38ec3f25f201618fbbb36de0,lower_limb_feet,healthy_skin,non_wound,CC BY 4.0,g1728,,Nomal/Female_normal-213.jpg,0.693
lower_limb_feet_4829ae78cac42d09.jpg,4829ae78cac42d09371ea2e012e77e10aad0813f5670accb22ec21590cacc4e6,lower_limb_feet,healthy_skin,non_wound,CC BY 4.0,g1728,,Nomal/Female_normal-215.jpg,0.731
lower_limb_feet_f3f783c9dfbc2ba9.jpg,f3f783c9dfbc2ba9e7f4396e63aa53a118d9109f20673d0cc5427f0b93d464a0,lower_limb_feet,healthy_skin,non_wound,CC BY 4.0,g1728,,Nomal/Female_normal-217.jpg,0.701
lower_limb_feet_2d7dc149563d3eb5.jpg,2d7dc149563d3eb5d811aa67f7e8b4f46cf6bd8027484b95c274d5af339ec5e5,lower_limb_feet,healthy_skin,non_wound,CC BY 4.0,g1728,,Nomal/Female_normal-219.jpg,0.720
lower_limb_feet_82affbb6be081122.jpg,82affbb6be081122fef35916dcbb244bf858c022eaffd5ea374ce2802f2709e3,lower_limb_feet,healthy_skin,non_wound,CC BY 4.0,g1728,,Nomal/Female_normal-221.jpg,0.718
lower_limb_feet_5903731a66a6ab5c.jpg,5903731a66a6ab5c7df7ed755e7d49268f57badfbe706ee5020cecde29091539,lower_limb_feet,healthy_skin,non_wound,CC BY 4.0,g1728,,Nomal/Female_normal-223.jpg,0.738
lower_limb_feet_976cf5d6661eba8e.jpg,976cf5d6661eba8e34e26647e856de7c2812ea729919da9485127cdee84d6375,lower_limb_feet,healthy_skin,non_wound,CC BY 4.0,g1728,,Nomal/Female_normal-224.jpg,0.744
lower_limb_feet_6c213e81455e02bd.jpg,6c213e81455e02bd0648992e88d9bce53419db4452648d22b87f9cf695228867,lower_limb_feet,healthy_skin,non_wound,CC BY 4.0,g270,,Nomal/Female_normal-226.jpg,0.714
lower_limb_feet_16fcea7a5349b4b9.jpg,16fcea7a5349b4b93c5e63099e4695904a68c51879e3f62b34a13651799b6063,lower_limb_feet,healthy_skin,non_wound,CC BY 4.0,g1728,,Nomal/Female_normal-227.jpg,0.716
lower_limb_feet_c17cad119068416f.jpg,c17cad119068416f41157998ab023fbc4276cc7d8b1d5ff0a7c23677a34231ae,lower_limb_feet,healthy_skin,non_wound,CC BY 4.0,g1728,,Nomal/Female_normal-228.jpg,0.734
lower_limb_feet_94aad9a474b26ca6.jpg,94aad9a474b26ca68826bf19897aaf62b869f7b14977608b43d188632f4d49bb,lower_limb_feet,healthy_skin,non_wound,CC BY 4.0,g1728,,Nomal/Female_normal-229.jpg,0.713
lower_limb_feet_4644a2460ac25318.jpg,4644a2460ac25318ce5ca5325b538926885c2ae2cee622240799749379c44bb3,lower_limb_feet,healthy_skin,non_wound,CC BY 4.0,g1728,,Nomal/Female_normal-231.jpg,0.709
lower_limb_feet_a2044afc976e9284.jpg,a2044afc976e9284422c339238fc4b70bef01d04183c2ec7f552b2cbc03d5af9,lower_limb_feet,healthy_skin,non_wound,CC BY 4.0,g275,,Nomal/Female_normal-232.jpg,0.727
lower_limb_feet_58d6388b178837ff.jpg,58d6388b178837ff09b585541a53fd62581d7ac010ce32e459ec5143a952bc8e,lower_limb_feet,healthy_skin,non_wound,CC BY 4.0,g276,,Nomal/Female_normal-236.jpg,0.724
lower_limb_feet_bb8da8ca2759c81e.jpg,bb8da8ca2759c81e4309132faf0f608269d0a460fd7ad5f7f4c03e4bb277cf31,lower_limb_feet,healthy_skin,non_wound,CC BY 4.0,g277,,Nomal/Female_normal-237.jpg,0.731
lower_limb_feet_c242036eba40ffd8.jpg,c242036eba40ffd8ea4ca7a38ab84bbb280197eed99296d25b905c2d3bfca03d,lower_limb_feet,healthy_skin,non_wound,CC BY 4.0,g1728,,Nomal/Female_normal-239.jpg,0.706
lower_limb_feet_7f1f23f6b79e512f.jpg,7f1f23f6b79e512f81c242c3fd3348c3ef7cb9caf34ece5687fd071d1dde260c,lower_limb_feet,healthy_skin,non_wound,CC BY 4.0,g1728,,Nomal/Female_normal-244.jpg,0.746
lower_limb_feet_fe89192144cfcf2d.jpg,fe89192144cfcf2dc9dfb65d9cf232fcfa95ea34119075c3faf2cabec4c09973,lower_limb_feet,healthy_skin,non_wound,CC BY 4.0,g1728,,Nomal/Female_normal-245.jpg,0.723
lower_limb_feet_8fe9cb7ff5c21170.jpg,8fe9cb7ff5c211709a8781a776d5d24154c2155b93f3b9a27a2ee6c8a149b6c1,lower_limb_feet,healthy_skin,non_wound,CC BY 4.0,g1728,,Nomal/Female_normal-247.jpg,0.743
lower_limb_feet_5a449b888d360d86.jpg,5a449b888d360d8618e64e01f10e6f567c980760a6bf06f9647a0b5c779edd08,lower_limb_feet,healthy_skin,non_wound,CC BY 4.0,g1728,,Nomal/Female_normal-252.jpg,0.738
lower_limb_feet_70f2f9327ebdfab8.jpg,70f2f9327ebdfab8e65b7a9417a720cc6d092e1d4f62b5c701fa4e3f527042a3,lower_limb_feet,healthy_skin,non_wound,CC BY 4.0,g283,,Nomal/Female_normal-253.jpg,0.725
lower_limb_feet_9ff7b1e9aa7af0b3.jpg,9ff7b1e9aa7af0b31710d2a5013bd945ad6d6dbef8366ca28fe4d9fc69967577,lower_limb_feet,healthy_skin,non_wound,CC BY 4.0,g284,,Nomal/Female_normal-254.jpg,0.736
lower_limb_feet_2981274401c35370.jpg,2981274401c353702ae96885f9bba9dcfecee796b362685d17fc2f3611f92ac4,lower_limb_feet,healthy_skin,non_wound,CC BY 4.0,g285,,Nomal/Female_normal-255.jpg,0.699
lower_limb_feet_ecf12df779cd33bd.jpg,ecf12df779cd33bda05b48ea07a747b4a43359c6ff595fbd5766e9fadd41f0e0,lower_limb_feet,healthy_skin,non_wound,CC BY 4.0,g1678,,Nomal/Female_normal-257.jpg,0.738
lower_limb_feet_5309f7c17cbca87c.jpg,5309f7c17cbca87c6500a1445662d9a0912c741ef3fda8845dc771de148e560c,lower_limb_feet,healthy_skin,non_wound,CC BY 4.0,g287,,Nomal/Female_normal-259.jpg,0.708
lower_limb_feet_4c747d34f3337aaa.jpg,4c747d34f3337aaabfe3d80c89f01184a6fda41dccf01ecc625dfa65dd9db4f9,lower_limb_feet,healthy_skin,non_wound,CC BY 4.0,g288,,Nomal/Female_normal-262.jpg,0.732
lower_limb_feet_8a8ab38162057326.jpg,8a8ab381620573261a4ffb01757adf228f82f3744a8af1ad2d3d94bcfde2ca1f,lower_limb_feet,healthy_skin,non_wound,CC BY 4.0,g289,,Nomal/Female_normal-265.jpg,0.712
lower_limb_feet_8e1372d850658662.jpg,8e1372d850658662f477c00da88d0ca12029b892566385701b61e1551beea922,lower_limb_feet,healthy_skin,non_wound,CC BY 4.0,g290,,Nomal/Female_normal-268.jpg,0.733
lower_limb_feet_7abde9f3270b10d8.jpg,7abde9f3270b10d8afb3c78deaa25b30204c60517926eb1d22297d701e30298e,lower_limb_feet,healthy_skin,non_wound,CC BY 4.0,g1728,,Nomal/Female_normal-270.jpg,0.721
lower_limb_feet_507ae90360d272a0.jpg,507ae90360d272a059977461c610f307943b40d4648895077bff0a684929d21c,lower_limb_feet,healthy_skin,non_wound,CC BY 4.0,g292,,Nomal/Female_normal-271.jpg,0.727
lower_limb_feet_bd3f3ec134dfd7f3.jpg,bd3f3ec134dfd7f3755171e6883e7e5046f807f523208f55de476d4d4087213e,lower_limb_feet,healthy_skin,non_wound,CC BY 4.0,g293,,Nomal/Female_normal-273.jpg,0.720
lower_limb_feet_7d268b06da32341a.jpg,7d268b06da32341abef608957cddbf24752b524ef620add115062f0d0f841e61,lower_limb_feet,healthy_skin,non_wound,CC BY 4.0,g294,,Nomal/Female_normal-274.jpg,0.724
lower_limb_feet_3c6f94ff0152dc8b.jpg,3c6f94ff0152dc8bedaf716dc01dbeb7d67da8340d6bfd2103c012a1e4c0d1fc,lower_limb_feet,healthy_skin,non_wound,CC BY 4.0,g1728,,Nomal/Female_normal-275.jpg,0.697
lower_limb_feet_1b305f9ef6495176.jpg,1b305f9ef649517657fc7efbcc96ab5e87dd09f3f4f51fa42405bf243fc2d3b7,lower_limb_feet,healthy_skin,non_wound,CC BY 4.0,g1728,,Nomal/Female_normal-276.jpg,0.713
lower_limb_feet_19fc68c962bc8529.jpg,19fc68c962bc85295927d15d822efada44ba92696ac34887c152097febfabd69,lower_limb_feet,healthy_skin,non_wound,CC BY 4.0,g1678,,Nomal/Female_normal-278.jpg,0.722
lower_limb_feet_484879423bad391d.jpg,484879423bad391d146c7483812fb27e69500d8d39c4d12c30eca0def564464e,lower_limb_feet,healthy_skin,non_wound,CC BY 4.0,g298,,Nomal/Female_normal-280.jpg,0.677
lower_limb_feet_0aafae8789c1127b.jpg,0aafae8789c1127be882060b2b40b9895203168bcd43f059196ef4e1f35a5dd2,lower_limb_feet,healthy_skin,non_wound,CC BY 4.0,g299,,Nomal/Female_normal-283.jpg,0.723
lower_limb_feet_f15ccacd2311b527.jpg,f15ccacd2311b527d4d65a80dc0aa5e9d2018a277e55212cbd4c03d37be54e45,lower_limb_feet,healthy_skin,non_wound,CC BY 4.0,g300,,Nomal/Female_normal-286.jpg,0.732
lower_limb_feet_212c188f5ada9db4.jpg,212c188f5ada9db46ec9da4a2878bc6ac865c5ab3e0a8fb2c27920f8df7ee35d,lower_limb_feet,healthy_skin,non_wound,CC BY 4.0,g301,,Nomal/Female_normal-288.jpg,0.747
lower_limb_feet_d1beb977a7906fdf.jpg,d1beb977a7906fdfb73fb4723c20218d987d668a0c7f70b09aefdc69ac5a60c5,lower_limb_feet,healthy_skin,non_wound,CC BY 4.0,g302,,Nomal/Female_normal-289.jpg,0.707
lower_limb_feet_4afcda15336dabfd.jpg,4afcda15336dabfde564a0d35ba949dda7ac1b4e8c4d9da58e8b3f69ee8b0772,lower_limb_feet,healthy_skin,non_wound,CC BY 4.0,g1678,,Nomal/Female_normal-290.jpg,0.695
lower_limb_feet_a4b1b701d3454bd2.jpg,a4b1b701d3454bd28ac795d9d464d7393a2dbcf643db793c5331cdb961ba9122,lower_limb_feet,healthy_skin,non_wound,CC BY 4.0,g304,,Nomal/Female_normal-294.jpg,0.730
lower_limb_feet_448c726833743279.jpg,448c7268337432796f19ae065853e6709d9ee37e0913b33dd85d20bf7d8d199e,lower_limb_feet,healthy_skin,non_wound,CC BY 4.0,g305,,Nomal/Female_normal-295.jpg,0.728
lower_limb_feet_7945f00ec838d6fa.jpg,7945f00ec838d6fa024ea8593e19ddff6b298b62c0f3cb7f3a1105fd159d3f81,lower_limb_feet,healthy_skin,non_wound,CC BY 4.0,g1678,,Nomal/Female_normal-302.jpg,0.729
lower_limb_feet_644974a1befce11c.jpg,644974a1befce11c079636610ab46d59361a3af850d94ad7bea2ba50b165e866,lower_limb_feet,healthy_skin,non_wound,CC BY 4.0,g1728,,Nomal/Female_normal-303.jpg,0.726
lower_limb_feet_71372bb98a3fedbe.jpg,71372bb98a3fedbe1884416cd5df1b87fe4b12b89d29429721aea34b4fea0604,lower_limb_feet,healthy_skin,non_wound,CC BY 4.0,g308,,Nomal/Female_normal-304.jpg,0.735
lower_limb_feet_fd8982b33faaaad3.jpg,fd8982b33faaaad3418b6e35417ff7a618cd1d57e4448495be9f469a3fd26f27,lower_limb_feet,healthy_skin,non_wound,CC BY 4.0,g310,,Nomal/Female_normal-305.jpg,0.701
lower_limb_feet_b3fcaaed828f50df.jpg,b3fcaaed828f50dfdc2c5ee144642bf5ea4b39ab8b14bb2244f6a80867054e55,lower_limb_feet,healthy_skin,non_wound,CC BY 4.0,g310,,Nomal/Female_normal-306.jpg,0.690
lower_limb_feet_fb69c31c0e3f7d4d.jpg,fb69c31c0e3f7d4d12216d3c21f5f3bd0a205a565aeab2eb54f8da9325361ad5,lower_limb_feet,healthy_skin,non_wound,CC BY 4.0,g311,,Nomal/Female_normal-307.jpg,0.741
lower_limb_feet_2ab678eb5e068cdf.jpg,2ab678eb5e068cdf202cd617d402ade9436c4d0ed6c93ac8597cea37f46cb772,lower_limb_feet,healthy_skin,non_wound,CC BY 4.0,g312,,Nomal/Female_normal-311.jpg,0.728
lower_limb_feet_98637eebd72023e8.jpg,98637eebd72023e8f12d959d6c289692d865c91e0fb3cd5bb74f51b38e7b1673,lower_limb_feet,healthy_skin,non_wound,CC BY 4.0,g314,,Nomal/Female_normal-312.jpg,0.714
lower_limb_feet_80d1da0869de1df2.jpg,80d1da0869de1df236ccd92bc1851d759d9a4d082bc255d97c43892593262099,lower_limb_feet,healthy_skin,non_wound,CC BY 4.0,g314,,Nomal/Female_normal-313.jpg,0.681
lower_limb_feet_76972d82beee7be6.jpg,76972d82beee7be6e0c87d1f9864ac883f76ce5c18853c16a95d0b6186976f1d,lower_limb_feet,healthy_skin,non_wound,CC BY 4.0,g1728,,Nomal/Female_normal-316.jpg,0.742
lower_limb_feet_553af6b3fd590aaf.jpg,553af6b3fd590aaf85f7b65c700acb6938316d6d4d509dfc32185dbd5f066dd9,lower_limb_feet,healthy_skin,non_wound,CC BY 4.0,g1728,,Nomal/Female_normal-317.jpg,0.696
lower_limb_feet_9c7b0201d4f4fae1.jpg,9c7b0201d4f4fae1e38e95962993996c664844dd297298b901d95158a9d2b56a,lower_limb_feet,healthy_skin,non_wound,CC BY 4.0,g320,,Nomal/Female_normal-319.jpg,0.692
lower_limb_feet_700fbdeed5bd728f.jpg,700fbdeed5bd728fa2abbc93dc70df642b7eae5fadebb9eb6b1eee4a710b8c37,lower_limb_feet,healthy_skin,non_wound,CC BY 4.0,g1728,,Nomal/Female_normal-320.jpg,0.690
lower_limb_feet_086d5efccfba9e72.jpg,086d5efccfba9e72ec5e064099df0dfe7b69249e48e652b99d55c1a5038052c9,lower_limb_feet,healthy_skin,non_wound,CC BY 4.0,g319,,Nomal/Female_normal-321.jpg,0.671
lower_limb_feet_3339a6359a4c6370.jpg,3339a6359a4c6370ee84383280bc5e03a95186349bc24bfd476ca4870b54be85,lower_limb_feet,healthy_skin,non_wound,CC BY 4.0,g320,,Nomal/Female_normal-324.jpg,0.720
lower_limb_feet_8757634428fc72d5.jpg,8757634428fc72d5315298d986bbfcaf2526bed313163c34f726bb1df3bf8870,lower_limb_feet,healthy_skin,non_wound,CC BY 4.0,g321,,Nomal/Female_normal-325.jpg,0.725
lower_limb_feet_9bb1a8e8aa1b13ba.jpg,9bb1a8e8aa1b13ba2750924077b57cfc3f081d44734ed5c882d64ab771410661,lower_limb_feet,healthy_skin,non_wound,CC BY 4.0,g322,,Nomal/Female_normal-326.jpg,0.684
lower_limb_feet_311b93b3ac96b07c.jpg,311b93b3ac96b07c4a2456c04dda84aea36059394fc9c244ed5c96bafb44eef1,lower_limb_feet,healthy_skin,non_wound,CC BY 4.0,g1728,,Nomal/Female_normal-328.jpg,0.712
lower_limb_feet_e115c76252ffd909.jpg,e115c76252ffd909d2a446d0faf2e2124a5b9d419fdce795651c97bd4b55aaec,lower_limb_feet,healthy_skin,non_wound,CC BY 4.0,g324,,Nomal/Female_normal-330.jpg,0.719
lower_limb_feet_743173d0b44a514d.jpg,743173d0b44a514d1fb923a517c2cc025be8eea84e00199fc6b17da72ac97f1a,lower_limb_feet,healthy_skin,non_wound,CC BY 4.0,g1678,,Nomal/Female_normal-332.jpg,0.720
lower_limb_feet_9d9f448991761225.jpg,9d9f4489917612257419890796c440640d8fd229018e3d1b1f028de981ace880,lower_limb_feet,healthy_skin,non_wound,CC BY 4.0,g1728,,Nomal/Female_normal-333.jpg,0.722
lower_limb_feet_53f864c3313af796.jpg,53f864c3313af796513224edd516dd1b467bbab2f15b4b70fa919e2b22590ef1,lower_limb_feet,healthy_skin,non_wound,CC BY 4.0,g1728,,Nomal/Female_normal-334.jpg,0.744
lower_limb_feet_9360294fe904710e.jpg,9360294fe904710ec76232063957ab140cd36491e57429400ff179c1556fd246,lower_limb_feet,healthy_skin,non_wound,CC BY 4.0,g1728,,Nomal/Female_normal-335.jpg,0.714
lower_limb_feet_3ca6ab7180d7f2f7.jpg,3ca6ab7180d7f2f795cdb55dcbf5c26be74e09aab80614dac5218937465e3b0d,lower_limb_feet,healthy_skin,non_wound,CC BY 4.0,g1728,,Nomal/Female_normal-337.jpg,0.723
lower_limb_feet_d755fefc5845accc.jpg,d755fefc5845accc2f80e2290b366259b6c35ee0b97113f147334c2ae0a57da3,lower_limb_feet,healthy_skin,non_wound,CC BY 4.0,g1728,,Nomal/Female_normal-338.jpg,0.748
lower_limb_feet_9b53e3edfb5e006b.jpg,9b53e3edfb5e006b34bf12167e2659286806ab6b73a5d5d7b42819d83bdebc09,lower_limb_feet,healthy_skin,non_wound,CC BY 4.0,g420,,Nomal/Female_normal-339.jpg,0.714
lower_limb_feet_58c5b46a74216350.jpg,58c5b46a74216350c7f885c007ef6c3e808febb0a0b165f1b28ae99d5c0b13be,lower_limb_feet,healthy_skin,non_wound,CC BY 4.0,g332,,Nomal/Female_normal-340.jpg,0.730
lower_limb_feet_31d3bf83858c1467.jpg,31d3bf83858c14677fe6a106f756d6661762804979c7c9cd74557f28918007ac,lower_limb_feet,healthy_skin,non_wound,CC BY 4.0,g1678,,Nomal/Female_normal-341.jpg,0.715
lower_limb_feet_55fa65f1ec595f85.jpg,55fa65f1ec595f85de572e2aa8d2f0f9f125a7e13f246fcc2a4803d3b09cc493,lower_limb_feet,healthy_skin,non_wound,CC BY 4.0,g334,,Nomal/Female_normal-342.jpg,0.722
lower_limb_feet_30640d7235e73710.jpg,30640d7235e7371033c0ed67bd11fcebc247fe35a8d2b43dbf66d1974bcb2823,lower_limb_feet,healthy_skin,non_wound,CC BY 4.0,g335,,Nomal/Female_normal-343.jpg,0.698
lower_limb_feet_ee25164aaa3eaf25.jpg,ee25164aaa3eaf25a0e60fb991487f0fd06995eac3a022cd73497bfbacaa9470,lower_limb_feet,healthy_skin,non_wound,CC BY 4.0,g1678,,Nomal/Female_normal-345.jpg,0.734
lower_limb_feet_4c80e72d65a885e4.jpg,4c80e72d65a885e46f3cb33e65aa9758ec976bb57402ea55180ae18f14ba0f0a,lower_limb_feet,healthy_skin,non_wound,CC BY 4.0,g337,,Nomal/Female_normal-346.jpg,0.703
lower_limb_feet_8bacaf6ea0a60857.jpg,8bacaf6ea0a60857cf15adbeb39138cdd668ac0449bce38a36bbd571fda71fa3,lower_limb_feet,healthy_skin,non_wound,CC BY 4.0,g1678,,Nomal/Female_normal-349.jpg,0.738
lower_limb_feet_eb0bbc11bbf304bf.jpg,eb0bbc11bbf304bfbfb67950a043db2049110f5a2e9a3cf6d493dee3d57c3320,lower_limb_feet,healthy_skin,non_wound,CC BY 4.0,g1728,,Nomal/Female_normal-350.jpg,0.723
lower_limb_feet_2501043fb1577a16.jpg,2501043fb1577a16107e27e3d92b7f03955675633f51adfb89fee06ec4c25df1,lower_limb_feet,healthy_skin,non_wound,CC BY 4.0,g340,,Nomal/Female_normal-352.jpg,0.691
lower_limb_feet_8deaa37099b98bc4.jpg,8deaa37099b98bc4a74f1f556e8b54469021c829540b0bc4948a8f40b33b8a8c,lower_limb_feet,healthy_skin,non_wound,CC BY 4.0,g341,,Nomal/Female_normal-353.jpg,0.712
lower_limb_feet_e8dac2f2e0b225af.jpg,e8dac2f2e0b225aff85d7b1de9d6906750bf4bcb9e615ebe2a1e379bfb77130e,lower_limb_feet,healthy_skin,non_wound,CC BY 4.0,g1728,,Nomal/Female_normal-355.jpg,0.748
lower_limb_feet_81445a8a8857c3d6.jpg,81445a8a8857c3d69dd37150d7ca067cdc3bc7dbff6d105e0f08b7b08adbb584,lower_limb_feet,healthy_skin,non_wound,CC BY 4.0,g343,,Nomal/Female_normal-356.jpg,0.732
lower_limb_feet_36d6107e7082456b.jpg,36d6107e7082456bd890d5f629940b533be4952ac54c20ef91c62813d45c470e,lower_limb_feet,healthy_skin,non_wound,CC BY 4.0,g344,,Nomal/Female_normal-358.jpg,0.736
lower_limb_feet_07f3544b134b509c.jpg,07f3544b134b509caa6339a5ae3b29c961ce398ddfdbff546b9a748b61542d3b,lower_limb_feet,healthy_skin,non_wound,CC BY 4.0,g345,,Nomal/Female_normal-360.jpg,0.713
lower_limb_feet_9fc6bb20681a999e.jpg,9fc6bb20681a999ec2d67ad4a9e88398a3f838fe29642632149d3f0741145005,lower_limb_feet,healthy_skin,non_wound,CC BY 4.0,g346,,Nomal/Female_normal-361.jpg,0.709
lower_limb_feet_bc3aa0124169bdfa.jpg,bc3aa0124169bdfaac03979eeefbeef3f455e2b5406c2907add50bd7bbca2105,lower_limb_feet,healthy_skin,non_wound,CC BY 4.0,g347,,Nomal/Female_normal-362.jpg,0.713
lower_limb_feet_dbc4e1ad50c8f3e7.jpg,dbc4e1ad50c8f3e7a6626e34041a67a7f3d9e06ecb2e5bad4a191fc2348bca88,lower_limb_feet,healthy_skin,non_wound,CC BY 4.0,g349,,Nomal/Female_normal-363.jpg,0.676
lower_limb_feet_c1267e11156670c1.jpg,c1267e11156670c1df8539460945f81c3a0af0802616361d52c77233df825ccf,lower_limb_feet,healthy_skin,non_wound,CC BY 4.0,g349,,Nomal/Female_normal-364.jpg,0.676
lower_limb_feet_79427c88030c6af8.jpg,79427c88030c6af86db8e3f19cc308a0e9fd6b3ae07cd6523197cc90de63a478,lower_limb_feet,healthy_skin,non_wound,CC BY 4.0,g350,,Nomal/Female_normal-365.jpg,0.654
lower_limb_feet_ed191a6c49db78f9.jpg,ed191a6c49db78f98bd23e41532936abddf2609cf397cfcc48daa21d3bf32edb,lower_limb_feet,healthy_skin,non_wound,CC BY 4.0,g351,,Nomal/Female_normal-366.jpg,0.699
lower_limb_feet_4d2a89a85925f41c.jpg,4d2a89a85925f41c74c78190e45797ad521407763f327f2dedc752cf2b622843,lower_limb_feet,healthy_skin,non_wound,CC BY 4.0,g1728,,Nomal/Female_normal-369.jpg,0.724
lower_limb_feet_41e236085d99c54d.jpg,41e236085d99c54d15e1c22f304c27d369a1d3422929e9700459f6522cf9b86a,lower_limb_feet,healthy_skin,non_wound,CC BY 4.0,g353,,Nomal/Female_normal-374.jpg,0.675
lower_limb_feet_785c6caefba94620.jpg,785c6caefba94620adb9ee14b0a71f5ecaa91a1dcf01bef31b044c64e13500fb,lower_limb_feet,healthy_skin,non_wound,CC BY 4.0,g354,,Nomal/Female_normal-375.jpg,0.681
lower_limb_feet_57812f76af654f3c.jpg,57812f76af654f3c6d56ea2fbd3884c09ea01ccea51a22d776f3f83dff73e53d,lower_limb_feet,healthy_skin,non_wound,CC BY 4.0,g1678,,Nomal/Female_normal-376.jpg,0.730
lower_limb_feet_e6673498ae9c349e.jpg,e6673498ae9c349e251f93859c09d80e884f290e2c844a21631469d0da0c9950,lower_limb_feet,healthy_skin,non_wound,CC BY 4.0,g356,,Nomal/Female_normal-377.jpg,0.636
lower_limb_feet_4ebf253b6ebed18c.jpg,4ebf253b6ebed18c1b8d97b3d8c1180177e9e04b05ba6df37bfa388a1895b7df,lower_limb_feet,healthy_skin,non_wound,CC BY 4.0,g357,,Nomal/Female_normal-378.jpg,0.696
lower_limb_feet_498afc36f0b62b58.jpg,498afc36f0b62b588112ed94d7f0d8b3094a46258552282572de535c6fbea807,lower_limb_feet,healthy_skin,non_wound,CC BY 4.0,g358,,Nomal/Female_normal-381.jpg,0.700
lower_limb_feet_d0db3f2e7dae973d.jpg,d0db3f2e7dae973dcb5a7c002ea593295fd1163178ebea89c561f97f0120e9e8,lower_limb_feet,healthy_skin,non_wound,CC BY 4.0,g1728,,Nomal/Female_normal-382.jpg,0.692
lower_limb_feet_6467fe7f25df10e5.jpg,6467fe7f25df10e528e1a3802b3079eb28e367d5f7dc132b9e21dc561f2c89ab,lower_limb_feet,healthy_skin,non_wound,CC BY 4.0,g360,,Nomal/Female_normal-385.jpg,0.733
lower_limb_feet_3b50898e8f000eaa.jpg,3b50898e8f000eaabcccb0e461d1483867caa2abd75b089509d546c5d81dd791,lower_limb_feet,healthy_skin,non_wound,CC BY 4.0,g361,,Nomal/Female_normal-386.jpg,0.736
lower_limb_feet_5afb82a3d1ee2e10.jpg,5afb82a3d1ee2e10bb1d136059455ffc97f86b97ba08a82ec4c18834a29fba40,lower_limb_feet,healthy_skin,non_wound,CC BY 4.0,g1728,,Nomal/Female_normal-388.jpg,0.708
lower_limb_feet_56924236a9ec1dae.jpg,56924236a9ec1dae4fb03010c8d3e6c43bce09f27e749484eb8aaf2a36f0b91d,lower_limb_feet,healthy_skin,non_wound,CC BY 4.0,g1728,,Nomal/Female_normal-389.jpg,0.745
lower_limb_feet_0ea45115edc3b2da.jpg,0ea45115edc3b2dacefb03a592318c2de964db37845f10315fc930c0c09a4a0b,lower_limb_feet,healthy_skin,non_wound,CC BY 4.0,g1728,,Nomal/Female_normal-390.jpg,0.702
lower_limb_feet_4c8d0de1c66dffd1.jpg,4c8d0de1c66dffd1b1f63ef38984ff0399d96ec907235d24b4339c24ab42a420,lower_limb_feet,healthy_skin,non_wound,CC BY 4.0,g1728,,Nomal/Female_normal-400.jpg,0.740
lower_limb_feet_67c3380a4f3f61bf.jpg,67c3380a4f3f61bf4ccbd6345bc035b40e3462ae59657e54ac869ec51827a9f1,lower_limb_feet,healthy_skin,non_wound,CC BY 4.0,g1728,,Nomal/Female_normal-405.jpg,0.710
lower_limb_feet_d81a4f3ec869430a.jpg,d81a4f3ec869430a380254054a30b4211d5ff36734e4cf1c6c21b00f7b5ae5c3,lower_limb_feet,healthy_skin,non_wound,CC BY 4.0,g367,,Nomal/Female_normal-408.jpg,0.725
lower_limb_feet_37bedac0df37b6cc.jpg,37bedac0df37b6ccbf2af92fd8e0f3b0ae23d15e18bc038476702c3cd2c9c5b5,lower_limb_feet,healthy_skin,non_wound,CC BY 4.0,g368,,Nomal/Female_normal-409.jpg,0.730
lower_limb_feet_0b07873ba2bd091c.jpg,0b07873ba2bd091c98e74bcd1f1e05bd1196fa59b5adf65c5847d7129b41b3e5,lower_limb_feet,healthy_skin,non_wound,CC BY 4.0,g1678,,Nomal/Female_normal-411.jpg,0.737
lower_limb_feet_f5a05eafbccacc37.jpg,f5a05eafbccacc37b0a2b27554980f4c787d4a3073a9010a7d6c324b7f7f3e89,lower_limb_feet,healthy_skin,non_wound,CC BY 4.0,g1678,,Nomal/Female_normal-412.jpg,0.710
lower_limb_feet_2231c59bdb7d1538.jpg,2231c59bdb7d153822eaa02fa8ebb4e92b1c8e47e1fc3f1c1ce6f85708afce63,lower_limb_feet,healthy_skin,non_wound,CC BY 4.0,g371,,Nomal/Female_normal-415.jpg,0.697
lower_limb_feet_504222222b0f862d.jpg,504222222b0f862d9361ba58be0195a7b712a71b78439b637f8858aa71fba23f,lower_limb_feet,healthy_skin,non_wound,CC BY 4.0,g1678,,Nomal/Female_normal-416.jpg,0.747
lower_limb_feet_0e28f5f26116be05.jpg,0e28f5f26116be0558178cfaf4bd59e91cb2c7c2796f37292c83f5027628c917,lower_limb_feet,healthy_skin,non_wound,CC BY 4.0,g1728,,Nomal/Female_normal-418.jpg,0.699
lower_limb_feet_865906dda5fc0f50.jpg,865906dda5fc0f502181e1383786f814c78b142459594468c23a94a2c8163b3d,lower_limb_feet,healthy_skin,non_wound,CC BY 4.0,g374,,Nomal/Female_normal-421.jpg,0.712
lower_limb_feet_08e8a1f05c7dbc58.jpg,08e8a1f05c7dbc589f9154d0141b37da9b348961b53ea410153a6a79a6224e6c,lower_limb_feet,healthy_skin,non_wound,CC BY 4.0,g1678,,Nomal/Female_normal-423.jpg,0.732
lower_limb_feet_88ac73790c7597ec.jpg,88ac73790c7597ec2405d79484b41f4bf3559bdb6a4b4f57ae24f86d2fceb5e0,lower_limb_feet,healthy_skin,non_wound,CC BY 4.0,g1728,,Nomal/Female_normal-424.jpg,0.715
lower_limb_feet_7f84613f6995f2a0.jpg,7f84613f6995f2a0808b9dd9bc71a224de8a7b7ef85c7d76df7c1a3ab2b15b9a,lower_limb_feet,healthy_skin,non_wound,CC BY 4.0,g1728,,Nomal/Female_normal-426.jpg,0.715
lower_limb_feet_945c8794af841be9.jpg,945c8794af841be98804038d8683296a5de4703ec2e370cf6fff1f40ea5c9503,lower_limb_feet,healthy_skin,non_wound,CC BY 4.0,g378,,Nomal/Female_normal-427.jpg,0.747
lower_limb_feet_83597f635630d4b0.jpg,83597f635630d4b0a87dbe781227d3054356b83c8f55dd9a376e3f0f4f79d330,lower_limb_feet,healthy_skin,non_wound,CC BY 4.0,g379,,Nomal/Female_normal-428.jpg,0.733
lower_limb_feet_71e9be01d2e61838.jpg,71e9be01d2e61838f2161cc6dfbe37065db3280802e90960da4b2e5a4e9b8210,lower_limb_feet,healthy_skin,non_wound,CC BY 4.0,g380,,Nomal/Female_normal-429.jpg,0.718
lower_limb_feet_4d59ea08e3f58bc7.jpg,4d59ea08e3f58bc7693038acb1073c189a6a675f6e9dd4d30797ac4f69019032,lower_limb_feet,healthy_skin,non_wound,CC BY 4.0,g381,,Nomal/Female_normal-430.jpg,0.750
lower_limb_feet_cd8a4e6eef911aba.jpg,cd8a4e6eef911abaadcd65dbbea1a76859214c1aabf3cd3b842a6afdb3f62112,lower_limb_feet,healthy_skin,non_wound,CC BY 4.0,g1678,,Nomal/Female_normal-431.jpg,0.726
lower_limb_feet_7163bdb08ac524ff.jpg,7163bdb08ac524ff2ab6aec692fecbe1d358cd808d910879e0de26cb7f87658a,lower_limb_feet,healthy_skin,non_wound,CC BY 4.0,g1728,,Nomal/Female_normal-433.jpg,0.707
lower_limb_feet_268983c16005c549.jpg,268983c16005c5491515fb6005efc075c4e28e7130bf5cfd0046e497a7a6c7ab,lower_limb_feet,healthy_skin,non_wound,CC BY 4.0,g384,,Nomal/Female_normal-434.jpg,0.693
lower_limb_feet_c2956b3239a42067.jpg,c2956b3239a42067576e4f906e9110e7d0840f23d5c2bc533f8bac8219b72599,lower_limb_feet,healthy_skin,non_wound,CC BY 4.0,g1728,,Nomal/Female_normal-435.jpg,0.724
lower_limb_feet_d200f8cfad00fa9b.jpg,d200f8cfad00fa9be8542dcfb711780fdef85223ecd1457e22480fb08692f13c,lower_limb_feet,healthy_skin,non_wound,CC BY 4.0,g1728,,Nomal/Female_normal-440.jpg,0.740
lower_limb_feet_ef63c8bec3aa1ac4.jpg,ef63c8bec3aa1ac4123567dff5eb63276194986a0818b6d45c6fb5ffd9b4c3eb,lower_limb_feet,healthy_skin,non_wound,CC BY 4.0,g1678,,Nomal/Female_normal-441.jpg,0.750
lower_limb_feet_f8ca19c768e4247a.jpg,f8ca19c768e4247abc06af23f46cf7fab986ba16987f9fbb8c2d1d65d649b451,lower_limb_feet,healthy_skin,non_wound,CC BY 4.0,g1678,,Nomal/Female_normal-442.jpg,0.741
lower_limb_feet_67d518aa1458ed5c.jpg,67d518aa1458ed5cbd824065b175af85ccff9fc887cceae4e3bcfe4ede8a58c7,lower_limb_feet,healthy_skin,non_wound,CC BY 4.0,g389,,Nomal/Female_normal-444.jpg,0.738
lower_limb_feet_968094fe1735892a.jpg,968094fe1735892aaba991147f35ec97b534bd7d67f3bfc0b463c30c5e689202,lower_limb_feet,healthy_skin,non_wound,CC BY 4.0,g1728,,Nomal/Female_normal-446.jpg,0.705
lower_limb_feet_8af88a74a7f5c3de.jpg,8af88a74a7f5c3de6d68618c49a078f76364538a3d8117e74d8bf824ce32ca43,lower_limb_feet,healthy_skin,non_wound,CC BY 4.0,g391,,Nomal/Female_normal-449.jpg,0.734
lower_limb_feet_7933cc8cb5925d39.jpg,7933cc8cb5925d399d869cc285ec9dc9340abe57ca4e247a55b85b9fc4be6fae,lower_limb_feet,healthy_skin,non_wound,CC BY 4.0,g1728,,Nomal/Female_normal-454.jpg,0.744
lower_limb_feet_8fa7436a0e652ec6.jpg,8fa7436a0e652ec689e3938e4565f68c5fe888bf860591cb0f2f7bb7463f5c6d,lower_limb_feet,healthy_skin,non_wound,CC BY 4.0,g1728,,Nomal/Female_normal-455.jpg,0.727
lower_limb_feet_99444465b2a96139.jpg,99444465b2a96139de1e910e2269db8445831b11cb68d136bc94919d8febfb7b,lower_limb_feet,healthy_skin,non_wound,CC BY 4.0,g1728,,Nomal/Female_normal-458.jpg,0.737
lower_limb_feet_2dc7f6e98c9f8a5e.jpg,2dc7f6e98c9f8a5e04d9bf35e7109db6a74dea424542e98230f1e7f4366e5e0b,lower_limb_feet,healthy_skin,non_wound,CC BY 4.0,g1728,,Nomal/Female_normal-462.jpg,0.733
lower_limb_feet_804ab67614cd1bea.jpg,804ab67614cd1bea3065a191d1bc929785be939f6d3bd7decd4d77d89ad35d97,lower_limb_feet,healthy_skin,non_wound,CC BY 4.0,g396,,Nomal/Female_normal-464.jpg,0.733
lower_limb_feet_18b2e9526323d591.jpg,18b2e9526323d5916f2bb744f79bbf8629c9538d7cc357e4896ec4344da2d621,lower_limb_feet,healthy_skin,non_wound,CC BY 4.0,g397,,Nomal/Female_normal-466.jpg,0.731
lower_limb_feet_e3dc2c61030e1956.jpg,e3dc2c61030e1956daf98720a2712292c7322465dd4259ec1a4bd8c95945ee88,lower_limb_feet,healthy_skin,non_wound,CC BY 4.0,g398,,Nomal/Female_normal-468.jpg,0.726
lower_limb_feet_ba87cd7fcb5cb14f.jpg,ba87cd7fcb5cb14f3ae0c569fe9ba9f6621ea730166b792c58815543dad6df86,lower_limb_feet,healthy_skin,non_wound,CC BY 4.0,g399,,Nomal/Female_normal-469.jpg,0.732
lower_limb_feet_0c9d299011a6c7d5.jpg,0c9d299011a6c7d541817548edb7b87a388672b15e00d9838907558d08e857e3,lower_limb_feet,healthy_skin,non_wound,CC BY 4.0,g400,,Nomal/Female_normal-471.jpg,0.738
lower_limb_feet_8df91fa9ba929a8a.jpg,8df91fa9ba929a8ae1c7f70d69294f0b9807ef1aad2f8dd2251e3a7287b1af76,lower_limb_feet,healthy_skin,non_wound,CC BY 4.0,g401,,Nomal/Female_normal-472.jpg,0.722
lower_limb_feet_db5d8834bf3226ae.jpg,db5d8834bf3226aede98cd5f2178dcec194b93a7401d15800375b410b6744f8d,lower_limb_feet,healthy_skin,non_wound,CC BY 4.0,g1728,,Nomal/Female_normal-475.jpg,0.727
lower_limb_feet_c9173bff305252a2.jpg,c9173bff305252a231d8136e4b7ccbfaad34c93b511282d128434cacc64b026e,lower_limb_feet,healthy_skin,non_wound,CC BY 4.0,g404,,Nomal/Female_normal-476.jpg,0.715
lower_limb_feet_cfdc6684457a5001.jpg,cfdc6684457a5001f37d09b9b7d23f1c3a0df26cf0532622db834192d0fc9dd9,lower_limb_feet,healthy_skin,non_wound,CC BY 4.0,g404,,Nomal/Female_normal-477.jpg,0.724
lower_limb_feet_c8ebb382b7235b10.jpg,c8ebb382b7235b107792c893f63ec91820e8ed9fdc5ae941c43117543be544ad,lower_limb_feet,healthy_skin,non_wound,CC BY 4.0,g405,,Nomal/Female_normal-478.jpg,0.744
lower_limb_feet_3f613cd4ee3f0939.jpg,3f613cd4ee3f093999c4bf602af1913b690400935e5c931eb62ba8963bb72d5e,lower_limb_feet,healthy_skin,non_wound,CC BY 4.0,g1023,,Nomal/Female_normal-479.jpg,0.709
lower_limb_feet_24af141a035924db.jpg,24af141a035924db8886a4a1127c830af6a28734c05d9b9f53598809231b1cca,lower_limb_feet,healthy_skin,non_wound,CC BY 4.0,g1728,,Nomal/Female_normal-480.jpg,0.721
lower_limb_feet_74c2f24a547359a5.jpg,74c2f24a547359a500d083b0369a8a6ba3e34d7171d318f022349424e3a21bc1,lower_limb_feet,healthy_skin,non_wound,CC BY 4.0,g408,,Nomal/Female_normal-481.jpg,0.680
lower_limb_feet_d3ab9146bda1a057.jpg,d3ab9146bda1a0578f6ee4347e6aee4d7abc58ea14faa424ac1f14575608bfaf,lower_limb_feet,healthy_skin,non_wound,CC BY 4.0,g409,,Nomal/Female_normal-482.jpg,0.730
lower_limb_feet_f5c9ffc01fa4a8c4.jpg,f5c9ffc01fa4a8c4d747e65a187261677a4e1d7b2eaf1db3c45367e303712b27,lower_limb_feet,healthy_skin,non_wound,CC BY 4.0,g410,,Nomal/Female_normal-483.jpg,0.721
lower_limb_feet_c8305d46a61bffb7.jpg,c8305d46a61bffb72593b809e1f3c26cf3456df1aa590085854a93b133595ebd,lower_limb_feet,healthy_skin,non_wound,CC BY 4.0,g411,,Nomal/Female_normal-484.jpg,0.724
lower_limb_feet_e0566c263119c82b.jpg,e0566c263119c82bc10cc8dc86593718c19b8afc793deb2ccee83827d2559ab3,lower_limb_feet,healthy_skin,non_wound,CC BY 4.0,g420,,Nomal/Female_normal-485.jpg,0.730
lower_limb_feet_80291ff685753cb4.jpg,80291ff685753cb48ce487ed48ccffa96ed8304f55e820b71cf25604ddcc6ed0,lower_limb_feet,healthy_skin,non_wound,CC BY 4.0,g420,,Nomal/Female_normal-486.jpg,0.741
lower_limb_feet_baee2ddb5dd17ac5.jpg,baee2ddb5dd17ac5a241c5025c3604f5de1a8ae641690bb53f85a97209730395,lower_limb_feet,healthy_skin,non_wound,CC BY 4.0,g414,,Nomal/Female_normal-487.jpg,0.684
lower_limb_feet_a8c146efc6c5b4cb.jpg,a8c146efc6c5b4cbfbbc570e5bf38270e59bbbb4110087bf27e626fc0efca289,lower_limb_feet,healthy_skin,non_wound,CC BY 4.0,g415,,Nomal/Female_normal-488.jpg,0.701
lower_limb_feet_45cab8a85c93deae.jpg,45cab8a85c93deaec4abbf0a9b04fd404bbbb9b49aae20ba4e7c24cfc7d7d4ea,lower_limb_feet,healthy_skin,non_wound,CC BY 4.0,g416,,Nomal/Female_normal-489.jpg,0.747
lower_limb_feet_777091aab05a4b86.jpg,777091aab05a4b867ecea386b49c867d7a3adccc6aa48ec12f1166ce3c422220,lower_limb_feet,healthy_skin,non_wound,CC BY 4.0,g417,,Nomal/Female_normal-490.jpg,0.711
lower_limb_feet_2013a8749b2a1c09.jpg,2013a8749b2a1c092f72ff638d85f34ed8e466fdd3a2c5cab4a031c78105a338,lower_limb_feet,healthy_skin,non_wound,CC BY 4.0,g418,,Nomal/Female_normal-491.jpg,0.684
lower_limb_feet_6e84e93d1cae0e5c.jpg,6e84e93d1cae0e5cf29da5e7b0f8f2fa614cf0af7cad43d2832bb7ce3e6ed748,lower_limb_feet,healthy_skin,non_wound,CC BY 4.0,g1728,,Nomal/Female_normal-493.jpg,0.683
lower_limb_feet_3e68dd548299117b.jpg,3e68dd548299117bfce7c3be7356408ac347d2e287218a48055a8420bb23389a,lower_limb_feet,healthy_skin,non_wound,CC BY 4.0,g420,,Nomal/Female_normal-494.jpg,0.725
lower_limb_feet_069538fda597c951.jpg,069538fda597c951d369f6a3417dd8a3992a620b0c2d9400e0710d1855f54b77,lower_limb_feet,healthy_skin,non_wound,CC BY 4.0,g421,,Nomal/Female_normal-495.jpg,0.723
lower_limb_feet_c4e1292fd3754a42.jpg,c4e1292fd3754a427cfb419bd1a4d6e373d8e8945ca4876173d8cd0b4bdd7f98,lower_limb_feet,healthy_skin,non_wound,CC BY 4.0,g1023,,Nomal/Female_normal-497.jpg,0.743
lower_limb_feet_7febcdcea6696719.jpg,7febcdcea6696719fee372d0fcb6c6282f684cbe050e698a59b70ba8ca62b45b,lower_limb_feet,healthy_skin,non_wound,CC BY 4.0,g1678,,Nomal/Female_normal-500.jpg,0.739
lower_limb_feet_33b036097a4d9782.jpg,33b036097a4d9782f827c5002ae02b203fd09f591ec5a6937a1efcdcc60a6fea,lower_limb_feet,healthy_skin,non_wound,CC BY 4.0,g1728,,Nomal/Female_normal-501.jpg,0.703
lower_limb_feet_17792743a262033a.jpg,17792743a262033ab015342207d453b453cabdacbec722b2652645bb6d564991,lower_limb_feet,healthy_skin,non_wound,CC BY 4.0,g425,,Nomal/Female_normal-502.jpg,0.702
lower_limb_feet_8918ad8f4a34d735.jpg,8918ad8f4a34d735607d7108e036b580d4ce642cb7d3734b35aba0acfa949d6d,lower_limb_feet,healthy_skin,non_wound,CC BY 4.0,g426,,Nomal/Female_normal-503.jpg,0.732
lower_limb_feet_66df70aa73982c55.jpg,66df70aa73982c55e46ec9585382c4f6354312687013aa14717451b421995ff1,lower_limb_feet,healthy_skin,non_wound,CC BY 4.0,g427,,Nomal/Female_normal-504.jpg,0.724
lower_limb_feet_77736eb5987b3367.jpg,77736eb5987b336755f111cda913f6ed840aa274b7553ea5dbfec1246b115958,lower_limb_feet,healthy_skin,non_wound,CC BY 4.0,g1678,,Nomal/Female_normal-505.jpg,0.725
lower_limb_feet_b95894a6436d3f83.jpg,b95894a6436d3f832e222eeff9388eff15f3f7039d59196e5e5c3b65881029b7,lower_limb_feet,healthy_skin,non_wound,CC BY 4.0,g429,,Nomal/Female_normal-506.jpg,0.673
lower_limb_feet_cd37c53f5e6c6908.jpg,cd37c53f5e6c690891338895fd419e803dd73ee846e108f4b41c6102ec7c29fc,lower_limb_feet,healthy_skin,non_wound,CC BY 4.0,g1728,,Nomal/Female_normal-507.jpg,0.705
lower_limb_feet_06e361a3ae50c59d.jpg,06e361a3ae50c59d7e356b32e2c02dab85e78bc1ae690806f3eba73af2208b1a,lower_limb_feet,healthy_skin,non_wound,CC BY 4.0,g431,,Nomal/Female_normal-508.jpg,0.728
lower_limb_feet_4652241aec709bd5.jpg,4652241aec709bd5398fac3562b66cc824f2b6deeafda782539bb028ae84fc64,lower_limb_feet,healthy_skin,non_wound,CC BY 4.0,g1728,,Nomal/Female_normal-509.jpg,0.750
lower_limb_feet_fea5382f7c2583b9.jpg,fea5382f7c2583b9771eb0a2b1178973d6e66bdb0d6099393844ce6d47fb307b,lower_limb_feet,healthy_skin,non_wound,CC BY 4.0,g1728,,Nomal/Female_normal-510.jpg,0.743
lower_limb_feet_7eb90119f3d05210.jpg,7eb90119f3d0521076d1efbda920c98f64053b565977f2f045527067d992e852,lower_limb_feet,healthy_skin,non_wound,CC BY 4.0,g434,,Nomal/Female_normal-513.jpg,0.687
lower_limb_feet_3e6ba510ea517699.jpg,3e6ba510ea5176997ba9f31788379c740df74c6215f6d2d03c8cdba700f9a103,lower_limb_feet,healthy_skin,non_wound,CC BY 4.0,g435,,Nomal/Female_normal-517.jpg,0.738
lower_limb_feet_7f8825090acc1b73.jpg,7f8825090acc1b73845a7ed0ee2b26ed076ba0af92edba04489e1bb8193cb1bd,lower_limb_feet,healthy_skin,non_wound,CC BY 4.0,g436,,Nomal/Female_normal-518.jpg,0.724
lower_limb_feet_05cfc084ad1cd8f7.jpg,05cfc084ad1cd8f7e9c20bb2ed1ad8f9231caab3e55916ba0b25b1a7493abbc6,lower_limb_feet,healthy_skin,non_wound,CC BY 4.0,g1728,,Nomal/Female_normal-519.jpg,0.718
lower_limb_feet_0066a7859998478d.jpg,0066a7859998478de252b15eab1a8073e1ecf0aeeb4a7b3163ad6615d3a724be,lower_limb_feet,healthy_skin,non_wound,CC BY 4.0,g438,,Nomal/Female_normal-520.jpg,0.712
lower_limb_feet_7b9381e6129edcd4.jpg,7b9381e6129edcd430f83c38fefd504c575918a26b961de8797127716d8e7819,lower_limb_feet,healthy_skin,non_wound,CC BY 4.0,g439,,Nomal/Female_normal-521.jpg,0.705
lower_limb_feet_22b8b32b0a96922f.jpg,22b8b32b0a96922fb2a6ea051692dfbb84e710fa377f1ff1a8aedb9498b4090d,lower_limb_feet,healthy_skin,non_wound,CC BY 4.0,g1728,,Nomal/Female_normal-524.jpg,0.713
lower_limb_feet_9b1f7c31920069c3.jpg,9b1f7c31920069c3f499e4f367c44bed43b4dfc4d30afb897fdfa9b830d66f0e,lower_limb_feet,healthy_skin,non_wound,CC BY 4.0,g1728,,Nomal/Female_normal-525.jpg,0.734
lower_limb_feet_306acc8481bfd47d.jpg,306acc8481bfd47db7770fb73f0e61dcc8ddf0817d209b09831a9e918a014e3b,lower_limb_feet,healthy_skin,non_wound,CC BY 4.0,g1678,,Nomal/Female_normal-527.jpg,0.732
lower_limb_feet_5e73b8e4667759ae.jpg,5e73b8e4667759ae986999ab1c4feec1edd17be262a1b4bf683c9f9aa32dd685,lower_limb_feet,healthy_skin,non_wound,CC BY 4.0,g447,,Nomal/Female_normal-528.jpg,0.693
lower_limb_feet_b4383634d46cbc1d.jpg,b4383634d46cbc1df373b2253b05f1ed061d5d89264151ab1d578d9b9d9c3b15,lower_limb_feet,healthy_skin,non_wound,CC BY 4.0,g1728,,Nomal/Female_normal-529.jpg,0.654
lower_limb_feet_4a9eb38fa66f1963.jpg,4a9eb38fa66f19635643f5f4a0a575087040b4471ee0cd8526e8b7baca018f21,lower_limb_feet,healthy_skin,non_wound,CC BY 4.0,g445,,Nomal/Female_normal-530.jpg,0.726
lower_limb_feet_1821fec35bebf6ea.jpg,1821fec35bebf6eacef12514fbb9a1f505501d3ea195f3c6c94729d60d4abf63,lower_limb_feet,healthy_skin,non_wound,CC BY 4.0,g1728,,Nomal/Female_normal-531.jpg,0.716
lower_limb_feet_ff25f6640cb1f8f4.jpg,ff25f6640cb1f8f42547f9794997b85336776bbeeec517c67f0ad420b36456c1,lower_limb_feet,healthy_skin,non_wound,CC BY 4.0,g447,,Nomal/Female_normal-533.jpg,0.697
lower_limb_feet_80e7c2c219dc540c.jpg,80e7c2c219dc540cd6996ece98da1b38299d04f045fa5f738791985ca27eb9ba,lower_limb_feet,healthy_skin,non_wound,CC BY 4.0,g448,,Nomal/Female_normal-535.jpg,0.728
lower_limb_feet_6fa82373990667b5.jpg,6fa82373990667b54443cef239127285587dc45e22504530003e17e75a59f207,lower_limb_feet,healthy_skin,non_wound,CC BY 4.0,g1728,,Nomal/Female_normal-538.jpg,0.725
lower_limb_feet_c54e2ceee3b3c216.jpg,c54e2ceee3b3c21685e932c330e8bbcad8c1b80ef8e0b707edb03f9a2491a79f,lower_limb_feet,healthy_skin,non_wound,CC BY 4.0,g450,,Nomal/Female_normal-539.jpg,0.675
lower_limb_feet_6f9938d8d6737d4c.jpg,6f9938d8d6737d4c5e9152215e71efe01d1c93128dd0fdb123230e537fb93bbe,lower_limb_feet,healthy_skin,non_wound,CC BY 4.0,g451,,Nomal/Female_normal-541.jpg,0.727
lower_limb_feet_8ffedabb15d55c74.jpg,8ffedabb15d55c7402f254024f7a732af280efc1a1a46be0727a774c02682f2a,lower_limb_feet,healthy_skin,non_wound,CC BY 4.0,g452,,Nomal/Female_normal-544.jpg,0.730
lower_limb_feet_ea9254f6bd237588.jpg,ea9254f6bd237588abe410698b0afea0980bf5028365cf217b291e2b3a55bfaa,lower_limb_feet,healthy_skin,non_wound,CC BY 4.0,g453,,Nomal/Female_normal-546.jpg,0.726
lower_limb_feet_78058903d5cf384c.jpg,78058903d5cf384cfbbbf278371d769e8dc200d921776d15f09e6137e771c8d4,lower_limb_feet,healthy_skin,non_wound,CC BY 4.0,g454,,Nomal/Female_normal-548.jpg,0.717
lower_limb_feet_52c8fb39a87b48aa.jpg,52c8fb39a87b48aa7f4c515abe9f21707311dfbf0ddf496900c735f7651049ba,lower_limb_feet,healthy_skin,non_wound,CC BY 4.0,g455,,Nomal/Female_normal-549.jpg,0.695
lower_limb_feet_1eecba2d473af37d.jpg,1eecba2d473af37d1facc04a4d31be4544e72e8d02faeb8fbf20c0fe79049551,lower_limb_feet,healthy_skin,non_wound,CC BY 4.0,g456,,Nomal/Female_normal-550.jpg,0.708
lower_limb_feet_d5a51b959bfd40fa.jpg,d5a51b959bfd40fa6e25e034036f80b009a55c0fd93dabacaf7c5a26601429b2,lower_limb_feet,healthy_skin,non_wound,CC BY 4.0,g1728,,Nomal/Female_normal-552.jpg,0.720
lower_limb_feet_4d3091c7948f09f1.jpg,4d3091c7948f09f1d24a60f5b2fe0a8aa4bf86b8f606e42aa97ef430e3331529,lower_limb_feet,healthy_skin,non_wound,CC BY 4.0,g1728,,Nomal/Female_normal-553.jpg,0.710
lower_limb_feet_f8afcadd29f45efe.jpg,f8afcadd29f45efea3b32930778634466ed606b8439271ca07fc2ce924fcdf97,lower_limb_feet,healthy_skin,non_wound,CC BY 4.0,g459,,Nomal/Female_normal-554.jpg,0.726
lower_limb_feet_2aa2eab3ae276d57.jpg,2aa2eab3ae276d577c518db9e79f383bebbb8fa0e04c43a251e0915a19202f0b,lower_limb_feet,healthy_skin,non_wound,CC BY 4.0,g1678,,Nomal/Female_normal-555.jpg,0.722
lower_limb_feet_76530c760bf4b45e.jpg,76530c760bf4b45eb49fc5f758b1a97f2f265af414544d12ec8e45e10d2b1041,lower_limb_feet,healthy_skin,non_wound,CC BY 4.0,g461,,Nomal/Female_normal-557.jpg,0.712
lower_limb_feet_c4af34b6a5c2ed1a.jpg,c4af34b6a5c2ed1a88c98448c72ff1aa847e2d8aa991ed1d5814db89cde0a64b,lower_limb_feet,healthy_skin,non_wound,CC BY 4.0,g462,,Nomal/Female_normal-558.jpg,0.707
lower_limb_feet_09132b46287853db.jpg,09132b46287853db1afd3dbb6fb81daf6b0321423236795f527856349c35e3cd,lower_limb_feet,healthy_skin,non_wound,CC BY 4.0,g463,,Nomal/Female_normal-559.jpg,0.674
lower_limb_feet_7b3b372c7b929468.jpg,7b3b372c7b929468860a7dc5ee23e161c6f3c467df81b96ee779c612da86e8d1,lower_limb_feet,healthy_skin,non_wound,CC BY 4.0,g464,,Nomal/Female_normal-560.jpg,0.701
lower_limb_feet_b49df55b32365eec.jpg,b49df55b32365eecefcad9e3f61f695456adaad377a5143164db6b88a5b08ccc,lower_limb_feet,healthy_skin,non_wound,CC BY 4.0,g465,,Nomal/Female_normal-561.jpg,0.704
lower_limb_feet_dbe70c3f84fa96ed.jpg,dbe70c3f84fa96edf1bbd30bde25e20ebe87fe0d28e8b068f2f435570fc1ea09,lower_limb_feet,healthy_skin,non_wound,CC BY 4.0,g466,,Nomal/Female_normal-562.jpg,0.726
lower_limb_feet_abee4331eaf2fff3.jpg,abee4331eaf2fff3a521ed3042a03206172d5c857c813af89ee66416f286350e,lower_limb_feet,healthy_skin,non_wound,CC BY 4.0,g1728,,Nomal/Female_normal-564.jpg,0.713
lower_limb_feet_30033180d7cd315e.jpg,30033180d7cd315ee4df3b344aec803c79328c5a98428397b12f5eebecb7dcb5,lower_limb_feet,healthy_skin,non_wound,CC BY 4.0,g468,,Nomal/Female_normal-565.jpg,0.742
lower_limb_feet_e3ede164ca5f989c.jpg,e3ede164ca5f989c085a7a3e97abcb0c627e70b42f0cb3585aefda7ddd66395a,lower_limb_feet,healthy_skin,non_wound,CC BY 4.0,g1678,,Nomal/Female_normal-566.jpg,0.738
lower_limb_feet_5bff1469788392e1.jpg,5bff1469788392e11f50a051bbab9e24f4433bfaa058a3e49c659fa55c0a5ae0,lower_limb_feet,healthy_skin,non_wound,CC BY 4.0,g470,,Nomal/Female_normal-568.jpg,0.700
lower_limb_feet_f3ecc8d14af0896c.jpg,f3ecc8d14af0896c81fa913f2e8434788a383b17482bc5a044215c45f951de71,lower_limb_feet,healthy_skin,non_wound,CC BY 4.0,g471,,Nomal/Female_normal-569.jpg,0.740
lower_limb_feet_5cf1e855282f08d2.jpg,5cf1e855282f08d27a959c8e74499a3949b06d3dce50d584f0a30548846a6e9e,lower_limb_feet,healthy_skin,non_wound,CC BY 4.0,g472,,Nomal/Female_normal-570.jpg,0.739
lower_limb_feet_677d3c9b0e8cfa20.jpg,677d3c9b0e8cfa20ec9c499598f1146950a955f9ebc059e8c7e105062084cf10,lower_limb_feet,healthy_skin,non_wound,CC BY 4.0,g475,,Nomal/Female_normal-571.jpg,0.701
lower_limb_feet_1a9899c887d2202b.jpg,1a9899c887d2202b75873c1169ff29e54fa71083bc893032632bbca5f75d2ca3,lower_limb_feet,healthy_skin,non_wound,CC BY 4.0,g474,,Nomal/Female_normal-574.jpg,0.712
lower_limb_feet_63fa6d1ee5db3b4d.jpg,63fa6d1ee5db3b4d2844162544efe1d30433fcdd14becf63446fd324dc27397e,lower_limb_feet,healthy_skin,non_wound,CC BY 4.0,g475,,Nomal/Female_normal-576.jpg,0.701
lower_limb_feet_fd7e7f678eb8b689.jpg,fd7e7f678eb8b68903b2d244b1f7f3302d810e0150117c152ae7ca31260c6b1c,lower_limb_feet,healthy_skin,non_wound,CC BY 4.0,g1728,,Nomal/Female_normal-577.jpg,0.720
lower_limb_feet_7b4f9d676bfd65cc.jpg,7b4f9d676bfd65cc136e8220050b77c5eee475bc94274af31d63488b70de36a6,lower_limb_feet,healthy_skin,non_wound,CC BY 4.0,g1728,,Nomal/Female_normal-578.jpg,0.741
lower_limb_feet_803649084416ad73.jpg,803649084416ad732f71d8e73ae95113134d53ee8ed6e56e38fc8734808185ea,lower_limb_feet,healthy_skin,non_wound,CC BY 4.0,g478,,Nomal/Female_normal-579.jpg,0.737
lower_limb_feet_341e948968cba543.jpg,341e948968cba543dff2e42495ac70e1e1a982c874ef30f1e973c4f41fb110ae,lower_limb_feet,healthy_skin,non_wound,CC BY 4.0,g479,,Nomal/Female_normal-581.jpg,0.699
lower_limb_feet_cd2af1cdac5d0f98.jpg,cd2af1cdac5d0f98362fd85e0ecf5de9b8098d28c0f6a0a3b1105f79dbcc18af,lower_limb_feet,healthy_skin,non_wound,CC BY 4.0,g1728,,Nomal/Female_normal-582.jpg,0.736
lower_limb_feet_dc91492520bd5740.jpg,dc91492520bd57403db583f81732d8d19aa64a79c365b062f4f47978b6961313,lower_limb_feet,healthy_skin,non_wound,CC BY 4.0,g1678,,Nomal/Female_normal-585.jpg,0.734
lower_limb_feet_113f6cab745355f8.jpg,113f6cab745355f84f19935f9cbb86a4ce1c3f9503473151e7adbf635ee02ef8,lower_limb_feet,healthy_skin,non_wound,CC BY 4.0,g482,,Nomal/Female_normal-587.jpg,0.679
lower_limb_feet_f934938ae7c85b30.jpg,f934938ae7c85b307593f7f1a00740c0e69698c22e1885df9f530d0668ea6463,lower_limb_feet,healthy_skin,non_wound,CC BY 4.0,g1728,,Nomal/Female_normal-588.jpg,0.732
lower_limb_feet_48acedef73aed59f.jpg,48acedef73aed59fa625985254d4af5d3dbfb8fda9cf522c9eeb82424a0915ca,lower_limb_feet,healthy_skin,non_wound,CC BY 4.0,g1728,,Nomal/Female_normal-589.jpg,0.704
lower_limb_feet_41df070d929a21c0.jpg,41df070d929a21c0e4f24f79a61146604975c30fa1adfcd2c7496c7cb7772ec2,lower_limb_feet,healthy_skin,non_wound,CC BY 4.0,g485,,Nomal/Female_normal-591.jpg,0.716
lower_limb_feet_11291abcc97fb918.jpg,11291abcc97fb918a72a938c6324cf9c201efb1701908e8d3c4f08517d7fe220,lower_limb_feet,healthy_skin,non_wound,CC BY 4.0,g486,,Nomal/Female_normal-593.jpg,0.750
lower_limb_feet_95cc4d57a4f38e74.jpg,95cc4d57a4f38e74c2e2d24d16e183ac6b8bd8a6053201518caa4fd984a36cd0,lower_limb_feet,healthy_skin,non_wound,CC BY 4.0,g487,,Nomal/Female_normal-595.jpg,0.702
lower_limb_feet_ccfc86e5ab98b6ce.jpg,ccfc86e5ab98b6cecc9c18c307ba5dd4e4b8a96783331ab87bfdaa7c5882b14b,lower_limb_feet,healthy_skin,non_wound,CC BY 4.0,g488,,Nomal/Female_normal-596.jpg,0.726
lower_limb_feet_d8b634a0e3b8bef3.jpg,d8b634a0e3b8bef3c3e694b4f55467bbc9ca71761fd3306af72de113ca95f4fd,lower_limb_feet,healthy_skin,non_wound,CC BY 4.0,g1728,,Nomal/Female_normal-597.jpg,0.723
lower_limb_feet_b7aaac341b2f0514.jpg,b7aaac341b2f0514bf0f0451ff6bb8c9c2d942c768eda9b458cfb4ad619e7579,lower_limb_feet,healthy_skin,non_wound,CC BY 4.0,g1728,,Nomal/Female_normal-599.jpg,0.729
lower_limb_feet_ead3a4c46ca0b448.jpg,ead3a4c46ca0b4489b133c7f4a696934df94f45a75ec33551a2f18e14d218016,lower_limb_feet,healthy_skin,non_wound,CC BY 4.0,g491,,Nomal/Female_normal-600.jpg,0.698
lower_limb_feet_fd8dfa1d8d3ac13e.jpg,fd8dfa1d8d3ac13e93e891ed7957768481a842f32638ea5b3c5deef5ea68cd68,lower_limb_feet,healthy_skin,non_wound,CC BY 4.0,g492,,Nomal/Female_normal-602.jpg,0.719
lower_limb_feet_d9038eaccef7f535.jpg,d9038eaccef7f535fb681f333021771869d9a22d887e8e68b7ad03ab439b6c0e,lower_limb_feet,healthy_skin,non_wound,CC BY 4.0,g1728,,Nomal/Female_normal-603.jpg,0.711
lower_limb_feet_c69609d1b4780b08.jpg,c69609d1b4780b08ae678fc53ce0b834e059a24e6d25655bbecc746600155d8b,lower_limb_feet,healthy_skin,non_wound,CC BY 4.0,g494,,Nomal/Female_normal-606.jpg,0.725
lower_limb_feet_7d6b6ac4cf47b739.jpg,7d6b6ac4cf47b739c053e0726d13a832485909801c08702a68bf0314c13b5550,lower_limb_feet,healthy_skin,non_wound,CC BY 4.0,g495,,Nomal/Female_normal-608.jpg,0.717
lower_limb_feet_3e02d782359776e0.jpg,3e02d782359776e0d214fb756c13a1e7fc251eebc7fef417df39a0d2300876e9,lower_limb_feet,healthy_skin,non_wound,CC BY 4.0,g1728,,Nomal/Female_normal-609.jpg,0.718
lower_limb_feet_7800349e54656ca4.jpg,7800349e54656ca4f72462380111f6343893db5fc9d14808f088e2a459da66a7,lower_limb_feet,healthy_skin,non_wound,CC BY 4.0,g497,,Nomal/Female_normal-610.jpg,0.697
lower_limb_feet_7a1339d84939d7e2.jpg,7a1339d84939d7e2b01c38e53af2b9e657f95f7c102c23ec06862621ebda3bd0,lower_limb_feet,healthy_skin,non_wound,CC BY 4.0,g498,,Nomal/Female_normal-612.jpg,0.736
lower_limb_feet_0a53ec533211ce37.jpg,0a53ec533211ce37943f2b2d429ef1af0ad9a3d6880d0d527d246ea555f06cd7,lower_limb_feet,healthy_skin,non_wound,CC BY 4.0,g1728,,Nomal/Female_normal-613.jpg,0.716
lower_limb_feet_f6c9da73c8cb4c7f.jpg,f6c9da73c8cb4c7f4a3fc3ae64775fa8e48569bce6365bd2525bf764c20d59e6,lower_limb_feet,healthy_skin,non_wound,CC BY 4.0,g1728,,Nomal/Female_normal-614.jpg,0.698
lower_limb_feet_f51545396bf11d58.jpg,f51545396bf11d58e8d85b2d4aace5ff681fe351b1336a15cbdcb5bbfd0ba6f3,lower_limb_feet,healthy_skin,non_wound,CC BY 4.0,g501,,Nomal/Female_normal-615.jpg,0.708
lower_limb_feet_4c0b2209399f687d.jpg,4c0b2209399f687d53155e659e0a68e63a41706146adbd396747240c2b815928,lower_limb_feet,healthy_skin,non_wound,CC BY 4.0,g503,,Nomal/Female_normal-616.jpg,0.729
lower_limb_feet_15d62f58bc5af7b8.jpg,15d62f58bc5af7b8799ec08c014f56934d26d0d87851fc4475f5d5ff268dc614,lower_limb_feet,healthy_skin,non_wound,CC BY 4.0,g503,,Nomal/Female_normal-617.jpg,0.718
lower_limb_feet_d30d94b523f2fbd6.jpg,d30d94b523f2fbd699cee30b8748fc6ade96a9d25768e7220e900705a22da5b1,lower_limb_feet,healthy_skin,non_wound,CC BY 4.0,g1678,,Nomal/Female_normal-619.jpg,0.734
lower_limb_feet_41ca00b932456f75.jpg,41ca00b932456f75780b9ce6bce3563a50f5b6ee54d58b699519e2bd66bd9d1f,lower_limb_feet,healthy_skin,non_wound,CC BY 4.0,g1728,,Nomal/Female_normal-620.jpg,0.715
lower_limb_feet_5097fca066aa3d47.jpg,5097fca066aa3d473b6eed8e01cbb865b9f7ed939022e8d36b38ca88cd8f254e,lower_limb_feet,healthy_skin,non_wound,CC BY 4.0,g1728,,Nomal/Female_normal-621.jpg,0.712
lower_limb_feet_0db2cbdf1d18960b.jpg,0db2cbdf1d18960b2807b76f4cbc70b29a3444df3507662367e5284dd052b4eb,lower_limb_feet,healthy_skin,non_wound,CC BY 4.0,g507,,Nomal/Female_normal-622.jpg,0.740
lower_limb_feet_ec0bcc3047ba2a4b.jpg,ec0bcc3047ba2a4bf7c305d67c477ee7c68bf3ffff88853d450aed80295c84e7,lower_limb_feet,healthy_skin,non_wound,CC BY 4.0,g508,,Nomal/Female_normal-623.jpg,0.702
lower_limb_feet_cfea9d0bbd24338e.jpg,cfea9d0bbd24338e8d02b6d0a588b2a667cf7310b4448262ef9a41ecc05656da,lower_limb_feet,healthy_skin,non_wound,CC BY 4.0,g1728,,Nomal/Female_normal-624.jpg,0.697
lower_limb_feet_6d2c13f625298d56.jpg,6d2c13f625298d56c8b3b1e54fcfd272af26666a70f27cfebd4a3e82553cd297,lower_limb_feet,healthy_skin,non_wound,CC BY 4.0,g513,,Nomal/Female_normal-625.jpg,0.729
lower_limb_feet_f174b6b9731b5bfc.jpg,f174b6b9731b5bfccb26c7eedf3d8c2d92ee2dd9f1ca4a1a669954a9795695ab,lower_limb_feet,healthy_skin,non_wound,CC BY 4.0,g1728,,Nomal/Female_normal-628.jpg,0.721
lower_limb_feet_ff1d4cf397608aa9.jpg,ff1d4cf397608aa91a06fe93f5ee25f1b028ac0642c695891a993f12808b3426,lower_limb_feet,healthy_skin,non_wound,CC BY 4.0,g1728,,Nomal/Female_normal-629.jpg,0.717
lower_limb_feet_69df1e5232691dcc.jpg,69df1e5232691dccd99d41b32729bf0a5eb452bd765c61aae9d353f672868a46,lower_limb_feet,healthy_skin,non_wound,CC BY 4.0,g513,,Nomal/Female_normal-630.jpg,0.707
lower_limb_feet_8986272cf37fca7f.jpg,8986272cf37fca7f5f2a59bab882954c6a29a4598c4974b42c8f42f8622b9cff,lower_limb_feet,healthy_skin,non_wound,CC BY 4.0,g514,,Nomal/Female_normal-631.jpg,0.735
lower_limb_feet_759c81d577b71064.jpg,759c81d577b7106420ca94cedf70f83ac36651f8784eb145adef97d04e61cf03,lower_limb_feet,healthy_skin,non_wound,CC BY 4.0,g1678,,Nomal/Female_normal-632.jpg,0.729
lower_limb_feet_0e910d3bb4909288.jpg,0e910d3bb490928842b4f8183ab7ce0fcb58240add74294d1fb553a905aeaf61,lower_limb_feet,healthy_skin,non_wound,CC BY 4.0,g1728,,Nomal/Female_normal-633.jpg,0.749
lower_limb_feet_a4c26719d20ccff8.jpg,a4c26719d20ccff8621c819dcc5423205556e137eaecf763235f7edba88abd10,lower_limb_feet,healthy_skin,non_wound,CC BY 4.0,g1728,,Nomal/Female_normal-636.jpg,0.697
lower_limb_feet_82ef6ad49414f07e.jpg,82ef6ad49414f07e51a63cc7501a32437754aedecf4c592f06a24065306abd97,lower_limb_feet,healthy_skin,non_wound,CC BY 4.0,g1678,,Nomal/Female_normal-638.jpg,0.748
lower_limb_feet_f45ebb7aaedc77c5.jpg,f45ebb7aaedc77c50be17ba779cc91bf2ec457a13ddfa3ea5853cc31320ef1c2,lower_limb_feet,healthy_skin,non_wound,CC BY 4.0,g1728,,Nomal/Female_normal-639.jpg,0.719
lower_limb_feet_46629640b98b5041.jpg,46629640b98b5041ed1e1098ae6a21c678b84e0d8babd7fbe6466a3fcf6b29ab,lower_limb_feet,healthy_skin,non_wound,CC BY 4.0,g520,,Nomal/Female_normal-640.jpg,0.744
lower_limb_feet_b3af9f5b7c8d5de7.jpg,b3af9f5b7c8d5de725ba94f708e186f6396dfa2bbe2f39a66e0281ac549e770e,lower_limb_feet,healthy_skin,non_wound,CC BY 4.0,g521,,Nomal/Female_normal-641.jpg,0.718
lower_limb_feet_8e229ca1f7d36ead.jpg,8e229ca1f7d36eada79af0fde910e58e86f1145b2c477460a8ce3b060ecc527c,lower_limb_feet,healthy_skin,non_wound,CC BY 4.0,g522,,Nomal/Female_normal-642.jpg,0.728
lower_limb_feet_fddd24f8922468d1.jpg,fddd24f8922468d1b296c212dd8e94d8388176b85bc8c71a25cd8e01b09d7515,lower_limb_feet,healthy_skin,non_wound,CC BY 4.0,g1678,,Nomal/Female_normal-643.jpg,0.739
lower_limb_feet_6a34cc975d1ad41c.jpg,6a34cc975d1ad41c88968c595e5d5f5ec910fb217e470ebaea83e969274313c9,lower_limb_feet,healthy_skin,non_wound,CC BY 4.0,g1728,,Nomal/Female_normal-644.jpg,0.750
lower_limb_feet_a79ee2cc6c1f2c8a.jpg,a79ee2cc6c1f2c8a3d56f698438328abca1f4c9af28ec24dae3f4f7a6b49b571,lower_limb_feet,healthy_skin,non_wound,CC BY 4.0,g1728,,Nomal/Female_normal-651.jpg,0.739
lower_limb_feet_8647b04910da9470.jpg,8647b04910da9470978d734bf0de902672db45a51ec14d39bb6bcfea0285ef48,lower_limb_feet,healthy_skin,non_wound,CC BY 4.0,g526,,Nomal/Female_normal-655.jpg,0.734
lower_limb_feet_63efe06d7ffcdccb.jpg,63efe06d7ffcdccb1d7f2752cb5a00b682fb068ed4f6a65947ca0ecea61d5bd5,lower_limb_feet,healthy_skin,non_wound,CC BY 4.0,g527,,Nomal/Female_normal-658.jpg,0.728
lower_limb_feet_61d0d78150fe4526.jpg,61d0d78150fe4526836e77f3cb9b5649c816dd82a9e2a1d74b768b14bffa7f35,lower_limb_feet,healthy_skin,non_wound,CC BY 4.0,g528,,Nomal/Female_normal-660.jpg,0.725
lower_limb_feet_351e7ddbcb30fca4.jpg,351e7ddbcb30fca4fcd15bf768dc8da195477c729ba31239fb683bd9f7ae1cbf,lower_limb_feet,healthy_skin,non_wound,CC BY 4.0,g529,,Nomal/Female_normal-661.jpg,0.732
lower_limb_feet_cd6676b32cdca61d.jpg,cd6676b32cdca61d492d45188c5cd5aa46dd054a698e662a22b625de138fb94a,lower_limb_feet,healthy_skin,non_wound,CC BY 4.0,g530,,Nomal/Female_normal-663.jpg,0.707
lower_limb_feet_c2fa36d313d1224c.jpg,c2fa36d313d1224c395efeed1943fa6b064b2303cc8c9e851577ccc14392ce8d,lower_limb_feet,healthy_skin,non_wound,CC BY 4.0,g531,,Nomal/Female_normal-664.jpg,0.699
lower_limb_feet_1df9381b76f280a4.jpg,1df9381b76f280a48ce5a05b1f1e6ce9a8e4127e4e7c64269756e1567f653a53,lower_limb_feet,healthy_skin,non_wound,CC BY 4.0,g532,,Nomal/Female_normal-665.jpg,0.740
lower_limb_feet_c8c63607d89f14a2.jpg,c8c63607d89f14a2702e932ce6e74821b1ab86f948489d70060e7c6afbfa970d,lower_limb_feet,healthy_skin,non_wound,CC BY 4.0,g533,,Nomal/Female_normal-668.jpg,0.734
lower_limb_feet_310bfcf74a8a61ec.jpg,310bfcf74a8a61ec90abe768bae383cb6f8464e0b6750397d38ba65aa7e24a76,lower_limb_feet,healthy_skin,non_wound,CC BY 4.0,g534,,Nomal/Female_normal-669.jpg,0.660
lower_limb_feet_97086f4e7fbfc4f6.jpg,97086f4e7fbfc4f62fea9085ca0408180f7f6eb2f4defbab6525255176e48b9f,lower_limb_feet,healthy_skin,non_wound,CC BY 4.0,g535,,Nomal/Female_normal-672.jpg,0.743
lower_limb_feet_9c367bab5782f732.jpg,9c367bab5782f7321d8838068dc3d6ba616c21f76965bb0e838fc398504bfac1,lower_limb_feet,healthy_skin,non_wound,CC BY 4.0,g536,,Nomal/Female_normal-673.jpg,0.636
lower_limb_feet_2e0b4dea860e9bdf.jpg,2e0b4dea860e9bdf802ea6d711003008b7c0e60f5558253ed7da2b66cf5f6416,lower_limb_feet,healthy_skin,non_wound,CC BY 4.0,g537,,Nomal/Female_normal-674.jpg,0.717
lower_limb_feet_111ad6a0c415b082.jpg,111ad6a0c415b082ca785b58ca1df3992c1a8c30385dcb75e868b3cdca2783d5,lower_limb_feet,healthy_skin,non_wound,CC BY 4.0,g538,,Nomal/Female_normal-676.jpg,0.725
lower_limb_feet_f4fc731b3940fa04.jpg,f4fc731b3940fa04cc8f66ec7fb809c5619c29751eabdcee3bffbf889e4430e4,lower_limb_feet,healthy_skin,non_wound,CC BY 4.0,g539,,Nomal/Female_normal-678.jpg,0.745
lower_limb_feet_468d42c06ee5f701.jpg,468d42c06ee5f7017efb2f863674fa697b1f4b97711ee1fc11d156523457893d,lower_limb_feet,healthy_skin,non_wound,CC BY 4.0,g540,,Nomal/Female_normal-680.jpg,0.703
lower_limb_feet_254af7acff9681d6.jpg,254af7acff9681d618069ae66b7336f5accf6cd875a5bf44eb4f52f59a43cdf8,lower_limb_feet,healthy_skin,non_wound,CC BY 4.0,g541,,Nomal/Female_normal-681.jpg,0.688
lower_limb_feet_948680e5b0a41a87.jpg,948680e5b0a41a870f9cda924260bf8a90eb071ebfda920b91fb8f4ee22caf1f,lower_limb_feet,healthy_skin,non_wound,CC BY 4.0,g542,,Nomal/Female_normal-683.jpg,0.717
lower_limb_feet_f136cf21425e022c.jpg,f136cf21425e022cd43596b708a060008da871d10b6d736e523d53d7a36d25cb,lower_limb_feet,healthy_skin,non_wound,CC BY 4.0,g1728,,Nomal/Female_normal-685.jpg,0.720
lower_limb_feet_4c25524aa08ddc8f.jpg,4c25524aa08ddc8fee9ad5a70a3527550dfc7352bc977696a81451a111b03840,lower_limb_feet,healthy_skin,non_wound,CC BY 4.0,g544,,Nomal/Female_normal-686.jpg,0.742
lower_limb_feet_726b3e3ffa90877e.jpg,726b3e3ffa90877e6f7e1a991ce01386f0aa60bf839d4e814ee9892e68947eb6,lower_limb_feet,healthy_skin,non_wound,CC BY 4.0,g1728,,Nomal/Female_normal-687.jpg,0.728
lower_limb_feet_e67ee019ffba0a29.jpg,e67ee019ffba0a2990a314a6f25964b5cf3a37db92aed9f4d9cb1087249e15a1,lower_limb_feet,healthy_skin,non_wound,CC BY 4.0,g1728,,Nomal/Female_normal-688.jpg,0.744
lower_limb_feet_a97f50d6884e1270.jpg,a97f50d6884e12706e59a8fa27953e306c3673bdd2376787a9d1ee332f3962f7,lower_limb_feet,healthy_skin,non_wound,CC BY 4.0,g547,,Nomal/Female_normal-689.jpg,0.693
lower_limb_feet_f05969a6b7962b15.jpg,f05969a6b7962b15bfdaf8be58b6e34328da6a30b103f6bfa977dacc782ab973,lower_limb_feet,healthy_skin,non_wound,CC BY 4.0,g1678,,Nomal/Female_normal-690.jpg,0.739
lower_limb_feet_13dae1dbd33238bb.jpg,13dae1dbd33238bb47a5fbb9ab30de02474f5fbd273c099948932f8288287671,lower_limb_feet,healthy_skin,non_wound,CC BY 4.0,g1678,,Nomal/Female_normal-691.jpg,0.705
lower_limb_feet_c3e3c2cc6e7c8112.jpg,c3e3c2cc6e7c8112fd0b7006af70497cda4a0ff0e0c8966a8e592f3ed3ff7821,lower_limb_feet,healthy_skin,non_wound,CC BY 4.0,g1728,,Nomal/Female_normal-692.jpg,0.727
lower_limb_feet_936c5f8c92035005.jpg,936c5f8c92035005d91f15e99a54112a272bae9d754c84b0a69b53fcf5de21ef,lower_limb_feet,healthy_skin,non_wound,CC BY 4.0,g551,,Nomal/Female_normal-693.jpg,0.716
lower_limb_feet_22344e523e350f5e.jpg,22344e523e350f5e63e61caffc2d2054b9a95590e85134edbeaaf149db528799,lower_limb_feet,healthy_skin,non_wound,CC BY 4.0,g552,,Nomal/Female_normal-695.jpg,0.691
lower_limb_feet_a904e3cb4c3b3818.jpg,a904e3cb4c3b3818d57bb0676f1eaaa199023acda6b5877565f57c39c8bd9f20,lower_limb_feet,healthy_skin,non_wound,CC BY 4.0,g1728,,Nomal/Female_normal-698.jpg,0.712
lower_limb_feet_ec35030e1e3577c6.jpg,ec35030e1e3577c6da3487b7ac66eba0f470adebaa57297c31f69f504118cb22,lower_limb_feet,healthy_skin,non_wound,CC BY 4.0,g554,,Nomal/Female_normal-699.jpg,0.725
lower_limb_feet_ddaf1ded178bdb6e.jpg,ddaf1ded178bdb6e2e77bf7de42b987827eb4b947e0f39c20f861a71ccd84380,lower_limb_feet,healthy_skin,non_wound,CC BY 4.0,g1678,,Nomal/Female_normal-700.jpg,0.711
lower_limb_feet_6bcb2811d79bcb9d.jpg,6bcb2811d79bcb9d9a84aa682486b5d981c30c4eae151e8739a06960a7305835,lower_limb_feet,healthy_skin,non_wound,CC BY 4.0,g1728,,Nomal/Female_normal-702.jpg,0.748
lower_limb_feet_98c90f9f4c061a8f.jpg,98c90f9f4c061a8f15b3270f199c11918bcbdeaffb558a06bde5b544a6d30ed1,lower_limb_feet,healthy_skin,non_wound,CC BY 4.0,g1728,,Nomal/Female_normal-703.jpg,0.710
lower_limb_feet_fa5195205c46a497.jpg,fa5195205c46a497bde2065a2068893ecc18b39a47981bf1c6965ff05a25d7b5,lower_limb_feet,healthy_skin,non_wound,CC BY 4.0,g558,,Nomal/Female_normal-704.jpg,0.705
lower_limb_feet_3830afb3b4878823.jpg,3830afb3b487882375014eda8aabfd960aa54ba0bc9f283de141e37bb66e58a4,lower_limb_feet,healthy_skin,non_wound,CC BY 4.0,g1678,,Nomal/Female_normal-705.jpg,0.735
lower_limb_feet_5cbb8b3442e907ef.jpg,5cbb8b3442e907efb42d94be31c61d511330a1467a90acb34f5f3d7ddd2c6e73,lower_limb_feet,healthy_skin,non_wound,CC BY 4.0,g1728,,Nomal/Female_normal-706.jpg,0.718
lower_limb_feet_4f6e04cf13d0f1e3.jpg,4f6e04cf13d0f1e36ad1a6bbfb9f9c0aad347658c34e6fc6e156e676d0d010d9,lower_limb_feet,healthy_skin,non_wound,CC BY 4.0,g561,,Nomal/Female_normal-708.jpg,0.695
lower_limb_feet_27110a1c87158448.jpg,27110a1c871584480b00580212e12ff6fb3412ed7c0eb5575d35770410928b5c,lower_limb_feet,healthy_skin,non_wound,CC BY 4.0,g1728,,Nomal/Female_normal-711.jpg,0.730
lower_limb_feet_da07beefafcea9ea.jpg,da07beefafcea9eaff2aa36bf359aac52067857eac2c29248538a6d231fe20c9,lower_limb_feet,healthy_skin,non_wound,CC BY 4.0,g563,,Nomal/Female_normal-712.jpg,0.712
lower_limb_feet_6d256122cac48e62.jpg,6d256122cac48e62ebb84472a2fa8506129e08887ddf42fe08b96d0dfaadc682,lower_limb_feet,healthy_skin,non_wound,CC BY 4.0,g1728,,Nomal/Female_normal-714.jpg,0.749
lower_limb_feet_de0333d24acac2ad.jpg,de0333d24acac2adf609bf6327e8c47f6ee4d83566dcffb40f7651e6ccb357a1,lower_limb_feet,healthy_skin,non_wound,CC BY 4.0,g565,,Nomal/Female_normal-715.jpg,0.748
lower_limb_feet_14290e2dc9ed91fb.jpg,14290e2dc9ed91fbef10dd575a508463786af532251fc72c7b71e228446e049f,lower_limb_feet,healthy_skin,non_wound,CC BY 4.0,g566,,Nomal/Female_normal-716.jpg,0.736
lower_limb_feet_1c0019fc61541db7.jpg,1c0019fc61541db7ef0f4589bbd14b4d14d0193a3886c090e963db96c61ec96d,lower_limb_feet,healthy_skin,non_wound,CC BY 4.0,g567,,Nomal/Female_normal-717.jpg,0.694
lower_limb_feet_2dd54219c99f99dd.jpg,2dd54219c99f99dd309049443316176ca4aba921c04fc1dcca19d4777de8779d,lower_limb_feet,healthy_skin,non_wound,CC BY 4.0,g1678,,Nomal/Female_normal-720.jpg,0.720
lower_limb_feet_8a7e9630020fa591.jpg,8a7e9630020fa591aa0dcddc7aa04636d611151da0547192d4cf729b0fa28b79,lower_limb_feet,healthy_skin,non_wound,CC BY 4.0,g569,,Nomal/Female_normal-724.jpg,0.721
lower_limb_feet_a6111828c38815ac.jpg,a6111828c38815acfc55f1721c61f0bc8c63e9fd242bb695ca710371b200f985,lower_limb_feet,healthy_skin,non_wound,CC BY 4.0,g570,,Nomal/Female_normal-725.jpg,0.725
lower_limb_feet_86115dcd1892558d.jpg,86115dcd1892558db4f6b7e07f2c810967a843c770513692e4e90ff53579aadf,lower_limb_feet,healthy_skin,non_wound,CC BY 4.0,g1728,,Nomal/Female_normal-728.jpg,0.713
lower_limb_feet_b08a74c3e8f52fa9.jpg,b08a74c3e8f52fa90b8d74cbad1ce5816cbfdd149b7f3aa7f9e66029c5a1d0b2,lower_limb_feet,healthy_skin,non_wound,CC BY 4.0,g572,,Nomal/Female_normal-729.jpg,0.738
lower_limb_feet_cdd9d90ce4449929.jpg,cdd9d90ce44499299fdd3675048f5de03cc594c96ffb9c54d7a44b638af7fd76,lower_limb_feet,healthy_skin,non_wound,CC BY 4.0,g1678,,Nomal/Female_normal-730.jpg,0.747
lower_limb_feet_cbaed8364aad367c.jpg,cbaed8364aad367cc746313272423a64c50637bd21b8d5d68f7e096c7334a757,lower_limb_feet,healthy_skin,non_wound,CC BY 4.0,g1728,,Nomal/Female_normal-731.jpg,0.694
lower_limb_feet_f290cc79ea0197bd.jpg,f290cc79ea0197bd9b7216d9971d556d9be1642e6ce56dbf43fe887f79cabba4,lower_limb_feet,healthy_skin,non_wound,CC BY 4.0,g575,,Nomal/Female_normal-733.jpg,0.746
lower_limb_feet_e3b80e34122496bc.jpg,e3b80e34122496bc1ce8d33549d25c27a9ae8b1d8c1ac627f8d6fd74b5c48fc3,lower_limb_feet,healthy_skin,non_wound,CC BY 4.0,g1728,,Nomal/Female_normal-734.jpg,0.722
lower_limb_feet_f752423afea34f57.jpg,f752423afea34f5751827fc9f90db04b8e2c09c8bce888668692a6b329c4fc80,lower_limb_feet,healthy_skin,non_wound,CC BY 4.0,g577,,Nomal/Female_normal-736.jpg,0.713
lower_limb_feet_9e2958b06c5ca2cb.jpg,9e2958b06c5ca2cb135ee81f3a4236f68845ddd34b02d9ffa383bafe2cf3c86d,lower_limb_feet,healthy_skin,non_wound,CC BY 4.0,g578,,Nomal/Female_normal-737.jpg,0.732
lower_limb_feet_8a60ab653c5862cc.jpg,8a60ab653c5862cc300ad64a300a4ae8577001884b1a63c1f4e3401e2d5eec09,lower_limb_feet,healthy_skin,non_wound,CC BY 4.0,g1728,,Nomal/Female_normal-738.jpg,0.723
lower_limb_feet_fc7ad6e1ff93148a.jpg,fc7ad6e1ff93148a5a02c2d968ad6f96948d81609dc0916f85f31f5833967079,lower_limb_feet,healthy_skin,non_wound,CC BY 4.0,g580,,Nomal/Female_normal-739.jpg,0.705
lower_limb_feet_5ab3f105cc966e8e.jpg,5ab3f105cc966e8e28e75ccad69f12d92aaa94c1734c358e4856bf4035e0440e,lower_limb_feet,healthy_skin,non_wound,CC BY 4.0,g1728,,Nomal/Female_normal-740.jpg,0.731
lower_limb_feet_716d1ad8730c5c26.jpg,716d1ad8730c5c2628e5f49f68b5ef1bb90a2cd87a43271e701a8b281ba248b8,lower_limb_feet,healthy_skin,non_wound,CC BY 4.0,g1728,,Nomal/Female_normal-743.jpg,0.739
lower_limb_feet_ad71bd0106585330.jpg,ad71bd0106585330e2a04835de72e27dd89c4e9a1c3017661f47d5761909c78e,lower_limb_feet,healthy_skin,non_wound,CC BY 4.0,g583,,Nomal/Female_normal-745.jpg,0.725
lower_limb_feet_5f5e78207394f307.jpg,5f5e78207394f30793f3960a1d96bc69a8273e724788619d7dbb38172b7baba2,lower_limb_feet,healthy_skin,non_wound,CC BY 4.0,g584,,Nomal/Female_normal-747.jpg,0.693
lower_limb_feet_2a773875830ccdb9.jpg,2a773875830ccdb9275e9db21a4a8a6eacd61aa679ef671eb9fd037ca53015f7,lower_limb_feet,healthy_skin,non_wound,CC BY 4.0,g585,,Nomal/Female_normal-748.jpg,0.706
lower_limb_feet_9864170ba8c13814.jpg,9864170ba8c1381457ff9e3c801239fb2fc3603ced375fff0a27af8609cc91fb,lower_limb_feet,healthy_skin,non_wound,CC BY 4.0,g586,,Nomal/Female_normal-749.jpg,0.639
lower_limb_feet_d24b624e488866a7.jpg,d24b624e488866a77fdc8745655300b7c3923587d5c804d29fefe72951c1bb19,lower_limb_feet,healthy_skin,non_wound,CC BY 4.0,g587,,Nomal/Female_normal-750.jpg,0.720
lower_limb_feet_8ef8667cdfdf9523.jpg,8ef8667cdfdf9523c16c033f38ca41b6c08e6b00d773951b9a8cd758f9db5752,lower_limb_feet,healthy_skin,non_wound,CC BY 4.0,g588,,Nomal/Female_normal-751.jpg,0.720
lower_limb_feet_36aa01243ec1b15b.jpg,36aa01243ec1b15b83d17269419f2ff0596d81239ba632cd57af71f59f07e70b,lower_limb_feet,healthy_skin,non_wound,CC BY 4.0,g589,,Nomal/Female_normal-753.jpg,0.749
lower_limb_feet_6b9a124705b77dda.jpg,6b9a124705b77dda460353f5bea7bdbc6784d9a8dca8f85d775215b4f5bee18a,lower_limb_feet,healthy_skin,non_wound,CC BY 4.0,g590,,Nomal/Female_normal-754.jpg,0.742
lower_limb_feet_1ea2f7b763c328c5.jpg,1ea2f7b763c328c50256e78501435a2b85ed8a3369e56da12c73d932353ed03f,lower_limb_feet,healthy_skin,non_wound,CC BY 4.0,g591,,Nomal/Female_normal-755.jpg,0.720
lower_limb_feet_e1b52f3ae7461a95.jpg,e1b52f3ae7461a958dcafd758e8bd8905c9203663015fe30d06155df1649d463,lower_limb_feet,healthy_skin,non_wound,CC BY 4.0,g592,,Nomal/Female_normal-756.jpg,0.726
lower_limb_feet_511c3dba2b74804a.jpg,511c3dba2b74804a1dd1913a6018aa4a3ed2a342e6f561f9b6f725da2dcd3854,lower_limb_feet,healthy_skin,non_wound,CC BY 4.0,g1728,,Nomal/Female_normal-757.jpg,0.729
lower_limb_feet_fc7b24ec327ae0a8.jpg,fc7b24ec327ae0a8160ca58406f0f424ac07f990fb5a4da6c2cdee98564b8669,lower_limb_feet,healthy_skin,non_wound,CC BY 4.0,g1728,,Nomal/Female_normal-758.jpg,0.748
lower_limb_feet_a22e14aa9939386f.jpg,a22e14aa9939386f9527dfeac21b0678430440e24254c2e31e8959b5e8d38997,lower_limb_feet,healthy_skin,non_wound,CC BY 4.0,g595,,Nomal/Female_normal-760.jpg,0.713
lower_limb_feet_f1e5e13105fdd98f.jpg,f1e5e13105fdd98f791f81f76e0019ee3f4bd2917e8e8c5d7447c74fd86ffe96,lower_limb_feet,healthy_skin,non_wound,CC BY 4.0,g1678,,Nomal/Female_normal-761.jpg,0.737
lower_limb_feet_808421a364d17ec7.jpg,808421a364d17ec75fa91302b6590fdf19dcb46922783d8863e29e24f7843378,lower_limb_feet,healthy_skin,non_wound,CC BY 4.0,g1728,,Nomal/Female_normal-763.jpg,0.749
lower_limb_feet_7ae08a0af73258fc.jpg,7ae08a0af73258fcfddd8d727a43efa1d3b62324388b8408823ec22e024ab124,lower_limb_feet,healthy_skin,non_wound,CC BY 4.0,g1728,,Nomal/Female_normal-764.jpg,0.730
lower_limb_feet_27ed75bd2bf2a3be.jpg,27ed75bd2bf2a3be74e0c463c80524df5aaf92d5c864861ee3f1a58d68e95255,lower_limb_feet,healthy_skin,non_wound,CC BY 4.0,g1728,,Nomal/Female_normal-765.jpg,0.719
lower_limb_feet_63375122d9da8fa8.jpg,63375122d9da8fa8c0e6796f5ed493c50dd3a1a6ff822fc0c0f7d2aaf36d71cf,lower_limb_feet,healthy_skin,non_wound,CC BY 4.0,g600,,Nomal/Female_normal-766.jpg,0.711
lower_limb_feet_cef81efec6541e3c.jpg,cef81efec6541e3cd2fc38361bbc617945715b02dc6b216226067cb15e74fe93,lower_limb_feet,healthy_skin,non_wound,CC BY 4.0,g601,,Nomal/Female_normal-767.jpg,0.736
lower_limb_feet_e022cebc8e467b0b.jpg,e022cebc8e467b0b740d94720d90ae0cbab7f3f5537b3714b7efc5ae4699d55b,lower_limb_feet,healthy_skin,non_wound,CC BY 4.0,g602,,Nomal/Female_normal-769.jpg,0.690
lower_limb_feet_e84d30286f367ecc.jpg,e84d30286f367eccd452303f724c151aa71c2de9a5e53c4ec6c17f9b7de85d23,lower_limb_feet,healthy_skin,non_wound,CC BY 4.0,g603,,Nomal/Female_normal-770.jpg,0.745
lower_limb_feet_e4283b31b2e64fa6.jpg,e4283b31b2e64fa647c69c3c9919db7f39b211c29e792be81d1bc1506f33bddb,lower_limb_feet,healthy_skin,non_wound,CC BY 4.0,g1678,,Nomal/Female_normal-771.jpg,0.738
lower_limb_feet_d33551898b64f968.jpg,d33551898b64f968b5968ea743da1e2a6775c0943d759dd042fc032921ac2cb3,lower_limb_feet,healthy_skin,non_wound,CC BY 4.0,g1728,,Nomal/Female_normal-772.jpg,0.738
lower_limb_feet_9ef5216158df77f9.jpg,9ef5216158df77f95f37a1e948abb2436de59266af29714c2e7000c2e80d9b73,lower_limb_feet,healthy_skin,non_wound,CC BY 4.0,g606,,Nomal/Female_normal-773.jpg,0.738
lower_limb_feet_a0a3acffbcf24c9d.jpg,a0a3acffbcf24c9d3a13f3283c57301fe046bab86d4e950f1261332af74d08d5,lower_limb_feet,healthy_skin,non_wound,CC BY 4.0,g607,,Nomal/Female_normal-774.jpg,0.727
lower_limb_feet_9e0d06326312f5e2.jpg,9e0d06326312f5e21f9660a60e499db09f96e1dea92db749f4099d49ee4a9c7b,lower_limb_feet,healthy_skin,non_wound,CC BY 4.0,g608,,Nomal/Female_normal-775.jpg,0.744
lower_limb_feet_e87f655cf332499a.jpg,e87f655cf332499a74da1c66d8ad54edba9884afb21ef5c1278184b4cb6d4199,lower_limb_feet,healthy_skin,non_wound,CC BY 4.0,g1678,,Nomal/Female_normal-776.jpg,0.717
lower_limb_feet_07ff64f2880900dd.jpg,07ff64f2880900dd457db5dd02e756b80e9160079ea4d3107e248860b4c10c2e,lower_limb_feet,healthy_skin,non_wound,CC BY 4.0,g610,,Nomal/Male_Normal-0001.jpg,0.713
lower_limb_feet_fe0cb3456edeb451.jpg,fe0cb3456edeb451014d8dad2c886991dc8b420d669ef49c629ef76745166dc2,lower_limb_feet,healthy_skin,non_wound,CC BY 4.0,g1728,,Nomal/Male_Normal-0005.jpg,0.748
lower_limb_feet_acb97ed4c2540107.jpg,acb97ed4c254010777ad125cd1ce45f68711f49d10a0a746e054bf35e998d059,lower_limb_feet,healthy_skin,non_wound,CC BY 4.0,g1728,,Nomal/Male_Normal-0006.jpg,0.734
lower_limb_feet_f46408226e71dd8c.jpg,f46408226e71dd8c173d1f727f93d144b6daa5f319037f642629a8c01ae9180d,lower_limb_feet,healthy_skin,non_wound,CC BY 4.0,g613,,Nomal/Male_Normal-0007.jpg,0.742
lower_limb_feet_be4d6f180196bdc1.jpg,be4d6f180196bdc1e5d7debee0b6af16eefaa1b129405d5f8a77e74aab055ab7,lower_limb_feet,healthy_skin,non_wound,CC BY 4.0,g614,,Nomal/Male_Normal-0008.jpg,0.735
lower_limb_feet_afe2fbb743ad1ae1.jpg,afe2fbb743ad1ae1ec119d7d0ff727d9a44d6c5f81cbe7a99c24b1dfaf2e4572,lower_limb_feet,healthy_skin,non_wound,CC BY 4.0,g1728,,Nomal/Male_Normal-0011.jpg,0.699
lower_limb_feet_70b54847415f2e7e.jpg,70b54847415f2e7e4f88007968d73fee4657296f13fea0c2f6d1dfc536e4f87d,lower_limb_feet,healthy_skin,non_wound,CC BY 4.0,g1728,,Nomal/Male_Normal-0013.jpg,0.740
lower_limb_feet_5421b754931361e5.jpg,5421b754931361e5bf011710c909b5976922f51bcb19c90613a83aa21023669d,lower_limb_feet,healthy_skin,non_wound,CC BY 4.0,g1728,,Nomal/Male_Normal-0015.jpg,0.710
lower_limb_feet_d421d14e65d9265a.jpg,d421d14e65d9265aa3c80b13b6a6462830818f5db0eec5a2e8329b4e6dc1986a,lower_limb_feet,healthy_skin,non_wound,CC BY 4.0,g1678,,Nomal/Male_Normal-0017.jpg,0.737
lower_limb_feet_7089686bde39e06d.jpg,7089686bde39e06d73c472d0eb2833b7827ab185d4aec4421396663c026bca02,lower_limb_feet,healthy_skin,non_wound,CC BY 4.0,g619,,Nomal/Male_Normal-0019.jpg,0.745
lower_limb_feet_5a7b4df7c662fee6.jpg,5a7b4df7c662fee6f2266348925689e76d411befcb79a563bfcec92be168d173,lower_limb_feet,healthy_skin,non_wound,CC BY 4.0,g1672,,Nomal/Male_Normal-0020.jpg,0.736
lower_limb_feet_6e1715c796f9d402.jpg,6e1715c796f9d402818ab5e7bc9f8ece92e82f35e07e69e4a094f21f1cd3d94d,lower_limb_feet,healthy_skin,non_wound,CC BY 4.0,g1728,,Nomal/Male_Normal-0022.jpg,0.718
lower_limb_feet_5ddc2e84bcd123b4.jpg,5ddc2e84bcd123b456e892db015641d1c4bb6e8dae7f8af426187dcb3ec05f5f,lower_limb_feet,healthy_skin,non_wound,CC BY 4.0,g1728,,Nomal/Male_Normal-0023.jpg,0.725
lower_limb_feet_883592ef8efe6532.jpg,883592ef8efe6532b1bebdb756b00283ee2b0469cc1966fcd356a0c4b1da9886,lower_limb_feet,healthy_skin,non_wound,CC BY 4.0,g623,,Nomal/Male_Normal-0024.jpg,0.728
lower_limb_feet_881633ebd547da87.jpg,881633ebd547da87548afc35be1af0e3602a24921f1eb637d16d62733099741f,lower_limb_feet,healthy_skin,non_wound,CC BY 4.0,g624,,Nomal/Male_Normal-0025.jpg,0.726
lower_limb_feet_633d65bb36792384.jpg,633d65bb36792384d67e639c6e0510c0ed9ac6ed36522e5ffe84a7928071d63f,lower_limb_feet,healthy_skin,non_wound,CC BY 4.0,g1728,,Nomal/Male_Normal-0026.jpg,0.747
lower_limb_feet_1a0b7fd267125acd.jpg,1a0b7fd267125acdbc977351d20ac884107d4337ab2e49fd984b48d0bddd1368,lower_limb_feet,healthy_skin,non_wound,CC BY 4.0,g626,,Nomal/Male_Normal-0027.jpg,0.704
lower_limb_feet_ff738e280062f759.jpg,ff738e280062f759a647b164c3e31275708bce94e208eb274ea16f873d93f7e2,lower_limb_feet,healthy_skin,non_wound,CC BY 4.0,g1672,,Nomal/Male_Normal-0028.jpg,0.716
lower_limb_feet_dff007cb142ba402.jpg,dff007cb142ba4025c659b10326a02ed9f56d055fc3e1fb091efbdb18e26ecc2,lower_limb_feet,healthy_skin,non_wound,CC BY 4.0,g628,,Nomal/Male_Normal-0029.jpg,0.721
lower_limb_feet_2243d5c77b80b5a5.jpg,2243d5c77b80b5a5d5825bb77c411496bbc01b499337900443c960e3cbaa50b6,lower_limb_feet,healthy_skin,non_wound,CC BY 4.0,g1672,,Nomal/Male_Normal-0030.jpg,0.712
lower_limb_feet_eaef203d99e17a1c.jpg,eaef203d99e17a1c9465b18758d3e91dbe32b89215b4e2ef85d70806547493a4,lower_limb_feet,healthy_skin,non_wound,CC BY 4.0,g1728,,Nomal/Male_Normal-0031.jpg,0.707
lower_limb_feet_61ab44f071516a39.jpg,61ab44f071516a39a3d3532e61679fbb388d0f5f6be80f547634c836043ef0e5,lower_limb_feet,healthy_skin,non_wound,CC BY 4.0,g1728,,Nomal/Male_Normal-0034.jpg,0.711
lower_limb_feet_2966f57eab71bb00.jpg,2966f57eab71bb004e08ac1357055bee2b47adc209991a69177e560c7615881b,lower_limb_feet,healthy_skin,non_wound,CC BY 4.0,g632,,Nomal/Male_Normal-0036.jpg,0.740
lower_limb_feet_57dc28a5c5b8dcfe.jpg,57dc28a5c5b8dcfef92978976f773bf4e608584a60bc12f945690299ea2e0ba4,lower_limb_feet,healthy_skin,non_wound,CC BY 4.0,g633,,Nomal/Male_Normal-0037.jpg,0.694
lower_limb_feet_7bf3167a4f5f79c1.jpg,7bf3167a4f5f79c19389db7ab23ef0dce5c18d163304809b4f63c5f03c067c40,lower_limb_feet,healthy_skin,non_wound,CC BY 4.0,g634,,Nomal/Male_Normal-0038.jpg,0.733
lower_limb_feet_76b615210d89d885.jpg,76b615210d89d8859452207da283d218e895f8da85a4559a3818f644acfb54b1,lower_limb_feet,healthy_skin,non_wound,CC BY 4.0,g1728,,Nomal/Male_Normal-0041.jpg,0.700
lower_limb_feet_2dbfea3b71954098.jpg,2dbfea3b71954098d65414435174582ca0056e0dfd971023bf163b066b5d7077,lower_limb_feet,healthy_skin,non_wound,CC BY 4.0,g636,,Nomal/Male_Normal-0043.jpg,0.750
lower_limb_feet_2f2c67bbce1fc35d.jpg,2f2c67bbce1fc35d47cbcfad7d64956c170d07d28bb9217603f18abd46163225,lower_limb_feet,healthy_skin,non_wound,CC BY 4.0,g1728,,Nomal/Male_Normal-0044.jpg,0.721
lower_limb_feet_1167026799773caf.jpg,1167026799773cafc1600970ea1525bb7c8ade66dbf383512f0252c9061fe131,lower_limb_feet,healthy_skin,non_wound,CC BY 4.0,g1728,,Nomal/Male_Normal-0045.jpg,0.705
lower_limb_feet_20813f5c316fab8e.jpg,20813f5c316fab8e0d50ba36151d4f85032074baa4412d94ff98055397b87db0,lower_limb_feet,healthy_skin,non_wound,CC BY 4.0,g1728,,Nomal/Male_Normal-0046.jpg,0.732
lower_limb_feet_ea6c351911d67f6a.jpg,ea6c351911d67f6ab664a2c890d7c6005a06200367f3bc812acce1c404095bdc,lower_limb_feet,healthy_skin,non_wound,CC BY 4.0,g1678,,Nomal/Male_Normal-0047.jpg,0.722
lower_limb_feet_583489237029a275.jpg,583489237029a2754b04b447e8586c42750a1f6045b4a9095946253700357ba5,lower_limb_feet,healthy_skin,non_wound,CC BY 4.0,g641,,Nomal/Male_Normal-0049.jpg,0.714
lower_limb_feet_b7c11b50a37189ff.jpg,b7c11b50a37189ffd57bc0364c1e0827c5cedfae00916689a41fa4f38aaaf0d9,lower_limb_feet,healthy_skin,non_wound,CC BY 4.0,g642,,Nomal/Male_Normal-0052.jpg,0.720
lower_limb_feet_b81d3dbf7607c105.jpg,b81d3dbf7607c105ed6169f6274774bd593622b65ead06b3310d059f97bd2aa0,lower_limb_feet,healthy_skin,non_wound,CC BY 4.0,g1728,,Nomal/Male_Normal-0053.jpg,0.714
lower_limb_feet_cc757c588435a777.jpg,cc757c588435a7770b2e47d248cac9b10adfe7cb799c6bb7488a036b17d2212b,lower_limb_feet,healthy_skin,non_wound,CC BY 4.0,g1728,,Nomal/Male_Normal-0054.jpg,0.741
lower_limb_feet_3f13098b774bce7c.jpg,3f13098b774bce7ca9c30b8dba2f72f5c019fb7011bec8c5499b065e6d69fc70,lower_limb_feet,healthy_skin,non_wound,CC BY 4.0,g1728,,Nomal/Male_Normal-0055.jpg,0.735
lower_limb_feet_cb0e715772ac9311.jpg,cb0e715772ac93118da5f0f03d42b5fffa17fac63145c03ee149518f7d8b164a,lower_limb_feet,healthy_skin,non_wound,CC BY 4.0,g1728,,Nomal/Male_Normal-0060.jpg,0.686
lower_limb_feet_e5b9e69d7d17bf9d.jpg,e5b9e69d7d17bf9d612901d3e17b039968067983945df12f1e27bd200358d700,lower_limb_feet,healthy_skin,non_wound,CC BY 4.0,g1728,,Nomal/Male_Normal-0063.jpg,0.735
lower_limb_feet_852e4e1647862645.jpg,852e4e16478626454c001b6142cdc0dcb17d05b03b90fcd2aec6519d1fab8575,lower_limb_feet,healthy_skin,non_wound,CC BY 4.0,g1728,,Nomal/Male_Normal-0064.jpg,0.717
lower_limb_feet_37f613ff4a267619.jpg,37f613ff4a267619dca859fb7e4a56474d447b6d0d5bb8e6cffecd8879d07571,lower_limb_feet,healthy_skin,non_wound,CC BY 4.0,g649,,Nomal/Male_Normal-0065.jpg,0.725
lower_limb_feet_f342235c6621ac28.jpg,f342235c6621ac286dafad7f6838f5c7ecb1ee161c45e4cff5e73f26c583d457,lower_limb_feet,healthy_skin,non_wound,CC BY 4.0,g1678,,Nomal/Male_Normal-0066.jpg,0.748
lower_limb_feet_110d02aad523a615.jpg,110d02aad523a615bc81b2aeb285fe4270aa88569ef769cb5a518b4d97122388,lower_limb_feet,healthy_skin,non_wound,CC BY 4.0,g651,,Nomal/Male_Normal-0067.jpg,0.733
lower_limb_feet_4867478b709ed360.jpg,4867478b709ed3600adcbc4cdb959592d60d71118535a26d2037d26a433f9cc5,lower_limb_feet,healthy_skin,non_wound,CC BY 4.0,g1678,,Nomal/Male_Normal-0068.jpg,0.715
lower_limb_feet_a00e3278977c3056.jpg,a00e3278977c30562fe785fc0038ccc38b3c8b93d90bbc8a37dc32dd55d95f89,lower_limb_feet,healthy_skin,non_wound,CC BY 4.0,g1122,,Nomal/Male_Normal-0070.jpg,0.729
lower_limb_feet_f4a93510d7fd9c89.jpg,f4a93510d7fd9c89d315dfaef6ce7de6e0f99d04081094175caba6f2d5c8de04,lower_limb_feet,healthy_skin,non_wound,CC BY 4.0,g1728,,Nomal/Male_Normal-0071.jpg,0.746
lower_limb_feet_cfc3188ce4214a8b.jpg,cfc3188ce4214a8b4d02d43156cc1874c2a870aa58a64385b83bc2a3e101f4ec,lower_limb_feet,healthy_skin,non_wound,CC BY 4.0,g1728,,Nomal/Male_Normal-0073.jpg,0.729
lower_limb_feet_6721b48684619d9d.jpg,6721b48684619d9d9716579d480b8fc82997a2c89b151cbabc1a6efd677d6ebc,lower_limb_feet,healthy_skin,non_wound,CC BY 4.0,g1728,,Nomal/Male_Normal-0074.jpg,0.727
lower_limb_feet_f93c38ff727abf9a.jpg,f93c38ff727abf9aa7f5c4a4b7bb0b4266e6dae35c712da13a27632c663f3a56,lower_limb_feet,healthy_skin,non_wound,CC BY 4.0,g1678,,Nomal/Male_Normal-0076.jpg,0.743
lower_limb_feet_6189873461a88622.jpg,6189873461a886223ee74aff65e49806f4fa3e1aebe74f4d0a88762ea7b2d3e0,lower_limb_feet,healthy_skin,non_wound,CC BY 4.0,g1672,,Nomal/Male_Normal-0077.jpg,0.729
lower_limb_feet_076d830b0d4d6be0.jpg,076d830b0d4d6be0737bd997914fc6889b3764750bd24e9ef2a6df020f934b4c,lower_limb_feet,healthy_skin,non_wound,CC BY 4.0,g1678,,Nomal/Male_Normal-0078.jpg,0.731
lower_limb_feet_2139b6e9f15b648f.jpg,2139b6e9f15b648fe812bd9e16a65bb90572403966b8fe4370790bbe491ac58a,lower_limb_feet,healthy_skin,non_wound,CC BY 4.0,g660,,Nomal/Male_Normal-0079.jpg,0.727
lower_limb_feet_170607ddc826daa9.jpg,170607ddc826daa921a045b642ccfd36f1646b1ac96c0177df8d58cfd867c362,lower_limb_feet,healthy_skin,non_wound,CC BY 4.0,g1728,,Nomal/Male_Normal-0081.jpg,0.701
lower_limb_feet_9548cea4e7db7cf8.jpg,9548cea4e7db7cf86d225234dbd668efc7182ed33bdbb80fa83596dd0e63f554,lower_limb_feet,healthy_skin,non_wound,CC BY 4.0,g662,,Nomal/Male_Normal-0084.jpg,0.710
lower_limb_feet_af4e33646b640505.jpg,af4e33646b64050599262590b3945bbe085a4c2742620704b75b0cacbf990ef9,lower_limb_feet,healthy_skin,non_wound,CC BY 4.0,g1678,,Nomal/Male_Normal-0086.jpg,0.718
lower_limb_feet_9069721a0073b14c.jpg,9069721a0073b14c9148085f6b1e7adf75eba6e75aaa7d088070457d94d78fad,lower_limb_feet,healthy_skin,non_wound,CC BY 4.0,g1678,,Nomal/Male_Normal-0088.jpg,0.699
lower_limb_feet_3513ccef4025bb60.jpg,3513ccef4025bb602aa4891154d64f895aa32280cc92f0c53eb275291b434566,lower_limb_feet,healthy_skin,non_wound,CC BY 4.0,g1728,,Nomal/Male_Normal-0090.jpg,0.725
lower_limb_feet_8627df273c7eb84f.jpg,8627df273c7eb84fc7fe6ab8862241c48fbd5883e4b6e863ce1b537266e0d27d,lower_limb_feet,healthy_skin,non_wound,CC BY 4.0,g1728,,Nomal/Male_Normal-0091.jpg,0.690
lower_limb_feet_3dc5f23966200a55.jpg,3dc5f23966200a558ef78b4aadd9e9cd39e3ce04542cd011599227edb742151d,lower_limb_feet,healthy_skin,non_wound,CC BY 4.0,g1728,,Nomal/Male_Normal-0093.jpg,0.724
lower_limb_feet_940c9133256101e3.jpg,940c9133256101e3dccb158c5a433ebbba2dd1043763350959206c2e0a901da9,lower_limb_feet,healthy_skin,non_wound,CC BY 4.0,g1728,,Nomal/Male_Normal-0094.jpg,0.712
lower_limb_feet_107582d133c7e7b8.jpg,107582d133c7e7b8e2bc3e1d0e037e5871929afb7cf62d2886d67e0490cf739d,lower_limb_feet,healthy_skin,non_wound,CC BY 4.0,g1678,,Nomal/Male_Normal-0096.jpg,0.728
lower_limb_feet_b9ee6c4aca414050.jpg,b9ee6c4aca4140505a80378d81cd5dbdc50b0c64fc76d7c6f3ce2ab0b0b147fb,lower_limb_feet,healthy_skin,non_wound,CC BY 4.0,g1672,,Nomal/Male_Normal-0097.jpg,0.744
lower_limb_feet_02e71d4df7a7c5d5.jpg,02e71d4df7a7c5d53294a9a3ac974b268fcf606f5d8e00eead6e81231f222f77,lower_limb_feet,healthy_skin,non_wound,CC BY 4.0,g1693,,Nomal/Male_Normal-0099.jpg,0.749
lower_limb_feet_03901adaec686218.jpg,03901adaec68621884a52cd51a2634c6cc7d2f60efab39d120a8cca746f29744,lower_limb_feet,healthy_skin,non_wound,CC BY 4.0,g1728,,Nomal/Male_Normal-0103.jpg,0.729
lower_limb_feet_2b5ca98923408d5e.jpg,2b5ca98923408d5e71b0b2c019402777a8519d78502549f7b61b8ef7b598a46c,lower_limb_feet,healthy_skin,non_wound,CC BY 4.0,g1728,,Nomal/Male_Normal-0104.jpg,0.687
lower_limb_feet_6f0bc6c0f41c4455.jpg,6f0bc6c0f41c4455b3e3658d0e1f2c28db58ea2f69180a9532cbefe27262764a,lower_limb_feet,healthy_skin,non_wound,CC BY 4.0,g1728,,Nomal/Male_Normal-0105.jpg,0.722
lower_limb_feet_30a16d068622a7fa.jpg,30a16d068622a7fa3fd6de86285b13e69dfbb83e2dc60b808d739ed86cd2d0b9,lower_limb_feet,healthy_skin,non_wound,CC BY 4.0,g1672,,Nomal/Male_Normal-0107.jpg,0.717
lower_limb_feet_d057a4925db6930c.jpg,d057a4925db6930c0c38fb738c106695058105282c22377ae74482a122a4b458,lower_limb_feet,healthy_skin,non_wound,CC BY 4.0,g1678,,Nomal/Male_Normal-0108.jpg,0.731
lower_limb_feet_a33a5c6cfdf5337a.jpg,a33a5c6cfdf5337a624c14dce710cba010d60702f915ead2d8f85019dc2a8765,lower_limb_feet,healthy_skin,non_wound,CC BY 4.0,g677,,Nomal/Male_Normal-0109.jpg,0.721
lower_limb_feet_943a9ef6919a9f6d.jpg,943a9ef6919a9f6d43480e3ecd79414aebf0dfbd18518b45d29f0a5534ced939,lower_limb_feet,healthy_skin,non_wound,CC BY 4.0,g1728,,Nomal/Male_Normal-0110.jpg,0.719
lower_limb_feet_45490f8f5ea61c71.jpg,45490f8f5ea61c71d6d14c744969fb03a1e1fd8e3950c71c89334237b62ce294,lower_limb_feet,healthy_skin,non_wound,CC BY 4.0,g1728,,Nomal/Male_Normal-0111.jpg,0.692
lower_limb_feet_e1a10a6291bbd340.jpg,e1a10a6291bbd34051fbee0e2541b102805a36278f0b23145fa4509e3ccb746b,lower_limb_feet,healthy_skin,non_wound,CC BY 4.0,g680,,Nomal/Male_Normal-0113.jpg,0.742
lower_limb_feet_58e86a737ac5e22a.jpg,58e86a737ac5e22a5a734f07f19123c5ce9ffc1781001613f0e26f90dff72912,lower_limb_feet,healthy_skin,non_wound,CC BY 4.0,g1728,,Nomal/Male_Normal-0115.jpg,0.720
lower_limb_feet_9bcc8d79b76a3c5c.jpg,9bcc8d79b76a3c5ca2749f044f0f3876e4a9a050ac2e02a3f55357f08b5938bd,lower_limb_feet,healthy_skin,non_wound,CC BY 4.0,g1672,,Nomal/Male_Normal-0117.jpg,0.706
lower_limb_feet_a51f20dd88db385b.jpg,a51f20dd88db385b5a0edb88381073343b6da909f4ae344a6df862e7bad9c277,lower_limb_feet,healthy_skin,non_wound,CC BY 4.0,g1672,,Nomal/Male_Normal-0118.jpg,0.712
lower_limb_feet_b0b8e6fe17b062bc.jpg,b0b8e6fe17b062bc3413001a2afe08c92cbdc7f6ef99b5a4098d5089a46e65f4,lower_limb_feet,healthy_skin,non_wound,CC BY 4.0,g684,,Nomal/Male_Normal-0119.jpg,0.712
lower_limb_feet_6c2aa5ca08d198d0.jpg,6c2aa5ca08d198d0451fe5f2f6cfb5854daa07d4cf00d218401f8a81f312ff29,lower_limb_feet,healthy_skin,non_wound,CC BY 4.0,g685,,Nomal/Male_Normal-0122.jpg,0.719
lower_limb_feet_100acfb3b0ac7586.jpg,100acfb3b0ac7586d0882c5f66c8d53cef835e62533e574d12b847d98558306c,lower_limb_feet,healthy_skin,non_wound,CC BY 4.0,g686,,Nomal/Male_Normal-0125.jpg,0.704
lower_limb_feet_ed9f58f9714efd81.jpg,ed9f58f9714efd8126b95652bd0e7871683484ea951f79757901ee9258ea8d53,lower_limb_feet,healthy_skin,non_wound,CC BY 4.0,g1678,,Nomal/Male_Normal-0126.jpg,0.726
lower_limb_feet_de89bdb02a2a1454.jpg,de89bdb02a2a1454f026d64fb12ac03bd37bf3e4f7ac8fcb84831eaa8e208d8a,lower_limb_feet,healthy_skin,non_wound,CC BY 4.0,g688,,Nomal/Male_Normal-0129.jpg,0.735
lower_limb_feet_8a57f71a1bf5c65a.jpg,8a57f71a1bf5c65add34ce0248d7fe8f28f0e4bff64b2f572b2f0683a8052862,lower_limb_feet,healthy_skin,non_wound,CC BY 4.0,g1728,,Nomal/Male_Normal-0130.jpg,0.705
lower_limb_feet_5b9c068c88f06701.jpg,5b9c068c88f0670150b60b5b8766ca5f842d70befebe506bc881852c0d127905,lower_limb_feet,healthy_skin,non_wound,CC BY 4.0,g1728,,Nomal/Male_Normal-0131.jpg,0.730
lower_limb_feet_d413d54661d4943a.jpg,d413d54661d4943af797a21350483dc4ed0ae7ba8ba23e7807382c3fa4580f2a,lower_limb_feet,healthy_skin,non_wound,CC BY 4.0,g1728,,Nomal/Male_Normal-0132.jpg,0.727
lower_limb_feet_3f9cff4a996f0209.jpg,3f9cff4a996f0209ed7ccb96b134e5974c31c5ec7086ed0373fb230994d6eb70,lower_limb_feet,healthy_skin,non_wound,CC BY 4.0,g1728,,Nomal/Male_Normal-0133.jpg,0.745
lower_limb_feet_8d5a9284e43fe026.jpg,8d5a9284e43fe026522e09f611ce9a458facac412b9d13c7318461542b23d8fe,lower_limb_feet,healthy_skin,non_wound,CC BY 4.0,g1728,,Nomal/Male_Normal-0134.jpg,0.745
lower_limb_feet_eb25b4a39284f718.jpg,eb25b4a39284f718d2e2a331d152c9a148a472f2ecb3639817d68fc5fd23bfaf,lower_limb_feet,healthy_skin,non_wound,CC BY 4.0,g694,,Nomal/Male_Normal-0135.jpg,0.706
lower_limb_feet_52dbab9344d79c8b.jpg,52dbab9344d79c8bec6600ff983e513369d644aef51ba3cbddad1d37ef20173b,lower_limb_feet,healthy_skin,non_wound,CC BY 4.0,g695,,Nomal/Male_Normal-0137.jpg,0.710
lower_limb_feet_9dc0a45a324263f9.jpg,9dc0a45a324263f9a1d25b7e5877e5bb97760b40f06afd32b688a0bac0aa7d8c,lower_limb_feet,healthy_skin,non_wound,CC BY 4.0,g1728,,Nomal/Male_Normal-0140.jpg,0.705
lower_limb_feet_3ee1de8351c94f69.jpg,3ee1de8351c94f6934da0bd1eed9dd1f1d873f4b64ce0a5f71660f9ad94ba0b4,lower_limb_feet,healthy_skin,non_wound,CC BY 4.0,g1728,,Nomal/Male_Normal-0141.jpg,0.712
lower_limb_feet_f7cd246bfb789dee.jpg,f7cd246bfb789deebe592d9b4fcaefc96d80728c21db96a512767ef6b2f21ced,lower_limb_feet,healthy_skin,non_wound,CC BY 4.0,g1728,,Nomal/Male_Normal-0142.jpg,0.727
lower_limb_feet_9932d07c16dd5f6c.jpg,9932d07c16dd5f6c71a5648262d93e7e34b725b75b0bdb2d378fd7d62ed7614b,lower_limb_feet,healthy_skin,non_wound,CC BY 4.0,g1728,,Nomal/Male_Normal-0143.jpg,0.665
lower_limb_feet_316c52ef640daf4c.jpg,316c52ef640daf4c90e65f974d7a2de5d7d7b327ba31662b6ead4660bd5907eb,lower_limb_feet,healthy_skin,non_wound,CC BY 4.0,g1728,,Nomal/Male_Normal-0144.jpg,0.713
lower_limb_feet_7352497250bb1573.jpg,7352497250bb1573552c67fa226289953573eaeb56e0ce69495a20f252c2ea39,lower_limb_feet,healthy_skin,non_wound,CC BY 4.0,g1672,,Nomal/Male_Normal-0147.jpg,0.738
lower_limb_feet_65f3f27063b122ae.jpg,65f3f27063b122ae630d6bc823a80572021823d9cdfcc41594d55c181d48b1e7,lower_limb_feet,healthy_skin,non_wound,CC BY 4.0,g1626,,Nomal/Male_Normal-0148.jpg,0.734
lower_limb_feet_2a2dddbef2a11245.jpg,2a2dddbef2a11245abf760f04b644ae8c5475c8d3e7abb3129bde57618ea6278,lower_limb_feet,healthy_skin,non_wound,CC BY 4.0,g1728,,Nomal/Male_Normal-0150.jpg,0.708
lower_limb_feet_d69e6f126579f128.jpg,d69e6f126579f128eac381128e11763a26b73bccce3d834109fd09cf551deb2f,lower_limb_feet,healthy_skin,non_wound,CC BY 4.0,g1728,,Nomal/Male_Normal-0151.jpg,0.699
lower_limb_feet_076f3c27fcd0a80e.jpg,076f3c27fcd0a80e68fe1ec6e8e7cc4a0e01a052591dd1e6407eb1a8c01c1abd,lower_limb_feet,healthy_skin,non_wound,CC BY 4.0,g1728,,Nomal/Male_Normal-0152.jpg,0.729
lower_limb_feet_1a2a44db5c754a1a.jpg,1a2a44db5c754a1a65c5b073320ad49c9bec050f53f78b704c53db50c149239a,lower_limb_feet,healthy_skin,non_wound,CC BY 4.0,g1728,,Nomal/Male_Normal-0153.jpg,0.705
lower_limb_feet_3643395ee3349862.jpg,3643395ee3349862d94881229d4f44ded21edb3a3f6037f8cb6813493419971e,lower_limb_feet,healthy_skin,non_wound,CC BY 4.0,g1728,,Nomal/Male_Normal-0154.jpg,0.714
lower_limb_feet_fb8988e0b635e043.jpg,fb8988e0b635e043cf825d8922c32ad51d3be221bc3689ceeb67dbd11ab6cfcc,lower_limb_feet,healthy_skin,non_wound,CC BY 4.0,g1728,,Nomal/Male_Normal-0155.jpg,0.736
lower_limb_feet_a312b27c91d0a5ad.jpg,a312b27c91d0a5ada07b8f952483ae7217cc05d3e92b85352132715fa9664906,lower_limb_feet,healthy_skin,non_wound,CC BY 4.0,g1678,,Nomal/Male_Normal-0156.jpg,0.729
lower_limb_feet_6beb9581ed5818dc.jpg,6beb9581ed5818dc4154de7fbdde3e7e3b7cad1a0f2231cfa3f142e609b00e53,lower_limb_feet,healthy_skin,non_wound,CC BY 4.0,g710,,Nomal/Male_Normal-0159.jpg,0.722
lower_limb_feet_9d62227614259304.jpg,9d62227614259304e60da1a3b46eab6c903fd5aac61c29b2e63e74ab6ff497c5,lower_limb_feet,healthy_skin,non_wound,CC BY 4.0,g1122,,Nomal/Male_Normal-0160.jpg,0.715
lower_limb_feet_5504de402a60157d.jpg,5504de402a60157de04da6cfafd68303703b40b729ce9cd2faad7ea1f5d91cb8,lower_limb_feet,healthy_skin,non_wound,CC BY 4.0,g1728,,Nomal/Male_Normal-0161.jpg,0.695
lower_limb_feet_815f922c626cecd0.jpg,815f922c626cecd0a601fa68b78fd0e5f8e0a942f2be25df5b7f441b2a603fd1,lower_limb_feet,healthy_skin,non_wound,CC BY 4.0,g1728,,Nomal/Male_Normal-0164.jpg,0.704
lower_limb_feet_b28dde1562b66b98.jpg,b28dde1562b66b98cc81ab47f78bcbba581c7482506b337a955aa392d3b457f7,lower_limb_feet,healthy_skin,non_wound,CC BY 4.0,g1728,,Nomal/Male_Normal-0165.jpg,0.733
lower_limb_feet_461e397f5c9b4147.jpg,461e397f5c9b41472a8495a6cdaf628a016256ed20a8826758a4b08bdaf4cf56,lower_limb_feet,healthy_skin,non_wound,CC BY 4.0,g1678,,Nomal/Male_Normal-0166.jpg,0.745
lower_limb_feet_739f3f97e3988e08.jpg,739f3f97e3988e08ac0d11095394ae1678b59c79b68311e8d7aa10de77cedc15,lower_limb_feet,healthy_skin,non_wound,CC BY 4.0,g1678,,Nomal/Male_Normal-0168.jpg,0.745
lower_limb_feet_e326396a353232a0.jpg,e326396a353232a07aa2bf624d3440ec3c87390c1deba8a14e69bf42bafff18e,lower_limb_feet,healthy_skin,non_wound,CC BY 4.0,g1636,,Nomal/Male_Normal-0169.jpg,0.719
lower_limb_feet_bb2b5550612a0db5.jpg,bb2b5550612a0db5ccf5d5c534e41d24ea09e81a1fe035fcfb0df2a5de92d69f,lower_limb_feet,healthy_skin,non_wound,CC BY 4.0,g1728,,Nomal/Male_Normal-0171.jpg,0.717
lower_limb_feet_953c582df2d59d90.jpg,953c582df2d59d90ca62325388b58dcba2cf1b9dfec56d052b23b042ee5d5ef9,lower_limb_feet,healthy_skin,non_wound,CC BY 4.0,g1418,,Nomal/Male_Normal-0173.jpg,0.731
lower_limb_feet_3d529d7e0429e5b8.jpg,3d529d7e0429e5b8c3e8aa3b9cad6739d7494faba3e5f5d6cc8d95b8f31da581,lower_limb_feet,healthy_skin,non_wound,CC BY 4.0,g1728,,Nomal/Male_Normal-0174.jpg,0.710
lower_limb_feet_1fdb50fb6d229116.jpg,1fdb50fb6d229116e3e1a597dcf17f98a3842ae3704170e0448db16e8bc5f1fe,lower_limb_feet,healthy_skin,non_wound,CC BY 4.0,g721,,Nomal/Male_Normal-0175.jpg,0.735
lower_limb_feet_2e4a63bba37fa6a4.jpg,2e4a63bba37fa6a43bb4726d91f72bfc46b634bb1fc928e02156a5d2e326afad,lower_limb_feet,healthy_skin,non_wound,CC BY 4.0,g1728,,Nomal/Male_Normal-0176.jpg,0.720
lower_limb_feet_f2d7286fa2ff34f7.jpg,f2d7286fa2ff34f77ba4936e2b6d32de9063a39eff217eb14a495800c0fb839d,lower_limb_feet,healthy_skin,non_wound,CC BY 4.0,g723,,Nomal/Male_Normal-0181.jpg,0.718
lower_limb_feet_68152b87377d43aa.jpg,68152b87377d43aa3f723b63ef3a6f2447e44edb0999a94a99156a3df2b45b10,lower_limb_feet,healthy_skin,non_wound,CC BY 4.0,g1728,,Nomal/Male_Normal-0182.jpg,0.728
lower_limb_feet_5d82310d66fb8867.jpg,5d82310d66fb8867271cc7598c48fe6b830cc6edc7097c7fa1cc906dbba9e457,lower_limb_feet,healthy_skin,non_wound,CC BY 4.0,g1728,,Nomal/Male_Normal-0183.jpg,0.675
lower_limb_feet_945580e48a402206.jpg,945580e48a4022069c1897bcb584a3ad5cebae11c5895d43fffa9121e05f1bd4,lower_limb_feet,healthy_skin,non_wound,CC BY 4.0,g726,,Nomal/Male_Normal-0186.jpg,0.737
lower_limb_feet_887ee20bb81743dc.jpg,887ee20bb81743dc9668760341becaa389fa76ad5c4f7dc3634f53aa54d0ca28,lower_limb_feet,healthy_skin,non_wound,CC BY 4.0,g1678,,Nomal/Male_Normal-0189.jpg,0.737
lower_limb_feet_f8f0ca64833edb4b.jpg,f8f0ca64833edb4b43eb74bb958b3272dfd12bb17b882f68682751f530999882,lower_limb_feet,healthy_skin,non_wound,CC BY 4.0,g728,,Nomal/Male_Normal-0190.jpg,0.712
lower_limb_feet_b531a57a2cdcc33e.jpg,b531a57a2cdcc33e6d19fddbd34c4b9e4b841c18ff2554b79e801ebb852f14d8,lower_limb_feet,healthy_skin,non_wound,CC BY 4.0,g729,,Nomal/Male_Normal-0191.jpg,0.746
lower_limb_feet_1ce5913270c1c4b1.jpg,1ce5913270c1c4b10f79cae89fc7c6dbef12958af666f9283b3089610d8763b6,lower_limb_feet,healthy_skin,non_wound,CC BY 4.0,g730,,Nomal/Male_Normal-0192.jpg,0.732
lower_limb_feet_0ce531b3de5013cd.jpg,0ce531b3de5013cd3387e8d1f336d9ee7e187d3bd097ceb99e8c90ac39f04eb9,lower_limb_feet,healthy_skin,non_wound,CC BY 4.0,g731,,Nomal/Male_Normal-0196.jpg,0.737
lower_limb_feet_e32842eec0c41186.jpg,e32842eec0c41186507aab5eba32e8a9893a220a35b1f6571537b688cbd6fdb5,lower_limb_feet,healthy_skin,non_wound,CC BY 4.0,g732,,Nomal/Male_Normal-0197.jpg,0.740
lower_limb_feet_1146c738c91c90fb.jpg,1146c738c91c90fb3b21c39da1aa125294895d346cf3a4931ce65ba21360e31e,lower_limb_feet,healthy_skin,non_wound,CC BY 4.0,g733,,Nomal/Male_Normal-0198.jpg,0.725
lower_limb_feet_385995a4476c59d0.jpg,385995a4476c59d0e233c9714523ace10a8847ba838bc3edb4567f66d7db5303,lower_limb_feet,healthy_skin,non_wound,CC BY 4.0,g1728,,Nomal/Male_Normal-0200.jpg,0.726
lower_limb_feet_d86fb34b305a6cb6.jpg,d86fb34b305a6cb603c1b17733c88620176bc1d0a10bea2a43eae879af2e8d81,lower_limb_feet,healthy_skin,non_wound,CC BY 4.0,g735,,Nomal/Male_Normal-0201.jpg,0.728
lower_limb_feet_499802f807a3e2e6.jpg,499802f807a3e2e6ebf3bab5798f022e0e6a91457cb7774cf46319fc2aebdc3a,lower_limb_feet,healthy_skin,non_wound,CC BY 4.0,g736,,Nomal/Male_Normal-0203.jpg,0.709
lower_limb_feet_56e517594d2ef923.jpg,56e517594d2ef923fc7bc8068d5a0152d3a996074f2ec506952c5ce318142787,lower_limb_feet,healthy_skin,non_wound,CC BY 4.0,g737,,Nomal/Male_Normal-0206.jpg,0.743
lower_limb_feet_737ad0691c69bd8d.jpg,737ad0691c69bd8d109bbe2433a742498b20fe2af9bfa21daa98a9a64cd714ed,lower_limb_feet,healthy_skin,non_wound,CC BY 4.0,g738,,Nomal/Male_Normal-0207.jpg,0.737
lower_limb_feet_43b45d920fe96c24.jpg,43b45d920fe96c24f5f7164bd45ccbbf24d7dd72cf65686bfe42b1330613f947,lower_limb_feet,healthy_skin,non_wound,CC BY 4.0,g754,,Nomal/Male_Normal-0208.jpg,0.749
lower_limb_feet_db3cebebf8aae407.jpg,db3cebebf8aae407113a2e841d6c19009997aae437e1dcbb41b4fabcae0a8b9c,lower_limb_feet,healthy_skin,non_wound,CC BY 4.0,g1728,,Nomal/Male_Normal-0210.jpg,0.705
lower_limb_feet_e7b268105600f1e5.jpg,e7b268105600f1e548d1861fcc23367f9a8d1bffe56247e9af2e4e9fad8cef9b,lower_limb_feet,healthy_skin,non_wound,CC BY 4.0,g1728,,Nomal/Male_Normal-0212.jpg,0.727
lower_limb_feet_876acf4857aa086b.jpg,876acf4857aa086b9deaeb75cf3463c6f19a566870050351c662fa305ddd1b56,lower_limb_feet,healthy_skin,non_wound,CC BY 4.0,g742,,Nomal/Male_Normal-0213.jpg,0.745
lower_limb_feet_a34bf54714297980.jpg,a34bf54714297980101d9e4279c9ec2b4adf24831df6d06c967a6edbd66e7da7,lower_limb_feet,healthy_skin,non_wound,CC BY 4.0,g743,,Nomal/Male_Normal-0215.jpg,0.747
lower_limb_feet_4c3b9d067a5a8c48.jpg,4c3b9d067a5a8c4837b652ab8d286d89fe113d081d44afbdecf06ec94857119a,lower_limb_feet,healthy_skin,non_wound,CC BY 4.0,g744,,Nomal/Male_Normal-0217.jpg,0.722
lower_limb_feet_c6f6040796cfd4e2.jpg,c6f6040796cfd4e223d2ddebc22af2e43312c5e00ed6f5b2992ca21867e61faf,lower_limb_feet,healthy_skin,non_wound,CC BY 4.0,g745,,Nomal/Male_Normal-0218.jpg,0.737
lower_limb_feet_f02db376ad9a8a93.jpg,f02db376ad9a8a93d2fa903c74ab9253e74ca7a1656266429ecf81f16d968d07,lower_limb_feet,healthy_skin,non_wound,CC BY 4.0,g750,,Nomal/Male_Normal-0219.jpg,0.744
lower_limb_feet_c925ef4a4e00bd64.jpg,c925ef4a4e00bd64138f7ea1bd53a579c98bf662ae8de853d7e8a15b90ffd638,lower_limb_feet,healthy_skin,non_wound,CC BY 4.0,g747,,Nomal/Male_Normal-0222.jpg,0.726
lower_limb_feet_68e200d5dddbee7e.jpg,68e200d5dddbee7e7b39be3b06c09541e95270eb1fff0d34c2993e51107f0afc,lower_limb_feet,healthy_skin,non_wound,CC BY 4.0,g748,,Nomal/Male_Normal-0226.jpg,0.712
lower_limb_feet_5da8f3e77e354723.jpg,5da8f3e77e354723e5e31070198fa52aff00d94025b3061de3795b0648e0c1d1,lower_limb_feet,healthy_skin,non_wound,CC BY 4.0,g749,,Nomal/Male_Normal-0229.jpg,0.670
lower_limb_feet_b428338bfd0dff3b.jpg,b428338bfd0dff3b8c393e655fe8c5738610f5951690d29db809efb6e95237a4,lower_limb_feet,healthy_skin,non_wound,CC BY 4.0,g750,,Nomal/Male_Normal-0231.jpg,0.720
lower_limb_feet_441ab892d0a794cf.jpg,441ab892d0a794cf7344db8ee97962edcaeec9dabd883f9b8cecb2125366efe1,lower_limb_feet,healthy_skin,non_wound,CC BY 4.0,g766,,Nomal/Male_Normal-0239.jpg,0.724
lower_limb_feet_ec07abae9284bb25.jpg,ec07abae9284bb253ae8b34dcf6c0ce5cd17f4ea8bbea1b5751f9dd93d0795ab,lower_limb_feet,healthy_skin,non_wound,CC BY 4.0,g1728,,Nomal/Male_Normal-0244.jpg,0.697
lower_limb_feet_3da5d79d24b18be1.jpg,3da5d79d24b18be1dc3dfa19748254b7da84d4a2b7faeb3fb069583cffc95a60,lower_limb_feet,healthy_skin,non_wound,CC BY 4.0,g845,,Nomal/Male_Normal-0246.jpg,0.744
lower_limb_feet_cdac62535c1184cc.jpg,cdac62535c1184cc3f0aaadba7e6976a5d3d82a308647edb203d83ac8234c669,lower_limb_feet,healthy_skin,non_wound,CC BY 4.0,g754,,Nomal/Male_Normal-0249.jpg,0.739
lower_limb_feet_a3a92adfec85d16f.jpg,a3a92adfec85d16fb16423bf22fa8ac33cbece9db0cbab93b5a3b96cbd8296c7,lower_limb_feet,healthy_skin,non_wound,CC BY 4.0,g845,,Nomal/Male_Normal-0250.jpg,0.747
lower_limb_feet_ec0360713f488fd5.jpg,ec0360713f488fd5692ea5c850a6c0c528cd40e0d321ddcb665cca6a05527365,lower_limb_feet,healthy_skin,non_wound,CC BY 4.0,g756,,Nomal/Male_Normal-0255.jpg,0.746
lower_limb_feet_38e8b7bce7051bac.jpg,38e8b7bce7051bac55b269f8a7ef177bbdf8cee3b333b9e5e5626145aadc5002,lower_limb_feet,healthy_skin,non_wound,CC BY 4.0,g757,,Nomal/Male_Normal-0260.jpg,0.729
lower_limb_feet_88b4013cdd037c2b.jpg,88b4013cdd037c2bf602c7d170f1f602ecb1b80567217a027944b0153a23b1b0,lower_limb_feet,healthy_skin,non_wound,CC BY 4.0,g758,,Nomal/Male_Normal-0261.jpg,0.711
lower_limb_feet_3deb1d07e6a2d88e.jpg,3deb1d07e6a2d88e514022f49847b32d9ccd3cf6e1ece30bae643681ab241d85,lower_limb_feet,healthy_skin,non_wound,CC BY 4.0,g1728,,Nomal/Male_Normal-0263.jpg,0.703
lower_limb_feet_177fa2fbae513384.jpg,177fa2fbae51338441f67b0e9673646f9a68159ab89344e709cb950b3b5fef71,lower_limb_feet,healthy_skin,non_wound,CC BY 4.0,g764,,Nomal/Male_Normal-0264.jpg,0.670
lower_limb_feet_ebbcdcb673a3e537.jpg,ebbcdcb673a3e5373f5d2d92e5ce70dfcab689ab1d861f64f0257b66bfb4f75d,lower_limb_feet,healthy_skin,non_wound,CC BY 4.0,g761,,Nomal/Male_Normal-0265.jpg,0.735
lower_limb_feet_0d2719e91d33e9df.jpg,0d2719e91d33e9dfd8b05b286c8957cffd1fd3184d368663340d9d40c7043852,lower_limb_feet,healthy_skin,non_wound,CC BY 4.0,g1728,,Nomal/Male_Normal-0267.jpg,0.726
lower_limb_feet_c09224be6da806d8.jpg,c09224be6da806d845f8db7940c7c9f56b26c267c28f5e3bfd0f4040fbedcf44,lower_limb_feet,healthy_skin,non_wound,CC BY 4.0,g763,,Nomal/Male_Normal-0271.jpg,0.706
lower_limb_feet_f116f2bf63048c9f.jpg,f116f2bf63048c9f3982f3ad27e25b84ad7ff096b38b856248269304966b4aaa,lower_limb_feet,healthy_skin,non_wound,CC BY 4.0,g764,,Nomal/Male_Normal-0272.jpg,0.716
lower_limb_feet_f228ab20aba25aac.jpg,f228ab20aba25aac499ffdc9761a5d681c09397318f13453782e7f0855c7340c,lower_limb_feet,healthy_skin,non_wound,CC BY 4.0,g765,,Nomal/Male_Normal-0273.jpg,0.711
lower_limb_feet_00b71bffc00827f6.jpg,00b71bffc00827f61dbdd4fb6406ada196ff6567e98aaabce25589be948ac996,lower_limb_feet,healthy_skin,non_wound,CC BY 4.0,g766,,Nomal/Male_Normal-0274.jpg,0.687
lower_limb_feet_723ca8b26a5ebdd2.jpg,723ca8b26a5ebdd283ea68ff04536d544b674483c2ff7770b605d87f9d6344e2,lower_limb_feet,healthy_skin,non_wound,CC BY 4.0,g1728,,Nomal/Male_Normal-0275.jpg,0.716
lower_limb_feet_3a0b9c179261defc.jpg,3a0b9c179261defc87e0b62382db72cdd80b6d3d87e1c33aff7200a72044d78e,lower_limb_feet,healthy_skin,non_wound,CC BY 4.0,g768,,Nomal/Male_Normal-0276.jpg,0.718
lower_limb_feet_b76fcfd015d63be0.jpg,b76fcfd015d63be079a7ef43b6d1c9571a4c4087f3e47bcf12c865d3a0f49d8e,lower_limb_feet,healthy_skin,non_wound,CC BY 4.0,g845,,Nomal/Male_Normal-0277.jpg,0.718
lower_limb_feet_18ccb3b536ca9ff0.jpg,18ccb3b536ca9ff0f5b00bc102768b46a8532a3036dbdc7521d206fb2c18f550,lower_limb_feet,healthy_skin,non_wound,CC BY 4.0,g770,,Nomal/Male_Normal-0278.jpg,0.705
lower_limb_feet_9c570209b5d7bae9.jpg,9c570209b5d7bae933113b72ff94d29aaa327fd3ae384a09d1a8c7375f24ca02,lower_limb_feet,healthy_skin,non_wound,CC BY 4.0,g1728,,Nomal/Male_Normal-0279.jpg,0.714
lower_limb_feet_48c61311741e3ba9.jpg,48c61311741e3ba932536056fe62f563e706175c1b34f999093a9583aa4a49d2,lower_limb_feet,healthy_skin,non_wound,CC BY 4.0,g1728,,Nomal/Male_Normal-0280.jpg,0.714
lower_limb_feet_f093ceec666fb830.jpg,f093ceec666fb83075462044d143272ccb3918e5c58da9cd034ba01fc3d9805e,lower_limb_feet,healthy_skin,non_wound,CC BY 4.0,g1728,,Nomal/Male_Normal-0281.jpg,0.723
lower_limb_feet_0b4231962a78c09e.jpg,0b4231962a78c09e0ba615e10738594a762404892b50f777f94e8c778b3295c8,lower_limb_feet,healthy_skin,non_wound,CC BY 4.0,g1728,,Nomal/Male_Normal-0283.jpg,0.696
lower_limb_feet_c3d65517cc428810.jpg,c3d65517cc428810a4e1f2c8e62658cb6d166cfd7166b3934e7be53d6ae64173,lower_limb_feet,healthy_skin,non_wound,CC BY 4.0,g1728,,Nomal/Male_Normal-0284.jpg,0.703
lower_limb_feet_04299882d2fe3c6e.jpg,04299882d2fe3c6eff1f6a7d94cbe92109b8af6af329aa00b8c4f3727ee8fec6,lower_limb_feet,healthy_skin,non_wound,CC BY 4.0,g1728,,Nomal/Male_Normal-0285.jpg,0.707
lower_limb_feet_15e22b7ef68dd3fb.jpg,15e22b7ef68dd3fb48b5d718af9b4f0a83d40c0eeab0cdd600b98df78ee16139,lower_limb_feet,healthy_skin,non_wound,CC BY 4.0,g1728,,Nomal/Male_Normal-0287.jpg,0.721
lower_limb_feet_ef36dcba634a1458.jpg,ef36dcba634a145801b7550b243c5598b87b7448f2cf7ce7cd2a659d8895b8fe,lower_limb_feet,healthy_skin,non_wound,CC BY 4.0,g1678,,Nomal/Male_Normal-0288.jpg,0.730
lower_limb_feet_5d4be5c6aa7e78f2.jpg,5d4be5c6aa7e78f284ec0e0b05a05362749bd657a325db1d46d7dc3fc4b66584,lower_limb_feet,healthy_skin,non_wound,CC BY 4.0,g1728,,Nomal/Male_Normal-0289.jpg,0.730
lower_limb_feet_9d08a00bd2cf6d02.jpg,9d08a00bd2cf6d029855e7e217a49868a02fbe8d0282ddeab4b996c7ed52c288,lower_limb_feet,healthy_skin,non_wound,CC BY 4.0,g1728,,Nomal/Male_Normal-0291.jpg,0.746
lower_limb_feet_7ca24d71f4657d36.jpg,7ca24d71f4657d36485c2a32536d0f5d5defc2411dbea5e6ac23657a3fb00b12,lower_limb_feet,healthy_skin,non_wound,CC BY 4.0,g1728,,Nomal/Male_Normal-0292.jpg,0.721
lower_limb_feet_f3839c9e320b7bf2.jpg,f3839c9e320b7bf2f4a33e2e8cc1c06bc719ba18951db4b27922208e483fd486,lower_limb_feet,healthy_skin,non_wound,CC BY 4.0,g782,,Nomal/Male_Normal-0295.jpg,0.709
lower_limb_feet_b751866a19b616d1.jpg,b751866a19b616d12509091a9be3c55789ff42a69708008a05473fe2ea23cd6b,lower_limb_feet,healthy_skin,non_wound,CC BY 4.0,g783,,Nomal/Male_Normal-0296.jpg,0.735
lower_limb_feet_f64bffcde1884a53.jpg,f64bffcde1884a53093811c1fb0416b65549604ab039a7af5eb73f8e2655a200,lower_limb_feet,healthy_skin,non_wound,CC BY 4.0,g1728,,Nomal/Male_Normal-0298.jpg,0.695
lower_limb_feet_480e24469824f6bf.jpg,480e24469824f6bf77fc1a5d45aabede528039058d883337ce71c4940c499910,lower_limb_feet,healthy_skin,non_wound,CC BY 4.0,g1728,,Nomal/Male_Normal-0299.jpg,0.711
lower_limb_feet_20a5ef5eceaa5a77.jpg,20a5ef5eceaa5a770e4444ad67ee61b6417bf841d1da88dd7887b2c59429f244,lower_limb_feet,healthy_skin,non_wound,CC BY 4.0,g1728,,Nomal/Male_Normal-0300.jpg,0.716
lower_limb_feet_aa93ee2cb79fce4d.jpg,aa93ee2cb79fce4d0ef018c012b7cf5e15d2651c51f6f286c24825a33a41b93b,lower_limb_feet,healthy_skin,non_wound,CC BY 4.0,g1728,,Nomal/Male_Normal-0302.jpg,0.740
lower_limb_feet_b2568662a3fbffd7.jpg,b2568662a3fbffd7a1bf687f1eca0b44015f791ef792e79b9747b4689f7f59ce,lower_limb_feet,healthy_skin,non_wound,CC BY 4.0,g788,,Nomal/Male_Normal-0304.jpg,0.734
lower_limb_feet_b1c67ea7880ed908.jpg,b1c67ea7880ed908a5a0e16816be1c0b738bc89097a8c71aeef84fec11cbbf56,lower_limb_feet,healthy_skin,non_wound,CC BY 4.0,g1728,,Nomal/Male_Normal-0305.jpg,0.692
lower_limb_feet_acffcf89a5ed1f01.jpg,acffcf89a5ed1f012ce0043fd1210fe210ee0ac9b252b4e4cfc12b6045b77076,lower_limb_feet,healthy_skin,non_wound,CC BY 4.0,g1728,,Nomal/Male_Normal-0307.jpg,0.736
lower_limb_feet_bebcefd93659baf5.jpg,bebcefd93659baf52bdfe75ac027b1aff8f058f2461a090a101e1f462cd67b8d,lower_limb_feet,healthy_skin,non_wound,CC BY 4.0,g1728,,Nomal/Male_Normal-0313.jpg,0.731
lower_limb_feet_25999927ef0749bb.jpg,25999927ef0749bb121c4cad7933554694cf1d0ce1fd0388d4d01ba17d9a7e06,lower_limb_feet,healthy_skin,non_wound,CC BY 4.0,g1728,,Nomal/Male_Normal-0314.jpg,0.723
lower_limb_feet_6d632d7219dc1474.jpg,6d632d7219dc14741d5c06b01b652676c250e187ad3e3d282c63b65b854b67f2,lower_limb_feet,healthy_skin,non_wound,CC BY 4.0,g1728,,Nomal/Male_Normal-0315.jpg,0.737
lower_limb_feet_c3a32469637e6d95.jpg,c3a32469637e6d9505b5b6c68fee90f80acd8840f1c534047634f12595a4dfb3,lower_limb_feet,healthy_skin,non_wound,CC BY 4.0,g1728,,Nomal/Male_Normal-0316.jpg,0.707
lower_limb_feet_c8f87f97a9f0e5d4.jpg,c8f87f97a9f0e5d42de42b61c73d5241485754213e600ab8b104a122b8851aed,lower_limb_feet,healthy_skin,non_wound,CC BY 4.0,g1678,,Nomal/Male_Normal-0319.jpg,0.695
lower_limb_feet_3f512b729cced70d.jpg,3f512b729cced70dd28223eca376bf0d95bd5aeea743990b098eef2af4810115,lower_limb_feet,healthy_skin,non_wound,CC BY 4.0,g796,,Nomal/Male_Normal-0320.jpg,0.722
lower_limb_feet_a9d7a37b3382d335.jpg,a9d7a37b3382d33564abc6d313a013a8bac594d6ff95482897a2aad869795c54,lower_limb_feet,healthy_skin,non_wound,CC BY 4.0,g1728,,Nomal/Male_Normal-0322.jpg,0.719
lower_limb_feet_99b56e3254c3f79c.jpg,99b56e3254c3f79c64268d1fd37334e64a809a5549f0630cc87f29efc41bb1de,lower_limb_feet,healthy_skin,non_wound,CC BY 4.0,g1728,,Nomal/Male_Normal-0323.jpg,0.699
lower_limb_feet_cab08ad3600fd7b5.jpg,cab08ad3600fd7b5e22bb2d21d38fc67f48580f4faac0ea861bd1dd20e28fb43,lower_limb_feet,healthy_skin,non_wound,CC BY 4.0,g1728,,Nomal/Male_Normal-0324.jpg,0.719
lower_limb_feet_1ecf8ce06fbc30bc.jpg,1ecf8ce06fbc30bc02851bf36d4400c4abef5197d7100fac15b3189216a9cd12,lower_limb_feet,healthy_skin,non_wound,CC BY 4.0,g1728,,Nomal/Male_Normal-0325.jpg,0.726
lower_limb_feet_5b54c7a3b73a6852.jpg,5b54c7a3b73a68528f2fe1d3c46fdc59fdc4d81a6ac4cfc095e596393965461d,lower_limb_feet,healthy_skin,non_wound,CC BY 4.0,g801,,Nomal/Male_Normal-0326.jpg,0.715
lower_limb_feet_3bc46486628fad82.jpg,3bc46486628fad82525722850215893cf59a7f49f359ae13d8feb90cef154049,lower_limb_feet,healthy_skin,non_wound,CC BY 4.0,g824,,Nomal/Male_Normal-0327.jpg,0.743
lower_limb_feet_2394ee81918d103e.jpg,2394ee81918d103ee52a2de4f42efdc0a45e2edefc2ce4c504f1cf1535f23bdd,lower_limb_feet,healthy_skin,non_wound,CC BY 4.0,g1728,,Nomal/Male_Normal-0329.jpg,0.722
lower_limb_feet_446096e57eab50f2.jpg,446096e57eab50f2faeb4734d815fb9cb8557172b6f0b411de4104121a46ae77,lower_limb_feet,healthy_skin,non_wound,CC BY 4.0,g1728,,Nomal/Male_Normal-0331.jpg,0.743
lower_limb_feet_5e8322fe7bb4ba5d.jpg,5e8322fe7bb4ba5dd763ca6c77a9b57b61863d1286114ec0ac0668291270e44f,lower_limb_feet,healthy_skin,non_wound,CC BY 4.0,g1728,,Nomal/Male_Normal-0332.jpg,0.735
lower_limb_feet_f48ddd77ab3152be.jpg,f48ddd77ab3152be74639a36a3ce8d8d886ec8a529470b2884776374a7f155f2,lower_limb_feet,healthy_skin,non_wound,CC BY 4.0,g1728,,Nomal/Male_Normal-0333.jpg,0.711
lower_limb_feet_50925f515ebf0141.jpg,50925f515ebf0141801368a496b0573cab309e5da167d3d67135ec501ce5a161,lower_limb_feet,healthy_skin,non_wound,CC BY 4.0,g1728,,Nomal/Male_Normal-0334.jpg,0.726
lower_limb_feet_1b9d7c3694bb1034.jpg,1b9d7c3694bb1034f8a5efceec264a63866160ff1a51301ed9a8afaf46abb002,lower_limb_feet,healthy_skin,non_wound,CC BY 4.0,g808,,Nomal/Male_Normal-0335.jpg,0.671
lower_limb_feet_9c19e3b6b99b7f6c.jpg,9c19e3b6b99b7f6ced1520562b0329a1ecbb02d861bdf938c079ad79c1ff8d09,lower_limb_feet,healthy_skin,non_wound,CC BY 4.0,g809,,Nomal/Male_Normal-0336.jpg,0.727
lower_limb_feet_575b455ab940f7d2.jpg,575b455ab940f7d2a80d8318ce7fb5443ee7c414f80d8d02bbec29df1d5d0d8d,lower_limb_feet,healthy_skin,non_wound,CC BY 4.0,g1728,,Nomal/Male_Normal-0338.jpg,0.734
lower_limb_feet_1eaeb52b5338c91c.jpg,1eaeb52b5338c91c303ffe86d87b1c8861b8da205f2984de37e736e9e647a516,lower_limb_feet,healthy_skin,non_wound,CC BY 4.0,g811,,Nomal/Male_Normal-0339.jpg,0.738
lower_limb_feet_71b1a9b6c8c9021e.jpg,71b1a9b6c8c9021ec4bf1cf7c677b9a63bee63fdf2ff885ceb9bf6674372dd5b,lower_limb_feet,healthy_skin,non_wound,CC BY 4.0,g1728,,Nomal/Male_Normal-0341.jpg,0.678
lower_limb_feet_277b3133f26f928e.jpg,277b3133f26f928ee146b01b53ecbde220d2c6b866d8a84bb88313bb7d4868c1,lower_limb_feet,healthy_skin,non_wound,CC BY 4.0,g1678,,Nomal/Male_Normal-0343.jpg,0.699
lower_limb_feet_303ae3dac728924a.jpg,303ae3dac728924ab95371d11132361ce0258a9df2efd57fdacb00899fe40d63,lower_limb_feet,healthy_skin,non_wound,CC BY 4.0,g1728,,Nomal/Male_Normal-0346.jpg,0.739
lower_limb_feet_a50fc911d5f860a4.jpg,a50fc911d5f860a44c74a93618f353ff9035912c42ee789ebc70f3b3aa974b37,lower_limb_feet,healthy_skin,non_wound,CC BY 4.0,g822,,Nomal/Male_Normal-0348.jpg,0.715
lower_limb_feet_0df1505354d301d6.jpg,0df1505354d301d6ad9e8e5c6ac45198fb3a7bd8dc964a509d179feb351dd716,lower_limb_feet,healthy_skin,non_wound,CC BY 4.0,g1728,,Nomal/Male_Normal-0350.jpg,0.728
lower_limb_feet_7053e02ae1eec082.jpg,7053e02ae1eec0828ff3d7008ae7a210022f819b205df7792b20ee1108553929,lower_limb_feet,healthy_skin,non_wound,CC BY 4.0,g1728,,Nomal/Male_Normal-0353.jpg,0.711
lower_limb_feet_8a94cd94c579c501.jpg,8a94cd94c579c5010615c76a94ebedd2411177acf1562e77d56ac8e72fb59ff1,lower_limb_feet,healthy_skin,non_wound,CC BY 4.0,g820,,Nomal/Male_Normal-0354.jpg,0.707
lower_limb_feet_65e336eec5664456.jpg,65e336eec5664456e26ccbeece8df9cdbc35d983fb727086c54774e3e5152a22,lower_limb_feet,healthy_skin,non_wound,CC BY 4.0,g1728,,Nomal/Male_Normal-0356.jpg,0.715
lower_limb_feet_79954e174688861b.jpg,79954e174688861bcef0f24600e7b4a7adf60ba6faf604f61da78ac29234c253,lower_limb_feet,healthy_skin,non_wound,CC BY 4.0,g820,,Nomal/Male_Normal-0357.jpg,0.697
lower_limb_feet_9992f66c8bb94e03.jpg,9992f66c8bb94e03cb59e0f42f0d84e0e32cfce087f6fe4d7613434216269608,lower_limb_feet,healthy_skin,non_wound,CC BY 4.0,g821,,Nomal/Male_Normal-0359.jpg,0.701
lower_limb_feet_cc7bd09d8aaf36ec.jpg,cc7bd09d8aaf36ec867109bb43edbb563a9dbda592d4101f0f9048c9a12837c6,lower_limb_feet,healthy_skin,non_wound,CC BY 4.0,g822,,Nomal/Male_Normal-0361.jpg,0.711
lower_limb_feet_a37adec76ecc8a84.jpg,a37adec76ecc8a84383e192a123437db7b29a5d67bf14365d9e575e5be319225,lower_limb_feet,healthy_skin,non_wound,CC BY 4.0,g823,,Nomal/Male_Normal-0362.jpg,0.689
lower_limb_feet_f07ebe15b903afa6.jpg,f07ebe15b903afa619214457efc712eb15c4fa5536f8f96d3cb2df68fdbffa7b,lower_limb_feet,healthy_skin,non_wound,CC BY 4.0,g824,,Nomal/Male_Normal-0367.jpg,0.744
lower_limb_feet_74595cdbdbc60deb.jpg,74595cdbdbc60debfe1b69bdb33e84e391d079f03b5ced5fd7d76bafd4fd5af3,lower_limb_feet,healthy_skin,non_wound,CC BY 4.0,g1728,,Nomal/Male_Normal-0369.jpg,0.707
lower_limb_feet_a1493c8aaa4a3463.jpg,a1493c8aaa4a34630d5cdc3567447a4b7cf9141dd32e7c7878f32c0ba62d4536,lower_limb_feet,healthy_skin,non_wound,CC BY 4.0,g1728,,Nomal/Male_Normal-0371.jpg,0.708
lower_limb_feet_6907948978ae5af2.jpg,6907948978ae5af2d3ab83fa6582348345e1d9d91e12aa4a0a41b15ae9443f79,lower_limb_feet,healthy_skin,non_wound,CC BY 4.0,g1728,,Nomal/Male_Normal-0372.jpg,0.716
lower_limb_feet_f7ba556d81a3ad0e.jpg,f7ba556d81a3ad0ee4d81c5f3a45c97137b27dad78a6deb39ebb10972d0c1bc2,lower_limb_feet,healthy_skin,non_wound,CC BY 4.0,g828,,Nomal/Male_Normal-0373.jpg,0.693
lower_limb_feet_cc5fcb5440f057da.jpg,cc5fcb5440f057da866e4488e57c14c7cc86bee61890500167310287ee99b1fe,lower_limb_feet,healthy_skin,non_wound,CC BY 4.0,g829,,Nomal/Male_Normal-0374.jpg,0.693
lower_limb_feet_44737c3bdddc5149.jpg,44737c3bdddc514989ff4149457f126d6b19955403e54b69772623c447766bf1,lower_limb_feet,healthy_skin,non_wound,CC BY 4.0,g1678,,Nomal/Male_Normal-0375.jpg,0.715
lower_limb_feet_59d6d40d023fed73.jpg,59d6d40d023fed73177760c40080afb61065867e64de06ca2340cff1b0e43fc4,lower_limb_feet,healthy_skin,non_wound,CC BY 4.0,g1678,,Nomal/Male_Normal-0376.jpg,0.735
lower_limb_feet_8af093a5561c8199.jpg,8af093a5561c8199243b72367c75490c7dae5eaee211689f34d77d8b4d4f0322,lower_limb_feet,healthy_skin,non_wound,CC BY 4.0,g1728,,Nomal/Male_Normal-0377.jpg,0.743
lower_limb_feet_38ee5d5b3af8c386.jpg,38ee5d5b3af8c38638d538790a2b41fca3f46aca5f08124ac314c17f57cdabe9,lower_limb_feet,healthy_skin,non_wound,CC BY 4.0,g833,,Nomal/Male_Normal-0378.jpg,0.708
lower_limb_feet_97520a6ee1bdcbb0.jpg,97520a6ee1bdcbb0e06deb5489a157ddb07134945826359b5f79f69d662165ab,lower_limb_feet,healthy_skin,non_wound,CC BY 4.0,g1728,,Nomal/Male_Normal-0380.jpg,0.712
lower_limb_feet_bb44580bfeb712cc.jpg,bb44580bfeb712cc25e983ae0864eb2b47fd1509a62014a32f72f84d02f137b4,lower_limb_feet,healthy_skin,non_wound,CC BY 4.0,g1728,,Nomal/Male_Normal-0381.jpg,0.737
lower_limb_feet_8fb8ae0bb512ee78.jpg,8fb8ae0bb512ee787e23d5cce01a4322414bb0908196c27cc74863a9a648ebab,lower_limb_feet,healthy_skin,non_wound,CC BY 4.0,g836,,Nomal/Male_Normal-0383.jpg,0.728
lower_limb_feet_a50399d1da7f21b6.jpg,a50399d1da7f21b619936546421cee00000dd319a3a0ac931711de4308ac05bd,lower_limb_feet,healthy_skin,non_wound,CC BY 4.0,g1678,,Nomal/Male_Normal-0384.jpg,0.720
lower_limb_feet_2c7fae5e4365c401.jpg,2c7fae5e4365c401f374042d292c5742cfbddae5e29354069c6943dcb47d2866,lower_limb_feet,healthy_skin,non_wound,CC BY 4.0,g1728,,Nomal/Male_Normal-0386.jpg,0.734
lower_limb_feet_e59faca79cbc8ea9.jpg,e59faca79cbc8ea969ab8798b5e28780ed7b0ffb362ba0b83d5c5f0b41833789,lower_limb_feet,healthy_skin,non_wound,CC BY 4.0,g1728,,Nomal/Male_Normal-0388.jpg,0.723
lower_limb_feet_6ff4b70518ac4873.jpg,6ff4b70518ac487343135f2607e3218c7290abfec6ce79c0c0bce73edb181973,lower_limb_feet,healthy_skin,non_wound,CC BY 4.0,g1728,,Nomal/Male_Normal-0390.jpg,0.711
lower_limb_feet_7367ff976afdc427.jpg,7367ff976afdc427150b083308a3e932794dbfe03e74581c04530ae22bf2d40e,lower_limb_feet,healthy_skin,non_wound,CC BY 4.0,g841,,Nomal/Male_Normal-0391.jpg,0.746
lower_limb_feet_323b2b8a078e0ead.jpg,323b2b8a078e0ead78ce6f9b26c52e80effd175f2e2c4c3f918bb7727b2a3603,lower_limb_feet,healthy_skin,non_wound,CC BY 4.0,g1728,,Nomal/Male_Normal-0394.jpg,0.696
lower_limb_feet_de1babb3cc44ba41.jpg,de1babb3cc44ba41852893c57a0897fe0cd165b75168c5c1f32f52acf3855a13,lower_limb_feet,healthy_skin,non_wound,CC BY 4.0,g1728,,Nomal/Male_Normal-0396.jpg,0.704
lower_limb_feet_ec73a9467f3d9174.jpg,ec73a9467f3d917454680fa8a6a7c3d75ca77cacfc08a87217c5a6f77f29907f,lower_limb_feet,healthy_skin,non_wound,CC BY 4.0,g844,,Nomal/Male_Normal-0398.jpg,0.644
lower_limb_feet_03ebf809b131d8fa.jpg,03ebf809b131d8fa5e4892ee01b7e4a11274bb4d9d7b2f538ebd04071feae9ac,lower_limb_feet,healthy_skin,non_wound,CC BY 4.0,g845,,Nomal/Male_Normal-0399.jpg,0.743
lower_limb_feet_04395b808b9c0366.jpg,04395b808b9c0366c2ad403d57d500ee3dc965b2d29dac0f55dceaaa03670dde,lower_limb_feet,healthy_skin,non_wound,CC BY 4.0,g1728,,Nomal/Male_Normal-0401.jpg,0.740
lower_limb_feet_a4a483a201884cba.jpg,a4a483a201884cba1f0458bf46463e4b931caea13e7b02b669371b72815711d0,lower_limb_feet,healthy_skin,non_wound,CC BY 4.0,g1728,,Nomal/Male_Normal-0402.jpg,0.702
lower_limb_feet_82be9e8a16bc0ffc.jpg,82be9e8a16bc0ffc589670a759a89e2b17ac149094f30fdc1a95544c719dcfd8,lower_limb_feet,healthy_skin,non_wound,CC BY 4.0,g1728,,Nomal/Male_Normal-0403.jpg,0.736
lower_limb_feet_aaf73e1dddc498a6.jpg,aaf73e1dddc498a6840203af7391d0a65a9c182b829a691b127c828584bfdbfb,lower_limb_feet,healthy_skin,non_wound,CC BY 4.0,g1728,,Nomal/Male_Normal-0404.jpg,0.710
lower_limb_feet_ba1cbbf2e7d49fe7.jpg,ba1cbbf2e7d49fe7a942e8e4e5c55912cd7efb5c27e5e29470e86bc3c30db711,lower_limb_feet,healthy_skin,non_wound,CC BY 4.0,g1728,,Nomal/Male_Normal-0406.jpg,0.697
lower_limb_feet_ef6d816fe27289e8.jpg,ef6d816fe27289e8c99c52660023f7a3b7512a434f6d9c2a06fc076154cf6273,lower_limb_feet,healthy_skin,non_wound,CC BY 4.0,g1728,,Nomal/Male_Normal-0409.jpg,0.697
lower_limb_feet_d1afdc7bb9f61460.jpg,d1afdc7bb9f61460272bb1c86fded392c60917fc5a1f7e79a37ff1df54d0576d,lower_limb_feet,healthy_skin,non_wound,CC BY 4.0,g1728,,Nomal/Male_Normal-0411.jpg,0.736
lower_limb_feet_74f46485662120ea.jpg,74f46485662120eaabfbbb79af6ac0f3adf91c0894683ff39f4afd114b22fc5b,lower_limb_feet,healthy_skin,non_wound,CC BY 4.0,g1728,,Nomal/Male_Normal-0412.jpg,0.720
lower_limb_feet_df7346453b9e28ad.jpg,df7346453b9e28ad62f4ac933844b1f3fe7f852343f08d20b17dd803b6d2e8d1,lower_limb_feet,healthy_skin,non_wound,CC BY 4.0,g891,,Nomal/Male_Normal-0416.jpg,0.738
lower_limb_feet_d3bf8cc0affbb763.jpg,d3bf8cc0affbb7632b8c92827ac0615b0dd0fde11e07fcc56d475faf0d74a166,lower_limb_feet,healthy_skin,non_wound,CC BY 4.0,g1728,,Nomal/Male_Normal-0417.jpg,0.721
lower_limb_feet_cc522b66c30bcef0.jpg,cc522b66c30bcef00734a76cf51d67dcb7be62fb4f24b1983a76a78d2c9323ae,lower_limb_feet,healthy_skin,non_wound,CC BY 4.0,g1728,,Nomal/Male_Normal-0418.jpg,0.741
lower_limb_feet_9d330841afab3bb7.jpg,9d330841afab3bb77fbedaafaeca38e2bbbfdc3458834d059262de5723805f60,lower_limb_feet,healthy_skin,non_wound,CC BY 4.0,g1728,,Nomal/Male_Normal-0419.jpg,0.727
lower_limb_feet_23814f7fcac7b282.jpg,23814f7fcac7b2824976194516c9782487999d01e344215a0851d938493c1805,lower_limb_feet,healthy_skin,non_wound,CC BY 4.0,g1728,,Nomal/Male_Normal-0420.jpg,0.709
lower_limb_feet_bffc0cb008bad692.jpg,bffc0cb008bad692123d6b80ae753688539c94f4ef4c378783b5229c21674b1b,lower_limb_feet,healthy_skin,non_wound,CC BY 4.0,g1728,,Nomal/Male_Normal-0421.jpg,0.701
lower_limb_feet_623a33c69b34bb27.jpg,623a33c69b34bb27c119a2781897f3542588a77c1224bbd0a4364487d98a5503,lower_limb_feet,healthy_skin,non_wound,CC BY 4.0,g860,,Nomal/Male_Normal-0422.jpg,0.749
lower_limb_feet_c0c89a027d7603ed.jpg,c0c89a027d7603ed31d5584b5a9dee687f82b5771288723751e711c03b11dccb,lower_limb_feet,healthy_skin,non_wound,CC BY 4.0,g861,,Nomal/Male_Normal-0423.jpg,0.728
lower_limb_feet_6fe78d09829ef100.jpg,6fe78d09829ef10051a65a3884665dbfe9ee8d9efb9d1a050ddfa980e97f08e5,lower_limb_feet,healthy_skin,non_wound,CC BY 4.0,g864,,Nomal/Male_Normal-0426.jpg,0.731
lower_limb_feet_1ca71906b137ec3b.jpg,1ca71906b137ec3bf38198d0027446a63f084926d9204864875e2142ee5c0eb1,lower_limb_feet,healthy_skin,non_wound,CC BY 4.0,g863,,Nomal/Male_Normal-0428.jpg,0.693
lower_limb_feet_0117a67d7208b6d6.jpg,0117a67d7208b6d692f0cea1a091e09bc269fcc567be4146ef9c8b27b2ef3cbd,lower_limb_feet,healthy_skin,non_wound,CC BY 4.0,g864,,Nomal/Male_Normal-0429.jpg,0.742
lower_limb_feet_fba7eae88bfc58da.jpg,fba7eae88bfc58da341394a4e387792e6d316d47684912b70448a357445698b7,lower_limb_feet,healthy_skin,non_wound,CC BY 4.0,g1728,,Nomal/Male_Normal-0430.jpg,0.696
lower_limb_feet_2a7573c80c44df92.jpg,2a7573c80c44df92ef33582975b90ee264408590399e6d61a623d8839aac3239,lower_limb_feet,healthy_skin,non_wound,CC BY 4.0,g1728,,Nomal/Male_Normal-0433.jpg,0.728
lower_limb_feet_25f1d57faf198bb5.jpg,25f1d57faf198bb54624984f2ac83c2d7660591714ea5a8402d8e7c846009ef7,lower_limb_feet,healthy_skin,non_wound,CC BY 4.0,g1728,,Nomal/Male_Normal-0434.jpg,0.741
lower_limb_feet_92be0650ed3f1b9c.jpg,92be0650ed3f1b9c7eab3b65a0f65f88ce66962f215554486abd1df545c98e20,lower_limb_feet,healthy_skin,non_wound,CC BY 4.0,g1728,,Nomal/Male_Normal-0435.jpg,0.701
lower_limb_feet_1aaf77398be65c5d.jpg,1aaf77398be65c5d2bf4a8c556e6829a9fe432c7adc39671ca8d4c439e3bbba4,lower_limb_feet,healthy_skin,non_wound,CC BY 4.0,g1728,,Nomal/Male_Normal-0438.jpg,0.722
lower_limb_feet_c00ab767c7a36395.jpg,c00ab767c7a363951cbe3f04665472c35402ba008413b47c47d07e98e7a79763,lower_limb_feet,healthy_skin,non_wound,CC BY 4.0,g1728,,Nomal/Male_Normal-0441.jpg,0.710
lower_limb_feet_c7f03cb8e697e136.jpg,c7f03cb8e697e136b874a1ad6abbf24139b5f0f10b0f22d5a156d2416eb84a58,lower_limb_feet,healthy_skin,non_wound,CC BY 4.0,g1728,,Nomal/Male_Normal-0442.jpg,0.679
lower_limb_feet_adf65231446a8383.jpg,adf65231446a8383975f2632e63cef26e6ed8aa00727c1880141af0f6b417bfc,lower_limb_feet,healthy_skin,non_wound,CC BY 4.0,g873,,Nomal/Male_Normal-0443.jpg,0.724
lower_limb_feet_2310a2635532e120.jpg,2310a2635532e1208aa3dbdf2ef8e2edc60036f1fba19a429e2562d666edf883,lower_limb_feet,healthy_skin,non_wound,CC BY 4.0,g873,,Nomal/Male_Normal-0444.jpg,0.703
lower_limb_feet_cfecaef9c1a5c570.jpg,cfecaef9c1a5c5708b1fc8ef241dd4954ad393379597399a4bf3c885d0840e92,lower_limb_feet,healthy_skin,non_wound,CC BY 4.0,g874,,Nomal/Male_Normal-0445.jpg,0.704
lower_limb_feet_fb26572639b8667e.jpg,fb26572639b8667e99867fdd74b386e47f4bbac173f6dec8ecea7c11c139b3bb,lower_limb_feet,healthy_skin,non_wound,CC BY 4.0,g875,,Nomal/Male_Normal-0446.jpg,0.725
lower_limb_feet_62717a8f48942462.jpg,62717a8f48942462daafb19862f93dc0b06879cf2c2669ab494eb7273eff20db,lower_limb_feet,healthy_skin,non_wound,CC BY 4.0,g1728,,Nomal/Male_Normal-0449.jpg,0.716
lower_limb_feet_b69a7bd049b70a8b.jpg,b69a7bd049b70a8b29961d4c4148f433f4263b6f097f27debc505f929d4ed25b,lower_limb_feet,healthy_skin,non_wound,CC BY 4.0,g1728,,Nomal/Male_Normal-0450.jpg,0.727
lower_limb_feet_2b261341c54d40dd.jpg,2b261341c54d40dd30ed11e130317476a19ea59bf95afd2d4e81a51668f8ff75,lower_limb_feet,healthy_skin,non_wound,CC BY 4.0,g1728,,Nomal/Male_Normal-0452.jpg,0.725
lower_limb_feet_b3e90a361e8a8c49.jpg,b3e90a361e8a8c49ed5b7db6bc011ff9651d0dd7f4dc5f6e52fc2c9262d05b78,lower_limb_feet,healthy_skin,non_wound,CC BY 4.0,g1728,,Nomal/Male_Normal-0454.jpg,0.730
lower_limb_feet_31617857f026e71f.jpg,31617857f026e71f693b007b19b88ed883784eea1ed4768f888516fd20bd88d5,lower_limb_feet,healthy_skin,non_wound,CC BY 4.0,g880,,Nomal/Male_Normal-0456.jpg,0.727
lower_limb_feet_d734f004ac14ff6c.jpg,d734f004ac14ff6c7148f2a2b962db0eb18b0065ebdde26ab5ace7ff84714bc4,lower_limb_feet,healthy_skin,non_wound,CC BY 4.0,g1728,,Nomal/Male_Normal-0458.jpg,0.745
lower_limb_feet_19a51dcf73802c71.jpg,19a51dcf73802c71e67e84e90057868e95bec70937611ec7e9d11c7a343defaa,lower_limb_feet,healthy_skin,non_wound,CC BY 4.0,g1728,,Nomal/Male_Normal-0459.jpg,0.702
lower_limb_feet_3541deba436cb9e5.jpg,3541deba436cb9e57afc962c3774e9856b7ee25ae20d733d836200b3ab49b44c,lower_limb_feet,healthy_skin,non_wound,CC BY 4.0,g1728,,Nomal/Male_Normal-0460.jpg,0.733
lower_limb_feet_b27f6a4688232812.jpg,b27f6a4688232812abcb8687f6bac6c62127e4473b904b424505fd30ebce37ee,lower_limb_feet,healthy_skin,non_wound,CC BY 4.0,g1728,,Nomal/Male_Normal-0461.jpg,0.708
lower_limb_feet_e4be859186281b38.jpg,e4be859186281b383148bc4f834b0302f997df5acc30555d4b21f2976e84db11,lower_limb_feet,healthy_skin,non_wound,CC BY 4.0,g1728,,Nomal/Male_Normal-0463.jpg,0.734
lower_limb_feet_be4cad7d82006014.jpg,be4cad7d8200601473830c682c4d3e89018bec37d3204efbb89d5a0c38760c94,lower_limb_feet,healthy_skin,non_wound,CC BY 4.0,g1728,,Nomal/Male_Normal-0466.jpg,0.740
lower_limb_feet_b78587fd74f19d78.jpg,b78587fd74f19d788d0c9470e2aa3868d1c9f25ea18f3c430da32ed1e1361247,lower_limb_feet,healthy_skin,non_wound,CC BY 4.0,g1728,,Nomal/Male_Normal-0468.jpg,0.726
lower_limb_feet_172146f7ab1840a8.jpg,172146f7ab1840a8f6a02318c7ef52c1f4d80335e7f7e10956f96d2cda80125e,lower_limb_feet,healthy_skin,non_wound,CC BY 4.0,g1728,,Nomal/Male_Normal-0470.jpg,0.727
lower_limb_feet_85d57757c927a63e.jpg,85d57757c927a63e66e42b3295da3ec68aae0f48092c739f0e2cf84556d238a5,lower_limb_feet,healthy_skin,non_wound,CC BY 4.0,g1728,,Nomal/Male_Normal-0471.jpg,0.712
lower_limb_feet_30ae371287b55846.jpg,30ae371287b55846512de1775a56d00a115aceea98267e110706125c8e718c43,lower_limb_feet,healthy_skin,non_wound,CC BY 4.0,g890,,Nomal/Male_Normal-0472.jpg,0.720
lower_limb_feet_15d84b805e551ece.jpg,15d84b805e551ece4d0e7a298c1e7cd79f00a27877d9c8ae9e84a3dfa6a7e785,lower_limb_feet,healthy_skin,non_wound,CC BY 4.0,g891,,Nomal/Male_Normal-0473.jpg,0.743
lower_limb_feet_ee88a2c1f6c8f2c7.jpg,ee88a2c1f6c8f2c773a081a48d7198be0b45ed44b93919c6ca041ff92f1a7042,lower_limb_feet,healthy_skin,non_wound,CC BY 4.0,g1728,,Nomal/Male_Normal-0474.jpg,0.742
lower_limb_feet_01efc9cdfd918952.jpg,01efc9cdfd918952a768c5c2eff915fdfc3c24e49a1d1d642f8345e2b0df8650,lower_limb_feet,healthy_skin,non_wound,CC BY 4.0,g1728,,Nomal/Male_Normal-0476.jpg,0.732
lower_limb_feet_0ccfaab8cc19fcf8.jpg,0ccfaab8cc19fcf801e3fa6a15a10fc5c3e370c9dfbdb767216432b10fe26bf3,lower_limb_feet,healthy_skin,non_wound,CC BY 4.0,g1728,,Nomal/Male_Normal-0477.jpg,0.685
lower_limb_feet_ac3aa4e74d1a754e.jpg,ac3aa4e74d1a754e1a650f3725eca3fe51a504a53c8128f3be8ba403bbc3ce3d,lower_limb_feet,healthy_skin,non_wound,CC BY 4.0,g1728,,Nomal/Male_Normal-0478.jpg,0.725
lower_limb_feet_c9c8e1006a83336a.jpg,c9c8e1006a83336a5c7d695cac2e0036076395ee338d430c3ee2d2ff759d09c1,lower_limb_feet,healthy_skin,non_wound,CC BY 4.0,g1728,,Nomal/Male_Normal-0479.jpg,0.701
lower_limb_feet_41bc953b563f6f0c.jpg,41bc953b563f6f0c30d506c75ce0df2fbcf9350669213489f7e01af228b5b799,lower_limb_feet,healthy_skin,non_wound,CC BY 4.0,g898,,Nomal/Male_Normal-0480.jpg,0.714
lower_limb_feet_811de70257b40e9d.jpg,811de70257b40e9d1a0311c10fe5175a24d75c14dce536150990a3f4113babb8,lower_limb_feet,healthy_skin,non_wound,CC BY 4.0,g898,,Nomal/Male_Normal-0481.jpg,0.690
lower_limb_feet_ff242651f30add9a.jpg,ff242651f30add9a55eab90cc855d337e9c0180bb99385c9f2721a12b87eece4,lower_limb_feet,healthy_skin,non_wound,CC BY 4.0,g899,,Nomal/Male_Normal-0485.jpg,0.723
lower_limb_feet_8e811e3d7bf22576.jpg,8e811e3d7bf2257623a2be37eeb14fb523c7d116f00684a28db05be19bdcc875,lower_limb_feet,healthy_skin,non_wound,CC BY 4.0,g900,,Nomal/Male_Normal-0489.jpg,0.712
lower_limb_feet_d748a7fda221b318.jpg,d748a7fda221b3180a1226f2578a89c620205d12254de9225e0b86bba305bfb8,lower_limb_feet,healthy_skin,non_wound,CC BY 4.0,g1728,,Nomal/Male_Normal-0490.jpg,0.721
lower_limb_feet_b6d7c195276b4824.jpg,b6d7c195276b4824db27795ceb561e652f593a3629d6398881342fff85cfdfa7,lower_limb_feet,healthy_skin,non_wound,CC BY 4.0,g1728,,Nomal/Male_Normal-0492.jpg,0.739
lower_limb_feet_8049d5c35851195c.jpg,8049d5c35851195c9f131c6dfdfb7774b4fd457bb08b9eeb8fddfb14a838dcfd,lower_limb_feet,healthy_skin,non_wound,CC BY 4.0,g1728,,Nomal/Male_Normal-0493.jpg,0.717
lower_limb_feet_711837d321438fb0.jpg,711837d321438fb01b2e8aaf4cb7636c9c4faea326ad7d016b774845ca33ac7a,lower_limb_feet,healthy_skin,non_wound,CC BY 4.0,g904,,Nomal/Male_Normal-0494.jpg,0.709
lower_limb_feet_0dfad6420f0bc598.jpg,0dfad6420f0bc598d9c16efcf624c47a19b1bb2d1e72de0740fc8e3ddb827ecb,lower_limb_feet,healthy_skin,non_wound,CC BY 4.0,g905,,Nomal/Male_Normal-0495.jpg,0.707
lower_limb_feet_25b626b8d45ec6d9.jpg,25b626b8d45ec6d9e44781aed97e04e6ebd75033734fc5a0f682cb05d3fc68fc,lower_limb_feet,healthy_skin,non_wound,CC BY 4.0,g906,,Nomal/Male_Normal-0497.jpg,0.721
lower_limb_feet_d5cda8c3e924b94c.jpg,d5cda8c3e924b94cacf6599f8668b3886a4ab61e5ea955086220a258f2e6416b,lower_limb_feet,healthy_skin,non_wound,CC BY 4.0,g907,,Nomal/Male_Normal-0502.jpg,0.730
lower_limb_feet_5bdc3ce56a7bd1be.jpg,5bdc3ce56a7bd1bef9de3580c0299af00bb81c562ee6bdcd935009ae0630c99e,lower_limb_feet,healthy_skin,non_wound,CC BY 4.0,g1728,,Nomal/Male_Normal-0503.jpg,0.742
lower_limb_feet_550652dfdaa50b26.jpg,550652dfdaa50b2697da14214ac7114aa35ca76727da819af0f5926e17d317b2,lower_limb_feet,healthy_skin,non_wound,CC BY 4.0,g909,,Nomal/Male_Normal-0504.jpg,0.739
lower_limb_feet_4ebce1c6e4b355d7.jpg,4ebce1c6e4b355d71f7573037c8a52d230b5ed8fcbc394167afe51f01988372f,lower_limb_feet,healthy_skin,non_wound,CC BY 4.0,g910,,Nomal/Male_Normal-0505.jpg,0.723
lower_limb_feet_4e5d92e42313ad1a.jpg,4e5d92e42313ad1a5a5a4b6957cf2795d86cf388c267dd5fc85945922a1e232a,lower_limb_feet,healthy_skin,non_wound,CC BY 4.0,g1728,,Nomal/Male_Normal-0506.jpg,0.718
lower_limb_feet_d0e58540f78d7f0d.jpg,d0e58540f78d7f0de2c163f1b830a4f56a07192f0afea2e3898ff800af3eabe2,lower_limb_feet,healthy_skin,non_wound,CC BY 4.0,g1728,,Nomal/Male_Normal-0507.jpg,0.733
lower_limb_feet_b508d9a5b97efc6b.jpg,b508d9a5b97efc6baa611086838c4e00098d06909a3325801a2b5268cf6a21e4,lower_limb_feet,healthy_skin,non_wound,CC BY 4.0,g1728,,Nomal/Male_Normal-0508.jpg,0.722
lower_limb_feet_ca81d7062f57e2e9.jpg,ca81d7062f57e2e9ed84da711f8e65f8d6c679a405374f414818e9c5b80c8d9a,lower_limb_feet,healthy_skin,non_wound,CC BY 4.0,g1678,,Nomal/Male_Normal-0512.jpg,0.728
lower_limb_feet_9160891eda1d8c5e.jpg,9160891eda1d8c5e238cdbcbe6f337c1d0bb0cd9bbbbbff63f7110f41dc5171f,lower_limb_feet,healthy_skin,non_wound,CC BY 4.0,g1728,,Nomal/Male_Normal-0514.jpg,0.734
lower_limb_feet_183c0ec355914523.jpg,183c0ec35591452332420b03b735433b42bb3db6e5ba3cd6faf31c190b5aab68,lower_limb_feet,healthy_skin,non_wound,CC BY 4.0,g916,,Nomal/Male_Normal-0515.jpg,0.705
lower_limb_feet_2efdd243853484ad.jpg,2efdd243853484adf52138241cdc4d9e665e03a78e30ba175bdc9539e0c9af9a,lower_limb_feet,healthy_skin,non_wound,CC BY 4.0,g1728,,Nomal/Male_Normal-0516.jpg,0.749
lower_limb_feet_e8ac8338826cd9d3.jpg,e8ac8338826cd9d37bf582ee2be56dd741eef70c719f2b5075880953f740cac7,lower_limb_feet,healthy_skin,non_wound,CC BY 4.0,g918,,Nomal/Male_Normal-0518.jpg,0.712
lower_limb_feet_9616269673c8adcd.jpg,9616269673c8adcd7281f577c2b9c94a106dd1d788793fc98286374a84335361,lower_limb_feet,healthy_skin,non_wound,CC BY 4.0,g1728,,Nomal/Male_Normal-0519.jpg,0.720
lower_limb_feet_4e8ccceaa3ae5a6d.jpg,4e8ccceaa3ae5a6d902797308da42d27e1efdebbe82ad19e39ffe4847afdf6b0,lower_limb_feet,healthy_skin,non_wound,CC BY 4.0,g920,,Nomal/Male_Normal-0521.jpg,0.736
lower_limb_feet_60231def9c574693.jpg,60231def9c5746937e92b6ab957395e43cfe2cee11f19f83d5a166f70811d10f,lower_limb_feet,healthy_skin,non_wound,CC BY 4.0,g1728,,Nomal/Male_Normal-0522.jpg,0.749
lower_limb_feet_db90975af2280baa.jpg,db90975af2280baa71fbd6d229bc4bbc34e1e939f186262638b8474dc8264a41,lower_limb_feet,healthy_skin,non_wound,CC BY 4.0,g1728,,Nomal/Male_Normal-0525.jpg,0.735
lower_limb_feet_1ff3d78a6b65375e.jpg,1ff3d78a6b65375ecbdc1aaa9f1371ccad4559e7483fd68139fd2f1015522204,lower_limb_feet,healthy_skin,non_wound,CC BY 4.0,g1678,,Nomal/Male_Normal-0528.jpg,0.704
lower_limb_feet_bf3a4f1100be8149.jpg,bf3a4f1100be814926778f1e6b7c65f77aa6e8173736dfb52065c9d5f13938c4,lower_limb_feet,healthy_skin,non_wound,CC BY 4.0,g1678,,Nomal/Male_Normal-0529.jpg,0.710
lower_limb_feet_82eee7a0a675a641.jpg,82eee7a0a675a641dec9136e2313cf722e24886928f5c5e2bc50fae82f7db54a,lower_limb_feet,healthy_skin,non_wound,CC BY 4.0,g1728,,Nomal/Male_Normal-0530.jpg,0.728
lower_limb_feet_6f00eb28bc68f5a8.jpg,6f00eb28bc68f5a88f66ec15a7cdaad0d35e38e0a946e6dd3fd673a1b60444ca,lower_limb_feet,healthy_skin,non_wound,CC BY 4.0,g1728,,Nomal/Male_Normal-0532.jpg,0.713
lower_limb_feet_bfc275ab62266ab9.jpg,bfc275ab62266ab998af41730efc33999b8c1505b1dff431b24e2ca9f97e6240,lower_limb_feet,healthy_skin,non_wound,CC BY 4.0,g1728,,Nomal/Male_Normal-0535.jpg,0.736
lower_limb_feet_a491e2dde16ecb2e.jpg,a491e2dde16ecb2ee4a631e59ffd637d5861817fe778b4dad6ec67c8fefbce24,lower_limb_feet,healthy_skin,non_wound,CC BY 4.0,g1678,,Nomal/Male_Normal-0536.jpg,0.740
lower_limb_feet_c8c06f7cdb49a213.jpg,c8c06f7cdb49a2136d11ba1dac5cb68bc9a9d3cdddbff5fa04f39dceb0bd5319,lower_limb_feet,healthy_skin,non_wound,CC BY 4.0,g1678,,Nomal/Male_Normal-0537.jpg,0.718
lower_limb_feet_e909ed8c4b912354.jpg,e909ed8c4b912354460cb07dc3fa371f49bbdfa8767851a3b3aa725711fd7844,lower_limb_feet,healthy_skin,non_wound,CC BY 4.0,g1728,,Nomal/Male_Normal-0538.jpg,0.727
lower_limb_feet_f3083b1c17eb1b82.jpg,f3083b1c17eb1b821cc1d31d90c32c3b09531960d4513af85ea16df3f12486ec,lower_limb_feet,healthy_skin,non_wound,CC BY 4.0,g1728,,Nomal/Male_Normal-0539.jpg,0.722
lower_limb_feet_188dc1a1fe1cbf72.jpg,188dc1a1fe1cbf725581576c45dddda471c44ad4d29af309480166b04d62d863,lower_limb_feet,healthy_skin,non_wound,CC BY 4.0,g1728,,Nomal/Male_Normal-0540.jpg,0.679
lower_limb_feet_fa3a9f54a61fdc4f.jpg,fa3a9f54a61fdc4f9ce01d8f84992e9002853bdcd2ef901ffa57e3701462c870,lower_limb_feet,healthy_skin,non_wound,CC BY 4.0,g1728,,Nomal/Male_Normal-0541.jpg,0.702
lower_limb_feet_835de2fc0d1e3f9b.jpg,835de2fc0d1e3f9b5660a9218c154a24d23216152520d80b609b3377c597db66,lower_limb_feet,healthy_skin,non_wound,CC BY 4.0,g934,,Nomal/Male_Normal-0542.jpg,0.696
lower_limb_feet_e277ceba75a2edae.jpg,e277ceba75a2edaef542ed3a73024865075c1242bee8d611efc75680b1558825,lower_limb_feet,healthy_skin,non_wound,CC BY 4.0,g1678,,Nomal/Male_Normal-0545.jpg,0.724
lower_limb_feet_6c08e28630a9a257.jpg,6c08e28630a9a257bb6d01b389a6a66e5a63b0536f1d6a5a31fc448089416373,lower_limb_feet,healthy_skin,non_wound,CC BY 4.0,g1728,,Nomal/Male_Normal-0546.jpg,0.725
lower_limb_feet_70bada9cca738f25.jpg,70bada9cca738f25368da56b47ef6bbc5ff37352aca617c40dbcf308dd603977,lower_limb_feet,healthy_skin,non_wound,CC BY 4.0,g937,,Nomal/Male_Normal-0547.jpg,0.731
lower_limb_feet_845d4153397f14c5.jpg,845d4153397f14c52151bfaf3c03e762df05e3266aed0bb0daf59ddfb7f6280e,lower_limb_feet,healthy_skin,non_wound,CC BY 4.0,g1728,,Nomal/Male_Normal-0548.jpg,0.704
lower_limb_feet_199c75c65fe1d368.jpg,199c75c65fe1d368b5b07db125bd6f2dd1370eb4ad91b0151e7e4e069ded5f7e,lower_limb_feet,healthy_skin,non_wound,CC BY 4.0,g1728,,Nomal/Male_Normal-0549.jpg,0.700
lower_limb_feet_89f9231d6db5a2f3.jpg,89f9231d6db5a2f3384c0e5464241d016754d7a511b905352b3fe78f1708c7d3,lower_limb_feet,healthy_skin,non_wound,CC BY 4.0,g1728,,Nomal/Male_Normal-0550.jpg,0.686
lower_limb_feet_497ec28a9d07ff01.jpg,497ec28a9d07ff012fcc00cabab3ab3fe5efb2402f82706609e24b1298e64c61,lower_limb_feet,healthy_skin,non_wound,CC BY 4.0,g1728,,Nomal/Male_Normal-0551.jpg,0.750
lower_limb_feet_e3d25a887066e754.jpg,e3d25a887066e75466c096a52a62c775e04583aeac8d9f848e2a8ef0e7b08037,lower_limb_feet,healthy_skin,non_wound,CC BY 4.0,g942,,Nomal/Male_Normal-0554.jpg,0.700
lower_limb_feet_246bee085c3c6b53.jpg,246bee085c3c6b530b4a7d9860eeb59f3a9749634f8a17ce97b25d983c79419a,lower_limb_feet,healthy_skin,non_wound,CC BY 4.0,g943,,Nomal/Male_Normal-0556.jpg,0.704
lower_limb_feet_7ab7f520bbcfacb4.jpg,7ab7f520bbcfacb49ddabc48c3fea62df17c4d4c7038bf85161efc40a7c39a6d,lower_limb_feet,healthy_skin,non_wound,CC BY 4.0,g1728,,Nomal/Male_Normal-0557.jpg,0.716
lower_limb_feet_266e7b05d130916d.jpg,266e7b05d130916dc07c1e67ce1acf94b587f63ae7453e2e57ef573f5fb31950,lower_limb_feet,healthy_skin,non_wound,CC BY 4.0,g1728,,Nomal/Male_Normal-0558.jpg,0.704
lower_limb_feet_e86573cc0bfccd48.jpg,e86573cc0bfccd48e5abe6047d0c337d07960408dee758bf32d99b48402210f0,lower_limb_feet,healthy_skin,non_wound,CC BY 4.0,g946,,Nomal/Male_Normal-0559.jpg,0.746
lower_limb_feet_329bbbaecf899fb1.jpg,329bbbaecf899fb1297fbc83f26742ae7e13459056fd36fa36f2f61efcfad35e,lower_limb_feet,healthy_skin,non_wound,CC BY 4.0,g947,,Nomal/Male_Normal-0560.jpg,0.739
lower_limb_feet_d4e5c8ec34c59ceb.jpg,d4e5c8ec34c59cebd156946586efb5533ebe2c90773ebf9c6063e42e1b168f59,lower_limb_feet,healthy_skin,non_wound,CC BY 4.0,g1728,,Nomal/Male_Normal-0562.jpg,0.728
lower_limb_feet_eac49f92d216bd20.jpg,eac49f92d216bd20bbfbbf31a3fe52358da927bb4a7bf13077d33394dafb4771,lower_limb_feet,healthy_skin,non_wound,CC BY 4.0,g1728,,Nomal/Male_Normal-0563.jpg,0.736
lower_limb_feet_be1054b2d8643c22.jpg,be1054b2d8643c223965b4377ea394e84f379c0f7a403e48341c7f5c507c53b9,lower_limb_feet,healthy_skin,non_wound,CC BY 4.0,g1728,,Nomal/Male_Normal-0565.jpg,0.742
lower_limb_feet_d952609841f526cd.jpg,d952609841f526cd9d0f440c7559e08d0c0bb2bbce8ad99a24e872f66cf6aedc,lower_limb_feet,healthy_skin,non_wound,CC BY 4.0,g1728,,Nomal/Male_Normal-0566.jpg,0.712
lower_limb_feet_a2ca84f81852e810.jpg,a2ca84f81852e8108854b6960c932b3eb4bd2b5f052bf0525d2f5868754ee65c,lower_limb_feet,healthy_skin,non_wound,CC BY 4.0,g1728,,Nomal/Male_Normal-0567.jpg,0.750
lower_limb_feet_9219f200433f624c.jpg,9219f200433f624c19e96369b548bcd650de48fc6db1d36a3c1d929304711557,lower_limb_feet,healthy_skin,non_wound,CC BY 4.0,g953,,Nomal/Male_Normal-0568.jpg,0.715
lower_limb_feet_582a50a4536352fc.jpg,582a50a4536352fc286911fda6aa113eb72ec65fec5ce5249fa9e227eb471905,lower_limb_feet,healthy_skin,non_wound,CC BY 4.0,g1728,,Nomal/Male_Normal-0570.jpg,0.703
lower_limb_feet_388bb45c59787c4f.jpg,388bb45c59787c4f6d5ff23a84915c5afcfc7a22fcc230d8a804746a0352a5c9,lower_limb_feet,healthy_skin,non_wound,CC BY 4.0,g1728,,Nomal/Male_Normal-0571.jpg,0.745
lower_limb_feet_1e821a8b299e38ef.jpg,1e821a8b299e38efca1f2138046ecdcfdf40a9637605e4435009714068d8a2f8,lower_limb_feet,healthy_skin,non_wound,CC BY 4.0,g956,,Nomal/Male_Normal-0572.jpg,0.691
lower_limb_feet_5e3967f94617ca5d.jpg,5e3967f94617ca5d7054373ff7c41189905314562aec074415957c587233ad33,lower_limb_feet,healthy_skin,non_wound,CC BY 4.0,g1728,,Nomal/Male_Normal-0573.jpg,0.686
lower_limb_feet_f282da2f5a966a8d.jpg,f282da2f5a966a8de8ccc01f04d39a6991d900e2e34063b6632e66e20586d097,lower_limb_feet,healthy_skin,non_wound,CC BY 4.0,g1728,,Nomal/Male_Normal-0574.jpg,0.732
lower_limb_feet_02bb54a6900d2df4.jpg,02bb54a6900d2df4aec9fa3a3fd9805993b341170956cb8f27149f1bb753e902,lower_limb_feet,healthy_skin,non_wound,CC BY 4.0,g959,,Nomal/Male_Normal-0575.jpg,0.714
lower_limb_feet_538753f3d65d58f2.jpg,538753f3d65d58f2cf24304485fa847ecf50de0e6cf9e6020192d00e47cdee63,lower_limb_feet,healthy_skin,non_wound,CC BY 4.0,g1728,,Nomal/Male_Normal-0579.jpg,0.724
lower_limb_feet_5687f2e67b12706a.jpg,5687f2e67b12706a79c6fea926c107038f9b5941268b79d1dca58db145a75c6c,lower_limb_feet,healthy_skin,non_wound,CC BY 4.0,g1728,,Nomal/Male_Normal-0582.jpg,0.718
lower_limb_feet_1dcd9eacbf93e8a0.jpg,1dcd9eacbf93e8a03d054e7dd81575432b622dc03374f163e9076e7eb237ab20,lower_limb_feet,healthy_skin,non_wound,CC BY 4.0,g1678,,Nomal/Male_Normal-0583.jpg,0.743
lower_limb_feet_b0032005d9a8cc1a.jpg,b0032005d9a8cc1a53f74018b5a8b101a8f837e901b946b27f8e56a51ea7fb15,lower_limb_feet,healthy_skin,non_wound,CC BY 4.0,g963,,Nomal/Male_Normal-0584.jpg,0.717
lower_limb_feet_db7ddeae2a818e3f.jpg,db7ddeae2a818e3f13a21e16c968d3342d8667c27a6affa2fae07956bddede5e,lower_limb_feet,healthy_skin,non_wound,CC BY 4.0,g1728,,Nomal/Male_Normal-0587.jpg,0.732
lower_limb_feet_c54b1ffc66fe9132.jpg,c54b1ffc66fe91322825a4e4454fae844e56c7c3d05764b6863894c7aca893c7,lower_limb_feet,healthy_skin,non_wound,CC BY 4.0,g1728,,Nomal/Male_Normal-0588.jpg,0.739
lower_limb_feet_935d492c38a2c91a.jpg,935d492c38a2c91ac387423e32a22207e8cbab501d67b3bbc4a4506ff31fb35e,lower_limb_feet,healthy_skin,non_wound,CC BY 4.0,g1728,,Nomal/Male_Normal-0589.jpg,0.709
lower_limb_feet_a7c89b4ccd0a19bd.jpg,a7c89b4ccd0a19bd7fa01a5254fd8e69c9e9e8e364618217a0fa453dabdd2dcf,lower_limb_feet,healthy_skin,non_wound,CC BY 4.0,g1728,,Nomal/Male_Normal-0593.jpg,0.720
lower_limb_feet_50be73adf3e53bd6.jpg,50be73adf3e53bd64b8e282bde630f10cc988b8c0eadc36444993c43c654eeac,lower_limb_feet,healthy_skin,non_wound,CC BY 4.0,g968,,Nomal/Male_Normal-0594.jpg,0.706
lower_limb_feet_8585dbfa35b424c0.jpg,8585dbfa35b424c09d55819a8a7a2cc7a5d0d6858894ddaca1aafbfcbdf6ef32,lower_limb_feet,healthy_skin,non_wound,CC BY 4.0,g1728,,Nomal/Male_Normal-0595.jpg,0.710
lower_limb_feet_f4a2e4b1460f49f6.jpg,f4a2e4b1460f49f632593e9bea3da48861fec79cdf6d41a6f8297c7baf966285,lower_limb_feet,healthy_skin,non_wound,CC BY 4.0,g1728,,Nomal/Male_Normal-0596.jpg,0.725
lower_limb_feet_f94c55efd3e79b96.jpg,f94c55efd3e79b9601de1537c9a7d7057163d21f2fbb334db875fd17f157b096,lower_limb_feet,healthy_skin,non_wound,CC BY 4.0,g971,,Nomal/Male_Normal-0598.jpg,0.721
lower_limb_feet_f22d54e8a1fb53bf.jpg,f22d54e8a1fb53bfc16335ac27885cde71021c01063fb4f3d8e24842d5cc294a,lower_limb_feet,healthy_skin,non_wound,CC BY 4.0,g1678,,Nomal/Male_Normal-0599.jpg,0.750
lower_limb_feet_6e1997dabe42d1a2.jpg,6e1997dabe42d1a2b7b58ea542c05606b9243d78ac83a03be8b6e4fded66c29f,lower_limb_feet,healthy_skin,non_wound,CC BY 4.0,g1728,,Nomal/Male_Normal-0602.jpg,0.735
lower_limb_feet_07e0193e3883f2e3.jpg,07e0193e3883f2e3162f25a7be5b3a63c9a44f56e4d7eb882c9feca77cf298de,lower_limb_feet,healthy_skin,non_wound,CC BY 4.0,g974,,Nomal/Male_Normal-0604.jpg,0.702
lower_limb_feet_a86ccd5c95f8aed0.jpg,a86ccd5c95f8aed061a7d2b9b32f55e3a3f0d235a815ad45ae27bcd1dc529762,lower_limb_feet,healthy_skin,non_wound,CC BY 4.0,g1728,,Nomal/Male_Normal-0605.jpg,0.732
lower_limb_feet_76f716fdd081cd72.jpg,76f716fdd081cd72a1de10f7c643e41389b81453a6c8beee02afa43f600e9c86,lower_limb_feet,healthy_skin,non_wound,CC BY 4.0,g976,,Nomal/Male_Normal-0607.jpg,0.748
lower_limb_feet_31d30f4101373980.jpg,31d30f4101373980e360e38973473854e5d39573ca35820c7d544e9f44e5fe04,lower_limb_feet,healthy_skin,non_wound,CC BY 4.0,g1678,,Nomal/Male_Normal-0608.jpg,0.748
lower_limb_feet_74413963b2f51dca.jpg,74413963b2f51dcac1315115103ef3e2d41b380db513eeabb118e658959f3e7e,lower_limb_feet,healthy_skin,non_wound,CC BY 4.0,g1728,,Nomal/Male_Normal-0610.jpg,0.724
lower_limb_feet_0f30554bdebbc4cb.jpg,0f30554bdebbc4cb532bc950c32bdc8e55ac51629011945bf060f909aeabeec6,lower_limb_feet,healthy_skin,non_wound,CC BY 4.0,g1728,,Nomal/Male_Normal-0611.jpg,0.735
lower_limb_feet_cc884f6a91d70c74.jpg,cc884f6a91d70c74bbcdb704574b863b06b8c1fada0268bcd7d54fe82185d231,lower_limb_feet,healthy_skin,non_wound,CC BY 4.0,g1728,,Nomal/Male_Normal-0612.jpg,0.725
lower_limb_feet_59d51bec102a2b6d.jpg,59d51bec102a2b6dcf7e42e6d8115c3a167edcf6ac8d6b1b576a4a0e037a0ca4,lower_limb_feet,healthy_skin,non_wound,CC BY 4.0,g981,,Nomal/Male_Normal-0615.jpg,0.704
lower_limb_feet_e013923216c6869b.jpg,e013923216c6869b358e3cd09dfe4a27cdaab6a20203a73b1010dd1e1b63a7c6,lower_limb_feet,healthy_skin,non_wound,CC BY 4.0,g982,,Nomal/Male_Normal-0616.jpg,0.728
lower_limb_feet_291beb1a6fcaea1a.jpg,291beb1a6fcaea1a0a67a8ce41d0d2095ab953d279a6beb217f11f5b8b3dbc9a,lower_limb_feet,healthy_skin,non_wound,CC BY 4.0,g1728,,Nomal/Male_Normal-0617.jpg,0.723
lower_limb_feet_d0bfed8a7b0d155e.jpg,d0bfed8a7b0d155e1d1f702607e987b1ffe1f8ae0024f6254f8c0e239c6e9b81,lower_limb_feet,healthy_skin,non_wound,CC BY 4.0,g1728,,Nomal/Male_Normal-0619.jpg,0.712
lower_limb_feet_dc92bc3d5650341a.jpg,dc92bc3d5650341a1d027b127d2a848d17044ceaab90f4c2d22ab860e0bcd7c2,lower_limb_feet,healthy_skin,non_wound,CC BY 4.0,g985,,Nomal/Male_Normal-0620.jpg,0.691
lower_limb_feet_aa2b9febe26d165a.jpg,aa2b9febe26d165a0e81c65507279633dc7d1622d8db7a7833457d1702bffe49,lower_limb_feet,healthy_skin,non_wound,CC BY 4.0,g1728,,Nomal/Male_Normal-0621.jpg,0.722
lower_limb_feet_6becd04d97e7d3fe.jpg,6becd04d97e7d3fe6a3224ea142c3bb98159ee9232ef518437621de048450963,lower_limb_feet,healthy_skin,non_wound,CC BY 4.0,g1728,,Nomal/Male_Normal-0622.jpg,0.700
lower_limb_feet_3718abf11f5d0f45.jpg,3718abf11f5d0f454d9990d6f3debebb7dd86355ecda804467480e885b87fc7f,lower_limb_feet,healthy_skin,non_wound,CC BY 4.0,g988,,Nomal/Male_Normal-0623.jpg,0.704
lower_limb_feet_02afd61b7c907636.jpg,02afd61b7c907636aecda5a5e448af8c784e1519dfd55df6c6f066f87e9fe0a9,lower_limb_feet,healthy_skin,non_wound,CC BY 4.0,g989,,Nomal/Male_Normal-0624.jpg,0.716
lower_limb_feet_43055e14a3a22f61.jpg,43055e14a3a22f61b6a7f65bee6b28a2408ee84629f8c0357fb330fc04e5d257,lower_limb_feet,healthy_skin,non_wound,CC BY 4.0,g1728,,Nomal/Male_Normal-0625.jpg,0.697
lower_limb_feet_c8c31acda9f29ea6.jpg,c8c31acda9f29ea6a07523fa51c152d03c9d29d2f270e654476c3a7b444e828a,lower_limb_feet,healthy_skin,non_wound,CC BY 4.0,g1728,,Nomal/Male_Normal-0626.jpg,0.725
lower_limb_feet_d901081c43fee723.jpg,d901081c43fee723cc8fbe2ad144571d7c521c541da8573cac40a2a357f30f8c,lower_limb_feet,healthy_skin,non_wound,CC BY 4.0,g1728,,Nomal/Male_Normal-0627.jpg,0.734
lower_limb_feet_b03a752154e097cd.jpg,b03a752154e097cde58a620718a86fba405dbff34e369a926e75c145567dae2b,lower_limb_feet,healthy_skin,non_wound,CC BY 4.0,g1728,,Nomal/Male_Normal-0628.jpg,0.692
lower_limb_feet_7dad151073336430.jpg,7dad1510733364304bd9272c2bc6bc3f2806fbb5f8e1ed7fbc728e8500f2cf91,lower_limb_feet,healthy_skin,non_wound,CC BY 4.0,g1728,,Nomal/Male_Normal-0630.jpg,0.711
lower_limb_feet_75582bc3c3354be9.jpg,75582bc3c3354be9e0f64d79d21e8ca5b9aa91ac29402169ea5bf8e456ef9ffb,lower_limb_feet,healthy_skin,non_wound,CC BY 4.0,g1678,,Nomal/Male_Normal-0631.jpg,0.722
lower_limb_feet_58c0fc5c30e96ab4.jpg,58c0fc5c30e96ab4d48a1b323661f5e732e95288a1f73f6d736f55b1f77e2267,lower_limb_feet,healthy_skin,non_wound,CC BY 4.0,g1678,,Nomal/Male_Normal-0632.jpg,0.738
lower_limb_feet_e16855dae700a6f5.jpg,e16855dae700a6f5932813c5041eb02acdbf8dd8e1a4b1eceea7656e52fc8f76,lower_limb_feet,healthy_skin,non_wound,CC BY 4.0,g1728,,Nomal/Male_Normal-0634.jpg,0.748
lower_limb_feet_3316a02df957fb44.jpg,3316a02df957fb44192c8e4d8ac565c66377a9933abe59058729b0640c83aa1f,lower_limb_feet,healthy_skin,non_wound,CC BY 4.0,g1728,,Nomal/Male_Normal-0635.jpg,0.700
lower_limb_feet_fa110c5f90767ae7.jpg,fa110c5f90767ae7c18ef3f215055595b9927dbc064a705c4b5bc7f3043360fe,lower_limb_feet,healthy_skin,non_wound,CC BY 4.0,g1728,,Nomal/Male_Normal-0636.jpg,0.744
lower_limb_feet_716264446e2cc401.jpg,716264446e2cc4018fde581383faec017a4fd0a9a724b7dc6ca2be7c70521f8f,lower_limb_feet,healthy_skin,non_wound,CC BY 4.0,g1728,,Nomal/Male_Normal-0638.jpg,0.726
lower_limb_feet_344a8ae641aa5e62.jpg,344a8ae641aa5e62b304f923fc8e6522be58588b2c69b3fd5787187eef2dbe34,lower_limb_feet,healthy_skin,non_wound,CC BY 4.0,g1678,,Nomal/Male_Normal-0639.jpg,0.705
lower_limb_feet_bccbcf124826776c.jpg,bccbcf124826776c2eb68ab3211430095e35ebe0cdc9991b8306d84129476732,lower_limb_feet,healthy_skin,non_wound,CC BY 4.0,g1728,,Nomal/Male_Normal-0641.jpg,0.688
lower_limb_feet_d1225b79099bf1b8.jpg,d1225b79099bf1b81b4c5b4a5a63d613a52cff502c284d81613dc1f9a263fbf5,lower_limb_feet,healthy_skin,non_wound,CC BY 4.0,g1728,,Nomal/Male_Normal-0642.jpg,0.711
lower_limb_feet_875fc4a49b3934c4.jpg,875fc4a49b3934c40602d49ca724580b720c1126685a7b14735662d480a2ba08,lower_limb_feet,healthy_skin,non_wound,CC BY 4.0,g1728,,Nomal/Male_Normal-0643.jpg,0.710
lower_limb_feet_ce2a19f90b2b8afe.jpg,ce2a19f90b2b8afe8311a8e9b33459218ce3654eda980f7357028f8b092f495f,lower_limb_feet,healthy_skin,non_wound,CC BY 4.0,g1728,,Nomal/Male_Normal-0644.jpg,0.716
lower_limb_feet_770e728d3c6b6bd4.jpg,770e728d3c6b6bd448320d46e41998e030020ed39a47e9fa09417f27f2043f7d,lower_limb_feet,healthy_skin,non_wound,CC BY 4.0,g1728,,Nomal/Male_Normal-0645.jpg,0.723
lower_limb_feet_d9b2ff98dc151e1b.jpg,d9b2ff98dc151e1bb6dd6524c8547f8b6f31ab49491ef65d5dae45bf8978cb26,lower_limb_feet,healthy_skin,non_wound,CC BY 4.0,g1728,,Nomal/Male_Normal-0646.jpg,0.740
lower_limb_feet_226142636ac73f70.jpg,226142636ac73f707a1793f9c3ebca57af290f8773d7141689dea03c4d3a1ee8,lower_limb_feet,healthy_skin,non_wound,CC BY 4.0,g1678,,Nomal/Male_Normal-0648.jpg,0.744
lower_limb_feet_18e0d4656f514184.jpg,18e0d4656f514184c4258e61e6bb8a8d7f3eb8c01de59623f99169e3fdaaf7cb,lower_limb_feet,healthy_skin,non_wound,CC BY 4.0,g1009,,Nomal/Male_Normal-0649.jpg,0.747
lower_limb_feet_4901687f923c6c7a.jpg,4901687f923c6c7ab26b48ad168efd31b9c8a8b292f287a97395be3fb7d417bb,lower_limb_feet,healthy_skin,non_wound,CC BY 4.0,g1010,,Nomal/Male_Normal-0650.jpg,0.728
lower_limb_feet_aed48343b7c91c3b.jpg,aed48343b7c91c3b2c121a8009305eef15449f21d9c52d35b9c634dec52f7f60,lower_limb_feet,healthy_skin,non_wound,CC BY 4.0,g1011,,Nomal/Male_Normal-0651.jpg,0.731
lower_limb_feet_cd344a3b5eddc6cf.jpg,cd344a3b5eddc6cf9c2e36e852b1174489a48ff3e480482372867496833300fd,lower_limb_feet,healthy_skin,non_wound,CC BY 4.0,g1012,,Nomal/Male_Normal-0652.jpg,0.732
lower_limb_feet_0a2e94cdf21fad93.jpg,0a2e94cdf21fad93a614a5a7670957715a2f7ea10cfaa79e70dc2b9e4f516d56,lower_limb_feet,healthy_skin,non_wound,CC BY 4.0,g1013,,Nomal/Male_Normal-0653.jpg,0.715
lower_limb_feet_fb54523f0dcfa3fd.jpg,fb54523f0dcfa3fd57f9d730129d7aab9aaf4aa8850f7f35e13dced35a9572b9,lower_limb_feet,healthy_skin,non_wound,CC BY 4.0,g1014,,Nomal/Male_Normal-0655.jpg,0.746
lower_limb_feet_a2e4d494e12d8ba4.jpg,a2e4d494e12d8ba4e2111d43e55cf85896e2194b1e73598894043beec3cfb92c,lower_limb_feet,healthy_skin,non_wound,CC BY 4.0,g1015,,Nomal/Male_Normal-0656.jpg,0.725
lower_limb_feet_6d9cd9fc152db005.jpg,6d9cd9fc152db0051d88d576510658ed1bb8b63551e64981ee70f7b008ab1ae6,lower_limb_feet,healthy_skin,non_wound,CC BY 4.0,g1016,,Nomal/Male_Normal-0658.jpg,0.739
lower_limb_feet_b74c273e0db81cd9.jpg,b74c273e0db81cd96ddd82f1e19d8de512d66e070a4a55160ffc52b643788282,lower_limb_feet,healthy_skin,non_wound,CC BY 4.0,g1728,,Nomal/Male_Normal-0659.jpg,0.736
lower_limb_feet_11c5292f5b26516e.jpg,11c5292f5b26516e2378546b9349ec0586c07b0d8ef4cdab4f3eb955cccd8206,lower_limb_feet,healthy_skin,non_wound,CC BY 4.0,g1018,,Nomal/Male_Normal-0661.jpg,0.725
lower_limb_feet_9b69e8a1b7d396d9.jpg,9b69e8a1b7d396d9f995bf84e0a20679c1abde9695e0a1e1a512fc36b51608c5,lower_limb_feet,healthy_skin,non_wound,CC BY 4.0,g1728,,Nomal/Male_Normal-0662.jpg,0.734
lower_limb_feet_003373311fe43aa6.jpg,003373311fe43aa6f52df8ec893f7f26dcd68bed1c3783164bf5095b7e583f42,lower_limb_feet,healthy_skin,non_wound,CC BY 4.0,g1728,,Nomal/Male_Normal-0666.jpg,0.729
lower_limb_feet_92c665b0a3b77b6a.jpg,92c665b0a3b77b6ac300f826667f34590150b20547f9fa568271c2bb755213f9,lower_limb_feet,healthy_skin,non_wound,CC BY 4.0,g1728,,Nomal/Male_Normal-0667.jpg,0.681
lower_limb_feet_c70b4a2e20eee5ad.jpg,c70b4a2e20eee5adab261a849bcc990a1cef731b6c93687001e017dcfde3d862,lower_limb_feet,healthy_skin,non_wound,CC BY 4.0,g1728,,Nomal/Male_Normal-0668.jpg,0.733
lower_limb_feet_ae5bb9e8c2659126.jpg,ae5bb9e8c2659126a7e9b7d1115009cd691fb4ba1587983b0d8ec96ece65900a,lower_limb_feet,healthy_skin,non_wound,CC BY 4.0,g1023,,Nomal/Male_Normal-0669.jpg,0.748
lower_limb_feet_2a661199f714a64f.jpg,2a661199f714a64fd50facc493dc39e4158753ae8cd478fcb49f3c2c28f8a162,lower_limb_feet,healthy_skin,non_wound,CC BY 4.0,g1024,,Nomal/Male_Normal-0670.jpg,0.742
lower_limb_feet_f7b2f3c9e94c2a7e.jpg,f7b2f3c9e94c2a7e5a80bc223b184736ecd8e08fceaee916bfe2e997789ca9d0,lower_limb_feet,healthy_skin,non_wound,CC BY 4.0,g1728,,Nomal/Male_Normal-0674.jpg,0.696
lower_limb_feet_0834a36cc1d8d0d2.jpg,0834a36cc1d8d0d2300a0076d19bc84a6d1a4c8d94ad0e593856daae4fdc3ca8,lower_limb_feet,healthy_skin,non_wound,CC BY 4.0,g1728,,Nomal/Male_Normal-0675.jpg,0.749
lower_limb_feet_77b54834b0d4e812.jpg,77b54834b0d4e8126e8392a9a86f4be1d91fa36f23f56aefcf47628c541d3bf9,lower_limb_feet,healthy_skin,non_wound,CC BY 4.0,g1431,,Nomal/Male_Normal-0677.jpg,0.716
lower_limb_feet_33cbbc2aca2d8fbe.jpg,33cbbc2aca2d8fbeec1fea0401a9928543c971430231bfe82e7081043ccecfbf,lower_limb_feet,healthy_skin,non_wound,CC BY 4.0,g1028,,Nomal/Male_Normal-0678.jpg,0.714
lower_limb_feet_d314bbd136f987f6.jpg,d314bbd136f987f6261798e4d3ee34f74d3b2d36b1e2562e0213d44ef88733de,lower_limb_feet,healthy_skin,non_wound,CC BY 4.0,g1678,,Nomal/Male_Normal-0679.jpg,0.733
lower_limb_feet_b38b4e0750858526.jpg,b38b4e0750858526a5ee91bbd29e14720edae37c338893d5db1e57779c2a7f97,lower_limb_feet,healthy_skin,non_wound,CC BY 4.0,g1728,,Nomal/Male_Normal-0681.jpg,0.725
lower_limb_feet_ba1e76bfcd4751a1.jpg,ba1e76bfcd4751a1c5993c441994fed7052edcc86c894e1faf8bc21de8c34f7e,lower_limb_feet,healthy_skin,non_wound,CC BY 4.0,g1031,,Nomal/Male_Normal-0684.jpg,0.727
lower_limb_feet_86cc3763eb406b32.jpg,86cc3763eb406b32fd9db682a63bff44cefb27e9154154a93ef0ebb22dd0359d,lower_limb_feet,healthy_skin,non_wound,CC BY 4.0,g1728,,Nomal/Male_Normal-0685.jpg,0.712
lower_limb_feet_0cbabb05a2adb23a.jpg,0cbabb05a2adb23ae3b46a42125decc458bdfb6e1a65a3a0509b0908fa45e2a0,lower_limb_feet,healthy_skin,non_wound,CC BY 4.0,g1033,,Nomal/Male_Normal-0687.jpg,0.731
lower_limb_feet_4294934e05fb7f28.jpg,4294934e05fb7f28aafe0272a86a5be09f571bbdef8cb4f182bd9c728850148f,lower_limb_feet,healthy_skin,non_wound,CC BY 4.0,g1678,,Nomal/Male_Normal-0688.jpg,0.745
lower_limb_feet_f295c01c46e66aa2.jpg,f295c01c46e66aa251bca6ced2bb800468a1660b65a3e1a1b47b42e823808260,lower_limb_feet,healthy_skin,non_wound,CC BY 4.0,g1728,,Nomal/Male_Normal-0689.jpg,0.742
lower_limb_feet_50ab9e9f41f3c6df.jpg,50ab9e9f41f3c6df8214ecb43541d9c8bddcd48db98ff33bf61c63d6912a6902,lower_limb_feet,healthy_skin,non_wound,CC BY 4.0,g1036,,Nomal/Male_Normal-0691.jpg,0.722
lower_limb_feet_f80d77480b02acfb.jpg,f80d77480b02acfb20a451f82e9dea0d6d8c4380dea33eb3690cf59bcbb3d63a,lower_limb_feet,healthy_skin,non_wound,CC BY 4.0,g1037,,Nomal/Male_Normal-0692.jpg,0.705
lower_limb_feet_df725b8f4cb8c503.jpg,df725b8f4cb8c503391733dc7e779edfc5c5ff5aaf3807f27d4f75ba83a4d18e,lower_limb_feet,healthy_skin,non_wound,CC BY 4.0,g1038,,Nomal/Male_Normal-0693.jpg,0.734
lower_limb_feet_a6b81560e709025f.jpg,a6b81560e709025f3689da18e6eff3349830b7b6def01edb4ce3287fea7422ef,lower_limb_feet,healthy_skin,non_wound,CC BY 4.0,g1039,,Nomal/Male_Normal-0696.jpg,0.734
lower_limb_feet_739a71efa973289f.jpg,739a71efa973289f00817b57ddee0478d80ab6576df259bda1a97d6a890cb1ae,lower_limb_feet,healthy_skin,non_wound,CC BY 4.0,g1728,,Nomal/Male_Normal-0697.jpg,0.712
lower_limb_feet_32b070c26c2c32df.jpg,32b070c26c2c32df0122d4177b92e4d18685172055723a37c20e20c4448b741c,lower_limb_feet,healthy_skin,non_wound,CC BY 4.0,g1728,,Nomal/Male_Normal-0699.jpg,0.735
lower_limb_feet_f3ebb15302a316bd.jpg,f3ebb15302a316bdd06af55371a70a2fd0efe7c75cc1f638cd5ba9810b619c36,lower_limb_feet,healthy_skin,non_wound,CC BY 4.0,g1728,,Nomal/Male_Normal-0700.jpg,0.738
lower_limb_feet_9d9ef3890e903289.jpg,9d9ef3890e9032899aa365f4b02cb305c460505da8378bf8b9f1d9ddfb2086bc,lower_limb_feet,healthy_skin,non_wound,CC BY 4.0,g1043,,Nomal/Male_Normal-0703.jpg,0.740
lower_limb_feet_087e219560d65d76.jpg,087e219560d65d76b756a73380d6ee8c54f787cc58e784fa8e02b3a87f8963aa,lower_limb_feet,healthy_skin,non_wound,CC BY 4.0,g1044,,Nomal/Male_Normal-0704.jpg,0.695
lower_limb_feet_493e9e12ff2ebe75.jpg,493e9e12ff2ebe75a5030529973d691a936203e6e204d15b97ffa39dd7606bcc,lower_limb_feet,healthy_skin,non_wound,CC BY 4.0,g1045,,Nomal/Male_Normal-0705.jpg,0.708
lower_limb_feet_92ece0037fce397c.jpg,92ece0037fce397caaee5b47a30bcff278bc89a6b6d681911f279ca172ff1cbe,lower_limb_feet,healthy_skin,non_wound,CC BY 4.0,g1728,,Nomal/Male_Normal-0708.jpg,0.723
lower_limb_feet_e14991fbb1b84275.jpg,e14991fbb1b84275592f3d19eaaa0625c0e323cf7832eb8db4a406fe7a1b2acc,lower_limb_feet,healthy_skin,non_wound,CC BY 4.0,g1728,,Nomal/Male_Normal-0713.jpg,0.749
lower_limb_feet_4922b87d5d1d7f29.jpg,4922b87d5d1d7f29439813e6b9eb9ee23ad630496cfc843cb10236111758b7e0,lower_limb_feet,healthy_skin,non_wound,CC BY 4.0,g1728,,Nomal/Male_Normal-0715.jpg,0.705
lower_limb_feet_5c0f8a7fbf3d1225.jpg,5c0f8a7fbf3d1225cb4456d156c8fcfa6bccffd9d7ce4f19115e9dcbd3817ed8,lower_limb_feet,healthy_skin,non_wound,CC BY 4.0,g1728,,Nomal/Male_Normal-0717.jpg,0.739
lower_limb_feet_28d7da30da224c58.jpg,28d7da30da224c58015dcf23dd85f2e7e2c72b54e38ac5e8667b3d27cd2189e2,lower_limb_feet,healthy_skin,non_wound,CC BY 4.0,g1678,,Nomal/Male_Normal-0720.jpg,0.711
lower_limb_feet_108f4fe7f83f42da.jpg,108f4fe7f83f42dae439a840dd9b8bd55b748c1c7880a39620406a2c91006316,lower_limb_feet,healthy_skin,non_wound,CC BY 4.0,g1728,,Nomal/Male_Normal-0723.jpg,0.733
lower_limb_feet_99a915794fe053f4.jpg,99a915794fe053f4c122997fc45e170354858727d9b333b563ea3d0614d00b2d,lower_limb_feet,healthy_skin,non_wound,CC BY 4.0,g1728,,Nomal/Male_Normal-0724.jpg,0.731
lower_limb_feet_5931ea298c259c84.jpg,5931ea298c259c8447a484a1eab2624345d30a7c84e7a34a7b45ddef2bf97e64,lower_limb_feet,healthy_skin,non_wound,CC BY 4.0,g1728,,Nomal/Male_Normal-0726.jpg,0.701
lower_limb_feet_60e2047d97ff772b.jpg,60e2047d97ff772b566241fe40115f6fe0d2550a0840a265b329b2904bc03238,lower_limb_feet,healthy_skin,non_wound,CC BY 4.0,g1678,,Nomal/Male_Normal-0727.jpg,0.706
lower_limb_feet_ca16fb6d0e9c3b14.jpg,ca16fb6d0e9c3b14a297c681f11c99a568d537499b34596f95ed96010a5d6189,lower_limb_feet,healthy_skin,non_wound,CC BY 4.0,g1678,,Nomal/Male_Normal-0728.jpg,0.721
lower_limb_feet_36b040859e68e236.jpg,36b040859e68e236631641da3812e1c9184bfbdb94c0974723a2d8d93b927e69,lower_limb_feet,healthy_skin,non_wound,CC BY 4.0,g1728,,Nomal/Male_Normal-0729.jpg,0.744
lower_limb_feet_c5e303ed343f95bf.jpg,c5e303ed343f95bf644b2e3f28e4e1c3639b428c8ed1f75f44b2e0e3dc3af8a9,lower_limb_feet,healthy_skin,non_wound,CC BY 4.0,g1057,,Nomal/Male_Normal-0731.jpg,0.675
lower_limb_feet_7b7231ff58473402.jpg,7b7231ff58473402bf9a5b3e90dad83a9f91485d8039a521730a8099245f1a73,lower_limb_feet,healthy_skin,non_wound,CC BY 4.0,g1728,,Nomal/Male_Normal-0732.jpg,0.739
lower_limb_feet_ad332ace92ec9f87.jpg,ad332ace92ec9f8727c3ed111bc06c4eed27b8e5c02557be17f9415e89705ca2,lower_limb_feet,healthy_skin,non_wound,CC BY 4.0,g1436,,Nomal/Male_Normal-0733.jpg,0.740
lower_limb_feet_1e379dc12cf0e56a.jpg,1e379dc12cf0e56acf68067162c2714bf0bfffddb6f50c23050ba05a15412a39,lower_limb_feet,healthy_skin,non_wound,CC BY 4.0,g1728,,Nomal/Male_Normal-0734.jpg,0.739
lower_limb_feet_0cfa7b75eabfab92.jpg,0cfa7b75eabfab92841abcab974fcbedec1d437d5de7e930b9d28f8d2902efa4,lower_limb_feet,healthy_skin,non_wound,CC BY 4.0,g1678,,Nomal/Male_Normal-0735.jpg,0.736
lower_limb_feet_406b819440ecb013.jpg,406b819440ecb013f7cd3383626ac082112c6074de1ef8b7f417bd2d23cd081a,lower_limb_feet,healthy_skin,non_wound,CC BY 4.0,g1678,,Nomal/Male_Normal-0736.jpg,0.728
lower_limb_feet_1112b13caf644f97.jpg,1112b13caf644f97a09fe43b543b26f7bc9f860e5c1ccb3f06233423ccc3f680,lower_limb_feet,healthy_skin,non_wound,CC BY 4.0,g1728,,Nomal/Male_Normal-0739.jpg,0.717
lower_limb_feet_52deecfefc982960.jpg,52deecfefc9829605523481369d615224cbe1f56d28122a9a024ca759d56563b,lower_limb_feet,healthy_skin,non_wound,CC BY 4.0,g1728,,Nomal/Male_Normal-0740.jpg,0.718
lower_limb_feet_6d033dbb5eeb6836.jpg,6d033dbb5eeb683677253d1b9fa12b8af75d38040e022b125387f19cf26068a4,lower_limb_feet,healthy_skin,non_wound,CC BY 4.0,g1728,,Nomal/Male_Normal-0742.jpg,0.717
lower_limb_feet_5d2032cb35b30e51.jpg,5d2032cb35b30e51e0a525921ac80875a6f8020263f7ce76955bbb59c025315c,lower_limb_feet,healthy_skin,non_wound,CC BY 4.0,g1678,,Nomal/Male_Normal-0744.jpg,0.726
lower_limb_feet_37ba7184be7f0a0a.jpg,37ba7184be7f0a0a667eebd83c0529b10e53513c4d5fd9d4b75663f71934821d,lower_limb_feet,healthy_skin,non_wound,CC BY 4.0,g1728,,Nomal/Male_Normal-0745.jpg,0.700
lower_limb_feet_617612bd23c4996e.jpg,617612bd23c4996e905e1980ad1d0c1081c08da925d4e8d2b439b90622c2f56b,lower_limb_feet,healthy_skin,non_wound,CC BY 4.0,g1728,,Nomal/Male_Normal-0747.jpg,0.726
lower_limb_feet_4adf40e5428e13c8.jpg,4adf40e5428e13c80d0c8d8f2b0e890948477b33194da6a678a68ef10c30f74b,lower_limb_feet,healthy_skin,non_wound,CC BY 4.0,g1728,,Nomal/Male_Normal-0748.jpg,0.738
lower_limb_feet_1052251baeb02544.jpg,1052251baeb025448f816c4e9cbc1f69a223085e03d665be6d2c55e7af2e4c27,lower_limb_feet,healthy_skin,non_wound,CC BY 4.0,g1070,,Nomal/Male_Normal-0750.jpg,0.733
lower_limb_feet_5bfa5b7be17c79c9.jpg,5bfa5b7be17c79c943e7eaf4186f3a1b7efe3820881edb0504781cd5eae8de4d,lower_limb_feet,healthy_skin,non_wound,CC BY 4.0,g1678,,Nomal/Male_Normal-0751.jpg,0.746
lower_limb_feet_6f2e12b53f8797d6.jpg,6f2e12b53f8797d65ba4c79f3f83d891dfeaf733933dba85aba7978e607ba83f,lower_limb_feet,healthy_skin,non_wound,CC BY 4.0,g1678,,Nomal/Male_Normal-0752.jpg,0.711
lower_limb_feet_120e39193ab36c71.jpg,120e39193ab36c71c2725ae8659f9892573e8adc084fcaf93ea9878cf33b696b,lower_limb_feet,healthy_skin,non_wound,CC BY 4.0,g1728,,Nomal/Male_Normal-0755.jpg,0.749
lower_limb_feet_5bd1829aa137ff4a.jpg,5bd1829aa137ff4a0501b6686a28d1bed3c42200531c92532b138f78337b99dd,lower_limb_feet,healthy_skin,non_wound,CC BY 4.0,g1074,,Nomal/Male_Normal-0758.jpg,0.718
lower_limb_feet_db374d0504249c48.jpg,db374d0504249c48aa633be7e2035821499fc1e1aca2c7b68341fb97284b3a34,lower_limb_feet,healthy_skin,non_wound,CC BY 4.0,g1678,,Nomal/Male_Normal-0760.jpg,0.734
lower_limb_feet_9102b62e32f1afe8.jpg,9102b62e32f1afe8960664000cabbebb7ceff071e431407e7aeb722ac2461d1e,lower_limb_feet,healthy_skin,non_wound,CC BY 4.0,g1076,,Nomal/Male_Normal-0763.jpg,0.741
lower_limb_feet_79904854a79bc7af.jpg,79904854a79bc7af4fc47908c37b89ba5717186ef60ca89af94eb71774cfb0a4,lower_limb_feet,healthy_skin,non_wound,CC BY 4.0,g1728,,Nomal/Male_Normal-0764.jpg,0.722
lower_limb_feet_3126f3bbc062452b.jpg,3126f3bbc062452bad484cbe93da3c9473d26224a10453e52ff40e823b8e3c8e,lower_limb_feet,healthy_skin,non_wound,CC BY 4.0,g1078,,Nomal/Male_Normal-0765.jpg,0.741
lower_limb_feet_492cc60a7e3a9819.jpg,492cc60a7e3a98198198dab0fee0ca292d88b10d69a43916f9d3f700f8dfa8b0,lower_limb_feet,healthy_skin,non_wound,CC BY 4.0,g1079,,Nomal/Male_Normal-0766.jpg,0.700
lower_limb_feet_e6836c9a574fd53b.jpg,e6836c9a574fd53b4d07693c1ea69bebb7c8967ca228a6695dc8f0de642a3672,lower_limb_feet,healthy_skin,non_wound,CC BY 4.0,g1678,,Nomal/Male_Normal-0767.jpg,0.711
lower_limb_feet_d9776269a60c0e8c.jpg,d9776269a60c0e8c1f78e50705af964f2f38158e7761ea2ab193bb62e9dc203d,lower_limb_feet,healthy_skin,non_wound,CC BY 4.0,g1081,,Nomal/Male_Normal-0768.jpg,0.732
lower_limb_feet_2930aad0f1ce5660.jpg,2930aad0f1ce5660e94a740387ae801ab0f1b6702daf0c619184604d205641d0,lower_limb_feet,healthy_skin,non_wound,CC BY 4.0,g1728,,Nomal/Male_Normal-0769.jpg,0.730
lower_limb_feet_19e246801a7fb3af.jpg,19e246801a7fb3af037eb1dfd09e26b94bc1888d396a1c78245b82920a911dca,lower_limb_feet,healthy_skin,non_wound,CC BY 4.0,g1083,,Nomal/Male_Normal-0771.jpg,0.738
lower_limb_feet_e81f0d77298462c1.jpg,e81f0d77298462c197bbd7ee33880b7ff1a2f26e2289e08fdd445e071c20bb43,lower_limb_feet,healthy_skin,non_wound,CC BY 4.0,g1728,,Nomal/Male_Normal-0772.jpg,0.738
lower_limb_feet_6629a37977240f22.jpg,6629a37977240f22473177f6d6c71d6c4ce9a43702b0be7978c97e0b369eefa8,lower_limb_feet,healthy_skin,non_wound,CC BY 4.0,g1085,,Nomal/Male_Normal-0774.jpg,0.730
lower_limb_feet_dd617bdd4185acbc.jpg,dd617bdd4185acbc188e7cc2dddd62e3ff0a5edd0f946d4880ab8fa51ec4f640,lower_limb_feet,healthy_skin,non_wound,CC BY 4.0,g1728,,Nomal/Male_Normal-0780.jpg,0.725
lower_limb_feet_46dee5fe0676d12c.jpg,46dee5fe0676d12c8bc5c1230262663cc21a8dada8be1a9ee378f174f54670fe,lower_limb_feet,healthy_skin,non_wound,CC BY 4.0,g1728,,Nomal/Male_Normal-0787.jpg,0.719
lower_limb_feet_442901b5fce3880d.jpg,442901b5fce3880d7af7fb094cf77eea761e864c19142467fdfc78449cc77b13,lower_limb_feet,healthy_skin,non_wound,CC BY 4.0,g1728,,Nomal/Male_Normal-0790.jpg,0.748
lower_limb_feet_1959b1cb11f7c95c.jpg,1959b1cb11f7c95ca61d40466bce07902fea0bd88ccd77d97a20c16caef4a421,lower_limb_feet,healthy_skin,non_wound,CC BY 4.0,g1728,,Nomal/Male_Normal-0795.jpg,0.707
lower_limb_feet_34e64ae420db6025.jpg,34e64ae420db6025c32bdd0f43b4743da5852374617eee036b83986af684cba2,lower_limb_feet,healthy_skin,non_wound,CC BY 4.0,g1728,,Nomal/Male_Normal-0796.jpg,0.709
lower_limb_feet_caf893bc6227a1c8.jpg,caf893bc6227a1c827d6d7aaef4e54a2a05396b5ccbcbeb164c592fff611d811,lower_limb_feet,healthy_skin,non_wound,CC BY 4.0,g1091,,Nomal/Male_Normal-0799.jpg,0.716
lower_limb_feet_d0e8efba9965781d.jpg,d0e8efba9965781d29ccc25ea1217580542be7208f8cdfd318b16ee04dfdc0cb,lower_limb_feet,healthy_skin,non_wound,CC BY 4.0,g1092,,Nomal/Male_Normal-0804.jpg,0.729
lower_limb_feet_d42f926be8f002e5.jpg,d42f926be8f002e53b6d6e249573df1126ce4c8ae8e8eb506b958e311e507a16,lower_limb_feet,healthy_skin,non_wound,CC BY 4.0,g1093,,Nomal/Male_Normal-0805.jpg,0.736
lower_limb_feet_e9bea1deb779e1b4.jpg,e9bea1deb779e1b4facfd48f17c58fcb8df55d008b49d3984ad00da25c15fe88,lower_limb_feet,healthy_skin,non_wound,CC BY 4.0,g1094,,Nomal/Male_Normal-0806.jpg,0.740
lower_limb_feet_fd7edab78d589523.jpg,fd7edab78d589523f22286be5ea3da75ac78907dbcf211dc74cb49b9f55e3d29,lower_limb_feet,healthy_skin,non_wound,CC BY 4.0,g1678,,Nomal/Male_Normal-0807.jpg,0.747
lower_limb_feet_93298750a590c691.jpg,93298750a590c6913f9571330c31808da7331afbe20ff4c8fefd78130a574ecc,lower_limb_feet,healthy_skin,non_wound,CC BY 4.0,g1678,,Nomal/Male_Normal-0808.jpg,0.731
lower_limb_feet_9c4265cd35f4f177.jpg,9c4265cd35f4f177d578f0d2cc236bc966a058826a2e1e77eebb1dc5b99f2a3d,lower_limb_feet,healthy_skin,non_wound,CC BY 4.0,g1097,,Nomal/Male_Normal-0811.jpg,0.718
lower_limb_feet_b879c34b105e728e.jpg,b879c34b105e728e7d37d314fa2e3480dea3bc178e0b94097b2aee3ab1c39edf,lower_limb_feet,healthy_skin,non_wound,CC BY 4.0,g1405,,Nomal/Male_Normal-0814.jpg,0.739
lower_limb_feet_059b179bdd2c9fd5.jpg,059b179bdd2c9fd51a12456019c28c1bd8a0279797d46280d8c3e46266817f44,lower_limb_feet,healthy_skin,non_wound,CC BY 4.0,g1099,,Nomal/Male_Normal-0815.jpg,0.717
lower_limb_feet_8dea06cb922e90d9.jpg,8dea06cb922e90d9ed6d892bb0b563b4ad5c5469a38b80914bc61e0bafe97ae9,lower_limb_feet,healthy_skin,non_wound,CC BY 4.0,g1122,,Nomal/Male_Normal-0819.jpg,0.731
lower_limb_feet_53281560b52188cd.jpg,53281560b52188cd7182291aa96d68fa343501e76de0dc7b20867be6ea62d92e,lower_limb_feet,healthy_skin,non_wound,CC BY 4.0,g1728,,Nomal/Male_Normal-0821.jpg,0.709
lower_limb_feet_5e8d4fa0ca27217e.jpg,5e8d4fa0ca27217e0f5a09005d6b439db9123f82dcb73cad9e0825adadedc330,lower_limb_feet,healthy_skin,non_wound,CC BY 4.0,g1102,,Nomal/Male_Normal-0823.jpg,0.737
lower_limb_feet_9228e996541b48ab.jpg,9228e996541b48ab3f6a2e4acca7eaf1556e920f5d9e615e465c9f63a5cf13bd,lower_limb_feet,healthy_skin,non_wound,CC BY 4.0,g1112,,Nomal/Male_Normal-0825.jpg,0.704
lower_limb_feet_3f726fb2b18f09cd.jpg,3f726fb2b18f09cda5c4da15fd7bf77ff058b5e2570b310217aace0f8ff60782,lower_limb_feet,healthy_skin,non_wound,CC BY 4.0,g1728,,Nomal/Male_Normal-0826.jpg,0.732
lower_limb_feet_94cec6ee113a683f.jpg,94cec6ee113a683f1c1771b7fc76f97dd8b6ae76f8025a92de3241b4c79022f7,lower_limb_feet,healthy_skin,non_wound,CC BY 4.0,g1122,,Nomal/Male_Normal-0827.jpg,0.688
lower_limb_feet_4ea7051eab07042c.jpg,4ea7051eab07042c2752168a8fdc1bf8d60f650cbdbca05922acfc4208781e41,lower_limb_feet,healthy_skin,non_wound,CC BY 4.0,g1106,,Nomal/Male_Normal-0828.jpg,0.713
lower_limb_feet_79e179bec73a9bb9.jpg,79e179bec73a9bb9714399c5af913ace57a9636b839959635dcec8c624a56422,lower_limb_feet,healthy_skin,non_wound,CC BY 4.0,g1107,,Nomal/Male_Normal-0829.jpg,0.682
lower_limb_feet_b4f5e45106710c2f.jpg,b4f5e45106710c2fe6f204e7330dddf376aa6d5a3597288876f7928bc947bdd7,lower_limb_feet,healthy_skin,non_wound,CC BY 4.0,g1108,,Nomal/Male_Normal-0831.jpg,0.729
lower_limb_feet_72c9a14b8321c833.jpg,72c9a14b8321c83381cdbaff4af4415435536ec42a47280d346406184b2ef34d,lower_limb_feet,healthy_skin,non_wound,CC BY 4.0,g1109,,Nomal/Male_Normal-0833.jpg,0.741
lower_limb_feet_49164f3a80ab9920.jpg,49164f3a80ab992054cfb0b8fa1dfe7daea63afca2c77a41a576f246f3d4ef8d,lower_limb_feet,healthy_skin,non_wound,CC BY 4.0,g1728,,Nomal/Male_Normal-0834.jpg,0.747
lower_limb_feet_9f363c89a0e1d308.jpg,9f363c89a0e1d308306aa5db238fae4765e388e6e97f0a6f7c53c16257d92b52,lower_limb_feet,healthy_skin,non_wound,CC BY 4.0,g1122,,Nomal/Male_Normal-0835.jpg,0.690
lower_limb_feet_c21e4be4135feb80.jpg,c21e4be4135feb80f361034a4165e5d69f8dc7b0198ab456d6a8703f42f4e938,lower_limb_feet,healthy_skin,non_wound,CC BY 4.0,g1112,,Nomal/Male_Normal-0836.jpg,0.730
lower_limb_feet_9373dc768acecbb7.jpg,9373dc768acecbb7bd80513134056e9c58e7cd1a24f1e385ee09ad4e124014f8,lower_limb_feet,healthy_skin,non_wound,CC BY 4.0,g1113,,Nomal/Male_Normal-0837.jpg,0.707
lower_limb_feet_ff4c8c0f8ff6ced9.jpg,ff4c8c0f8ff6ced962623276fe6a24eee75609c4ad077d1531e87764e2550431,lower_limb_feet,healthy_skin,non_wound,CC BY 4.0,g1678,,Nomal/Male_Normal-0839.jpg,0.749
lower_limb_feet_e4fe0db74703e3d9.jpg,e4fe0db74703e3d91ed85f16e65bd21d61535619c7ccb9f3b4d04f8278113099,lower_limb_feet,healthy_skin,non_wound,CC BY 4.0,g1678,,Nomal/Male_Normal-0840.jpg,0.709
lower_limb_feet_3d12df9b68a34f1a.jpg,3d12df9b68a34f1a242ce0e0831ddda3dbb161d8f6f7d9c7d760cd5bab4a71e6,lower_limb_feet,healthy_skin,non_wound,CC BY 4.0,g1116,,Nomal/Male_Normal-0841.jpg,0.680
lower_limb_feet_caa79e382cad8281.jpg,caa79e382cad82817eb50ee1fabf15770b58167bb4ddf5b62970c025b49bf7fb,lower_limb_feet,healthy_skin,non_wound,CC BY 4.0,g1117,,Nomal/Male_Normal-0842.jpg,0.743
lower_limb_feet_c531a54180e6bd42.jpg,c531a54180e6bd42b864ebb18d60ff4f8b31c9c908f701843997d720c16d166a,lower_limb_feet,healthy_skin,non_wound,CC BY 4.0,g1119,,Nomal/Male_Normal-0843.jpg,0.718
lower_limb_feet_12a94eac1051abb9.jpg,12a94eac1051abb9e1da8f69db3b9ef5adc2b0812ff059549b508b1fe1b21551,lower_limb_feet,healthy_skin,non_wound,CC BY 4.0,g1119,,Nomal/Male_Normal-0844.jpg,0.707
lower_limb_feet_50dbcc9ffee5ba71.jpg,50dbcc9ffee5ba7169932889a786a5c699a98e11cfa25938bceb3b9197d4e0af,lower_limb_feet,healthy_skin,non_wound,CC BY 4.0,g1120,,Nomal/Male_Normal-0848.jpg,0.730
lower_limb_feet_0c9d81a1c8d0ab56.jpg,0c9d81a1c8d0ab56dc51f582ef4bc085ce2d3dcc9e22e07cd821b0bb251813db,lower_limb_feet,healthy_skin,non_wound,CC BY 4.0,g1121,,Nomal/Male_Normal-0849.jpg,0.718
lower_limb_feet_445d0d7dc1581e4c.jpg,445d0d7dc1581e4c4028e1f6a8a4ade4e2e033ef932aeea47ae6ee2d74002ec3,lower_limb_feet,healthy_skin,non_wound,CC BY 4.0,g1122,,Nomal/Male_Normal-0851.jpg,0.729
lower_limb_feet_974adea50cb5a7fa.jpg,974adea50cb5a7fa2ad9dc18aa0d82901e9b5b245d7d1249c6882ef59784e268,lower_limb_feet,healthy_skin,non_wound,CC BY 4.0,g1123,,Nomal/Male_Normal-0852.jpg,0.740
lower_limb_feet_6bf5ae73b08f0427.jpg,6bf5ae73b08f04273aaa3b5c87a3e637ee220eb793deda5802488a7e6cc6a179,lower_limb_feet,healthy_skin,non_wound,CC BY 4.0,g1678,,Nomal/Male_Normal-0855.jpg,0.735
lower_limb_feet_2f787a6ff433ea7f.jpg,2f787a6ff433ea7faa95f8f2f2bb32cf6d47b36dcd45f1b36157f8040e22fe6e,lower_limb_feet,healthy_skin,non_wound,CC BY 4.0,g1125,,Nomal/Male_Normal-0856.jpg,0.709
lower_limb_feet_16da30f6d5c82c1c.jpg,16da30f6d5c82c1c4464ad4d05ac5dca2908c342bb3965bd8d9a3b3fe589f47a,lower_limb_feet,healthy_skin,non_wound,CC BY 4.0,g1126,,Nomal/Male_Normal-0858.jpg,0.702
lower_limb_feet_c519351b20f78a78.jpg,c519351b20f78a78cc27f1a84e75a6ed7bba55a3a9ec8c6b11fcb758ed1fa9e8,lower_limb_feet,healthy_skin,non_wound,CC BY 4.0,g1127,,Nomal/Male_Normal-0865.jpg,0.706
lower_limb_feet_0a8f28159d80054c.jpg,0a8f28159d80054c28985a0a5f3e1fece2fe239da09616c05e184779ba4383b9,lower_limb_feet,healthy_skin,non_wound,CC BY 4.0,g1728,,Nomal/Male_Normal-0866.jpg,0.711
lower_limb_feet_f09d84630dbedf91.jpg,f09d84630dbedf9142989fc2a2796e23f3aea02a90c2dd2df980b491413cb89a,lower_limb_feet,healthy_skin,non_wound,CC BY 4.0,g1129,,Nomal/Male_Normal-0869.jpg,0.730
lower_limb_feet_377d0c5618079d3c.jpg,377d0c5618079d3c6b45787f04ed8627553778db3c5a93b9a93fa411e31ab474,lower_limb_feet,healthy_skin,non_wound,CC BY 4.0,g1130,,Nomal/Male_Normal-0870.jpg,0.719
lower_limb_feet_422aff2b7b53a2b7.jpg,422aff2b7b53a2b7e5b94d4258c4d3687df484c47e9349259763be0099c712b8,lower_limb_feet,healthy_skin,non_wound,CC BY 4.0,g1678,,Nomal/Male_Normal-0871.jpg,0.726
lower_limb_feet_26b4d38ab4d6696c.jpg,26b4d38ab4d6696cfd54ab25eb63cbb45914a62b77eb2556e1ca625d04557ae5,lower_limb_feet,healthy_skin,non_wound,CC BY 4.0,g1678,,Nomal/Male_Normal-0872.jpg,0.726
lower_limb_feet_224acf5962ab53cf.jpg,224acf5962ab53cf14476be600cbe4f51cf02c485a509a2ebeadd05a78a7b9a5,lower_limb_feet,healthy_skin,non_wound,CC BY 4.0,g1133,,Nomal/Male_Normal-0877.jpg,0.748
lower_limb_feet_603e49996c837766.jpg,603e49996c837766104e21d070f84f9a49fd68d9ab953411fd32c59e15d0cb1b,lower_limb_feet,healthy_skin,non_wound,CC BY 4.0,g1134,,Nomal/Male_Normal-0880.jpg,0.739
lower_limb_feet_676612010d255022.jpg,676612010d2550223c94c1f0eb693263ed04f17969e41494ac9e1cfe18658315,lower_limb_feet,healthy_skin,non_wound,CC BY 4.0,g1135,,Nomal/Male_Normal-0882.jpg,0.685
lower_limb_feet_a75ffc98c4ddad13.jpg,a75ffc98c4ddad13648cf03ae8ac1b11351fe1adc0a4ba3c5841f7a07a23b15b,lower_limb_feet,healthy_skin,non_wound,CC BY 4.0,g1136,,Nomal/Male_Normal-0883.jpg,0.741
lower_limb_feet_24510b0b62aae50c.jpg,24510b0b62aae50c38f28855bd05faa4c3da10b9108ecbdb14b9b2d0fd0f1c3b,lower_limb_feet,healthy_skin,non_wound,CC BY 4.0,g1137,,Nomal/Male_Normal-0884.jpg,0.706
lower_limb_feet_316b44b15c0ad5af.jpg,316b44b15c0ad5affbf2a243b8858f851eb99ffd01908ace36548f03fa97c1b8,lower_limb_feet,healthy_skin,non_wound,CC BY 4.0,g1138,,Nomal/Male_Normal-0885.jpg,0.701
lower_limb_feet_dffa17ff578d9383.jpg,dffa17ff578d93831a88f4f9d5a2e7da5183ba36feace8d0cc4bfeba9346aed5,lower_limb_feet,healthy_skin,non_wound,CC BY 4.0,g1139,,Nomal/Male_Normal-0886.jpg,0.733
lower_limb_feet_d07df47be7a6ec17.jpg,d07df47be7a6ec17cc0cd142b6e332b88357ffb4046f9d451b295f7969b2cb9f,lower_limb_feet,healthy_skin,non_wound,CC BY 4.0,g1140,,Nomal/Male_Normal-0887.jpg,0.710
lower_limb_feet_548741f55ceac692.jpg,548741f55ceac6923ee15049d86e6d9b1345dcd86b14e80c5c3d49ad210a3ac4,lower_limb_feet,healthy_skin,non_wound,CC BY 4.0,g1141,,Nomal/Male_Normal-0890.jpg,0.703
lower_limb_feet_6949413967e35ba1.jpg,6949413967e35ba1ffaacede8c2153a1f6170c865ef792fb5ba69aaef6a584e1,lower_limb_feet,healthy_skin,non_wound,CC BY 4.0,g1142,,Nomal/Male_Normal-0891.jpg,0.698
lower_limb_feet_0ec0aaa1665e5362.jpg,0ec0aaa1665e53628ce3c014e89b63b8233792bfc7fd3a31c37ae3b06874a714,lower_limb_feet,healthy_skin,non_wound,CC BY 4.0,g1174,,Nomal/Male_Normal-0893.jpg,0.728
lower_limb_feet_0e4226b340200343.jpg,0e4226b3402003435ef48a0200af7f00c8d66b57786f0c41373f67858c15b3cf,lower_limb_feet,healthy_skin,non_wound,CC BY 4.0,g1678,,Nomal/Male_Normal-0895.jpg,0.744
lower_limb_feet_b70387244316498a.jpg,b70387244316498a8cddc1b2872b9a89ba608699e235faec4143fb140699d47a,lower_limb_feet,healthy_skin,non_wound,CC BY 4.0,g1156,,Nomal/Male_Normal-0899.jpg,0.746
lower_limb_feet_5b45025645477040.jpg,5b45025645477040ad41194823c3291cdd329eeb809d715011638b3f6c3c61ba,lower_limb_feet,healthy_skin,non_wound,CC BY 4.0,g1728,,Nomal/Male_Normal-0901.jpg,0.730
lower_limb_feet_8ec915c69e054d9f.jpg,8ec915c69e054d9f538ec6c74ec126f97902a2db0a87262a879898ff4dc5ee28,lower_limb_feet,healthy_skin,non_wound,CC BY 4.0,g1147,,Nomal/Male_Normal-0902.jpg,0.734
lower_limb_feet_44052b9ed0a4c05c.jpg,44052b9ed0a4c05cebe1e7682adf4d1d9ccd9bdfa53a580d1ab99055c455bfd7,lower_limb_feet,healthy_skin,non_wound,CC BY 4.0,g1148,,Nomal/Male_Normal-0903.jpg,0.718
lower_limb_feet_a6b870f5272ccf71.jpg,a6b870f5272ccf71b48c67873d310c2953f4759d50a2d9227625aa614351df8c,lower_limb_feet,healthy_skin,non_wound,CC BY 4.0,g1678,,Nomal/Male_Normal-0904.jpg,0.716
lower_limb_feet_5a08fc1b99a1ecd1.jpg,5a08fc1b99a1ecd141d617735208b0991f765af067401be2c8cb5c132f4b3ede,lower_limb_feet,healthy_skin,non_wound,CC BY 4.0,g1150,,Nomal/Male_Normal-0905.jpg,0.704
lower_limb_feet_28ac1877a87a0d99.jpg,28ac1877a87a0d99acc7dff495a8a28a9a053d885f609e4bf5ad9a8b44f7b619,lower_limb_feet,healthy_skin,non_wound,CC BY 4.0,g1194,,Nomal/Male_Normal-0906.jpg,0.732
lower_limb_feet_34811d44d019e71f.jpg,34811d44d019e71f406610981472ae59a1ac15e3f6df4088aa892604bffc4e8a,lower_limb_feet,healthy_skin,non_wound,CC BY 4.0,g1728,,Nomal/Male_Normal-0907.jpg,0.731
lower_limb_feet_e770c28e00d9c19c.jpg,e770c28e00d9c19cd2ebfaab915e81020969acb6ecf240362af0e5360e0dd53a,lower_limb_feet,healthy_skin,non_wound,CC BY 4.0,g1728,,Nomal/Male_Normal-0909.jpg,0.728
lower_limb_feet_fe3a215a47d3575e.jpg,fe3a215a47d3575e6cfd298a0ff465ad8b184f935bb28b323375696511053ed8,lower_limb_feet,healthy_skin,non_wound,CC BY 4.0,g1154,,Nomal/Male_Normal-0912.jpg,0.719
lower_limb_feet_211e0ae9004de1fb.jpg,211e0ae9004de1fbf1063ed68db725d7b9e8a4e63a2cccf120a98908ad99e7a8,lower_limb_feet,healthy_skin,non_wound,CC BY 4.0,g1155,,Nomal/Male_Normal-0914.jpg,0.713
lower_limb_feet_cf9dcc8c8d1d637a.jpg,cf9dcc8c8d1d637aeb0d9e2aafae69e0b9142b2781f45e22395620157201f9b1,lower_limb_feet,healthy_skin,non_wound,CC BY 4.0,g1156,,Nomal/Male_Normal-0915.jpg,0.725
lower_limb_feet_770519751d66bf32.jpg,770519751d66bf3227323502bd283ce357f9f434a944b24b7cb4d0b06b2880e3,lower_limb_feet,healthy_skin,non_wound,CC BY 4.0,g1194,,Nomal/Male_Normal-0916.jpg,0.737
lower_limb_feet_1dd41083e269ebc3.jpg,1dd41083e269ebc30755a3de744cfdd7b2c81ece30755f4b95e3de1af3f11bc3,lower_limb_feet,healthy_skin,non_wound,CC BY 4.0,g1728,,Nomal/Male_Normal-0917.jpg,0.732
lower_limb_feet_ca770303ed3c6195.jpg,ca770303ed3c6195b74236b5c429e9ff0281d202e4efd9c0fa957ed322bf9397,lower_limb_feet,healthy_skin,non_wound,CC BY 4.0,g1678,,Nomal/Male_Normal-0919.jpg,0.736
lower_limb_feet_49b02e2eb8941f99.jpg,49b02e2eb8941f99a46b7b812fd68a8535cee4c4f48ea05e0ef86707bccf583c,lower_limb_feet,healthy_skin,non_wound,CC BY 4.0,g1678,,Nomal/Male_Normal-0920.jpg,0.729
lower_limb_feet_bd868828b4379331.jpg,bd868828b43793310361332bd4320347f15e40f56de18ac328c5eaeacf2c7c34,lower_limb_feet,healthy_skin,non_wound,CC BY 4.0,g1728,,Nomal/Male_Normal-0925.jpg,0.719
lower_limb_feet_f599f6d072212c37.jpg,f599f6d072212c37e4da185f53e4a77ac16d73da041ecaba245ada3f54afaf96,lower_limb_feet,healthy_skin,non_wound,CC BY 4.0,g1162,,Nomal/Male_Normal-0926.jpg,0.715
lower_limb_feet_51f77f42c694ebd6.jpg,51f77f42c694ebd675463613e0c00442924c7c0b1bd1f97a7f8f4e6fbe3a1936,lower_limb_feet,healthy_skin,non_wound,CC BY 4.0,g1163,,Nomal/Male_Normal-0927.jpg,0.715
lower_limb_feet_cafcacf034fbe776.jpg,cafcacf034fbe7763f820ec9e7b3b0ec792fe7d3fd3ae2c74d5d74545abf7b19,lower_limb_feet,healthy_skin,non_wound,CC BY 4.0,g1165,,Nomal/Male_Normal-0930.jpg,0.695
lower_limb_feet_171e85f5efdd18e3.jpg,171e85f5efdd18e3eebb8bbe0c0e9483b926f0021e8ba22644c817ff9a61b6cd,lower_limb_feet,healthy_skin,non_wound,CC BY 4.0,g1165,,Nomal/Male_Normal-0933.jpg,0.707
lower_limb_feet_9e4ded08fec8c977.jpg,9e4ded08fec8c977706bc45e2a030a9c30e0ac72e8808e90a1b6a6f7b01f5ff2,lower_limb_feet,healthy_skin,non_wound,CC BY 4.0,g1166,,Nomal/Male_Normal-0934.jpg,0.727
lower_limb_feet_559308fda66b3c9b.jpg,559308fda66b3c9bc5efaf79ec9f10b3b7d078c468c5ee59c8db50c7618906b0,lower_limb_feet,healthy_skin,non_wound,CC BY 4.0,g1167,,Nomal/Male_Normal-0935.jpg,0.736
lower_limb_feet_8c70864d564233b5.jpg,8c70864d564233b5162a2b9055954a825dfec4dff6779205645483ae764551aa,lower_limb_feet,healthy_skin,non_wound,CC BY 4.0,g1168,,Nomal/Male_Normal-0937.jpg,0.691
lower_limb_feet_82fb7461e8dbdeba.jpg,82fb7461e8dbdeba1ca313f49cacc16f722bc4f926141495cbe8d169752c9083,lower_limb_feet,healthy_skin,non_wound,CC BY 4.0,g1728,,Nomal/Male_Normal-0938.jpg,0.740
lower_limb_feet_4cac6ce48ca41ef2.jpg,4cac6ce48ca41ef256ece595fe770dff6830fd8c3bc1de724760c6596ecf9468,lower_limb_feet,healthy_skin,non_wound,CC BY 4.0,g1170,,Nomal/Male_Normal-0939.jpg,0.739
lower_limb_feet_24a7d0178f9c93c4.jpg,24a7d0178f9c93c4225fcc5284ca567f25f6f60e4cb09d46112512d6c94cf48b,lower_limb_feet,healthy_skin,non_wound,CC BY 4.0,g1171,,Nomal/Male_Normal-0944.jpg,0.740
lower_limb_feet_cbc5a98876372d91.jpg,cbc5a98876372d916081f1a40e2f6791e62c3a2ef5d654e87333903affd28604,lower_limb_feet,healthy_skin,non_wound,CC BY 4.0,g1172,,Nomal/Male_Normal-0946.jpg,0.701
lower_limb_feet_8c2f619a251e08ae.jpg,8c2f619a251e08aee2435203c0b91b6a6475e2bc0950d47616334e981fa4cf2f,lower_limb_feet,healthy_skin,non_wound,CC BY 4.0,g1173,,Nomal/Male_Normal-0949.jpg,0.723
lower_limb_feet_a7364fa4668275ce.jpg,a7364fa4668275cec3f0e74638cc76919a793a7af14bdc7e6a99c9dd87d9c832,lower_limb_feet,healthy_skin,non_wound,CC BY 4.0,g1174,,Nomal/Male_Normal-0950.jpg,0.717
lower_limb_feet_85b620abdd1694bc.jpg,85b620abdd1694bc7c4473ca686ac4f055208c563bcb9efcd64e385d134d6767,lower_limb_feet,healthy_skin,non_wound,CC BY 4.0,g1175,,Nomal/Male_Normal-0951.jpg,0.710
lower_limb_feet_f99ddeb45f804335.jpg,f99ddeb45f804335c0f8cf979751157bc1079a3030260facf42c0fd0a88b9418,lower_limb_feet,healthy_skin,non_wound,CC BY 4.0,g1678,,Nomal/Male_Normal-0952.jpg,0.743
lower_limb_feet_baf75cea0417379e.jpg,baf75cea0417379e1c1140083553a5d43249415aa26dab882f273b7203c1be34,lower_limb_feet,healthy_skin,non_wound,CC BY 4.0,g1177,,Nomal/Male_Normal-0955.jpg,0.724
lower_limb_feet_2cb3bd56c63aaecf.jpg,2cb3bd56c63aaecf52ee82f7fcbca657bd53476a1958316e4ff81aad4b6594e7,lower_limb_feet,healthy_skin,non_wound,CC BY 4.0,g1678,,Nomal/Male_Normal-0960.jpg,0.718
lower_limb_feet_64a782e3af26c201.jpg,64a782e3af26c2010dfacfc758df1a3ba28722680f413d8c813af6d91b035aeb,lower_limb_feet,healthy_skin,non_wound,CC BY 4.0,g1728,,Nomal/Male_Normal-0961.jpg,0.725
lower_limb_feet_da7fbaaaa80999c8.jpg,da7fbaaaa80999c89bdc321439879ed47b75d642277ae0312dd2c056397c2652,lower_limb_feet,healthy_skin,non_wound,CC BY 4.0,g1180,,Nomal/Male_Normal-0963.jpg,0.747
lower_limb_feet_c12c7d711e8ad22b.jpg,c12c7d711e8ad22b4256282a5f7adbf49f90f7c85c63d53cd8ea76c1f3db507e,lower_limb_feet,healthy_skin,non_wound,CC BY 4.0,g1678,,Nomal/Male_Normal-0967.jpg,0.726
lower_limb_feet_6de0e0e6e52cfcda.jpg,6de0e0e6e52cfcda122295dee0496cb045bbca92ba2181beb15201d04aa44e7a,lower_limb_feet,healthy_skin,non_wound,CC BY 4.0,g1678,,Nomal/Male_Normal-0968.jpg,0.742
lower_limb_feet_bd5bb73b87a1ccef.jpg,bd5bb73b87a1ccef73917085107f65bbdf302f6df46e7f099eb929b9d7694fa0,lower_limb_feet,healthy_skin,non_wound,CC BY 4.0,g1183,,Nomal/Male_Normal-0969.jpg,0.716
lower_limb_feet_60af2116ec132271.jpg,60af2116ec1322718e998c901a3e39316b06e09a06b674a2dbcdb621cead3085,lower_limb_feet,healthy_skin,non_wound,CC BY 4.0,g1728,,Nomal/Male_Normal-0973.jpg,0.742
lower_limb_feet_d81d2ed94f967131.jpg,d81d2ed94f9671311b214d84944129defcad328e6ac94635f0e7533d90e0ec58,lower_limb_feet,healthy_skin,non_wound,CC BY 4.0,g1678,,Nomal/Male_Normal-0975.jpg,0.734
lower_limb_feet_02fc96fd53e519d7.jpg,02fc96fd53e519d7aef6314c16f0aa881fc7f08595b3c3f91b49d9be53ad515e,lower_limb_feet,healthy_skin,non_wound,CC BY 4.0,g1186,,Nomal/Male_Normal-0977.jpg,0.740
lower_limb_feet_25d103eb9b6a6c8e.jpg,25d103eb9b6a6c8eeb7d60bf9b2883cc74a54b98a845ac0ae696e3f691f0d10f,lower_limb_feet,healthy_skin,non_wound,CC BY 4.0,g1678,,Nomal/Male_Normal-0983.jpg,0.735
lower_limb_feet_af6aae64baba8a78.jpg,af6aae64baba8a78ed9214b73c69e9849d343376d62520b4977d2f0efcc013d3,lower_limb_feet,healthy_skin,non_wound,CC BY 4.0,g1678,,Nomal/Male_Normal-0984.jpg,0.750
lower_limb_feet_572f1cd46c9ceb8a.jpg,572f1cd46c9ceb8ae0e31311a5480829fed64e947f1837cfe4ca5245a063323d,lower_limb_feet,healthy_skin,non_wound,CC BY 4.0,g1189,,Nomal/Male_Normal-0986.jpg,0.748
lower_limb_feet_152e253b3832baea.jpg,152e253b3832baea7e24e7c973036c481fc6aa8665a7e668765f513530234b32,lower_limb_feet,healthy_skin,non_wound,CC BY 4.0,g1678,,Nomal/Male_Normal-0992.jpg,0.729
lower_limb_feet_b9c71c1dfec298e5.jpg,b9c71c1dfec298e5ea00806c68809acee9fee627cf1379e9d799635ae9706ef6,lower_limb_feet,healthy_skin,non_wound,CC BY 4.0,g1728,,Nomal/Male_Normal-0993.jpg,0.722
lower_limb_feet_dd520ee6eaf739cf.jpg,dd520ee6eaf739cf4995e4903111878fc04c667e0f87cab612aa12f2f1b5d3e9,lower_limb_feet,healthy_skin,non_wound,CC BY 4.0,g1728,,Nomal/Male_Normal-0994.jpg,0.723
lower_limb_feet_ae683b5940757bdb.jpg,ae683b5940757bdbd80cbadfc477aec2ae88580535bb0f061a4285560a580188,lower_limb_feet,healthy_skin,non_wound,CC BY 4.0,g1193,,Nomal/Male_Normal-0995.jpg,0.713
lower_limb_feet_0437f501d34424d1.jpg,0437f501d34424d1f0438b799937ae3a50fe6df269b97fd12f1740e4517dd3f6,lower_limb_feet,healthy_skin,non_wound,CC BY 4.0,g1194,,Nomal/Male_Normal-0996.jpg,0.702
lower_limb_feet_62ed3c8fce1cb603.jpg,62ed3c8fce1cb603cb91f45e3945131504d692e58cb863b3cc16406bf3bec169,lower_limb_feet,healthy_skin,non_wound,CC BY 4.0,g1728,,Nomal/Male_Normal-0997.jpg,0.711
lower_limb_feet_653c4097ae3c69b6.jpg,653c4097ae3c69b65129a244902b4377c11b81e4883c5eb9dd47ad2daa1f8e8e,lower_limb_feet,healthy_skin,non_wound,CC BY 4.0,g1678,,Nomal/Male_Normal-0999.jpg,0.747
lower_limb_feet_a1c96e98a951f935.jpg,a1c96e98a951f9355a6bc3e9e46973fac27809705915a655f7b046ff98d71029,lower_limb_feet,healthy_skin,non_wound,CC BY 4.0,g1197,,Nomal/Male_Normal-1001.jpg,0.710
lower_limb_feet_f7326922f683568b.jpg,f7326922f683568b1f38ddb64a0143e853845f051687acbef625032371caf4e3,lower_limb_feet,healthy_skin,non_wound,CC BY 4.0,g1198,,Nomal/Male_Normal-1002.jpg,0.717
lower_limb_feet_7ca1eccfbe0c0f93.jpg,7ca1eccfbe0c0f9372650db8e9adc745c93419872df027354806c0dd35ead337,lower_limb_feet,healthy_skin,non_wound,CC BY 4.0,g1199,,Nomal/Male_Normal-1003.jpg,0.743
lower_limb_feet_0e75a4713b08add2.jpg,0e75a4713b08add2a0c20489383960eeebf6d868479e783d7c762694dcbeb0cc,lower_limb_feet,healthy_skin,non_wound,CC BY 4.0,g1200,,Nomal/Male_Normal-1006.jpg,0.742
lower_limb_feet_5d83feebae97a308.jpg,5d83feebae97a30880e3eac54f695bc94dbc611c2cc9333f1951008e747f6da1,lower_limb_feet,healthy_skin,non_wound,CC BY 4.0,g1678,,Nomal/Male_Normal-1008.jpg,0.725
lower_limb_feet_6d815ffb9882afcb.jpg,6d815ffb9882afcb6e02dab781a36d3e6f535dc91e8818eb4744a99e932d1d10,lower_limb_feet,healthy_skin,non_wound,CC BY 4.0,g1728,,Nomal/Male_Normal-1009.jpg,0.700
lower_limb_feet_64fd7a651e660185.jpg,64fd7a651e6601851d33d7a9c83b8eb09c010226e1229afa13b71c7a03bf8a1b,lower_limb_feet,healthy_skin,non_wound,CC BY 4.0,g1203,,Nomal/Male_Normal-1013.jpg,0.719
lower_limb_feet_1e6b60e740ced067.jpg,1e6b60e740ced067100907d83ce7f134542ead189946ee860b684a9138bf2935,lower_limb_feet,healthy_skin,non_wound,CC BY 4.0,g1204,,Nomal/Male_Normal-1014.jpg,0.708
lower_limb_feet_4d67205e1a7528a5.jpg,4d67205e1a7528a551cda9339ed1663b0ee305e1adab4a613799eb36986cf848,lower_limb_feet,healthy_skin,non_wound,CC BY 4.0,g1678,,Nomal/Male_Normal-1015.jpg,0.731
lower_limb_feet_d5d1c1d3d7ae6e1c.jpg,d5d1c1d3d7ae6e1ce0a91eedb7e80f8100e99b37364815a3d774bb3b46d388d1,lower_limb_feet,healthy_skin,non_wound,CC BY 4.0,g1678,,Nomal/Male_Normal-1016.jpg,0.748
lower_limb_feet_f16baba215883055.jpg,f16baba21588305563af2a4bdae4b94e370c6bb3d3d6e4787c03692822f6e8f9,lower_limb_feet,healthy_skin,non_wound,CC BY 4.0,g1728,,Nomal/Male_Normal-1017.jpg,0.742
lower_limb_feet_82b49bc6a95595ba.jpg,82b49bc6a95595ba7ee314eaada678e5d92806dac16fb65a4bd587195b751279,lower_limb_feet,healthy_skin,non_wound,CC BY 4.0,g1728,,Nomal/Male_Normal-1018.jpg,0.733
lower_limb_feet_533afdc14d3ad0d0.jpg,533afdc14d3ad0d0ab8bfbd5d5c2327f2ce43dbdd4829dd0905e51d0964c42ab,lower_limb_feet,healthy_skin,non_wound,CC BY 4.0,g1728,,Nomal/Male_Normal-1021.jpg,0.739
lower_limb_feet_bfa0919b3285660f.jpg,bfa0919b3285660fac833b6fbb081a3d4a45f74187f9b15307dd35a5aef073eb,lower_limb_feet,healthy_skin,non_wound,CC BY 4.0,g1728,,Nomal/Male_Normal-1022.jpg,0.732
lower_limb_feet_6444f1d97bd82bd1.jpg,6444f1d97bd82bd19ada69159cbf4e10035abacb0ed243b10ad807435f660b17,lower_limb_feet,healthy_skin,non_wound,CC BY 4.0,g1211,,Nomal/Male_Normal-1023.jpg,0.707
lower_limb_feet_a8279a5f900c9af7.jpg,a8279a5f900c9af75f5e3706e15fad2e1e369be0de42379869d6d37912d97712,lower_limb_feet,healthy_skin,non_wound,CC BY 4.0,g1678,,Nomal/Male_Normal-1024.jpg,0.717
lower_limb_feet_30528b9ba8c1931c.jpg,30528b9ba8c1931c40de63e9729c117a03cb9429b8a7fc03871693a96854fe98,lower_limb_feet,healthy_skin,non_wound,CC BY 4.0,g1728,,Nomal/Male_Normal-1025.jpg,0.735
lower_limb_feet_e9393f25451efce8.jpg,e9393f25451efce84dc996741a23eae863dae63b4a2b8725aa5b01aac8c1f51c,lower_limb_feet,healthy_skin,non_wound,CC BY 4.0,g1728,,Nomal/Male_Normal-1027.jpg,0.703
lower_limb_feet_ab093a964f8613cc.jpg,ab093a964f8613cc8ff5abb3afb8ee1ba857747b6179aea1ffd779b165c681d0,lower_limb_feet,healthy_skin,non_wound,CC BY 4.0,g1728,,Nomal/Male_Normal-1028.jpg,0.722
lower_limb_feet_2e4b41324897eb9d.jpg,2e4b41324897eb9d3176f9e926483a48fbf6af1a3db5316919eac3ba93bddd28,lower_limb_feet,healthy_skin,non_wound,CC BY 4.0,g1216,,Nomal/Male_Normal-1029.jpg,0.733
lower_limb_feet_35ec99767b6fad58.jpg,35ec99767b6fad58ba7a92909ca6dc5b41f13fad7903bd2fab64371b26f48801,lower_limb_feet,healthy_skin,non_wound,CC BY 4.0,g1728,,Nomal/Male_Normal-1030.jpg,0.747
lower_limb_feet_4e852f65570279ab.jpg,4e852f65570279ab70ef37192a2f4f36c8615b275f249b4247b1abb7d06bb0c5,lower_limb_feet,healthy_skin,non_wound,CC BY 4.0,g1218,,Nomal/Male_Normal-1032.jpg,0.744
lower_limb_feet_56694c177865e4af.jpg,56694c177865e4af676c083fc4f9cb9a1cd87745b104b0a54469b69ec9c3fe98,lower_limb_feet,healthy_skin,non_wound,CC BY 4.0,g1219,,Nomal/Male_Normal-1033.jpg,0.725
lower_limb_feet_94a561962819e006.jpg,94a561962819e006d810a28c87ef6cafe5c7ef3908a27f1a8543b85fdb5f3517,lower_limb_feet,healthy_skin,non_wound,CC BY 4.0,g1220,,Nomal/Male_Normal-1038.jpg,0.688
lower_limb_feet_6e508335869bebd5.jpg,6e508335869bebd596cb514bbf996b4fb8b922479e9c7b9f16369e6d72f578c4,lower_limb_feet,healthy_skin,non_wound,CC BY 4.0,g1678,,Nomal/Male_Normal-1039.jpg,0.716
lower_limb_feet_ef4da720cce892aa.jpg,ef4da720cce892aa3e80ded416822b791a1a29107f25bf4f54d0b8968eb185a0,lower_limb_feet,healthy_skin,non_wound,CC BY 4.0,g1728,,Nomal/Male_Normal-1041.jpg,0.699
lower_limb_feet_e5a701eda846168e.jpg,e5a701eda846168e7e68c1545d3be69dbe6dfaec8d9eeca45690efd6ac4a9b87,lower_limb_feet,healthy_skin,non_wound,CC BY 4.0,g1223,,Nomal/Male_Normal-1042.jpg,0.738
lower_limb_feet_0d16fc17981bf102.jpg,0d16fc17981bf102942409e2e0df206415551ba2259c1e9165f48cf5a98d07e2,lower_limb_feet,healthy_skin,non_wound,CC BY 4.0,g1728,,Nomal/Male_Normal-1043.jpg,0.705
lower_limb_feet_a5ad8705cd7e51f3.jpg,a5ad8705cd7e51f305d3862229970d8a13431b26c7a6d880b1c2e36e8a0fde50,lower_limb_feet,healthy_skin,non_wound,CC BY 4.0,g1728,,Nomal/Male_Normal-1044.jpg,0.724
lower_limb_feet_ff42e38207ec41f3.jpg,ff42e38207ec41f3d6bcda65fc0587b7c775a2c94d46489ddbe2295c9d5c0abd,lower_limb_feet,healthy_skin,non_wound,CC BY 4.0,g1728,,Nomal/Male_Normal-1045.jpg,0.701
lower_limb_feet_f574b0d6fca4ab86.jpg,f574b0d6fca4ab86315f56adf9c1e94dcb9c1549cc285e5ccb78f62ec40e83d6,lower_limb_feet,healthy_skin,non_wound,CC BY 4.0,g1728,,Nomal/Male_Normal-1046.jpg,0.739
lower_limb_feet_c03560b62d92926c.jpg,c03560b62d92926c26311ac1e5761cac8c2847be1a14cb089cd018cf31f6f3cd,lower_limb_feet,healthy_skin,non_wound,CC BY 4.0,g1228,,Nomal/Male_Normal-1047.jpg,0.743
lower_limb_feet_0abbf99d87f13b31.jpg,0abbf99d87f13b31c44bcc2f68971b393060760f75d8fdf0af07b8177af2079c,lower_limb_feet,healthy_skin,non_wound,CC BY 4.0,g1678,,Nomal/Male_Normal-1048.jpg,0.722
lower_limb_feet_9ec8eb32b467506e.jpg,9ec8eb32b467506e9446b515160dde87fd47fba47872e1c112a9d1c2894b3319,lower_limb_feet,healthy_skin,non_wound,CC BY 4.0,g1230,,Nomal/Male_Normal-1050.jpg,0.712
lower_limb_feet_a50abfac06c8fdac.jpg,a50abfac06c8fdac3f0f5d0fe6c04bd0698d6a25e251cc39b1999781039e2886,lower_limb_feet,healthy_skin,non_wound,CC BY 4.0,g1231,,Nomal/Male_Normal-1053.jpg,0.718
lower_limb_feet_fc9efe55d5614de7.jpg,fc9efe55d5614de7c57af7c4d4fa0b4d0ccd48308c2ccf1f49d7e364a90acb63,lower_limb_feet,healthy_skin,non_wound,CC BY 4.0,g1728,,Nomal/Male_Normal-1054.jpg,0.738
lower_limb_feet_394eafdbe919cf05.jpg,394eafdbe919cf0564be1f8ae45308b7dfac65e2fd7befa821a155e690c7a942,lower_limb_feet,healthy_skin,non_wound,CC BY 4.0,g1672,,Nomal/Male_Normal-1055.jpg,0.744
lower_limb_feet_00986457b7d81b4d.jpg,00986457b7d81b4d3f3de3b9c0ef0c9274ef5aacb271b6839826e811c0ec6a36,lower_limb_feet,healthy_skin,non_wound,CC BY 4.0,g1678,,Nomal/Male_Normal-1056.jpg,0.727
lower_limb_feet_b49473b4107fa911.jpg,b49473b4107fa911eb96340f3f4f2d8406de6923ee73e9a65385c7efdb6195d5,lower_limb_feet,healthy_skin,non_wound,CC BY 4.0,g1728,,Nomal/Male_Normal-1057.jpg,0.730
lower_limb_feet_96990a6eff1f3f64.jpg,96990a6eff1f3f64374a4910828be3374d770eea99ce0126041763795e7e9f70,lower_limb_feet,healthy_skin,non_wound,CC BY 4.0,g1728,,Nomal/Male_Normal-1058.jpg,0.740
lower_limb_feet_3673faf14bcd2e42.jpg,3673faf14bcd2e428f836974f40300919b6edc130cd1e20856b373f2795285dc,lower_limb_feet,healthy_skin,non_wound,CC BY 4.0,g1728,,Nomal/Male_Normal-1059.jpg,0.719
lower_limb_feet_58509cfce97d63c5.jpg,58509cfce97d63c51462aeed89451c0d5637b0e69996719e2f58580c7d8ed8e2,lower_limb_feet,healthy_skin,non_wound,CC BY 4.0,g1678,,Nomal/Male_Normal-1063.jpg,0.728
lower_limb_feet_a5b78e3bea7e72f7.jpg,a5b78e3bea7e72f770e81c7bea0e8ba16a2a89a47f044d55914c3258238569cc,lower_limb_feet,healthy_skin,non_wound,CC BY 4.0,g1728,,Nomal/Male_Normal-1065.jpg,0.725
lower_limb_feet_ee2db9538fdc96f6.jpg,ee2db9538fdc96f67d4173e8896a252a415d7a294fb4f33b684af3774981cfb1,lower_limb_feet,healthy_skin,non_wound,CC BY 4.0,g1728,,Nomal/Male_Normal-1066.jpg,0.721
lower_limb_feet_5984b993564ac9ee.jpg,5984b993564ac9ee06ba42221ce79005c872dc17457f02b85c619e322f5b3a8c,lower_limb_feet,healthy_skin,non_wound,CC BY 4.0,g1728,,Nomal/Male_Normal-1067.jpg,0.739
lower_limb_feet_13e794d006aec826.jpg,13e794d006aec826f43803da27b5451ffc1d1f42f7ac356c5a5a87614a1be6c8,lower_limb_feet,healthy_skin,non_wound,CC BY 4.0,g1728,,Nomal/Male_Normal-1069.jpg,0.731
lower_limb_feet_115358786ab8921c.jpg,115358786ab8921c8f276fa5053d02b30b276bfe5d586270e0081de35d816233,lower_limb_feet,healthy_skin,non_wound,CC BY 4.0,g1243,,Nomal/Male_Normal-1070.jpg,0.724
lower_limb_feet_3568b930db6edd30.jpg,3568b930db6edd30179699542bee9204730b6edaa80c4da5791cb58d7c39bf41,lower_limb_feet,healthy_skin,non_wound,CC BY 4.0,g1244,,Nomal/Male_Normal-1071.jpg,0.744
lower_limb_feet_0990d9b3dab09edf.jpg,0990d9b3dab09edfd53fde746c41270ed446f5c585384783be15d1d5e9324a6c,lower_limb_feet,healthy_skin,non_wound,CC BY 4.0,g1678,,Nomal/Male_Normal-1072.jpg,0.745
lower_limb_feet_aa81c27a6ff90242.jpg,aa81c27a6ff902427a19dc255242a33412837c56035f1cd0c68ce5c901496da7,lower_limb_feet,healthy_skin,non_wound,CC BY 4.0,g1728,,Nomal/Male_Normal-1073.jpg,0.728
lower_limb_feet_744f5df502605e66.jpg,744f5df502605e66a7ca88bbbd8429f72941c9ab7527aaa059e13b9f41770d45,lower_limb_feet,healthy_skin,non_wound,CC BY 4.0,g1728,,Nomal/Male_Normal-1075.jpg,0.691
lower_limb_feet_3e3e54b690faf327.jpg,3e3e54b690faf327af5caaabaa8633603f6b9887b6b9455000e83d31d4b37657,lower_limb_feet,healthy_skin,non_wound,CC BY 4.0,g1728,,Nomal/Male_Normal-1076.jpg,0.681
lower_limb_feet_ff6a0111d44fa026.jpg,ff6a0111d44fa0267c6c2f6822d424a4c86300629a5d4e2a1c38e62891fb9c73,lower_limb_feet,healthy_skin,non_wound,CC BY 4.0,g1263,,Nomal/Male_Normal-1077.jpg,0.747
lower_limb_feet_d78970250fdd4c45.jpg,d78970250fdd4c45a0fbb2f1b753d13e98edea6ca57e13dfdea916bab616e3cf,lower_limb_feet,healthy_skin,non_wound,CC BY 4.0,g1728,,Nomal/Male_Normal-1078.jpg,0.691
lower_limb_feet_37f3d1dd3d166269.jpg,37f3d1dd3d166269f7e3f347e937758870bcb89f76bc50ab8a00b752e7e25160,lower_limb_feet,healthy_skin,non_wound,CC BY 4.0,g1678,,Nomal/Male_Normal-1079.jpg,0.693
lower_limb_feet_7c4e089e8ed3d720.jpg,7c4e089e8ed3d720b55a8e180c97bfba6a7e70983796915a567d14a5e1caca69,lower_limb_feet,healthy_skin,non_wound,CC BY 4.0,g1728,,Nomal/Male_Normal-1081.jpg,0.744
lower_limb_feet_750e5a948084cab6.jpg,750e5a948084cab6c2b93bd28c4f8e981ee708920270722136d2be0fdcf5c5c8,lower_limb_feet,healthy_skin,non_wound,CC BY 4.0,g1728,,Nomal/Male_Normal-1084.jpg,0.723
lower_limb_feet_4828c3e4176de10c.jpg,4828c3e4176de10c0c31a20b44be398094f85ded4ba7cfc6019cfcd08dd14fc0,lower_limb_feet,healthy_skin,non_wound,CC BY 4.0,g1254,,Nomal/Male_Normal-1085.jpg,0.748
lower_limb_feet_b245ac99e3998432.jpg,b245ac99e39984329066333055ab2be25812310c4c5ee4f35117d72e51820697,lower_limb_feet,healthy_skin,non_wound,CC BY 4.0,g1678,,Nomal/Male_Normal-1087.jpg,0.712
lower_limb_feet_adc08b607f306241.jpg,adc08b607f306241094184642418822833f0d7dad4e5a154f6eb79d9054b744d,lower_limb_feet,healthy_skin,non_wound,CC BY 4.0,g1728,,Nomal/Male_Normal-1089.jpg,0.740
lower_limb_feet_1cbd238b45141d7f.jpg,1cbd238b45141d7f54488f93b354820f9605f51bcf1f42a42adbffa0e64ac208,lower_limb_feet,healthy_skin,non_wound,CC BY 4.0,g1728,,Nomal/Male_Normal-1091.jpg,0.703
lower_limb_feet_4f8b415e9bfdee91.jpg,4f8b415e9bfdee91bafe73e4a0dea72552c83489f27cc83d42edaee186a0f46d,lower_limb_feet,healthy_skin,non_wound,CC BY 4.0,g1728,,Nomal/Male_Normal-1092.jpg,0.700
lower_limb_feet_877527c5c52049c1.jpg,877527c5c52049c1862dfe27eee8570255794ffcfb7d11846a51cabcb0cf71ff,lower_limb_feet,healthy_skin,non_wound,CC BY 4.0,g1728,,Nomal/Male_Normal-1093.jpg,0.690
lower_limb_feet_6f708333b6965e30.jpg,6f708333b6965e301a92c4460335adb776e1955030ae9c8985a616d6922961f4,lower_limb_feet,healthy_skin,non_wound,CC BY 4.0,g1260,,Nomal/Male_Normal-1096.jpg,0.696
lower_limb_feet_7d98c875ee8c7a14.jpg,7d98c875ee8c7a1446cbd002da2e10829728ba19e8152ab36afd2f5aaf909b03,lower_limb_feet,healthy_skin,non_wound,CC BY 4.0,g1728,,Nomal/Male_Normal-1098.jpg,0.733
lower_limb_feet_d428f1b72edc3abd.jpg,d428f1b72edc3abdcd02bf2f33874b89795a9091483a0c269f1c2574f5ac8b9b,lower_limb_feet,healthy_skin,non_wound,CC BY 4.0,g1728,,Nomal/Male_Normal-1099.jpg,0.725
lower_limb_feet_b7f49e764fb5d7fe.jpg,b7f49e764fb5d7fe081a75d4bf3318abcf61390819bb838a2884b7880e26a818,lower_limb_feet,healthy_skin,non_wound,CC BY 4.0,g1263,,Nomal/Male_Normal-1101.jpg,0.743
lower_limb_feet_b81708d22753605b.jpg,b81708d22753605bd93bd211a4804e388489c7785806865134aec678914be13a,lower_limb_feet,healthy_skin,non_wound,CC BY 4.0,g1678,,Nomal/Male_Normal-1103.jpg,0.744
lower_limb_feet_5e60d2c5ede48a8a.jpg,5e60d2c5ede48a8ac50604ad29beac17e0bb4dbc9a94222f7c9f97edf528f2a4,lower_limb_feet,healthy_skin,non_wound,CC BY 4.0,g1728,,Nomal/Male_Normal-1107.jpg,0.706
lower_limb_feet_aecfda2fcdc0ac44.jpg,aecfda2fcdc0ac44bf182b6cf6e6127b3b99673cfc05e8af2699d6369a447858,lower_limb_feet,healthy_skin,non_wound,CC BY 4.0,g1678,,Nomal/Male_Normal-1111.jpg,0.712
lower_limb_feet_8b59df3b09435a53.jpg,8b59df3b09435a53777b9fc8a739bac401bb94cb87c25f568ee4f3ec9dce7c1a,lower_limb_feet,healthy_skin,non_wound,CC BY 4.0,g1728,,Nomal/Male_Normal-1113.jpg,0.718
lower_limb_feet_817bafaba0f8ab44.jpg,817bafaba0f8ab44b98988c616f081c662e5628fbafa4b5e1a24f050047d9401,lower_limb_feet,healthy_skin,non_wound,CC BY 4.0,g1728,,Nomal/Male_Normal-1115.jpg,0.732
lower_limb_feet_7e56a9af792f3ea0.jpg,7e56a9af792f3ea0efd67096feae7d7edd59bd685433ae6a76765fe9396e8a45,lower_limb_feet,healthy_skin,non_wound,CC BY 4.0,g1728,,Nomal/Male_Normal-1117.jpg,0.720
lower_limb_feet_83fbe299243ac82b.jpg,83fbe299243ac82bb40cae6769a883252838815ef1edff9d02a425f296d0c652,lower_limb_feet,healthy_skin,non_wound,CC BY 4.0,g1728,,Nomal/Male_Normal-1121.jpg,0.745
lower_limb_feet_23dcf89190bfe867.jpg,23dcf89190bfe8671211e8f42b776d3098570f4f93563d9f66f1313e48b3130f,lower_limb_feet,healthy_skin,non_wound,CC BY 4.0,g1728,,Nomal/Male_Normal-1124.jpg,0.749
lower_limb_feet_79c07ff5be963a5c.jpg,79c07ff5be963a5c6d339b698b9d61c459d6202a9a653373367773944a2003c6,lower_limb_feet,healthy_skin,non_wound,CC BY 4.0,g1272,,Nomal/Male_Normal-1126.jpg,0.734
lower_limb_feet_056f45eeb5b4d4a4.jpg,056f45eeb5b4d4a48efbf9a5fb94c3323c8b9e74502d480bc0cb2f8635069c6d,lower_limb_feet,healthy_skin,non_wound,CC BY 4.0,g1728,,Nomal/Male_Normal-1130.jpg,0.725
lower_limb_feet_07816ad5c8dd7c81.jpg,07816ad5c8dd7c81c86a3983f9c645e903a535d2f0606d2e81e1d81e0c92f338,lower_limb_feet,healthy_skin,non_wound,CC BY 4.0,g1274,,Nomal/Male_Normal-1131.jpg,0.679
lower_limb_feet_56896e7fcb253fda.jpg,56896e7fcb253fda90bcdaf7628dfb312e357fb0764c4d5d490e273703a7fc7c,lower_limb_feet,healthy_skin,non_wound,CC BY 4.0,g1275,,Nomal/Male_Normal-1132.jpg,0.726
lower_limb_feet_09cd34b4fe486ea9.jpg,09cd34b4fe486ea9c2b938e2bc92ecd899bbc4de4573ab4c5cfb60d2921f6dbf,lower_limb_feet,healthy_skin,non_wound,CC BY 4.0,g1728,,Nomal/Male_Normal-1134.jpg,0.740
lower_limb_feet_2f41acbd0238b9fc.jpg,2f41acbd0238b9fc4c06868e7a880721b35720dc557f73a6bc832b903d151822,lower_limb_feet,healthy_skin,non_wound,CC BY 4.0,g1277,,Nomal/Male_Normal-1135.jpg,0.739
lower_limb_feet_d29ef258684d866c.jpg,d29ef258684d866c260a6f22a29877cb66561c607f1b623f8b4d3332e0bb4426,lower_limb_feet,healthy_skin,non_wound,CC BY 4.0,g1278,,Nomal/Male_Normal-1138.jpg,0.718
lower_limb_feet_beb31487056e9957.jpg,beb31487056e995719ea0b8574dd421de6de4edd7a2419602b8d2114424bb4bd,lower_limb_feet,healthy_skin,non_wound,CC BY 4.0,g1728,,Nomal/Male_Normal-1140.jpg,0.720
lower_limb_feet_5445c1a6eaf4c81c.jpg,5445c1a6eaf4c81c6f1dcab1637e245375cd9f3c7f160408cf6999a71a62a067,lower_limb_feet,healthy_skin,non_wound,CC BY 4.0,g1280,,Nomal/Male_Normal-1144.jpg,0.731
lower_limb_feet_b7ce420442c23f78.jpg,b7ce420442c23f78505fca9c8e6915dd6d0f7a5c8d41f342f35b6fbb8678d930,lower_limb_feet,healthy_skin,non_wound,CC BY 4.0,g1728,,Nomal/Male_Normal-1145.jpg,0.729
lower_limb_feet_68ec0addf8a7365a.jpg,68ec0addf8a7365ac1ab4fc89f625b9d9cbf2cea112c8574bd95f5a5ffb7f4bc,lower_limb_feet,healthy_skin,non_wound,CC BY 4.0,g1282,,Nomal/Male_Normal-1147.jpg,0.739
lower_limb_feet_983abe9adf4e2c4d.jpg,983abe9adf4e2c4db7093bb48e4ff2fa93fc9b373911dca491d75fcd9c433422,lower_limb_feet,healthy_skin,non_wound,CC BY 4.0,g1728,,Nomal/Male_Normal-1148.jpg,0.725
lower_limb_feet_8ffb79e47f2b2c98.jpg,8ffb79e47f2b2c9800a5bb29387921ab01d81057b244a42e0e6ce57b94e44c37,lower_limb_feet,healthy_skin,non_wound,CC BY 4.0,g1728,,Nomal/Male_Normal-1150.jpg,0.744
lower_limb_feet_0195ee472b8fbfa6.jpg,0195ee472b8fbfa6e53d6406feec63e429f2eb871479cdf2f19a82bfa565df6e,lower_limb_feet,healthy_skin,non_wound,CC BY 4.0,g1285,,Nomal/Male_Normal-1151.jpg,0.736
lower_limb_feet_20756035c20684a7.jpg,20756035c20684a7846633cd065bf60fba4f84d359de9d76bd8fc74044444ea7,lower_limb_feet,healthy_skin,non_wound,CC BY 4.0,g1728,,Nomal/Male_Normal-1153.jpg,0.699
lower_limb_feet_86a1da49c502a3a6.jpg,86a1da49c502a3a666f922c4fc27f876e02b7c4eb05c37bf85cb2780a0d6b4a2,lower_limb_feet,healthy_skin,non_wound,CC BY 4.0,g1287,,Nomal/Male_Normal-1154.jpg,0.729
lower_limb_feet_d013211f82b57f2f.jpg,d013211f82b57f2fbc35ecc104fc2dc74c1dcfea8884434913818d8de416c1b7,lower_limb_feet,healthy_skin,non_wound,CC BY 4.0,g1728,,Nomal/Male_Normal-1157.jpg,0.738
lower_limb_feet_b0ca5cdddf26cc50.jpg,b0ca5cdddf26cc50b7f1f449deaf60ff4bb596d5a5ede3107e595334d869e932,lower_limb_feet,healthy_skin,non_wound,CC BY 4.0,g1728,,Nomal/Male_Normal-1158.jpg,0.728
lower_limb_feet_2b037dfb56eab7fe.jpg,2b037dfb56eab7fe734bf76219db283e96ca04eb1f09870bc6e911a3aaff5c34,lower_limb_feet,healthy_skin,non_wound,CC BY 4.0,g1678,,Nomal/Male_Normal-1159.jpg,0.713
lower_limb_feet_27db16c5c74852bd.jpg,27db16c5c74852bd289a4f3eaff88ce12f1ac0c4c43d46d5b752fed97e036c66,lower_limb_feet,healthy_skin,non_wound,CC BY 4.0,g1678,,Nomal/Male_Normal-1160.jpg,0.742
lower_limb_feet_e8aad2da16f233cd.jpg,e8aad2da16f233cd9c7ed4ab0d5e87220316492f9389737d481772a0fa6a5f5f,lower_limb_feet,healthy_skin,non_wound,CC BY 4.0,g1728,,Nomal/Male_Normal-1165.jpg,0.719
lower_limb_feet_e3e0f4127f7ef7e6.jpg,e3e0f4127f7ef7e6b5df76b6c355ea7bf8f077f02377c7c67f2f708abbc8ea2f,lower_limb_feet,healthy_skin,non_wound,CC BY 4.0,g1728,,Nomal/Male_Normal-1166.jpg,0.740
lower_limb_feet_10f97e80ef24dc77.jpg,10f97e80ef24dc774c9f775adaa2f85452122534c0adf825bdec057114e95b3c,lower_limb_feet,healthy_skin,non_wound,CC BY 4.0,g1294,,Nomal/Male_Normal-1168.jpg,0.744
lower_limb_feet_5cd12d64fb9707cc.jpg,5cd12d64fb9707cc599dbb08f2f57b93406e05f7ecd7a7d48e6a2fc6773f811c,lower_limb_feet,healthy_skin,non_wound,CC BY 4.0,g1728,,Nomal/Male_Normal-1172.jpg,0.739
lower_limb_feet_b0b744b7c5aac8ed.jpg,b0b744b7c5aac8ed8c8fe4be9e2d1e76552cd5153ae9e11de6cef57d0f5af96e,lower_limb_feet,healthy_skin,non_wound,CC BY 4.0,g1728,,Nomal/Male_Normal-1174.jpg,0.744
lower_limb_feet_8cfdea3b7dca4255.jpg,8cfdea3b7dca425537e7fe9a74f4db559ac5125229bc920d9a9ad70803916485,lower_limb_feet,healthy_skin,non_wound,CC BY 4.0,g1297,,Nomal/Male_Normal-1176.jpg,0.737
lower_limb_feet_a512dee9b6c6d927.jpg,a512dee9b6c6d927ce153aa9d1acf627fe87aba7aa41af6e58c27749fd573db9,lower_limb_feet,healthy_skin,non_wound,CC BY 4.0,g1728,,Nomal/Male_Normal-1179.jpg,0.725
lower_limb_feet_6aa8d61c1ba03627.jpg,6aa8d61c1ba03627341dd289f79163b4f549bd1d10a348940b9243eb74fdf66b,lower_limb_feet,healthy_skin,non_wound,CC BY 4.0,g1728,,Nomal/Male_Normal-1180.jpg,0.748
lower_limb_feet_409cf9a2552c5012.jpg,409cf9a2552c5012cf710ba692f1320c734e538f4eb1f6b0b84535c05879d5bf,lower_limb_feet,healthy_skin,non_wound,CC BY 4.0,g1728,,Nomal/Male_Normal-1181.jpg,0.723
lower_limb_feet_393032a9267515dd.jpg,393032a9267515dd9bee5bdbf93015b0c1e506da5feb70804760965aff61e99a,lower_limb_feet,healthy_skin,non_wound,CC BY 4.0,g1301,,Nomal/Male_Normal-1182.jpg,0.709
lower_limb_feet_4dd754dba3f02c9d.jpg,4dd754dba3f02c9da5c8c4f582c2e3187a8d9b1a743097ff0a71c0297503deed,lower_limb_feet,healthy_skin,non_wound,CC BY 4.0,g1678,,Nomal/Male_Normal-1183.jpg,0.708
lower_limb_feet_2ed9e055d80736d1.jpg,2ed9e055d80736d10a570498cb4d38b810c64d54f2bb0e70d2e14743df074aaf,lower_limb_feet,healthy_skin,non_wound,CC BY 4.0,g1303,,Nomal/Male_Normal-1184.jpg,0.714
lower_limb_feet_e5fb7640411b2c8f.jpg,e5fb7640411b2c8f4ba90ebe00dcd6c13418275184f33da81c8ad0cafa68a484,lower_limb_feet,healthy_skin,non_wound,CC BY 4.0,g1304,,Nomal/Male_Normal-1187.jpg,0.728
lower_limb_feet_553f7f73a7641f44.jpg,553f7f73a7641f441a8737b10eead7950abc2bbdb59ffd07bd7d009ff3d12c3a,lower_limb_feet,healthy_skin,non_wound,CC BY 4.0,g1728,,Nomal/Male_Normal-1190.jpg,0.741
lower_limb_feet_461a4e7ac0ad368c.jpg,461a4e7ac0ad368c7772dcc9bd8af3e037093c613d2d4dca549ac7ef40f54eea,lower_limb_feet,healthy_skin,non_wound,CC BY 4.0,g1306,,Nomal/Male_Normal-1192.jpg,0.742
lower_limb_feet_a6a4adf6a11c5a8f.jpg,a6a4adf6a11c5a8ffd16790081cc0cf6c9d7675fec5959a906854e4fe8dbeccd,lower_limb_feet,healthy_skin,non_wound,CC BY 4.0,g1728,,Nomal/Male_Normal-1193.jpg,0.736
lower_limb_feet_29730753feea5f0e.jpg,29730753feea5f0e869bfa0550ca6667baddf8548f8fd2da739fd90adb43bf16,lower_limb_feet,healthy_skin,non_wound,CC BY 4.0,g1728,,Nomal/Male_Normal-1195.jpg,0.748
lower_limb_feet_db8cf5dbfeb388bc.jpg,db8cf5dbfeb388bc0b5cc99477726c57644ae2ce145962a6fc409cd5b72c537a,lower_limb_feet,healthy_skin,non_wound,CC BY 4.0,g1678,,Nomal/Male_Normal-1199.jpg,0.744
lower_limb_feet_33dbd18fa61107ac.jpg,33dbd18fa61107ac385d62880261734f5aa3fd0ed9913bc369ae20fb5fa08339,lower_limb_feet,healthy_skin,non_wound,CC BY 4.0,g1728,,Nomal/Male_Normal-1201.jpg,0.741
lower_limb_feet_b8ceae87b33669a9.jpg,b8ceae87b33669a9cc8225fedf8aa9229b39b215b1bff2b64a30932d10dfd833,lower_limb_feet,healthy_skin,non_wound,CC BY 4.0,g1311,,Nomal/Male_Normal-1202.jpg,0.723
lower_limb_feet_ee3745bf81c6a94a.jpg,ee3745bf81c6a94ae4ca0e3739d507dc7ad58b0f8526f97b0be031ff136f4b9d,lower_limb_feet,healthy_skin,non_wound,CC BY 4.0,g1728,,Nomal/Male_Normal-1206.jpg,0.716
lower_limb_feet_16523ad3399f5ee5.jpg,16523ad3399f5ee52800412f944805b9079521d1394d6c35653c3653017fcf32,lower_limb_feet,healthy_skin,non_wound,CC BY 4.0,g1355,,Nomal/Male_Normal-1207.jpg,0.700
lower_limb_feet_0e27a50aa4959065.jpg,0e27a50aa4959065c970525ea895e98720071729e89d6c21af7f7c5f43fda87b,lower_limb_feet,healthy_skin,non_wound,CC BY 4.0,g1314,,Nomal/Male_Normal-1210.jpg,0.719
lower_limb_feet_5757e6d31461f1a6.jpg,5757e6d31461f1a66e96af1ca9320adfef9dc1e85ad382fe0d071bbbcc2a9aa7,lower_limb_feet,healthy_skin,non_wound,CC BY 4.0,g1728,,Nomal/Male_Normal-1211.jpg,0.747
lower_limb_feet_abc74d18676e1c0d.jpg,abc74d18676e1c0d44ce98fa24a024d41cc52cd1f99afe9e8cd227f8b460842d,lower_limb_feet,healthy_skin,non_wound,CC BY 4.0,g1728,,Nomal/Male_Normal-1219.jpg,0.731
lower_limb_feet_dc829707f05796cc.jpg,dc829707f05796cc4520de833d535a2b57bbc73b5b650858433310826cde7517,lower_limb_feet,healthy_skin,non_wound,CC BY 4.0,g1728,,Nomal/Male_Normal-1220.jpg,0.736
lower_limb_feet_f7599ce5d67eea2a.jpg,f7599ce5d67eea2ae1aa8f9556a0cb4afb42acaf380e8583e20270548377f4a9,lower_limb_feet,healthy_skin,non_wound,CC BY 4.0,g1728,,Nomal/Male_Normal-1221.jpg,0.721
lower_limb_feet_8d6b98a091be5657.jpg,8d6b98a091be56570db05be30e7fc104aac6c566ad0ba7658eca35c856244e1b,lower_limb_feet,healthy_skin,non_wound,CC BY 4.0,g1319,,Nomal/Male_Normal-1223.jpg,0.693
lower_limb_feet_a29a37ac0ebc5896.jpg,a29a37ac0ebc589616800cd43b4da3c85e1722c3034a7ca1c01873a5719abcc8,lower_limb_feet,healthy_skin,non_wound,CC BY 4.0,g1728,,Nomal/Male_Normal-1227.jpg,0.718
lower_limb_feet_3d1b7c7afba9e334.jpg,3d1b7c7afba9e3343138803ed604221b2a882348961ff45308c868d3ea12fe2e,lower_limb_feet,healthy_skin,non_wound,CC BY 4.0,g1728,,Nomal/Male_Normal-1228.jpg,0.728
lower_limb_feet_2575f4260e2576ba.jpg,2575f4260e2576baff6f14a389634947d59ce6f42311bb4009ae9bc263cc406b,lower_limb_feet,healthy_skin,non_wound,CC BY 4.0,g1728,,Nomal/Male_Normal-1229.jpg,0.742
lower_limb_feet_3ca26db808237c21.jpg,3ca26db808237c21230dbe4c11fb47fd215a48302cd48d445a6683c8a7b51898,lower_limb_feet,healthy_skin,non_wound,CC BY 4.0,g1728,,Nomal/Male_Normal-1230.jpg,0.737
lower_limb_feet_43be0868d57546fc.jpg,43be0868d57546fcebca4b0af079e04206bd8c9e77707b63faddbc56be4687a4,lower_limb_feet,healthy_skin,non_wound,CC BY 4.0,g1678,,Nomal/Male_Normal-1231.jpg,0.723
lower_limb_feet_2fa3ee49687e264c.jpg,2fa3ee49687e264cef5c394b715415d3d11f26cdf29ed240b3c2873a73e203a5,lower_limb_feet,healthy_skin,non_wound,CC BY 4.0,g1678,,Nomal/Male_Normal-1232.jpg,0.747
lower_limb_feet_2bec35a5685b08e8.jpg,2bec35a5685b08e8714ba867e9a38cca666d033a7c2c33f033229f84d7e2b504,lower_limb_feet,healthy_skin,non_wound,CC BY 4.0,g1326,,Nomal/Male_Normal-1233.jpg,0.725
lower_limb_feet_389fb3980349e028.jpg,389fb3980349e02817b79a3fb22be62c708cfbf91bae0f0b52213d13ea10997b,lower_limb_feet,healthy_skin,non_wound,CC BY 4.0,g1728,,Nomal/Male_Normal-1234.jpg,0.715
lower_limb_feet_2e1c477fcad97f2f.jpg,2e1c477fcad97f2f0a4fd040d45fe10decec0a216e61d6ea2075b38cfb45bcae,lower_limb_feet,healthy_skin,non_wound,CC BY 4.0,g1328,,Nomal/Male_Normal-1235.jpg,0.723
lower_limb_feet_8ce23778ff8f2db0.jpg,8ce23778ff8f2db0f79ad3636b493b88259d226db0c147827f2e0de10e9fa451,lower_limb_feet,healthy_skin,non_wound,CC BY 4.0,g1329,,Nomal/Male_Normal-1236.jpg,0.711
lower_limb_feet_035e0e124c87b725.jpg,035e0e124c87b725c823f67ad29c3e269a17f365df69892125ab92ebccef8b35,lower_limb_feet,healthy_skin,non_wound,CC BY 4.0,g1728,,Nomal/Male_Normal-1237.jpg,0.731
lower_limb_feet_a8e271f370818aaf.jpg,a8e271f370818aafc8a21dc7e1ec480af3c09e6fe337c9a1a07d18f1cd301421,lower_limb_feet,healthy_skin,non_wound,CC BY 4.0,g1331,,Nomal/Male_Normal-1238.jpg,0.736
lower_limb_feet_07ce4f9644ff7087.jpg,07ce4f9644ff7087540b261051102b5b2554da188dbf60f468056551c350443b,lower_limb_feet,healthy_skin,non_wound,CC BY 4.0,g1332,,Nomal/Male_Normal-1239.jpg,0.728
lower_limb_feet_a05cab3b6455a604.jpg,a05cab3b6455a60436af24f3cba6e99e33a0b286f6d61bbd596ce744389c39be,lower_limb_feet,healthy_skin,non_wound,CC BY 4.0,g1728,,Nomal/Male_Normal-1241.jpg,0.716
lower_limb_feet_db945bb38ab13bc4.jpg,db945bb38ab13bc4c888f5ab6924f81a945c1146dce0ed05d0628625ed00507a,lower_limb_feet,healthy_skin,non_wound,CC BY 4.0,g1728,,Nomal/Male_Normal-1242.jpg,0.737
lower_limb_feet_39eb608562ede2cd.jpg,39eb608562ede2cdf4379654de4f41dfcf8786b8ef391c460c00df472ec544ed,lower_limb_feet,healthy_skin,non_wound,CC BY 4.0,g1728,,Nomal/Male_Normal-1243.jpg,0.735
lower_limb_feet_d74de9c6fed19a1e.jpg,d74de9c6fed19a1ecce24cceba272cb77b9dfbf742b017b6512af6fbbb5779c1,lower_limb_feet,healthy_skin,non_wound,CC BY 4.0,g1336,,Nomal/Male_Normal-1244.jpg,0.748
lower_limb_feet_49cdf3720b2b026b.jpg,49cdf3720b2b026b0da740eea19e5eb3a5c418c007b4b74b92fcff2cff0bcee6,lower_limb_feet,healthy_skin,non_wound,CC BY 4.0,g1337,,Nomal/Male_Normal-1247.jpg,0.746
lower_limb_feet_5cbda2589131f10d.jpg,5cbda2589131f10d2ccd3f027d8ffc83667ef8ca12587924726ab36711fff00b,lower_limb_feet,healthy_skin,non_wound,CC BY 4.0,g1338,,Nomal/Male_Normal-1248.jpg,0.727
lower_limb_feet_495d3ea8b5ac679e.jpg,495d3ea8b5ac679e3c2f86be216f2521a177d94bef80c3274b9c872901fe53cb,lower_limb_feet,healthy_skin,non_wound,CC BY 4.0,g1728,,Nomal/Male_Normal-1251.jpg,0.739
lower_limb_feet_0ca37fb4da352bbd.jpg,0ca37fb4da352bbd83eee35289455aee8aa2029d4171930cf8bb1d68a9ed4c21,lower_limb_feet,healthy_skin,non_wound,CC BY 4.0,g1340,,Nomal/Male_Normal-1253.jpg,0.709
lower_limb_feet_553046220294e9d7.jpg,553046220294e9d722951851aef1ecb6564b688f89dde561863c40f5110a1a05,lower_limb_feet,healthy_skin,non_wound,CC BY 4.0,g1341,,Nomal/Male_Normal-1256.jpg,0.730
lower_limb_feet_a3e950eb8edd9870.jpg,a3e950eb8edd9870474c2242fc76d3681486e994308218b05a9e3f3ed5906f9b,lower_limb_feet,healthy_skin,non_wound,CC BY 4.0,g1728,,Nomal/Male_Normal-1257.jpg,0.704
lower_limb_feet_22fd4283ca34f408.jpg,22fd4283ca34f408fce3724dd666e394f9728195dbaeae0148266fd1f7b7e56a,lower_limb_feet,healthy_skin,non_wound,CC BY 4.0,g1728,,Nomal/Male_Normal-1259.jpg,0.747
lower_limb_feet_9716d3d58d11dff7.jpg,9716d3d58d11dff7d4ec4aeeeab285bbfbbd28869b90c45249e7750215e29cd6,lower_limb_feet,healthy_skin,non_wound,CC BY 4.0,g1678,,Nomal/Male_Normal-1260.jpg,0.741
lower_limb_feet_aed0e3e115183d5c.jpg,aed0e3e115183d5c73ba621ec48104204e7bfa68b46c1944908cab92fc4ce6ea,lower_limb_feet,healthy_skin,non_wound,CC BY 4.0,g1728,,Nomal/Male_Normal-1261.jpg,0.727
lower_limb_feet_b016064560cd9504.jpg,b016064560cd95044c51998e72c8acb2ee3787f6885e06069dd1a48b27c69043,lower_limb_feet,healthy_skin,non_wound,CC BY 4.0,g1678,,Nomal/Male_Normal-1264.jpg,0.720
lower_limb_feet_14e6ab83782b2a5f.jpg,14e6ab83782b2a5f3bfe741b086ba4ad82495e7450ae137c1905f8acd7c5ab42,lower_limb_feet,healthy_skin,non_wound,CC BY 4.0,g1347,,Nomal/Male_Normal-1265.jpg,0.703
lower_limb_feet_370b3bc46c9b4c76.jpg,370b3bc46c9b4c769d3282b886a525b117548a6e7993950bf403e356d031f13c,lower_limb_feet,healthy_skin,non_wound,CC BY 4.0,g1728,,Nomal/Male_Normal-1267.jpg,0.739
lower_limb_feet_9b80d3c3b4e37e07.jpg,9b80d3c3b4e37e07236019e77880ea5486e7d4b2f8d5b56f89aa313f6cd34f03,lower_limb_feet,healthy_skin,non_wound,CC BY 4.0,g1349,,Nomal/Male_Normal-1271.jpg,0.712
lower_limb_feet_6b61f32a2947f131.jpg,6b61f32a2947f131498b655fcf750a2257e08c322dcce847cf4b42bfb07e1a7d,lower_limb_feet,healthy_skin,non_wound,CC BY 4.0,g1678,,Nomal/Male_Normal-1272.jpg,0.750
lower_limb_feet_605645f708939d8d.jpg,605645f708939d8d5dcdd951bee78a873b196d60af213fa759bb40697899f0db,lower_limb_feet,healthy_skin,non_wound,CC BY 4.0,g1728,,Nomal/Male_Normal-1278.jpg,0.731
lower_limb_feet_20e1e10a5c14b51e.jpg,20e1e10a5c14b51e18cf330644d36a5a1ae8cbfb222f28ad29078408dd74d992,lower_limb_feet,healthy_skin,non_wound,CC BY 4.0,g1678,,Nomal/Male_Normal-1280.jpg,0.745
lower_limb_feet_9b1d87156863c09f.jpg,9b1d87156863c09f33b580d86e438de8317e0c00cec1d8e5b0f64d1069688501,lower_limb_feet,healthy_skin,non_wound,CC BY 4.0,g1728,,Nomal/Male_Normal-1286.jpg,0.742
lower_limb_feet_d6a07f731d26fee4.jpg,d6a07f731d26fee4473956621839f65e6590f1dc9b2c1e588865cc8ed9911a7e,lower_limb_feet,healthy_skin,non_wound,CC BY 4.0,g1678,,Nomal/Male_Normal-1287.jpg,0.722
lower_limb_feet_620053ec34b51a9f.jpg,620053ec34b51a9f7b5505394bd4b78d4a1eee3b297d5ed127b38e92e575d8f0,lower_limb_feet,healthy_skin,non_wound,CC BY 4.0,g1355,,Nomal/Male_Normal-1288.jpg,0.732
lower_limb_feet_ba9f8284f9c51877.jpg,ba9f8284f9c51877c849a67d49a949facd947c8382ef6bac84052c9a0bc1d758,lower_limb_feet,healthy_skin,non_wound,CC BY 4.0,g1356,,Nomal/Male_Normal-1293.jpg,0.709
lower_limb_feet_64b7c1019bcb6cbd.jpg,64b7c1019bcb6cbd68e66f47106f9d69f9e800d9d75264e0cb25cf3191a57fb0,lower_limb_feet,healthy_skin,non_wound,CC BY 4.0,g1357,,Nomal/Male_Normal-1300.jpg,0.715
lower_limb_feet_4e42974f1579ec5e.jpg,4e42974f1579ec5e96470425a039553efcafd9fa1300db275a19266b7022a12e,lower_limb_feet,healthy_skin,non_wound,CC BY 4.0,g1358,,Nomal/Male_Normal-1303.jpg,0.733
lower_limb_feet_88869a9310565d04.jpg,88869a9310565d04531072544935960b0bd9c12316ea9bfc5a8d2457a8cef277,lower_limb_feet,healthy_skin,non_wound,CC BY 4.0,g1728,,Nomal/Male_Normal-1306.jpg,0.723
lower_limb_feet_91e5ea7c94f32786.jpg,91e5ea7c94f32786c7f71f65a31490fc9387d5ff84bf82649bfbd3f9383df9be,lower_limb_feet,healthy_skin,non_wound,CC BY 4.0,g1728,,Nomal/Male_Normal-1307.jpg,0.746
lower_limb_feet_fb9d372797a3fe73.jpg,fb9d372797a3fe73279ba993b9e52956e3083fe292ba746e982637a1939f4d1e,lower_limb_feet,healthy_skin,non_wound,CC BY 4.0,g1361,,Nomal/Male_Normal-1308.jpg,0.713
lower_limb_feet_3436a6b3a3dfa202.jpg,3436a6b3a3dfa202a531adbc3ac270b5d460037a3e61149f4684f5ac011b91f9,lower_limb_feet,healthy_skin,non_wound,CC BY 4.0,g1728,,Nomal/Male_Normal-1309.jpg,0.728
lower_limb_feet_0ae81b881d22209b.jpg,0ae81b881d22209b066e6f7b35cd34b1ee113d7d1e578918a78a0a4ad405b381,lower_limb_feet,healthy_skin,non_wound,CC BY 4.0,g1728,,Nomal/Male_Normal-1310.jpg,0.700
lower_limb_feet_ddf5f9ea06c23048.jpg,ddf5f9ea06c23048fad8ed6a0d436891ba0f92139cfc1e735b0503f9163822fb,lower_limb_feet,healthy_skin,non_wound,CC BY 4.0,g1728,,Nomal/Male_Normal-1313.jpg,0.743
lower_limb_feet_00d51e5c6bac35b3.jpg,00d51e5c6bac35b3284bc0e427872346827e078ac2f4954e3a42f6ef7c711360,lower_limb_feet,healthy_skin,non_wound,CC BY 4.0,g1365,,Nomal/Male_Normal-1314.jpg,0.745
lower_limb_feet_82dafb3b313421fd.jpg,82dafb3b313421fd4aaef555defc74d9820bb9788fcb4abe681f5d1508703a15,lower_limb_feet,healthy_skin,non_wound,CC BY 4.0,g1366,,Nomal/Male_Normal-1315.jpg,0.707
lower_limb_feet_aa9f48ac5e356a3f.jpg,aa9f48ac5e356a3ff370125ff9f90284b45614d3dfdfb14acdb8915589ebf86e,lower_limb_feet,healthy_skin,non_wound,CC BY 4.0,g1728,,Nomal/Male_Normal-1316.jpg,0.730
lower_limb_feet_b69a2194ef40c981.jpg,b69a2194ef40c981aafe379b1cced0a7634392407cc566f18c778031efbc751a,lower_limb_feet,healthy_skin,non_wound,CC BY 4.0,g1728,,Nomal/Male_Normal-1317.jpg,0.738
lower_limb_feet_8ba9a8f27ce5043f.jpg,8ba9a8f27ce5043f8bced7056fce51306d89d67d19d9f7dc49b7d0c3b31d2bf7,lower_limb_feet,healthy_skin,non_wound,CC BY 4.0,g1369,,Nomal/Male_Normal-1320.jpg,0.738
lower_limb_feet_b56942a0172470dd.jpg,b56942a0172470dd70aad6b268a331ac7c4d9db56aa3a6c7539c6aa5ea7984d6,lower_limb_feet,healthy_skin,non_wound,CC BY 4.0,g1728,,Nomal/Male_Normal-1321.jpg,0.737
lower_limb_feet_32eb614421ebc60a.jpg,32eb614421ebc60a44cc1f946b85c0b312c7222e92eb94972592e9e8e41f7a23,lower_limb_feet,healthy_skin,non_wound,CC BY 4.0,g1728,,Nomal/Male_Normal-1322.jpg,0.722
lower_limb_feet_fa18a9d15303abf1.jpg,fa18a9d15303abf19eb5c969b9c6b7f5bcee604e50c9b9c82d8263bc06fff18c,lower_limb_feet,healthy_skin,non_wound,CC BY 4.0,g1728,,Nomal/Male_Normal-1323.jpg,0.720
lower_limb_feet_c34e2759be873733.jpg,c34e2759be87373394b7040d31bddeddbda323a60a8455b4239bfb497b1ff4e3,lower_limb_feet,healthy_skin,non_wound,CC BY 4.0,g1373,,Nomal/Male_Normal-1325.jpg,0.709
lower_limb_feet_ecdbf44cf829037e.jpg,ecdbf44cf829037e2d406a7115da8b754efb06533bf2b67dcb96a23c781dca74,lower_limb_feet,healthy_skin,non_wound,CC BY 4.0,g1728,,Nomal/Male_Normal-1326.jpg,0.737
lower_limb_feet_dac8a261a0159fd7.jpg,dac8a261a0159fd7022bb4a872bb2f9aa1e251936bb112869fe210356e552559,lower_limb_feet,healthy_skin,non_wound,CC BY 4.0,g1678,,Nomal/Male_Normal-1327.jpg,0.727
lower_limb_feet_d109b4eb6df6551e.jpg,d109b4eb6df6551e8cdfeedb011a0f811c95c1f65736511d0d4db809549a489a,lower_limb_feet,healthy_skin,non_wound,CC BY 4.0,g1728,,Nomal/Male_Normal-1329.jpg,0.732
lower_limb_feet_c00323ee7db894ec.jpg,c00323ee7db894ec5c01242050da443c9ec277b978cc86f18b4bbe9de7e59e65,lower_limb_feet,healthy_skin,non_wound,CC BY 4.0,g1728,,Nomal/Male_Normal-1331.jpg,0.722
lower_limb_feet_4639a6ae5480000d.jpg,4639a6ae5480000de6e45f2b39138d4b84a5d280848dd115900349d1c2a048a2,lower_limb_feet,healthy_skin,non_wound,CC BY 4.0,g1728,,Nomal/Male_Normal-1332.jpg,0.723
lower_limb_feet_d55e567e7c0839c4.jpg,d55e567e7c0839c4326ce48891acba3084791e23fdd1e11ee28dc1191801cda8,lower_limb_feet,healthy_skin,non_wound,CC BY 4.0,g1379,,Nomal/Male_Normal-1337.jpg,0.715
lower_limb_feet_7c7857dff06e62ad.jpg,7c7857dff06e62aded9657386454a05293145363e3f9f320c9283b4f98c10746,lower_limb_feet,healthy_skin,non_wound,CC BY 4.0,g1728,,Nomal/Male_Normal-1339.jpg,0.730
lower_limb_feet_c0f3a6a5e11f298a.jpg,c0f3a6a5e11f298a4589294d29e134cf220c1946ccf5b5fff084bcdba288e778,lower_limb_feet,healthy_skin,non_wound,CC BY 4.0,g1728,,Nomal/Male_Normal-1340.jpg,0.706
lower_limb_feet_65af09d2694ce780.jpg,65af09d2694ce7802c1d8eca1bb25347ae272052c698a15c7fa922d73d35da0a,lower_limb_feet,healthy_skin,non_wound,CC BY 4.0,g1678,,Nomal/Male_Normal-1343.jpg,0.729
lower_limb_feet_35a9d2cb73b1ed96.jpg,35a9d2cb73b1ed968384b1f16320b1e98a8e0a0e8011d4c5801c48c5a3d65854,lower_limb_feet,healthy_skin,non_wound,CC BY 4.0,g1383,,Nomal/Male_Normal-1345.jpg,0.732
lower_limb_feet_ffb72e813311d5a1.jpg,ffb72e813311d5a191a830fffa7a79d57fe036e8b805229ca0c5b1eeb8f2ea43,lower_limb_feet,healthy_skin,non_wound,CC BY 4.0,g1384,,Nomal/Male_Normal-1347.jpg,0.709
lower_limb_feet_b7cdf7eace3d8ea5.jpg,b7cdf7eace3d8ea5bea2af500cdc2d355a3358da9d7b4ec09b38e977aa1a27b6,lower_limb_feet,healthy_skin,non_wound,CC BY 4.0,g1728,,Nomal/Male_Normal-1348.jpg,0.732
lower_limb_feet_2eb949a4d66af5a3.jpg,2eb949a4d66af5a3c15f553ad542d0caeb0852f5d1fd780a00dd4e271fda9191,lower_limb_feet,healthy_skin,non_wound,CC BY 4.0,g1728,,Nomal/Male_Normal-1349.jpg,0.730
lower_limb_feet_2c72e19d1b7aa20b.jpg,2c72e19d1b7aa20b4e59fa28dcfd11636b6701fa8627ee0a5418ddff26e1855d,lower_limb_feet,healthy_skin,non_wound,CC BY 4.0,g1728,,Nomal/Male_Normal-1350.jpg,0.735
lower_limb_feet_824897580192b493.jpg,824897580192b49389862f400ac49b1fc23ed90d35e6e319f97f39c02400590f,lower_limb_feet,healthy_skin,non_wound,CC BY 4.0,g1388,,Nomal/Male_Normal-1351.jpg,0.718
lower_limb_feet_8c095b604f1ab68d.jpg,8c095b604f1ab68dcb9ed9c64fd53637d24894cb7800c32005d72eafdc7e4acd,lower_limb_feet,healthy_skin,non_wound,CC BY 4.0,g1728,,Nomal/Male_Normal-1353.jpg,0.699
lower_limb_feet_b215810b6ab2a8fb.jpg,b215810b6ab2a8fb099eca7cb6eada02beb2803508016c2e5e98a19adce2c59c,lower_limb_feet,healthy_skin,non_wound,CC BY 4.0,g1390,,Nomal/Male_Normal-1355.jpg,0.656
lower_limb_feet_0d653664112ea3af.jpg,0d653664112ea3af929b3c7e3a2fa6f806e6d3111f4dcfbd06a18b6201495526,lower_limb_feet,healthy_skin,non_wound,CC BY 4.0,g1728,,Nomal/Male_Normal-1356.jpg,0.669
lower_limb_feet_3867335e8f995e6e.jpg,3867335e8f995e6ecc76fc9de282a0c4d1cdca99bf22ed8a9e09ebb8f9a63976,lower_limb_feet,healthy_skin,non_wound,CC BY 4.0,g1392,,Nomal/Male_Normal-1357.jpg,0.728
lower_limb_feet_cf4c68fec67c3b49.jpg,cf4c68fec67c3b49a7d2cd628e5f96afb2848f61bc01aeb4952263a6deedb867,lower_limb_feet,healthy_skin,non_wound,CC BY 4.0,g1393,,Nomal/Male_Normal-1359.jpg,0.743
lower_limb_feet_f40ca8175d0424ba.jpg,f40ca8175d0424ba0a0262cac4a82b8e332f7a65e09847bc21c657a77778f7bb,lower_limb_feet,healthy_skin,non_wound,CC BY 4.0,g1394,,Nomal/Male_Normal-1367.jpg,0.737
lower_limb_feet_a5a057f8637598f9.jpg,a5a057f8637598f9781b5ff047641bf4dcfbde733adf6422426c8db199b9b439,lower_limb_feet,healthy_skin,non_wound,CC BY 4.0,g1395,,Nomal/Male_Normal-1368.jpg,0.735
lower_limb_feet_4b8f599c5cff49ad.jpg,4b8f599c5cff49ad7b33ab2e1d448ea718a9fc3509de7285d79fd5be54f3b9a6,lower_limb_feet,healthy_skin,non_wound,CC BY 4.0,g1396,,Nomal/Male_Normal-1371.jpg,0.738
lower_limb_feet_b3858fd7f8687047.jpg,b3858fd7f868704738f89aaf13514e72262549e8b20914a3ee236f94776db886,lower_limb_feet,healthy_skin,non_wound,CC BY 4.0,g1397,,Nomal/Male_Normal-1372.jpg,0.710
lower_limb_feet_8756c9758a014ee6.jpg,8756c9758a014ee6d8f391f22a69ed86d049c5612805c46615fea940062e217f,lower_limb_feet,healthy_skin,non_wound,CC BY 4.0,g1398,,Nomal/Male_Normal-1374.jpg,0.718
lower_limb_feet_36420e11002a2104.jpg,36420e11002a21043e6e70f82a60e6a8e21a35ec729a3877ceb65b1938573e93,lower_limb_feet,healthy_skin,non_wound,CC BY 4.0,g1399,,Nomal/Male_Normal-1375.jpg,0.726
lower_limb_feet_2cb4dcaf088ddeea.jpg,2cb4dcaf088ddeeaa1cd9f5d44f79c57cda482b64a62333a8556e25f6f399bbe,lower_limb_feet,healthy_skin,non_wound,CC BY 4.0,g1678,,Nomal/Male_Normal-1376.jpg,0.704
lower_limb_feet_98fff1ce8a5586bf.jpg,98fff1ce8a5586bf2435c706cc799278795f7694973fee75203d7561fa80ec10,lower_limb_feet,healthy_skin,non_wound,CC BY 4.0,g1401,,Nomal/Male_Normal-1377.jpg,0.716
lower_limb_feet_acff8aceebce8169.jpg,acff8aceebce81692e10776a5eb035ffbab0e7f51bab7b3108722deaba667d19,lower_limb_feet,healthy_skin,non_wound,CC BY 4.0,g1678,,Nomal/Male_Normal-1378.jpg,0.749
lower_limb_feet_a4f3cc67875b43ec.jpg,a4f3cc67875b43ecfc88fd790b2a0464713a6fe07dd42ef7bf1b2a62359ddef2,lower_limb_feet,healthy_skin,non_wound,CC BY 4.0,g1728,,Nomal/Male_Normal-1379.jpg,0.749
lower_limb_feet_ca9acb8412fa4902.jpg,ca9acb8412fa4902692e38b066d23ded77872ad91893e4b7b8aa90e596c6fb58,lower_limb_feet,healthy_skin,non_wound,CC BY 4.0,g1728,,Nomal/Male_Normal-1381.jpg,0.730
lower_limb_feet_60acd57a7e98590f.jpg,60acd57a7e98590f0648b0db49b7f022bfc1af5671bcb3c3e7e97129af06f5bb,lower_limb_feet,healthy_skin,non_wound,CC BY 4.0,g1405,,Nomal/Male_Normal-1383.jpg,0.748
lower_limb_feet_501eb5759dcfcbf6.jpg,501eb5759dcfcbf68e43434b5c3c5872af65f767ca8ccf8eb96e2ee67806b89d,lower_limb_feet,healthy_skin,non_wound,CC BY 4.0,g1406,,Nomal/Male_Normal-1384.jpg,0.736
lower_limb_feet_e6b1c21043df1bed.jpg,e6b1c21043df1bedcc2ab8d27e5ce32969acf47001f8822f340e6238d08b27d9,lower_limb_feet,healthy_skin,non_wound,CC BY 4.0,g1407,,Nomal/Male_Normal-1385.jpg,0.724
lower_limb_feet_3c402cfc35ba28ba.jpg,3c402cfc35ba28ba503901808c798f84c0e9954ccd65a5e32e6c17a72cba77d6,lower_limb_feet,healthy_skin,non_wound,CC BY 4.0,g1728,,Nomal/Male_Normal-1387.jpg,0.697
lower_limb_feet_e39c8563bebfc209.jpg,e39c8563bebfc209667621c3e110da4ebaf956b8119043641b41b308d5191b71,lower_limb_feet,healthy_skin,non_wound,CC BY 4.0,g1728,,Nomal/Male_Normal-1388.jpg,0.716
lower_limb_feet_210768185c2a2adc.jpg,210768185c2a2adcabc8ce02d6bf3265b40dfe681a3d3482996d6f91f147c9f7,lower_limb_feet,healthy_skin,non_wound,CC BY 4.0,g1728,,Nomal/Male_Normal-1389.jpg,0.712
lower_limb_feet_f4e36bcb21dfb99f.jpg,f4e36bcb21dfb99fd3c992467f3227250729c3e6fd629a6471fc6d467727e008,lower_limb_feet,healthy_skin,non_wound,CC BY 4.0,g1728,,Nomal/Male_Normal-1390.jpg,0.702
lower_limb_feet_226de10b38cc3826.jpg,226de10b38cc3826db8ae366f7dd3aefbc84c9f446f0f7d78d81d453a6ee1dec,lower_limb_feet,healthy_skin,non_wound,CC BY 4.0,g1728,,Nomal/Male_Normal-1393.jpg,0.721
lower_limb_feet_3c94e7a4d41bcbf2.jpg,3c94e7a4d41bcbf2a23bcf8f10b962d59b47af8b1eda4a099407ffb693b91b56,lower_limb_feet,healthy_skin,non_wound,CC BY 4.0,g1413,,Nomal/Male_Normal-1394.jpg,0.733
lower_limb_feet_0f27bd6aa7e70b73.jpg,0f27bd6aa7e70b735f6a30218c5ff8386db25244bdb5cd2890bdd71528f4a8c9,lower_limb_feet,healthy_skin,non_wound,CC BY 4.0,g1728,,Nomal/Male_Normal-1395.jpg,0.724
lower_limb_feet_d5a4851d04d34d16.jpg,d5a4851d04d34d166c614fe369790b161276ecff6ea91799bb38d26e832623dd,lower_limb_feet,healthy_skin,non_wound,CC BY 4.0,g1728,,Nomal/Male_Normal-1396.jpg,0.700
lower_limb_feet_e0c8ba48ab5cb757.jpg,e0c8ba48ab5cb757f40009715339b57569603a359cd7532a5ddf0cd56a6c47e9,lower_limb_feet,healthy_skin,non_wound,CC BY 4.0,g1728,,Nomal/Male_Normal-1398.jpg,0.726
lower_limb_feet_8ee5ee33b7b4980d.jpg,8ee5ee33b7b4980d7dcd86a23654ce357135076bbcf8dce9e0a3f82dead2e89a,lower_limb_feet,healthy_skin,non_wound,CC BY 4.0,g1678,,Nomal/Male_Normal-1399.jpg,0.732
lower_limb_feet_fa7a59ef52194ccb.jpg,fa7a59ef52194ccb8eef1474cfaac661f57b42887d54447d64c079d646a02229,lower_limb_feet,healthy_skin,non_wound,CC BY 4.0,g1418,,Nomal/Male_Normal-1401.jpg,0.743
lower_limb_feet_9663b791273768dd.jpg,9663b791273768ddd355dfef4df453068706eccc50c1d3cc3d2b9bbcfb00987c,lower_limb_feet,healthy_skin,non_wound,CC BY 4.0,g1728,,Nomal/Male_Normal-1404.jpg,0.708
lower_limb_feet_45f96ab670dd1d92.jpg,45f96ab670dd1d92ca9b063928983ef7f2c341e1007423d2057d8c38a9ab67a7,lower_limb_feet,healthy_skin,non_wound,CC BY 4.0,g1420,,Nomal/Male_Normal-1405.jpg,0.736
lower_limb_feet_a02cc21ee1f1ca76.jpg,a02cc21ee1f1ca760fba9b6e6c2a697af1c172c9b289a8e85ae5dda0c07edcbc,lower_limb_feet,healthy_skin,non_wound,CC BY 4.0,g1678,,Nomal/Male_Normal-1407.jpg,0.739
lower_limb_feet_9ec9e937f658eb62.jpg,9ec9e937f658eb62066fd9684900650ac9a35ccf201bcd2750ca40f2357566a1,lower_limb_feet,healthy_skin,non_wound,CC BY 4.0,g1678,,Nomal/Male_Normal-1408.jpg,0.705
lower_limb_feet_e1c80ce758795219.jpg,e1c80ce75879521985ad4e710dea3cca7029898104c95a4f810da63e2413f89b,lower_limb_feet,healthy_skin,non_wound,CC BY 4.0,g1423,,Nomal/Male_Normal-1409.jpg,0.731
lower_limb_feet_9e752e6e396eda60.jpg,9e752e6e396eda60486e4bc0022d2c709a5d73df6be44c253a2bdc79f69c8ee6,lower_limb_feet,healthy_skin,non_wound,CC BY 4.0,g1728,,Nomal/Male_Normal-1410.jpg,0.716
lower_limb_feet_589cf6ae1bfa7bed.jpg,589cf6ae1bfa7bedf1304150b0081bbac5d170019f69f640adbd92e812dca47b,lower_limb_feet,healthy_skin,non_wound,CC BY 4.0,g1728,,Nomal/Male_Normal-1411.jpg,0.705
lower_limb_feet_6650a399a3902def.jpg,6650a399a3902defa2d922078d23fed216f224529fc07e8c4cec31dd551cd3ce,lower_limb_feet,healthy_skin,non_wound,CC BY 4.0,g1728,,Nomal/Male_Normal-1413.jpg,0.702
lower_limb_feet_a493281ff6cd06e3.jpg,a493281ff6cd06e3523cf51436279a8654d07388b464e9d7668ea62851777879,lower_limb_feet,healthy_skin,non_wound,CC BY 4.0,g1728,,Nomal/Male_Normal-1414.jpg,0.711
lower_limb_feet_f85065c71762391f.jpg,f85065c71762391f7cdb95a645931fa37cc213513d3535848f13e524f3340e8c,lower_limb_feet,healthy_skin,non_wound,CC BY 4.0,g1678,,Nomal/Male_Normal-1415.jpg,0.673
lower_limb_feet_91a34299c2754154.jpg,91a34299c2754154b33ad4fac9836e55799daae883f0735b94f54fd69fffc8f0,lower_limb_feet,healthy_skin,non_wound,CC BY 4.0,g1678,,Nomal/Male_Normal-1416.jpg,0.721
lower_limb_feet_c1e9fdcb96b38dc5.jpg,c1e9fdcb96b38dc5c35fdc1607cbe1bebb81d31d676e0608edb3d358958f1aa0,lower_limb_feet,healthy_skin,non_wound,CC BY 4.0,g1430,,Nomal/Male_Normal-1417.jpg,0.732
lower_limb_feet_b178cd3603f59102.jpg,b178cd3603f59102309e1945db2f805b04ab5ab0c688fe807a80e35c23f7330f,lower_limb_feet,healthy_skin,non_wound,CC BY 4.0,g1431,,Nomal/Male_Normal-1418.jpg,0.728
lower_limb_feet_c60789e9cba20566.jpg,c60789e9cba205669189bcc3f483412ce324d68f477dec1f4686a379b0dad582,lower_limb_feet,healthy_skin,non_wound,CC BY 4.0,g1432,,Nomal/Male_Normal-1419.jpg,0.703
lower_limb_feet_d28989a84722e9f7.jpg,d28989a84722e9f78e8733cebe8089e9a204517c1f9b4249d5b5d1440a0df57a,lower_limb_feet,healthy_skin,non_wound,CC BY 4.0,g1728,,Nomal/Male_Normal-1420.jpg,0.736
lower_limb_feet_3cc208715ac98766.jpg,3cc208715ac98766c9bbf8b55e2b0227924c98bc2545a23b01db962b38402d02,lower_limb_feet,healthy_skin,non_wound,CC BY 4.0,g1728,,Nomal/Male_Normal-1422.jpg,0.731
lower_limb_feet_eaa2ca8f1df5d162.jpg,eaa2ca8f1df5d1626c4cd8a8e91e5850b0027e8a37e620577bd01b7166a53141,lower_limb_feet,healthy_skin,non_wound,CC BY 4.0,g1728,,Nomal/Male_Normal-1428.jpg,0.698
lower_limb_feet_9508ae7843e5df3a.jpg,9508ae7843e5df3a102cc946018d74115a74e25b0705b3bd3d19ca68776b1089,lower_limb_feet,healthy_skin,non_wound,CC BY 4.0,g1436,,Nomal/Male_Normal-1429.jpg,0.746
lower_limb_feet_3cfc08cde11bb229.jpg,3cfc08cde11bb229647a4691c36cc449d2c9cfac1c230ad0216212fc6cdbcd14,lower_limb_feet,healthy_skin,non_wound,CC BY 4.0,g1437,,Nomal/Male_Normal-1435.jpg,0.705
lower_limb_feet_8e59407df461961b.jpg,8e59407df461961b0dd38ced75988516da70ed5f1819aa1ceeb63e08e1004c41,lower_limb_feet,healthy_skin,non_wound,CC BY 4.0,g1728,,Nomal/Male_Normal-1438.jpg,0.701
lower_limb_feet_1dd476e6b938098a.jpg,1dd476e6b938098afb65043b66c55bfe0db348b047d8443aad8124f435a8861e,lower_limb_feet,healthy_skin,non_wound,CC BY 4.0,g1678,,Nomal/Male_Normal-1440.jpg,0.741
lower_limb_feet_9c15bbf51715ae3c.jpg,9c15bbf51715ae3c0350c87f231990c719bdc3a332ca808c60492a318768ab10,lower_limb_feet,healthy_skin,non_wound,CC BY 4.0,g1728,,Nomal/Male_Normal-1441.jpg,0.709
lower_limb_feet_5452ba3385100101.jpg,5452ba3385100101ce8f0e363ea2cb2a0ee24a5ac603d9cee9952a3bc11e57b4,lower_limb_feet,healthy_skin,non_wound,CC BY 4.0,g1441,,Nomal/Male_Normal-1442.jpg,0.744
lower_limb_feet_400ef5da033ff37e.jpg,400ef5da033ff37e4495d60d6ad6a6892a74c2b1d5d11af213e160ecc8db917b,lower_limb_feet,healthy_skin,non_wound,CC BY 4.0,g1728,,Nomal/Male_Normal-1444.jpg,0.731
lower_limb_feet_69d148258b4e6af9.jpg,69d148258b4e6af9da3b1cec5e8ced10cc39ef7092ee9931333d917bfb80665b,lower_limb_feet,healthy_skin,non_wound,CC BY 4.0,g1678,,Nomal/Male_Normal-1447.jpg,0.693
lower_limb_feet_aed3e9d9cef2f072.jpg,aed3e9d9cef2f0729e75ee5bfd6ca6492b03406e8a84f7a56a6fb911370c0bf6,lower_limb_feet,healthy_skin,non_wound,CC BY 4.0,g1444,,Nomal/Male_Normal-1448.jpg,0.736
lower_limb_feet_77353a3515c8ee1b.jpg,77353a3515c8ee1b906f4feb8679a307b475e19fcb94d54a1f9043df35a2ee9f,lower_limb_feet,healthy_skin,non_wound,CC BY 4.0,g1728,,Nomal/Male_Normal-1449.jpg,0.725
lower_limb_feet_2ddd2a3a32d197ab.jpg,2ddd2a3a32d197ab9af96e8ca9b2a62eca8a5be4db8ba05218766b0c906e9c5b,lower_limb_feet,healthy_skin,non_wound,CC BY 4.0,g1446,,Nomal/Male_Normal-1451.jpg,0.715
lower_limb_feet_8c7134aae5a9e25a.jpg,8c7134aae5a9e25a65c4d1c30ff97a9ba3cd2616a703c89168b9f48fae7126b7,lower_limb_feet,healthy_skin,non_wound,CC BY 4.0,g1728,,Nomal/Male_Normal-1452.jpg,0.717
lower_limb_feet_2d4636d2cb834c19.jpg,2d4636d2cb834c19d62473144a1f5cad2372fb899f94ae387b02791e18b1a87e,lower_limb_feet,healthy_skin,non_wound,CC BY 4.0,g1448,,Nomal/Male_Normal-1453.jpg,0.704
lower_limb_feet_f513368a13927071.jpg,f513368a13927071b4da3e4353ccad6da7f76d8a67e05484ff8f8f9bf580c348,lower_limb_feet,healthy_skin,non_wound,CC BY 4.0,g1728,,Nomal/Male_Normal-1454.jpg,0.708
lower_limb_feet_21541465138122c5.jpg,21541465138122c5ddfb1ced0129a31e1497555713a9c06b8123596d3ab01aff,lower_limb_feet,healthy_skin,non_wound,CC BY 4.0,g1678,,Nomal/Male_Normal-1455.jpg,0.715
lower_limb_feet_605ccf8cd11d1b05.jpg,605ccf8cd11d1b052612ae2b62ed4c24641f0cc6ff060598a91d3c3f15d38ec4,lower_limb_feet,healthy_skin,non_wound,CC BY 4.0,g1678,,Nomal/Male_Normal-1456.jpg,0.705
lower_limb_feet_41e0e5fe4d2a8c22.jpg,41e0e5fe4d2a8c229a8c06f173e93eef090e1059ea9592375e2956cfa55ebb9e,lower_limb_feet,healthy_skin,non_wound,CC BY 4.0,g1728,,Nomal/Male_Normal-1460.jpg,0.709
lower_limb_feet_5f07bd4bc133223a.jpg,5f07bd4bc133223a98d5ea711d26680638c23209cae040d53840e777b188e394,lower_limb_feet,healthy_skin,non_wound,CC BY 4.0,g1728,,Nomal/Male_Normal-1462.jpg,0.727
lower_limb_feet_2f7b3cd855cdab84.jpg,2f7b3cd855cdab84ee7e4d102edd4e2f62aa6b18e1409fe0910b86b9b77777f9,lower_limb_feet,healthy_skin,non_wound,CC BY 4.0,g1454,,Nomal/Male_Normal-1463.jpg,0.750
lower_limb_feet_1202a6cfcfb16cfc.jpg,1202a6cfcfb16cfc6b25cd28af424699fafe3501655053323664b68f7e1ba3d5,lower_limb_feet,healthy_skin,non_wound,CC BY 4.0,g1455,,Nomal/Male_Normal-1465.jpg,0.685
lower_limb_feet_db96ebe8bac68563.jpg,db96ebe8bac68563ebb82ef257dd1848ef9c3b28c3b99284c4352ea26dc26f0c,lower_limb_feet,healthy_skin,non_wound,CC BY 4.0,g1456,,Nomal/Male_Normal-1466.jpg,0.703
lower_limb_feet_55801427a11dcb0e.jpg,55801427a11dcb0ec2fe61db15a965fe630036505e7e93764ef3c1e7d0f02b70,lower_limb_feet,healthy_skin,non_wound,CC BY 4.0,g1728,,Nomal/Male_Normal-1467.jpg,0.711
lower_limb_feet_519fae52216c5881.jpg,519fae52216c588119ff1081828a221c89321492b918fbc84c68083f4a3ca29c,lower_limb_feet,healthy_skin,non_wound,CC BY 4.0,g1728,,Nomal/Male_Normal-1468.jpg,0.739
lower_limb_feet_2c3afeb1bdbaf7fa.jpg,2c3afeb1bdbaf7fa53a5859fef3301326d3282ef567015820ec4b6547f2eeb3e,lower_limb_feet,healthy_skin,non_wound,CC BY 4.0,g1459,,Nomal/Male_Normal-1470.jpg,0.707
lower_limb_feet_c0dba9beec59fbc5.jpg,c0dba9beec59fbc5242c5786e71055f7c87a363d66ca46a74ce06d2a6c6e598a,lower_limb_feet,healthy_skin,non_wound,CC BY 4.0,g1678,,Nomal/Male_Normal-1471.jpg,0.738
lower_limb_feet_ef36be53f3a9b916.jpg,ef36be53f3a9b916675d2122a0698c872361cf6efa8f4ec2ac3466b27ec88881,lower_limb_feet,healthy_skin,non_wound,CC BY 4.0,g1461,,Nomal/Male_Normal-1472.jpg,0.721
lower_limb_feet_ce239f0c56df4cfc.jpg,ce239f0c56df4cfcce46e1482e123f64a9434b10fdf0dd59da049ab6da7b4f00,lower_limb_feet,healthy_skin,non_wound,CC BY 4.0,g1462,,Nomal/Male_Normal-1474.jpg,0.723
lower_limb_feet_17cb10855dc33f14.jpg,17cb10855dc33f149418439bf41f781412de3a66a69fdf2007d6d145bb01c980,lower_limb_feet,healthy_skin,non_wound,CC BY 4.0,g1463,,Nomal/Male_Normal-1475.jpg,0.723
lower_limb_feet_5b6da5b94d07abf3.jpg,5b6da5b94d07abf3f94ec8b56f1e947431e524c9a99db0dc82c2f5b71b10e76d,lower_limb_feet,healthy_skin,non_wound,CC BY 4.0,g1464,,Nomal/Male_Normal-1477.jpg,0.734
lower_limb_feet_d253ca1c662bad49.jpg,d253ca1c662bad4970e633426b69b25f2d3308f414c0de4ab580838498b13d88,lower_limb_feet,healthy_skin,non_wound,CC BY 4.0,g1465,,Nomal/Male_Normal-1481.jpg,0.685
lower_limb_feet_e22dc3d0c3e55c1b.jpg,e22dc3d0c3e55c1bf27ec4b5d4de1ea4eada49beb70feef6976dacbd9d678be4,lower_limb_feet,healthy_skin,non_wound,CC BY 4.0,g1466,,Nomal/Male_Normal-1482.jpg,0.712
lower_limb_feet_ce2840efd2bf9cef.jpg,ce2840efd2bf9cef100fd3ce4e909575f89c62df2806241cbcf6a776c5d33f1f,lower_limb_feet,healthy_skin,non_wound,CC BY 4.0,g1467,,Nomal/Male_Normal-1483.jpg,0.705
lower_limb_feet_5b4a2b70b38adbea.jpg,5b4a2b70b38adbeab5f2a9186d16dfd444da3e73b2a1b84eef26b29b5fd1889d,lower_limb_feet,healthy_skin,non_wound,CC BY 4.0,g1468,,Nomal/Male_Normal-1485.jpg,0.702
lower_limb_feet_ca2991ed3295cc43.jpg,ca2991ed3295cc432b2df93acbcdff8529e114a511f86861ac8e40fef975ca09,lower_limb_feet,healthy_skin,non_wound,CC BY 4.0,g1469,,Nomal/Male_Normal-1487.jpg,0.681
lower_limb_feet_95511f349a449adc.jpg,95511f349a449adc3f0d59850376e7d7a8dd2d539754f21c65fc5dbdbdddcce7,lower_limb_feet,healthy_skin,non_wound,CC BY 4.0,g1470,,Nomal/Male_Normal-1489.jpg,0.509
lower_limb_feet_817800c5703f7f0e.jpg,817800c5703f7f0e17860ec55f1d6cad50d6f2d9efda7eddcb2d94bb7441a9e0,lower_limb_feet,healthy_skin,non_wound,CC BY 4.0,g1728,,Nomal/Male_Normal-1490.jpg,0.709
lower_limb_feet_4d4e3830f2ad0e16.jpg,4d4e3830f2ad0e1645e212995be5ba2e003a95bba95b6d0b5418c83efd4f0d55,lower_limb_feet,healthy_skin,non_wound,CC BY 4.0,g1728,,Nomal/Male_Normal-1492.jpg,0.710
lower_limb_feet_67c050b7bfe3169d.jpg,67c050b7bfe3169d9a7ba309928fb14e68aae5b79a1fe208a88c1b1e4e8f2039,lower_limb_feet,healthy_skin,non_wound,CC BY 4.0,g1728,,Nomal/Male_Normal-1494.jpg,0.746
lower_limb_feet_ea9ffb66a238dc4f.jpg,ea9ffb66a238dc4faba58c9666580d9dcae6e668314c8110627d351940d3afce,lower_limb_feet,healthy_skin,non_wound,CC BY 4.0,g1678,,Nomal/Male_Normal-1497.jpg,0.734
lower_limb_feet_e551f37793890773.jpg,e551f3779389077308c53e8fbdb918466b6b801a7112c133c443af87231d0d0b,lower_limb_feet,healthy_skin,non_wound,CC BY 4.0,g1728,,Nomal/Male_Normal-1498.jpg,0.732
lower_limb_feet_df27976d805a2acd.jpg,df27976d805a2acd2a76d5738999f8d56e2546ad7dc743d217bc8c3fe41b4b31,lower_limb_feet,healthy_skin,non_wound,CC BY 4.0,g1728,,Nomal/Male_Normal-1499.jpg,0.733
lower_limb_feet_4aaed3910bec0fe6.jpg,4aaed3910bec0fe665dbc0ddcea4bd0f1aad5360d1974b3fc73c93187efd9a7a,lower_limb_feet,healthy_skin,non_wound,CC BY 4.0,g1728,,Nomal/Male_Normal-1500.jpg,0.693
lower_limb_feet_9c65aa4ab19d9413.jpg,9c65aa4ab19d94136ba6043b793cbd966ccd84afb59a62bb6ab2fa9e57022783,lower_limb_feet,healthy_skin,non_wound,CC BY 4.0,g1728,,Nomal/Male_Normal-1502.jpg,0.750
lower_limb_feet_cd7ae193cd079da7.jpg,cd7ae193cd079da7bf87eeaf32e6478c95496e4d3653cc16490f72fa75a67279,lower_limb_feet,healthy_skin,non_wound,CC BY 4.0,g1728,,Nomal/Male_Normal-1503.jpg,0.710
lower_limb_feet_0b4d9a1aa13fb327.jpg,0b4d9a1aa13fb3273a868ace46660174657e73ebd2b6529ec6ecf8ba34fc01f1,lower_limb_feet,healthy_skin,non_wound,CC BY 4.0,g1480,,Nomal/Male_Normal-1504.jpg,0.712
lower_limb_feet_42d12d72aec4908c.jpg,42d12d72aec4908c3c359267fcb5e65d8ea5aff71822e10e74bcdc8c8b2d2bb9,lower_limb_feet,healthy_skin,non_wound,CC BY 4.0,g1481,,Nomal/Male_Normal-1505.jpg,0.726
lower_limb_feet_de7944211d55c4b9.jpg,de7944211d55c4b9a4c1d64bb766e095c92fb64a146124c35c64757b09c980c4,lower_limb_feet,healthy_skin,non_wound,CC BY 4.0,g1482,,Nomal/Male_Normal-1507.jpg,0.749
lower_limb_feet_728f3de1bbddf3b9.jpg,728f3de1bbddf3b988f705bc0ab245da103e1c43dff51f058581cc3c03288701,lower_limb_feet,healthy_skin,non_wound,CC BY 4.0,g1483,,Nomal/Male_Normal-1508.jpg,0.732
lower_limb_feet_60dc40a90d6dfb53.jpg,60dc40a90d6dfb5318d9eec9273de9dabb1fdeb1ee2a584ed3ac9e89e4d64a80,lower_limb_feet,healthy_skin,non_wound,CC BY 4.0,g1728,,Nomal/Male_Normal-1509.jpg,0.735
lower_limb_feet_653d9d336a5fea52.jpg,653d9d336a5fea52bc62d392a34a520fc23ee57554c0e0276490878a69148ac0,lower_limb_feet,healthy_skin,non_wound,CC BY 4.0,g1728,,Nomal/Male_Normal-1510.jpg,0.742
lower_limb_feet_a93ee173967d90db.jpg,a93ee173967d90db4391045e9855dd3b04cd5b3537fa37a584e826068a66032f,lower_limb_feet,healthy_skin,non_wound,CC BY 4.0,g1486,,Nomal/Male_Normal-1512.jpg,0.741
lower_limb_feet_32a9e545007f82a7.jpg,32a9e545007f82a764b560add8025d023b0e5695afe0f5a70cc232c7975621b3,lower_limb_feet,healthy_skin,non_wound,CC BY 4.0,g1487,,Nomal/Male_Normal-1514.jpg,0.739
lower_limb_feet_2a1adca24de34b28.jpg,2a1adca24de34b282e17b438b6abe23e48e71f839e3b00145387f3d972558217,lower_limb_feet,healthy_skin,non_wound,CC BY 4.0,g1488,,Nomal/Male_Normal-1516.jpg,0.746
lower_limb_feet_471d2268877580ad.jpg,471d2268877580ad116d1ab03dfb92eab5985d4ecd62870cf905746bedf7f123,lower_limb_feet,healthy_skin,non_wound,CC BY 4.0,g1678,,Nomal/Male_Normal-1517.jpg,0.733
lower_limb_feet_53e3adc7ad3c02ea.jpg,53e3adc7ad3c02ea9012e0f8d188c22f6e247899799204f9789f686c0d551222,lower_limb_feet,healthy_skin,non_wound,CC BY 4.0,g1490,,Nomal/Male_Normal-1521.jpg,0.749
lower_limb_feet_fe89dddd22d78af7.jpg,fe89dddd22d78af7afa0737c3935e9874bc17ceb2d959796e035668cac587c2e,lower_limb_feet,healthy_skin,non_wound,CC BY 4.0,g1728,,Nomal/Male_Normal-1525.jpg,0.725
lower_limb_feet_7b33135a27a7dfdb.jpg,7b33135a27a7dfdbc5a524b397d8588bebc755608cf06b57ba62f3dfa6e2311d,lower_limb_feet,healthy_skin,non_wound,CC BY 4.0,g1728,,Nomal/Male_Normal-1527.jpg,0.739
lower_limb_feet_b9b6286afe2b2660.jpg,b9b6286afe2b266018c4afc55f8303595dd7f1409dca910e53d9e85e37709e30,lower_limb_feet,healthy_skin,non_wound,CC BY 4.0,g1728,,Nomal/Male_Normal-1528.jpg,0.711
lower_limb_feet_e04f8cb3d7ae0a40.jpg,e04f8cb3d7ae0a4024d5ad11b87a1dbca87f1056c9fb1bbcf224dd7b859a7d2c,lower_limb_feet,healthy_skin,non_wound,CC BY 4.0,g1728,,Nomal/Male_Normal-1529.jpg,0.709
lower_limb_feet_3ed127e67e06a373.jpg,3ed127e67e06a373241f5a8b4fb897119d2ccd0f1742b187d898beefaa4c5f18,lower_limb_feet,healthy_skin,non_wound,CC BY 4.0,g1728,,Nomal/Male_Normal-1532.jpg,0.735
lower_limb_feet_824d1b536cbaef8a.jpg,824d1b536cbaef8ae6aa1b3b29686edb98f1c4e25b2421a646053567c2efb1e0,lower_limb_feet,healthy_skin,non_wound,CC BY 4.0,g1728,,Nomal/Male_Normal-1533.jpg,0.692
lower_limb_feet_e8e98953e07bf5fe.jpg,e8e98953e07bf5fed995e2d23b50aaf6a7f75e6f7944fca4619b7d669bbd9572,lower_limb_feet,healthy_skin,non_wound,CC BY 4.0,g1678,,Nomal/Male_Normal-1534.jpg,0.741
lower_limb_feet_b0913acd53a84046.jpg,b0913acd53a84046aae013a769d8a3ef779411400c8e7df280ae5d8cd8666c65,lower_limb_feet,healthy_skin,non_wound,CC BY 4.0,g1498,,Nomal/Male_Normal-1536.jpg,0.749
lower_limb_feet_6c39835f0d785261.jpg,6c39835f0d785261c17ec7305a88cf30042542f88f8a3776f4e962b7b5f441a5,lower_limb_feet,healthy_skin,non_wound,CC BY 4.0,g1728,,Nomal/Male_Normal-1543.jpg,0.696
lower_limb_feet_de14b7a572de1f02.jpg,de14b7a572de1f0256c08623795ab43f1b41f2cf4ce037fa8f4eb453437d46bf,lower_limb_feet,healthy_skin,non_wound,CC BY 4.0,g1500,,Nomal/Male_Normal-1545.jpg,0.743
lower_limb_feet_f343bb0ed229a685.jpg,f343bb0ed229a685494ed0aa08c59344fe8a75423df8b0be26df0869457abbc2,lower_limb_feet,healthy_skin,non_wound,CC BY 4.0,g1678,,Nomal/Male_Normal-1546.jpg,0.743
lower_limb_feet_f953159291022c1b.jpg,f953159291022c1b203343909ae73eab4a53096ef86b0d86d2c2531c25545e7f,lower_limb_feet,healthy_skin,non_wound,CC BY 4.0,g1502,,Nomal/Male_Normal-1547.jpg,0.740
lower_limb_feet_155c3a62fa5e155f.jpg,155c3a62fa5e155f1151480c8da2a8b379fc5cdaf5b72ac6164bd95ee750dc8b,lower_limb_feet,healthy_skin,non_wound,CC BY 4.0,g1728,,Nomal/Male_Normal-1549.jpg,0.742
lower_limb_feet_dc13f3927956aded.jpg,dc13f3927956adede081db6b1c812f9e84d90577900aedfa7f4ab79c08f7c820,lower_limb_feet,healthy_skin,non_wound,CC BY 4.0,g1728,,Nomal/Male_Normal-1550.jpg,0.719
lower_limb_feet_6cdd2dc2f78c7959.jpg,6cdd2dc2f78c79599274df84511a318ae15a4f4a35ffa8f00d1c5271e0ff2079,lower_limb_feet,healthy_skin,non_wound,CC BY 4.0,g1728,,Nomal/Male_Normal-1551.jpg,0.724
lower_limb_feet_d0555d84690f868a.jpg,d0555d84690f868afc46553a673c11bbb8ff26c3e7c345864bb49c80da0801c6,lower_limb_feet,healthy_skin,non_wound,CC BY 4.0,g1728,,Nomal/Male_Normal-1553.jpg,0.745
lower_limb_feet_bbb476ededa626b7.jpg,bbb476ededa626b7c8b5734b2d234cab6e812ea0f6583cd324c3bf03ec62f3c3,lower_limb_feet,healthy_skin,non_wound,CC BY 4.0,g1507,,Nomal/Male_Normal-1554.jpg,0.712
lower_limb_feet_7a6389e31e8a0073.jpg,7a6389e31e8a0073adb5c316d4bdf8fa01380a26bb5dccbf6f525e9d34725dd8,lower_limb_feet,healthy_skin,non_wound,CC BY 4.0,g1508,,Nomal/Male_Normal-1556.jpg,0.740
lower_limb_feet_2562662cbf99f01f.jpg,2562662cbf99f01f5501c43c806551bbcd030b07d48777d3000a902fbb55b28e,lower_limb_feet,healthy_skin,non_wound,CC BY 4.0,g1510,,Nomal/Male_Normal-1559.jpg,0.709
lower_limb_feet_e3b4b5aa85fbc3e1.jpg,e3b4b5aa85fbc3e15dcfb096367963e6dfa2889f003a31549933360bcd1c07e0,lower_limb_feet,healthy_skin,non_wound,CC BY 4.0,g1510,,Nomal/Male_Normal-1561.jpg,0.698
lower_limb_feet_ae1f4fd9f2875797.jpg,ae1f4fd9f28757976bdeae27e2c76824818c9b6078a3af08bf666e4d039161c8,lower_limb_feet,healthy_skin,non_wound,CC BY 4.0,g1511,,Nomal/Male_Normal-1562.jpg,0.734
lower_limb_feet_ee9eb2784b35625a.jpg,ee9eb2784b35625acd5d59d78a1121963e264bea325f7ec39969b48e80e01844,lower_limb_feet,healthy_skin,non_wound,CC BY 4.0,g1513,,Nomal/Male_Normal-1564.jpg,0.749
lower_limb_feet_8b040861e99295ff.jpg,8b040861e99295fff9efb5434c67eb0315387f91322b029b7f8b0c3800c6dc3a,lower_limb_feet,healthy_skin,non_wound,CC BY 4.0,g1513,,Nomal/Male_Normal-1566.jpg,0.729
lower_limb_feet_812415dbfa9f567d.jpg,812415dbfa9f567d7358cbcf5f26ed93b9dcb098254752e626666b7c18888e99,lower_limb_feet,healthy_skin,non_wound,CC BY 4.0,g1728,,Nomal/Male_Normal-1568.jpg,0.729
lower_limb_feet_e41fcfd402c7bc47.jpg,e41fcfd402c7bc471a78c725aeab236e469d772c8447de42af12260d1b39592c,lower_limb_feet,healthy_skin,non_wound,CC BY 4.0,g1515,,Nomal/Male_Normal-1569.jpg,0.723
lower_limb_feet_6e1b86128d092644.jpg,6e1b86128d092644c274a1d4873d8ae1aec8f50e9e10ef8827792dbba28417a4,lower_limb_feet,healthy_skin,non_wound,CC BY 4.0,g1728,,Nomal/Male_Normal-1570.jpg,0.722
lower_limb_feet_6e450f751bfa8625.jpg,6e450f751bfa86250dd564c971d6c98d4ec0a30ace41f244bfeed210b6ceb220,lower_limb_feet,healthy_skin,non_wound,CC BY 4.0,g1728,,Nomal/Male_Normal-1571.jpg,0.708
lower_limb_feet_9319d4ac4e118143.jpg,9319d4ac4e118143176f7c1abe20e6fa0476ab351cdff9c817232481173967f3,lower_limb_feet,healthy_skin,non_wound,CC BY 4.0,g1728,,Nomal/Male_Normal-1572.jpg,0.685
lower_limb_feet_9a097944eed14f6e.jpg,9a097944eed14f6ead21d5ab58f9824ca5043cc61f058cf6dcc9f63bf4f58c17,lower_limb_feet,healthy_skin,non_wound,CC BY 4.0,g1728,,Nomal/Male_Normal-1573.jpg,0.738
lower_limb_feet_37d50f4072096466.jpg,37d50f40720964665c6bd85064c31a67bb71c987ea7ca052d36c32ea10ffb942,lower_limb_feet,healthy_skin,non_wound,CC BY 4.0,g1520,,Nomal/Male_Normal-1574.jpg,0.736
lower_limb_feet_f3e3d8ca84da483a.jpg,f3e3d8ca84da483a3a85378697772e75f314e19002c865acdfc0a0d383575533,lower_limb_feet,healthy_skin,non_wound,CC BY 4.0,g1521,,Nomal/Male_Normal-1575.jpg,0.745
lower_limb_feet_0d7b9737019dc02c.jpg,0d7b9737019dc02c17948007fdfc4abdc35b78811d947b258a072d528ac9664d,lower_limb_feet,healthy_skin,non_wound,CC BY 4.0,g1672,,Nomal/Male_Normal-1576.jpg,0.722
lower_limb_feet_432a31eca06d2748.jpg,432a31eca06d27480989ce4c98ebd1723b36f3ba0ed69ac637031942ce11fe6a,lower_limb_feet,healthy_skin,non_wound,CC BY 4.0,g1523,,Nomal/Male_Normal-1577.jpg,0.720
lower_limb_feet_72ee44685c90f6ba.jpg,72ee44685c90f6baad13ee33832b767a65fd13e98844958ac5eb762728163fd4,lower_limb_feet,healthy_skin,non_wound,CC BY 4.0,g1524,,Nomal/Male_Normal-1578.jpg,0.724
lower_limb_feet_e899deee7d57d330.jpg,e899deee7d57d330590244d3f60a364c1957e89eed84414d00af9581158619d4,lower_limb_feet,healthy_skin,non_wound,CC BY 4.0,g1728,,Nomal/Male_Normal-1579.jpg,0.729
lower_limb_feet_d37eb8bd9074257b.jpg,d37eb8bd9074257bbf53d16ef9f7ff2e1f7dc2ea9ea51c64767ddc8d25bb9603,lower_limb_feet,healthy_skin,non_wound,CC BY 4.0,g1728,,Nomal/Male_Normal-1580.jpg,0.746
lower_limb_feet_a343f0a06cd78bee.jpg,a343f0a06cd78bee4c77803d8afe6d0a8ea212012f73386463eb8d835ad2552b,lower_limb_feet,healthy_skin,non_wound,CC BY 4.0,g1728,,Nomal/Male_Normal-1584.jpg,0.745
lower_limb_feet_571b28fbaab69cc7.jpg,571b28fbaab69cc713a248b3107cbb3df4be45f10073c911b0e6e78d8e11ef97,lower_limb_feet,healthy_skin,non_wound,CC BY 4.0,g1528,,Nomal/Male_Normal-1588.jpg,0.750
lower_limb_feet_ca4552d72e7cd8af.jpg,ca4552d72e7cd8afedd5746454b7a6e6d38f3b6f2e296b63d626cb31452c6c7c,lower_limb_feet,healthy_skin,non_wound,CC BY 4.0,g1728,,Nomal/Male_Normal-1591.jpg,0.739
lower_limb_feet_7eec8ce88225bc00.jpg,7eec8ce88225bc004d716ac25af382b09e71a91107998dd1ddb2aa6d3fac6c14,lower_limb_feet,healthy_skin,non_wound,CC BY 4.0,g1728,,Nomal/Male_Normal-1592.jpg,0.717
lower_limb_feet_f4c4d1d4b84a573b.jpg,f4c4d1d4b84a573b2a0dd528dde1a8d8f84f755a123e503a3bae901063a5c6d1,lower_limb_feet,healthy_skin,non_wound,CC BY 4.0,g1531,,Nomal/Male_Normal-1594.jpg,0.749
lower_limb_feet_1e6bbe305e29bd2b.jpg,1e6bbe305e29bd2b6a1814180c371d9c54cbd4c124bcd68f633186b90f6210bc,lower_limb_feet,healthy_skin,non_wound,CC BY 4.0,g1532,,Nomal/Male_Normal-1595.jpg,0.727
lower_limb_feet_c140029cd09185a8.jpg,c140029cd09185a812e286510bd4a4ed21f87a6e5e4b45a602bb341e647c3f42,lower_limb_feet,healthy_skin,non_wound,CC BY 4.0,g1728,,Nomal/Male_Normal-1599.jpg,0.705
lower_limb_feet_9bcfef7cae17d297.jpg,9bcfef7cae17d29775358a5e8176b489689287bc9441b1db5859c586d908b552,lower_limb_feet,healthy_skin,non_wound,CC BY 4.0,g1728,,Nomal/Male_Normal-1600.jpg,0.735
lower_limb_feet_f8f2ccb1e9431776.jpg,f8f2ccb1e94317768e284843fd4bc3d73c8e15b33f69c51eb5f3cd9e51db5559,lower_limb_feet,healthy_skin,non_wound,CC BY 4.0,g1728,,Nomal/Male_Normal-1602.jpg,0.713
lower_limb_feet_0c9dbb0e401cd555.jpg,0c9dbb0e401cd555a04affee0ff5b71be49fa431ebeee0444523322ea953ea0e,lower_limb_feet,healthy_skin,non_wound,CC BY 4.0,g1678,,Nomal/Male_Normal-1604.jpg,0.711
lower_limb_feet_291c71a31a4984e2.jpg,291c71a31a4984e2adb08c01948b073f9b42c13ed56fe32048a1431746473f57,lower_limb_feet,healthy_skin,non_wound,CC BY 4.0,g1537,,Nomal/Male_Normal-1606.jpg,0.706
lower_limb_feet_760b6a7f2b982448.jpg,760b6a7f2b9824485f54956c44c662265197a978c02244552fcdde7da5aea8ee,lower_limb_feet,healthy_skin,non_wound,CC BY 4.0,g1538,,Nomal/Male_Normal-1608.jpg,0.734
lower_limb_feet_53ac512297aef0b7.jpg,53ac512297aef0b701a85d28290ba393e2234b9aff8c4fe1043ca98ab7b74ae3,lower_limb_feet,healthy_skin,non_wound,CC BY 4.0,g1728,,Nomal/Male_Normal-1609.jpg,0.737
lower_limb_feet_ee5609e4fced5c2a.jpg,ee5609e4fced5c2a655f3f3854616a89f51a1841ca83f926fea410097dda5d1b,lower_limb_feet,healthy_skin,non_wound,CC BY 4.0,g1678,,Nomal/Male_Normal-1611.jpg,0.737
lower_limb_feet_bb66fb5bc1896ea7.jpg,bb66fb5bc1896ea77dbcd8382cd06998b1dd22bbcf06e9eea0e840c9ef093bdf,lower_limb_feet,healthy_skin,non_wound,CC BY 4.0,g1678,,Nomal/Male_Normal-1616.jpg,0.737
lower_limb_feet_d46902b48d92b206.jpg,d46902b48d92b2067b5f4976a4670263f8a16a0d2a56dd38b550c291e79a5c08,lower_limb_feet,healthy_skin,non_wound,CC BY 4.0,g1542,,Nomal/Male_Normal-1618.jpg,0.741
lower_limb_feet_2d5ef28f70b26c56.jpg,2d5ef28f70b26c569f6b307b77d3c3d3a0f37da27349935263b573d4e6a49c98,lower_limb_feet,healthy_skin,non_wound,CC BY 4.0,g1728,,Nomal/Male_Normal-1620.jpg,0.741
lower_limb_feet_9c969157965245c4.jpg,9c969157965245c4290457c705b5ca9ed7c533c80a8e76d69dec4ed4feb77d31,lower_limb_feet,healthy_skin,non_wound,CC BY 4.0,g1544,,Nomal/Male_Normal-1622.jpg,0.738
lower_limb_feet_3525e0bef791a761.jpg,3525e0bef791a761363d42ef1c80fe672d55904283db476df65e53a6b2b1d278,lower_limb_feet,healthy_skin,non_wound,CC BY 4.0,g1545,,Nomal/Male_Normal-1623.jpg,0.741
lower_limb_feet_3ef51ca393df8800.jpg,3ef51ca393df88009e6de18fbaa1254ec5c6eedd0136b378284e3f72e3b25635,lower_limb_feet,healthy_skin,non_wound,CC BY 4.0,g1546,,Nomal/Male_Normal-1624.jpg,0.714
lower_limb_feet_525f3c21b44d4f90.jpg,525f3c21b44d4f9061393b727abcf32290ecef569d8c3061bd648164bfdd56d2,lower_limb_feet,healthy_skin,non_wound,CC BY 4.0,g1547,,Nomal/Male_Normal-1629.jpg,0.750
lower_limb_feet_5e055900f3338cf4.jpg,5e055900f3338cf439a43eff33a680d2ba2b54dd8523f2f800b4078585672963,lower_limb_feet,healthy_skin,non_wound,CC BY 4.0,g1548,,Nomal/Male_Normal-1630.jpg,0.712
lower_limb_feet_5b2df5c8591c164e.jpg,5b2df5c8591c164e7641df30658e8370ac89e766bde2c47f53ce4fca8308e9ee,lower_limb_feet,healthy_skin,non_wound,CC BY 4.0,g1678,,Nomal/Male_Normal-1631.jpg,0.734
lower_limb_feet_d9d5945ec7f06c11.jpg,d9d5945ec7f06c1178159980625fc8a89eb10af7c7a28f8f6186dc5b3aba9404,lower_limb_feet,healthy_skin,non_wound,CC BY 4.0,g1550,,Nomal/Male_Normal-1632.jpg,0.722
lower_limb_feet_490e7cf139d7e20c.jpg,490e7cf139d7e20c5dd3be09d770621e67c159317be101a7384cee2696d7f1f3,lower_limb_feet,healthy_skin,non_wound,CC BY 4.0,g1728,,Nomal/Male_Normal-1633.jpg,0.712
lower_limb_feet_17c37d2984222d5a.jpg,17c37d2984222d5a804c070317c0e45f344df1575aa02a709971d808ddd3c9af,lower_limb_feet,healthy_skin,non_wound,CC BY 4.0,g1678,,Nomal/Male_Normal-1636.jpg,0.741
lower_limb_feet_863df72e7bd97e78.jpg,863df72e7bd97e782b237d1931b803dc89b0c1adc1d541c7cd0ca31ec3dac84f,lower_limb_feet,healthy_skin,non_wound,CC BY 4.0,g1553,,Nomal/Male_Normal-1637.jpg,0.733
lower_limb_feet_d388f28fca5532e8.jpg,d388f28fca5532e8d540c650187045a07434997c8c525a280339668fbee61fa5,lower_limb_feet,healthy_skin,non_wound,CC BY 4.0,g1728,,Nomal/Male_Normal-1639.jpg,0.738
lower_limb_feet_333ee439c4285152.jpg,333ee439c4285152474f6d16383aa6277bfa65ebc08ea05812b6aec27669ddaa,lower_limb_feet,healthy_skin,non_wound,CC BY 4.0,g1728,,Nomal/Male_Normal-1640.jpg,0.737
lower_limb_feet_9dda3bf5ed23936e.jpg,9dda3bf5ed23936e969ecd218f5c86973c8501c228c28bebb7078baf636c412d,lower_limb_feet,healthy_skin,non_wound,CC BY 4.0,g1556,,Nomal/Male_Normal-1641.jpg,0.747
lower_limb_feet_1d878232c0944ff5.jpg,1d878232c0944ff5176e9525e18abec49b2d4f0ddfb0de52b1703f383b87aa06,lower_limb_feet,healthy_skin,non_wound,CC BY 4.0,g1557,,Nomal/Male_Normal-1642.jpg,0.739
lower_limb_feet_89452d9f1f6994d9.jpg,89452d9f1f6994d9db4ea934628295cdee6dc8b42788120ecb9037e41217b5aa,lower_limb_feet,healthy_skin,non_wound,CC BY 4.0,g1558,,Nomal/Male_Normal-1644.jpg,0.726
lower_limb_feet_ea0386519de50a0d.jpg,ea0386519de50a0d21ce248618fca9b7890a4219eeb5f3ce16d0066940cebf92,lower_limb_feet,healthy_skin,non_wound,CC BY 4.0,g1728,,Nomal/Male_Normal-1645.jpg,0.740
lower_limb_feet_14c3f05b70f574cf.jpg,14c3f05b70f574cfb9b85a2b53c60b1135eefaffa39190a80abd9fdd58c71d4b,lower_limb_feet,healthy_skin,non_wound,CC BY 4.0,g1678,,Nomal/Male_Normal-1646.jpg,0.739
lower_limb_feet_a91505bf23f14e64.jpg,a91505bf23f14e64c0a5ceedbc2aef8489b33fefb12babed3c6d184bf821149e,lower_limb_feet,healthy_skin,non_wound,CC BY 4.0,g1728,,Nomal/Male_Normal-1648.jpg,0.744
lower_limb_feet_774c6273997f8b6b.jpg,774c6273997f8b6b0efbcfad724509e1edc0ed8857be0972045ca8dbe56e516b,lower_limb_feet,healthy_skin,non_wound,CC BY 4.0,g1728,,Nomal/Male_Normal-1649.jpg,0.734
lower_limb_feet_3a124418518dc2a7.jpg,3a124418518dc2a700bf932fcbef85e9b34522c66bf1998a39fd863120bb2614,lower_limb_feet,healthy_skin,non_wound,CC BY 4.0,g1728,,Nomal/Male_Normal-1650.jpg,0.716
lower_limb_feet_5b078aea1b3c4e3f.jpg,5b078aea1b3c4e3fbaa75fc21e71fe46ae5e4e5568020fedf8c17aa714182783,lower_limb_feet,healthy_skin,non_wound,CC BY 4.0,g1728,,Nomal/Male_Normal-1651.jpg,0.726
lower_limb_feet_579fa5935adffc49.jpg,579fa5935adffc4996155cbe75348e37391f9009c9b3308ea7313b47c019a074,lower_limb_feet,healthy_skin,non_wound,CC BY 4.0,g1728,,Nomal/Male_Normal-1652.jpg,0.703
lower_limb_feet_70d9f529ffbb85dc.jpg,70d9f529ffbb85dce41468a31d7f48898a8e2af11c1f29238bd4dfc81e43308a,lower_limb_feet,healthy_skin,non_wound,CC BY 4.0,g1728,,Nomal/Male_Normal-1653.jpg,0.724
lower_limb_feet_ab66d4be2c4658c4.jpg,ab66d4be2c4658c44a8d25df2f1f4be4657b6a3c71a99303dcd05e8c991d9d89,lower_limb_feet,healthy_skin,non_wound,CC BY 4.0,g1678,,Nomal/Male_Normal-1654.jpg,0.718
lower_limb_feet_a9dc78f7543f5b26.jpg,a9dc78f7543f5b260d8d4520d73be00bd3503fee01631d5db63689cae3b1397b,lower_limb_feet,healthy_skin,non_wound,CC BY 4.0,g1678,,Nomal/Male_Normal-1655.jpg,0.704
lower_limb_feet_318d8286836f973d.jpg,318d8286836f973dd3ba9ab7f99b6dc9f5fa049ff2d96e113a7a15fb6e246b55,lower_limb_feet,healthy_skin,non_wound,CC BY 4.0,g1569,,Nomal/Male_Normal-1657.jpg,0.714
lower_limb_feet_e44e04ccbc4c10a0.jpg,e44e04ccbc4c10a0f6992bd45097bb4413435a3e03c62f955f812fa41f79f9bb,lower_limb_feet,healthy_skin,non_wound,CC BY 4.0,g1728,,Nomal/Male_Normal-1663.jpg,0.717
lower_limb_feet_250d527151088feb.jpg,250d527151088feb6c2177babd815e528091dfff3a543f8a43e9f5e5989c477c,lower_limb_feet,healthy_skin,non_wound,CC BY 4.0,g1571,,Nomal/Male_Normal-1666.jpg,0.713
lower_limb_feet_159949b584ebe26c.jpg,159949b584ebe26c43f870bbe4def49a659a2bf6b08dc8bc7dcb15fcdc84575d,lower_limb_feet,healthy_skin,non_wound,CC BY 4.0,g1728,,Nomal/Male_Normal-1669.jpg,0.745
lower_limb_feet_e34c3b93763cbe7c.jpg,e34c3b93763cbe7c37b839914754801dbe83926b5083f3f9b9b7b8a8a98aed5e,lower_limb_feet,healthy_skin,non_wound,CC BY 4.0,g1573,,Nomal/Male_Normal-1670.jpg,0.741
lower_limb_feet_03a6e2a221a2434e.jpg,03a6e2a221a2434ea9dcaa88d1a8fb1af7972af80c5fbef6458492915f0901b2,lower_limb_feet,healthy_skin,non_wound,CC BY 4.0,g1728,,Nomal/Male_Normal-1672.jpg,0.736
lower_limb_feet_5c4373b558df000b.jpg,5c4373b558df000bf38f8010c030ea298ca1fe24ddd4c6980fad66bac30e4aa9,lower_limb_feet,healthy_skin,non_wound,CC BY 4.0,g1575,,Nomal/Male_Normal-1673.jpg,0.724
lower_limb_feet_332bd2048c6f0db1.jpg,332bd2048c6f0db1286846dccdab9a10d6394b205f9918ff4630c1bc5ca7b4da,lower_limb_feet,healthy_skin,non_wound,CC BY 4.0,g1576,,Nomal/Male_Normal-1676.jpg,0.728
lower_limb_feet_127c1f06c2714d6d.jpg,127c1f06c2714d6dcad76a7a7729b7b34c91aabaf46c2ea4b2c356beecb8946e,lower_limb_feet,healthy_skin,non_wound,CC BY 4.0,g1577,,Nomal/Male_Normal-1677.jpg,0.725
lower_limb_feet_701762eadc70b458.jpg,701762eadc70b458ba7394489cede4777e6a93565d73905934a240bc31a08a62,lower_limb_feet,healthy_skin,non_wound,CC BY 4.0,g1728,,Nomal/Male_Normal-1679.jpg,0.734
lower_limb_feet_34e540bf2243207c.jpg,34e540bf2243207ca14944941064f21d9831e38c06efd9a875a475f49c8953aa,lower_limb_feet,healthy_skin,non_wound,CC BY 4.0,g1728,,Nomal/Male_Normal-1680.jpg,0.739
lower_limb_feet_56cfda9840acb8a8.jpg,56cfda9840acb8a8e5b382d17032468543bcb0969d0069e69d69f078a61c4340,lower_limb_feet,healthy_skin,non_wound,CC BY 4.0,g1728,,Nomal/Male_Normal-1681.jpg,0.714
lower_limb_feet_f04e4d0c66ba3f55.jpg,f04e4d0c66ba3f5591c4b4c189c23b10c4de6bcbdcd59292fc039b6ea2fde0f4,lower_limb_feet,healthy_skin,non_wound,CC BY 4.0,g1581,,Nomal/Male_Normal-1682.jpg,0.695
lower_limb_feet_d10c3c1c17412bbe.jpg,d10c3c1c17412bbed65acfdf8756924d966b99c3683e04f5be6137f609f8b69d,lower_limb_feet,healthy_skin,non_wound,CC BY 4.0,g1728,,Nomal/Male_Normal-1683.jpg,0.748
lower_limb_feet_a5837833f5bea303.jpg,a5837833f5bea30332650b4810a54445564a2cee58566da811c51703527e2aaa,lower_limb_feet,healthy_skin,non_wound,CC BY 4.0,g1583,,Nomal/Male_Normal-1684.jpg,0.701
lower_limb_feet_1af6e4502dd0140b.jpg,1af6e4502dd0140b8e6f2f442accb4b3840d541018cd5dc77dd05f52ea77c663,lower_limb_feet,healthy_skin,non_wound,CC BY 4.0,g1584,,Nomal/Male_Normal-1685.jpg,0.743
lower_limb_feet_ea3f3b423ccbf526.jpg,ea3f3b423ccbf5267d136fb06d8c2bae2909df5bea3cbd12fc4aa34ab39b8536,lower_limb_feet,healthy_skin,non_wound,CC BY 4.0,g1585,,Nomal/Male_Normal-1687.jpg,0.748
lower_limb_feet_e817822c8c2175a5.jpg,e817822c8c2175a5ae848f07fc45087cc668fdfa0a1e124330378f9090ce19c4,lower_limb_feet,healthy_skin,non_wound,CC BY 4.0,g1586,,Nomal/Male_Normal-1688.jpg,0.748
lower_limb_feet_9aa6d7f0e29d9957.jpg,9aa6d7f0e29d9957dac027947b267ba10b4936754ac79ba1ca2f96b6a02983c4,lower_limb_feet,healthy_skin,non_wound,CC BY 4.0,g1728,,Nomal/Male_Normal-1691.jpg,0.718
lower_limb_feet_193cbe48ecfdfccb.jpg,193cbe48ecfdfccb03e359a8cf445adafb67b3f6c643c53c8bb8c36eb9e27866,lower_limb_feet,healthy_skin,non_wound,CC BY 4.0,g1678,,Nomal/Male_Normal-1696.jpg,0.746
lower_limb_feet_da368bb702bd2498.jpg,da368bb702bd24989d484512c2660e23ef577839aaef130ee0d82cfff55ae17d,lower_limb_feet,healthy_skin,non_wound,CC BY 4.0,g1589,,Nomal/Male_Normal-1701.jpg,0.745
lower_limb_feet_ac740cdc9f52dbb9.jpg,ac740cdc9f52dbb9325b008a9d05b68f044edc23b3099960b752cc83892e4d40,lower_limb_feet,healthy_skin,non_wound,CC BY 4.0,g1678,,Nomal/Male_Normal-1704.jpg,0.729
lower_limb_feet_2e5423f7efdb5e5d.jpg,2e5423f7efdb5e5dfa67bb760e0e9ec9355c8a5757f84be513949a69ea1f3723,lower_limb_feet,healthy_skin,non_wound,CC BY 4.0,g1678,,Nomal/Male_Normal-1705.jpg,0.735
lower_limb_feet_175394fc67fbc374.jpg,175394fc67fbc374c025b1374c9aaaed78c6c2a0c693e4c6b77e340d0873d496,lower_limb_feet,healthy_skin,non_wound,CC BY 4.0,g1592,,Nomal/Male_Normal-1707.jpg,0.726
lower_limb_feet_8b8979832af28ae5.jpg,8b8979832af28ae56c3372df9341f58a73ad81907b3102fc755db7e5e123fd45,lower_limb_feet,healthy_skin,non_wound,CC BY 4.0,g1728,,Nomal/Male_Normal-1712.jpg,0.734
lower_limb_feet_1ff3e10ebd0147cd.jpg,1ff3e10ebd0147cdcb9cee3377b84d8e43440123f825739f7c361f12b7b12ec9,lower_limb_feet,healthy_skin,non_wound,CC BY 4.0,g1626,,Nomal/Male_Normal-1717.jpg,0.741
lower_limb_feet_9be6c1bb0a0cbbd0.jpg,9be6c1bb0a0cbbd0f16f6aeb6871c41d9a8985dec5bbd5f87347e82a67c3dcb2,lower_limb_feet,healthy_skin,non_wound,CC BY 4.0,g1728,,Nomal/Male_Normal-1722.jpg,0.702
lower_limb_feet_81d85eb2b714d682.jpg,81d85eb2b714d682ebd1202185bea0c6d927e32295656622d9b4f7244407962c,lower_limb_feet,healthy_skin,non_wound,CC BY 4.0,g1728,,Nomal/Male_Normal-1723.jpg,0.736
lower_limb_feet_4e09a4c95c9f3495.jpg,4e09a4c95c9f34950037d5d8dc41eb83cfa288be9255beeb168292e14bd28f68,lower_limb_feet,healthy_skin,non_wound,CC BY 4.0,g1728,,Nomal/Male_Normal-1724.jpg,0.726
lower_limb_feet_6ce2da21053b3517.jpg,6ce2da21053b3517b00500d2092b881fe26eda9732f1187fa1bd56cf63f5c59f,lower_limb_feet,healthy_skin,non_wound,CC BY 4.0,g1598,,Nomal/Male_Normal-1725.jpg,0.745
lower_limb_feet_6ccf02dbd9b90fc8.jpg,6ccf02dbd9b90fc8db1139cdacfaf5d4a71cf04a014b8ae38c4b1bc26f4cc8a9,lower_limb_feet,healthy_skin,non_wound,CC BY 4.0,g1599,,Nomal/Male_Normal-1728.jpg,0.740
lower_limb_feet_4235febf592a8561.jpg,4235febf592a8561612d801793098eb9d4d1d1acf726149f9693d0867e866110,lower_limb_feet,healthy_skin,non_wound,CC BY 4.0,g1728,,Nomal/Male_Normal-1730.jpg,0.731
lower_limb_feet_5cc80c41e6d03e6f.jpg,5cc80c41e6d03e6f279bdee070f4d41f605419f27333a8f701724e6dceda193b,lower_limb_feet,healthy_skin,non_wound,CC BY 4.0,g1728,,Nomal/Male_Normal-1731.jpg,0.724
lower_limb_feet_e99958bb6cd21dd1.jpg,e99958bb6cd21dd1a9ef2998cd613314d4a3800076f579a108b950c59e98ff6b,lower_limb_feet,healthy_skin,non_wound,CC BY 4.0,g1122,,Nomal/Male_Normal-1733.jpg,0.720
lower_limb_feet_72559f3655f50efe.jpg,72559f3655f50efea8abbc664833accb77e51f47c35fd46b430c37de655b2af2,lower_limb_feet,healthy_skin,non_wound,CC BY 4.0,g1728,,Nomal/Male_Normal-1735.jpg,0.743
lower_limb_feet_a49d18ee35bbb6e3.jpg,a49d18ee35bbb6e374d42d7799171c929b09536c05425bc432aed273746a2781,lower_limb_feet,healthy_skin,non_wound,CC BY 4.0,g1678,,Nomal/Male_Normal-1736.jpg,0.705
lower_limb_feet_eda0c37bf1af7fce.jpg,eda0c37bf1af7fce436e3e1a65cac30592fab0ee2f66b553750fab330d845884,lower_limb_feet,healthy_skin,non_wound,CC BY 4.0,g1672,,Nomal/Male_Normal-1737.jpg,0.702
lower_limb_feet_44135cf4bdd59eb1.jpg,44135cf4bdd59eb13524c9dbb7bccc924ed4b1451166d732897ab71fd557405d,lower_limb_feet,healthy_skin,non_wound,CC BY 4.0,g1626,,Nomal/Male_Normal-1738.jpg,0.732
lower_limb_feet_9ece5dfd7f0726e8.jpg,9ece5dfd7f0726e806223a84734d66d6dcb15302fd23e7c3b8dd7e7437a013cb,lower_limb_feet,healthy_skin,non_wound,CC BY 4.0,g1728,,Nomal/Male_Normal-1740.jpg,0.699
lower_limb_feet_2221e8b268a32d6f.jpg,2221e8b268a32d6f5714a18ff212bf874db43b5390b8ccfeb931e2070608ce11,lower_limb_feet,healthy_skin,non_wound,CC BY 4.0,g1728,,Nomal/Male_Normal-1741.jpg,0.714
lower_limb_feet_85fcd26786f2f3a2.jpg,85fcd26786f2f3a258f6923b331b02fb2ea25624a0a93e734363fcfe0bdd250f,lower_limb_feet,healthy_skin,non_wound,CC BY 4.0,g1728,,Nomal/Male_Normal-1743.jpg,0.735
lower_limb_feet_f2de5f6ac61e5c76.jpg,f2de5f6ac61e5c762a1adf417ed7d4e3ebc0adbcc56e8421213854b9840f0ea6,lower_limb_feet,healthy_skin,non_wound,CC BY 4.0,g1610,,Nomal/Male_Normal-1744.jpg,0.709
lower_limb_feet_d55c967326ae9276.jpg,d55c967326ae92762817c357580b5de974ead3c7c2bec254fa6b9ff42c7b479b,lower_limb_feet,healthy_skin,non_wound,CC BY 4.0,g1728,,Nomal/Male_Normal-1745.jpg,0.742
lower_limb_feet_5b8b4cf8e60131c8.jpg,5b8b4cf8e60131c80f39b6fd056f1293a60d2e5c6438188894543e2a579a180d,lower_limb_feet,healthy_skin,non_wound,CC BY 4.0,g1678,,Nomal/Male_Normal-1747.jpg,0.705
lower_limb_feet_ff4a2fa497c3ce2e.jpg,ff4a2fa497c3ce2e20153594113f76e130255a06d01f848a0d17eb087f3fe9a0,lower_limb_feet,healthy_skin,non_wound,CC BY 4.0,g1613,,Nomal/Male_Normal-1749.jpg,0.736
lower_limb_feet_0dd69b88b2201734.jpg,0dd69b88b2201734f93f167e2c612a650c9c001a22e8ffc035e559840f769a15,lower_limb_feet,healthy_skin,non_wound,CC BY 4.0,g1614,,Nomal/Male_Normal-1750.jpg,0.740
lower_limb_feet_56d278e951025335.jpg,56d278e9510253354d04f0b07026295e7a1975b97a37adebf7d48f7cacd0b1c8,lower_limb_feet,healthy_skin,non_wound,CC BY 4.0,g1728,,Nomal/Male_Normal-1752.jpg,0.723
lower_limb_feet_fc85ee0662be6401.jpg,fc85ee0662be64015ecdd10095cd0ae3edcceaed3c6dc2d1873ad0e7e0f13279,lower_limb_feet,healthy_skin,non_wound,CC BY 4.0,g1728,,Nomal/Male_Normal-1753.jpg,0.735
lower_limb_feet_56fd80aef6a8a0a3.jpg,56fd80aef6a8a0a39210f3cf6d8be54b46ebc516c8a169d2351288675a0a2c7c,lower_limb_feet,healthy_skin,non_wound,CC BY 4.0,g1728,,Nomal/Male_Normal-1754.jpg,0.692
lower_limb_feet_a0e70e4734ab03b8.jpg,a0e70e4734ab03b868ba80b277ae7c5107c2684502b64660827320308ce3cf27,lower_limb_feet,healthy_skin,non_wound,CC BY 4.0,g1618,,Nomal/Male_Normal-1755.jpg,0.688
lower_limb_feet_0a54b8978ddfcce8.jpg,0a54b8978ddfcce83fde02691bf1b51c8bd4c0088caad158ce7e53af4880f503,lower_limb_feet,healthy_skin,non_wound,CC BY 4.0,g1620,,Nomal/Male_Normal-1757.jpg,0.698
lower_limb_feet_018b490be181bfec.jpg,018b490be181bfecfef6e534082554e1041f2fec8e6c7672db6b97c5fa805291,lower_limb_feet,healthy_skin,non_wound,CC BY 4.0,g1620,,Nomal/Male_Normal-1759.jpg,0.716
lower_limb_feet_5fb9eb9142989f1f.jpg,5fb9eb9142989f1f09d631b53357f4a9ea586ccb3a2adcab72f664cd913bfd00,lower_limb_feet,healthy_skin,non_wound,CC BY 4.0,g1728,,Nomal/Male_Normal-1760.jpg,0.717
lower_limb_feet_f446ae9818e5839a.jpg,f446ae9818e5839ad2153ae911dd5bdb456f71fe8e66e2d4466bc3e779312ee8,lower_limb_feet,healthy_skin,non_wound,CC BY 4.0,g1728,,Nomal/Male_Normal-1761.jpg,0.717
lower_limb_feet_5cba081e65c12f56.jpg,5cba081e65c12f56231affe3e6249a09710753553b83412cb4e7bb531ef29be7,lower_limb_feet,healthy_skin,non_wound,CC BY 4.0,g1630,,Nomal/Male_Normal-1763.jpg,0.696
lower_limb_feet_5a6eee24d19311ef.jpg,5a6eee24d19311ef0a8eaa1510ff6600238949207e23fa64babc0148aeb1f9b2,lower_limb_feet,healthy_skin,non_wound,CC BY 4.0,g1624,,Nomal/Male_Normal-1764.jpg,0.705
lower_limb_feet_89361435762182c0.jpg,89361435762182c0628d4e968057c937b778ea3d8a84ef0a4ddaf71e0c63f6d7,lower_limb_feet,healthy_skin,non_wound,CC BY 4.0,g1728,,Nomal/Male_Normal-1765.jpg,0.725
lower_limb_feet_f32d8711f72ffd22.jpg,f32d8711f72ffd22093bb6bad24b8731ea2524fb4cf675f405101c9a03e18e2f,lower_limb_feet,healthy_skin,non_wound,CC BY 4.0,g1626,,Nomal/Male_Normal-1766.jpg,0.727
lower_limb_feet_47e9df9547871182.jpg,47e9df954787118211f5ca9deaabacd73a75fce93627473b112877fea84e6843,lower_limb_feet,healthy_skin,non_wound,CC BY 4.0,g1627,,Nomal/Male_Normal-1768.jpg,0.707
lower_limb_feet_546d00849a15b874.jpg,546d00849a15b874879d12a4ad43a662fa6430edd52ab57c2e51933018316f2a,lower_limb_feet,healthy_skin,non_wound,CC BY 4.0,g1636,,Nomal/Male_Normal-1769.jpg,0.735
lower_limb_feet_ed2a00c3556737b9.jpg,ed2a00c3556737b9abf057bdcffe37c13979b60bc825e8baed22f372dba6cc1d,lower_limb_feet,healthy_skin,non_wound,CC BY 4.0,g1728,,Nomal/Male_Normal-1772.jpg,0.686
lower_limb_feet_2329bad2390f553a.jpg,2329bad2390f553aa5b66b136f71211c1ceb79e455a06c05426ac8db47f4edbb,lower_limb_feet,healthy_skin,non_wound,CC BY 4.0,g1630,,Nomal/Male_Normal-1773.jpg,0.720
lower_limb_feet_ce0e751633bb18d6.jpg,ce0e751633bb18d6b53bb23cafdeee24d390ed6872ade089a62b050df2500a4a,lower_limb_feet,healthy_skin,non_wound,CC BY 4.0,g1728,,Nomal/Male_Normal-1774.jpg,0.730
lower_limb_feet_4dbc215fff30a01f.jpg,4dbc215fff30a01fe3a1ce053eebae6161217c9f13160926094e65ee73c67562,lower_limb_feet,healthy_skin,non_wound,CC BY 4.0,g1728,,Nomal/Male_Normal-1775.jpg,0.733
lower_limb_feet_c7afbd94fffefa8c.jpg,c7afbd94fffefa8c5ee3c23c0dacb0686cae36cdfbe56cf2fe38c4d328241cbb,lower_limb_feet,healthy_skin,non_wound,CC BY 4.0,g1633,,Nomal/Male_Normal-1776.jpg,0.732
lower_limb_feet_e195383217ba5a6c.jpg,e195383217ba5a6cd4c8d6b202ea2d2c150b09a7aae16a2f31b6b89e7dd4e687,lower_limb_feet,healthy_skin,non_wound,CC BY 4.0,g1672,,Nomal/Male_Normal-1777.jpg,0.746
lower_limb_feet_8006dea0e1b42691.jpg,8006dea0e1b426917a156fbfd2b3e961a714712308430bb80369ffe23de93274,lower_limb_feet,healthy_skin,non_wound,CC BY 4.0,g1635,,Nomal/Male_Normal-1778.jpg,0.722
lower_limb_feet_58eb9702cb24ccb9.jpg,58eb9702cb24ccb9d477a95f7055b6e2d14b8f34a12fb18d5cc9c623edc0f5f0,lower_limb_feet,healthy_skin,non_wound,CC BY 4.0,g1636,,Nomal/Male_Normal-1779.jpg,0.695
lower_limb_feet_697e5a6003b90086.jpg,697e5a6003b900860348114b1e924753c8567063093e1ecd4879906e9a7b77b7,lower_limb_feet,healthy_skin,non_wound,CC BY 4.0,g1728,,Nomal/Male_Normal-1780.jpg,0.707
lower_limb_feet_b9b37d3ac317a25b.jpg,b9b37d3ac317a25b37b0b3f367917e2765515d1f1afa3cdb747228eb7a326d6f,lower_limb_feet,healthy_skin,non_wound,CC BY 4.0,g1728,,Nomal/Male_Normal-1782.jpg,0.733
lower_limb_feet_13ba499d978d9851.jpg,13ba499d978d9851a9ebe685bd836a87672ed867076807984db50b624a3b17b2,lower_limb_feet,healthy_skin,non_wound,CC BY 4.0,g1728,,Nomal/Male_Normal-1783.jpg,0.716
lower_limb_feet_ef5459ab15f37b84.jpg,ef5459ab15f37b84f5dbbced5794d9c88103a3de027732efbbdc377de637d8b1,lower_limb_feet,healthy_skin,non_wound,CC BY 4.0,g1728,,Nomal/Male_Normal-1784.jpg,0.734
lower_limb_feet_7896beeddbae66cc.jpg,7896beeddbae66ccc2df00e94e1e1365cf33d1cc0682b69ee7c697a53fb1f0a7,lower_limb_feet,healthy_skin,non_wound,CC BY 4.0,g1728,,Nomal/Male_Normal-1785.jpg,0.711
lower_limb_feet_72d2fdc46304104f.jpg,72d2fdc46304104f6dc19ffb869a8c799485624ce36be654791fe2a55b5a92e9,lower_limb_feet,healthy_skin,non_wound,CC BY 4.0,g1642,,Nomal/Male_Normal-1787.jpg,0.715
lower_limb_feet_97156cb055db83c1.jpg,97156cb055db83c1ff0ad57c5ee189a9ae24880c0511941f1dfcd65848bb012a,lower_limb_feet,healthy_skin,non_wound,CC BY 4.0,g1643,,Nomal/Male_Normal-1788.jpg,0.718
lower_limb_feet_d9f8b5572126c57d.jpg,d9f8b5572126c57dc0926f870e7f8a9953848cc2551036f309eda38f9f5af077,lower_limb_feet,healthy_skin,non_wound,CC BY 4.0,g1728,,Nomal/Male_Normal-1792.jpg,0.705
lower_limb_feet_3720c1832b0642ed.jpg,3720c1832b0642ed5229654998505d7dd81109dc8b4665fec24aea619fd8c660,lower_limb_feet,healthy_skin,non_wound,CC BY 4.0,g1728,,Nomal/Male_Normal-1793.jpg,0.739
lower_limb_feet_2e80f9ff971c1595.jpg,2e80f9ff971c1595d8debc58fb882b2b8f718af27bad5ede3bb30c259d74fb15,lower_limb_feet,healthy_skin,non_wound,CC BY 4.0,g1646,,Nomal/Male_Normal-1796.jpg,0.714
lower_limb_feet_c9b5d8c627ef28b9.jpg,c9b5d8c627ef28b99f2f068729db8b03f9bfc06b4b1e4fd5594bd807fa38a9e4,lower_limb_feet,healthy_skin,non_wound,CC BY 4.0,g1678,,Nomal/Male_Normal-1798.jpg,0.702
lower_limb_feet_5dd76fa7e158ce49.jpg,5dd76fa7e158ce493f9f19fd914a1d33f66cf6272194099c027054fa3d5ebde6,lower_limb_feet,healthy_skin,non_wound,CC BY 4.0,g1728,,Nomal/Male_Normal-1803.jpg,0.709
lower_limb_feet_d0ae0fdae942d3a4.jpg,d0ae0fdae942d3a410718aaac7bf7bf3afdb73513b7e150e1dbea42412daa751,lower_limb_feet,healthy_skin,non_wound,CC BY 4.0,g1728,,Nomal/Male_Normal-1804.jpg,0.705
lower_limb_feet_1126cea833cbc17c.jpg,1126cea833cbc17c452a2999305130260c485251c3735297b0ec2e61aa39d2d3,lower_limb_feet,healthy_skin,non_wound,CC BY 4.0,g1650,,Nomal/Male_Normal-1806.jpg,0.745
lower_limb_feet_e290c6bd8df354f8.jpg,e290c6bd8df354f81883be2668d12f5b6eae82bb1d2f88729d2abda2b5585b7b,lower_limb_feet,healthy_skin,non_wound,CC BY 4.0,g1678,,Nomal/Male_Normal-1808.jpg,0.732
lower_limb_feet_6c92b33f9ba0ae0c.jpg,6c92b33f9ba0ae0c458baa7f1df3108e9a2d945ea758d371407763e29b55bcb8,lower_limb_feet,healthy_skin,non_wound,CC BY 4.0,g1728,,Nomal/Male_Normal-1811.jpg,0.732
lower_limb_feet_768bb5eb958808ce.jpg,768bb5eb958808ce4fac5b9ad2d3567e35c1e04aacc48a77db8108a033ae3c9b,lower_limb_feet,healthy_skin,non_wound,CC BY 4.0,g1728,,Nomal/Male_Normal-1814.jpg,0.730
lower_limb_feet_4ac36a1175721c14.jpg,4ac36a1175721c14921c1cc27acea966753addfef362cc993e0115c07141b42a,lower_limb_feet,healthy_skin,non_wound,CC BY 4.0,g1678,,Nomal/Male_Normal-1816.jpg,0.749
lower_limb_feet_0a8ec6b1da2a2015.jpg,0a8ec6b1da2a201568219603d8ab822e2c8879f05ea0f69fc6ebb972047c8155,lower_limb_feet,healthy_skin,non_wound,CC BY 4.0,g1728,,Nomal/Male_Normal-1822.jpg,0.722
lower_limb_feet_25ce24dc415f7362.jpg,25ce24dc415f73622371b904278dceded8305c4595224d973b5f5cc839af875d,lower_limb_feet,healthy_skin,non_wound,CC BY 4.0,g1728,,Nomal/Male_Normal-1823.jpg,0.711
lower_limb_feet_092c8bc5837cd7c8.jpg,092c8bc5837cd7c8357326d49a233606069443d96653034d22908cffc4e6082b,lower_limb_feet,healthy_skin,non_wound,CC BY 4.0,g1728,,Nomal/Male_Normal-1824.jpg,0.707
lower_limb_feet_cbd04d8aec0de453.jpg,cbd04d8aec0de453038e74ceff18885fad0156edd941bb748b9f452ad3a32fae,lower_limb_feet,healthy_skin,non_wound,CC BY 4.0,g1658,,Nomal/Male_Normal-1826.jpg,0.707
lower_limb_feet_eb59f93efd32b164.jpg,eb59f93efd32b1644b17b889d9f69675b42b58958c25a130a2968972fe1b15f3,lower_limb_feet,healthy_skin,non_wound,CC BY 4.0,g1659,,Nomal/Male_Normal-1829.jpg,0.713
lower_limb_feet_1fe88435ae2baeee.jpg,1fe88435ae2baeeeda468a41c7c55ace8e34069f3ced93360390f74035f4a21e,lower_limb_feet,healthy_skin,non_wound,CC BY 4.0,g1728,,Nomal/Male_Normal-1832.jpg,0.710
lower_limb_feet_7c91abb6a450ffcc.jpg,7c91abb6a450ffcc277b32eae1ca1589c4c1d26b8ba93cb7ba70755a97b3141d,lower_limb_feet,healthy_skin,non_wound,CC BY 4.0,g1728,,Nomal/Male_Normal-1833.jpg,0.712
lower_limb_feet_9e1474f0cbc20ac7.jpg,9e1474f0cbc20ac77e5e85c2cf770657b86ad707e544ece5e165c234a0b6f57d,lower_limb_feet,healthy_skin,non_wound,CC BY 4.0,g1662,,Nomal/Male_Normal-1834.jpg,0.710
lower_limb_feet_86ebeb98961df80c.jpg,86ebeb98961df80c29c28caf30b19ff5bfb5a90ec56fdf26f2bc23e4838ac8ce,lower_limb_feet,healthy_skin,non_wound,CC BY 4.0,g1663,,Nomal/Male_Normal-1835.jpg,0.730
lower_limb_feet_97ef9bbe0a27563d.jpg,97ef9bbe0a27563dfaaa7c35287a9c4672ca3a3bac709d01b74e2ebc1953c75b,lower_limb_feet,healthy_skin,non_wound,CC BY 4.0,g1728,,Nomal/Male_Normal-1836.jpg,0.726
lower_limb_feet_eea493555a6a790e.jpg,eea493555a6a790e4134a5f92f53d3eafc78e6193b8f87d4f2cc52fd802a4cca,lower_limb_feet,healthy_skin,non_wound,CC BY 4.0,g1665,,Nomal/Male_Normal-1837.jpg,0.744
lower_limb_feet_2f9f8bf3d99086e0.jpg,2f9f8bf3d99086e0b0dc7c74bc14bfc8b5110a0dff9ead1e3e1c0184a5426463,lower_limb_feet,healthy_skin,non_wound,CC BY 4.0,g1666,,Nomal/Male_Normal-1840.jpg,0.706
lower_limb_feet_58bad8c42eb2b827.jpg,58bad8c42eb2b827cfbd57e8c60a06fd2dd8b308aff17822553daea9897d3a76,lower_limb_feet,healthy_skin,non_wound,CC BY 4.0,g1728,,Nomal/Male_Normal-1842.jpg,0.738
lower_limb_feet_8d930ed170c7fb7a.jpg,8d930ed170c7fb7ae3d71ccaa7bb48add5025bc343db7e58ed283ffa29d4a8dc,lower_limb_feet,healthy_skin,non_wound,CC BY 4.0,g1728,,Nomal/Male_Normal-1843.jpg,0.717
lower_limb_feet_9adcc42f84cf2142.jpg,9adcc42f84cf2142fb13defb907f6520854be8f43bb47cbee5545795ab659dd7,lower_limb_feet,healthy_skin,non_wound,CC BY 4.0,g1678,,Nomal/Male_Normal-1847.jpg,0.738
lower_limb_feet_f9e5d27c13ff414d.jpg,f9e5d27c13ff414db0b5eb0e4bd71c57d9eba352fbc4df085da5568d081d7473,lower_limb_feet,healthy_skin,non_wound,CC BY 4.0,g1672,,Nomal/Male_Normal-1848.jpg,0.747
lower_limb_feet_3f4d2a3e581ae64d.jpg,3f4d2a3e581ae64d2da5c3a9557119d32d5da663370fff47840f46a867535713,lower_limb_feet,healthy_skin,non_wound,CC BY 4.0,g1678,,Nomal/Male_Normal-1849.jpg,0.748
lower_limb_feet_ebf2ff12a52764fd.jpg,ebf2ff12a52764fd99f22b81d9895c3a4f24d275bf2475f533f31ca3d260f5a1,lower_limb_feet,healthy_skin,non_wound,CC BY 4.0,g1672,,Nomal/Male_Normal-1850.jpg,0.741
lower_limb_feet_c56b54183ee9c497.jpg,c56b54183ee9c4979b219b53a0574b3977596df4c6729ca05ffece3fea65784a,lower_limb_feet,healthy_skin,non_wound,CC BY 4.0,g1728,,Nomal/Male_Normal-1851.jpg,0.724
lower_limb_feet_206821687bd25e73.jpg,206821687bd25e73e0831c149faf8377e4fc6ac81fbb7030a56da1ff6dcac3c5,lower_limb_feet,healthy_skin,non_wound,CC BY 4.0,g1728,,Nomal/Male_Normal-1852.jpg,0.743
lower_limb_feet_06ea1bc679d94e94.jpg,06ea1bc679d94e947fe01b5a0d462ada52dedccbc3e672ea23b958d51cdb17db,lower_limb_feet,healthy_skin,non_wound,CC BY 4.0,g1728,,Nomal/Male_Normal-1853.jpg,0.725
lower_limb_feet_1ae9c634c8f88f4d.jpg,1ae9c634c8f88f4db0e3488b1bd685cede68880824fc8f2753b012bbeaa606a9,lower_limb_feet,healthy_skin,non_wound,CC BY 4.0,g1728,,Nomal/Male_Normal-1854.jpg,0.718
lower_limb_feet_0a05846da8e227cb.jpg,0a05846da8e227cb4fa4b7f53cd9ef80a42be15310da559c9afc1b7314137828,lower_limb_feet,healthy_skin,non_wound,CC BY 4.0,g1728,,Nomal/Male_Normal-1856.jpg,0.726
lower_limb_feet_768d94b37ae2ff90.jpg,768d94b37ae2ff90a9582285eaa4885af509c37c3d2b423aa8a73387210bc102,lower_limb_feet,healthy_skin,non_wound,CC BY 4.0,g1678,,Nomal/Male_Normal-1860.jpg,0.707
lower_limb_feet_638b02677dfc715f.jpg,638b02677dfc715ff59d0768f61b7132c37d3f129c9c4daf78324e16ae59f5ee,lower_limb_feet,healthy_skin,non_wound,CC BY 4.0,g1728,,Nomal/Male_Normal-1861.jpg,0.693
lower_limb_feet_1724f651d657f3be.jpg,1724f651d657f3be566a1de44904fe3332ad9708d1352cfa4dbfe17c12929fda,lower_limb_feet,healthy_skin,non_wound,CC BY 4.0,g1680,,Nomal/Male_Normal-1862.jpg,0.740
lower_limb_feet_ead25a6ebe5886bf.jpg,ead25a6ebe5886bff64f8117581a4412f3f10be19217602586e713a7f9ff4f4a,lower_limb_feet,healthy_skin,non_wound,CC BY 4.0,g1728,,Nomal/Male_Normal-1865.jpg,0.695
lower_limb_feet_1c53cca0c40c3626.jpg,1c53cca0c40c3626b0ad9eb4ec2ab59b7d0a05fe4dd90a669216da9cbcf98a94,lower_limb_feet,healthy_skin,non_wound,CC BY 4.0,g1682,,Nomal/Male_Normal-1866.jpg,0.711
lower_limb_feet_19ebcbe959920969.jpg,19ebcbe95992096920499907723b01f1aafe2679231585426c0036e76b340adb,lower_limb_feet,healthy_skin,non_wound,CC BY 4.0,g1683,,Nomal/Male_Normal-1868.jpg,0.728
lower_limb_feet_8369d72821a9b093.jpg,8369d72821a9b09300d016e2b6d76b9a8684c5b6f3037864541b8469f0be8039,lower_limb_feet,healthy_skin,non_wound,CC BY 4.0,g1684,,Nomal/Male_Normal-1869.jpg,0.746
lower_limb_feet_cef91c9c8420135e.jpg,cef91c9c8420135ec0a4fa1b78905638302025d90ecce48c12a65f6d325f9cc9,lower_limb_feet,healthy_skin,non_wound,CC BY 4.0,g1690,,Nomal/Male_Normal-1871.jpg,0.691
lower_limb_feet_7c561ebe24c13d5e.jpg,7c561ebe24c13d5edd285e256bb150f8d3ed2b6da350f633ac5c22df5c483b52,lower_limb_feet,healthy_skin,non_wound,CC BY 4.0,g1728,,Nomal/Male_Normal-1872.jpg,0.733
lower_limb_feet_0dac5ff99131b6b7.jpg,0dac5ff99131b6b75c9bb5c97d41b78048860d08710f300822933995bb54be9e,lower_limb_feet,healthy_skin,non_wound,CC BY 4.0,g1688,,Nomal/Male_Normal-1873.jpg,0.683
lower_limb_feet_d42e887661a97bf2.jpg,d42e887661a97bf2efc68fb86801f93f12c94e71abb9b7ac6bd7b83beedd007a,lower_limb_feet,healthy_skin,non_wound,CC BY 4.0,g1688,,Nomal/Male_Normal-1874.jpg,0.699
lower_limb_feet_d2c8a8ca45052856.jpg,d2c8a8ca45052856f9132193d62df097eb53003517ca52a309b44c5e86367e1a,lower_limb_feet,healthy_skin,non_wound,CC BY 4.0,g1728,,Nomal/Male_Normal-1875.jpg,0.702
lower_limb_feet_ddda1c52caf1b1ff.jpg,ddda1c52caf1b1ffc4e67af5f56a5c9e37f319668e2ce1463a3d421fad5a021e,lower_limb_feet,healthy_skin,non_wound,CC BY 4.0,g1690,,Nomal/Male_Normal-1876.jpg,0.688
lower_limb_feet_91c1a1d16576794b.jpg,91c1a1d16576794ba8f816d824d4ccdb0111609085d22a7b31f89d02a9d595c4,lower_limb_feet,healthy_skin,non_wound,CC BY 4.0,g1692,,Nomal/Male_Normal-1877.jpg,0.704
lower_limb_feet_4227b66c810d7324.jpg,4227b66c810d732458175b1447b4e047c197a3b8c5171c024b5e9f11eb0d8732,lower_limb_feet,healthy_skin,non_wound,CC BY 4.0,g1692,,Nomal/Male_Normal-1878.jpg,0.726
lower_limb_feet_c2ac0b6141e63ddb.jpg,c2ac0b6141e63ddba66ed06f595775669f67213c9864bb19a388d6a31338d0e9,lower_limb_feet,healthy_skin,non_wound,CC BY 4.0,g1693,,Nomal/Male_Normal-1880.jpg,0.727
lower_limb_feet_e2e7176489457c79.jpg,e2e7176489457c79b688114be49090717acf1019a016a6f2f9a80f517897e522,lower_limb_feet,healthy_skin,non_wound,CC BY 4.0,g1694,,Nomal/Male_Normal-1882.jpg,0.717
lower_limb_feet_d780f8741969159d.jpg,d780f8741969159d269af4beac481d685fb491a3b073be8d03e316d6c7daccf1,lower_limb_feet,healthy_skin,non_wound,CC BY 4.0,g1695,,Nomal/Male_Normal-1884.jpg,0.732
lower_limb_feet_59c22c2346ad2a1d.jpg,59c22c2346ad2a1d8d4e6b4b1a870a2e48c85d4ca9cd9a6db3d602c4b47dc196,lower_limb_feet,healthy_skin,non_wound,CC BY 4.0,g1728,,Nomal/Male_Normal-1885.jpg,0.729
lower_limb_feet_e9692a2e6967bf01.jpg,e9692a2e6967bf014a4c473fd9cc2adc3a42ede344917639847b8aa054e64c56,lower_limb_feet,healthy_skin,non_wound,CC BY 4.0,g1699,,Nomal/Male_Normal-1887.jpg,0.738
lower_limb_feet_72c48e3defeb174c.jpg,72c48e3defeb174ce97d3c2c5d56b54ca6f00f0b289eb00e81d1f4e65bf8022a,lower_limb_feet,healthy_skin,non_wound,CC BY 4.0,g1698,,Nomal/Male_Normal-1888.jpg,0.728
lower_limb_feet_0f1d9676fe212d26.jpg,0f1d9676fe212d26eada3ae8cfc1e795afaaa0f1cfc7e78de7ded922012e8ff4,lower_limb_feet,healthy_skin,non_wound,CC BY 4.0,g1699,,Nomal/Male_Normal-1889.jpg,0.732
lower_limb_feet_a47b629083f416a0.jpg,a47b629083f416a0e97b5d0823f8d21b0965d62b5a001c0bb7f3acf168f9e547,lower_limb_feet,healthy_skin,non_wound,CC BY 4.0,g1700,,Nomal/Male_Normal-1890.jpg,0.717
lower_limb_feet_a642ef72816ec6e1.jpg,a642ef72816ec6e1003aa04ed9c927de25cad9ee852f06b393953d832b0d5cd9,lower_limb_feet,healthy_skin,non_wound,CC BY 4.0,g1728,,Nomal/Male_Normal-1891.jpg,0.703
lower_limb_feet_4b11a5bcf4153575.jpg,4b11a5bcf41535752ccdc153ac4c155eeff900fc6c057b264c3091b7735d895b,lower_limb_feet,healthy_skin,non_wound,CC BY 4.0,g1728,,Nomal/Male_Normal-1892.jpg,0.730
lower_limb_feet_5068ba4fc9f8d34f.jpg,5068ba4fc9f8d34fdf7730f19b6d93c1a9f5af64e40fa92d33e2358783468c40,lower_limb_feet,healthy_skin,non_wound,CC BY 4.0,g1728,,Nomal/Male_Normal-1893.jpg,0.736
lower_limb_feet_5e012ee91d54d968.jpg,5e012ee91d54d968a833975c13cc38041b7ec1e84724aa8816778bfe82d5a7a7,lower_limb_feet,healthy_skin,non_wound,CC BY 4.0,g1728,,Nomal/Male_Normal-1894.jpg,0.689
lower_limb_feet_c0c801c6f3484777.jpg,c0c801c6f34847770efef1f829696db9d20880875a8acfe0ff0356fc2fa4a122,lower_limb_feet,healthy_skin,non_wound,CC BY 4.0,g1728,,Nomal/Male_Normal-1895.jpg,0.696
lower_limb_feet_1dc19c608a6551c9.jpg,1dc19c608a6551c954d76bbefbe4e4a64631a5d525dd3ec604fd2d49a8c93b86,lower_limb_feet,healthy_skin,non_wound,CC BY 4.0,g1706,,Nomal/Male_Normal-1896.jpg,0.717
lower_limb_feet_d5fc74e390bdd488.jpg,d5fc74e390bdd488456b5ee55a1d32461100f8e37b2898c27ac727c07f739b13,lower_limb_feet,healthy_skin,non_wound,CC BY 4.0,g1707,,Nomal/Male_Normal-1897.jpg,0.716
lower_limb_feet_4f33856dbb3cd3d4.jpg,4f33856dbb3cd3d4ed235c11e41be0d02ee91bcd12e12f1fdf084c125d28451d,lower_limb_feet,healthy_skin,non_wound,CC BY 4.0,g1672,,Nomal/Male_Normal-1898.jpg,0.742
lower_limb_feet_d66f92a5b4e07d88.jpg,d66f92a5b4e07d88e828e070d265bdc52d8d1dab91d8b787239335de50a07534,lower_limb_feet,healthy_skin,non_wound,CC BY 4.0,g1709,,Nomal/Male_Normal-1899.jpg,0.735
lower_limb_feet_389aef8a710047f2.jpg,389aef8a710047f2a95f9d6a5b88fe60ef8efb1850d088c56a34c971d7bd4265,lower_limb_feet,healthy_skin,non_wound,CC BY 4.0,g1728,,Nomal/Male_Normal-1901.jpg,0.725
lower_limb_feet_87750606bedde6c1.jpg,87750606bedde6c15860190bef83c75f7bdf982b20678f0f79f5a7efbef6b8b7,lower_limb_feet,healthy_skin,non_wound,CC BY 4.0,g1728,,Nomal/Male_Normal-1904.jpg,0.739
lower_limb_feet_c0b81027e6250ae4.jpg,c0b81027e6250ae48daab3e0833112047dcf81eab02c3b9d52e53324ccea86a6,lower_limb_feet,healthy_skin,non_wound,CC BY 4.0,g1712,,Nomal/Male_Normal-1905.jpg,0.746
lower_limb_feet_d182ab05bbb745da.jpg,d182ab05bbb745da354f1c3f005a3131df7da6555e9df822db3270d4e80ba7e6,lower_limb_feet,healthy_skin,non_wound,CC BY 4.0,g1728,,Nomal/Male_Normal-1906.jpg,0.730
lower_limb_feet_6c2346f70bb2ddf5.jpg,6c2346f70bb2ddf5689a9691f207ad013b7adc614e1c5dc5339146bbb49e5e9e,lower_limb_feet,healthy_skin,non_wound,CC BY 4.0,g1678,,Nomal/Male_Normal-1907.jpg,0.742
lower_limb_feet_c7bda37a3f54f9ac.jpg,c7bda37a3f54f9ac46bb74b3a6ac870a4dc2147d94aca2e3f7b9201eced71e1c,lower_limb_feet,healthy_skin,non_wound,CC BY 4.0,g1715,,Nomal/Male_Normal-1909.jpg,0.741
lower_limb_feet_751c5d80c47bffe2.jpg,751c5d80c47bffe21a715c6954bb9e7ce9c60bae8dabc8e5bdfb51230f36bb98,lower_limb_feet,healthy_skin,non_wound,CC BY 4.0,g1728,,Nomal/Male_Normal-1911.jpg,0.739
lower_limb_feet_593eea414bb37860.jpg,593eea414bb37860ab213c42a2e970276ae12ac89d1fd1d25b7e3730b7a13801,lower_limb_feet,healthy_skin,non_wound,CC BY 4.0,g1728,,Nomal/Male_Normal-1912.jpg,0.739
lower_limb_feet_164d00b02b3fb3f4.jpg,164d00b02b3fb3f4816d722652bcf528c2bc6ab390f6f39c8c2050d113d42032,lower_limb_feet,healthy_skin,non_wound,CC BY 4.0,g1718,,Nomal/Male_Normal-1916.jpg,0.708
lower_limb_feet_9c955c072f9d25b0.jpg,9c955c072f9d25b00172fa90b3e7ac35fa61a9fc8b59cc0eda42e4237305dd7c,lower_limb_feet,healthy_skin,non_wound,CC BY 4.0,g1678,,Nomal/Male_Normal-1917.jpg,0.746
lower_limb_feet_8767223db1f86eb3.jpg,8767223db1f86eb334ce6c2d26e045fb862d62083bfdf862a3b6d711b43bce07,lower_limb_feet,healthy_skin,non_wound,CC BY 4.0,g1728,,Nomal/Male_Normal-1921.jpg,0.748
lower_limb_feet_42ff89ffd8008cdd.jpg,42ff89ffd8008cddc37d8cc7d89287a059ba7ef727fed82d92a5a164c65b8e68,lower_limb_feet,healthy_skin,non_wound,CC BY 4.0,g1728,,Nomal/Male_Normal-1922.jpg,0.728
lower_limb_feet_040db6edb86d9253.jpg,040db6edb86d9253d256408f6944cf93025a7419c2737bcde1b1c7fea121d08d,lower_limb_feet,healthy_skin,non_wound,CC BY 4.0,g1728,,Nomal/Male_Normal-1924.jpg,0.716
lower_limb_feet_fa91178540d859ee.jpg,fa91178540d859eebb978cf1499a13e0f0c7e461d4454de8e43a67e20a522326,lower_limb_feet,healthy_skin,non_wound,CC BY 4.0,g1723,,Nomal/Male_Normal-1926.jpg,0.729
lower_limb_feet_fcaab419f553c0a8.jpg,fcaab419f553c0a8e411bed161633c41113faa1393c9f922dc6f3b1345487dfd,lower_limb_feet,healthy_skin,non_wound,CC BY 4.0,g1678,,Nomal/Male_Normal-1927.jpg,0.741
lower_limb_feet_498fc03b88955f94.jpg,498fc03b88955f9417f58cb07ee34647b08afb4520533eb69784dd5736139f70,lower_limb_feet,healthy_skin,non_wound,CC BY 4.0,g1725,,Nomal/Male_Normal-1929.jpg,0.733
lower_limb_feet_2b67a37c3f44f9b0.jpg,2b67a37c3f44f9b0322a0340ad6a9f12f75809a8c7237cc8b293ddc26773ef30,lower_limb_feet,healthy_skin,non_wound,CC BY 4.0,g1726,,Nomal/Male_Normal-1930.jpg,0.747
lower_limb_feet_55675f471acfe9ad.jpg,55675f471acfe9ad1bddff0203eccae2a9ce2af6b5e7ee0b81268a6948846cc4,lower_limb_feet,healthy_skin,non_wound,CC BY 4.0,g1728,,Nomal/Male_Normal-1932.jpg,0.724
lower_limb_feet_af632bc8e7021a15.jpg,af632bc8e7021a151af3cc661248b046158da20c72c85a172ff8510e8b6d7b74,lower_limb_feet,healthy_skin,non_wound,CC BY 4.0,g1728,,Nomal/Male_Normal-1935.jpg,0.734
lower_limb_feet_42641c88651b093f.jpg,42641c88651b093f7665ef1d71edfc95bf80e829ecd7758e18abdaf8fe7e3282,lower_limb_feet,healthy_skin,non_wound,CC BY 4.0,g1729,,Nomal/Male_Normal-1940.jpg,0.747
lower_limb_feet_6445a48a69c8838a.jpg,6445a48a69c8838a4a8583aa02a7aa82d8d973099180e3934ac42cd0ecda3379,lower_limb_feet,healthy_skin,non_wound,CC BY 4.0,g1728,,Nomal/Male_Normal-1941.jpg,0.733
lower_limb_feet_b9070414ef4ee8f6.jpg,b9070414ef4ee8f6d323a234596cc118a83dcd704405a7bdb011202930201854,lower_limb_feet,healthy_skin,non_wound,CC BY 4.0,g1728,,Nomal/Male_Normal-1944.jpg,0.739
lower_limb_feet_c3615064eaf2dfce.jpg,c3615064eaf2dfce37f5a73605ba0d1a6d0ee188e8e6000c2dd50f0d7d44e2ee,lower_limb_feet,healthy_skin,non_wound,CC BY 4.0,g1728,,Nomal/Male_Normal-1945.jpg,0.711
lower_limb_feet_8c3b11cdef535502.jpg,8c3b11cdef5355025773727cd4079721070e617e053477bf7e4820bd18e8808d,lower_limb_feet,healthy_skin,non_wound,CC BY 4.0,g1733,,Nomal/Male_Normal-1950.jpg,0.728
lower_limb_feet_f0e3e6ea44c62879.jpg,f0e3e6ea44c6287957a37c245def9b47b54555527116bf7c4d38f790c9107125,lower_limb_feet,healthy_skin,non_wound,CC BY 4.0,g1728,,Nomal/Male_Normal-1951.jpg,0.728
lower_limb_feet_eb5c23690f3772b5.jpg,eb5c23690f3772b52d41fada869ffde139b82b07a73fa77a1017881520068395,lower_limb_feet,healthy_skin,non_wound,CC BY 4.0,g1728,,Nomal/Male_Normal-1952.jpg,0.705
lower_limb_feet_d0f8c2837604cb1f.jpg,d0f8c2837604cb1f023de1ca8be77cb1503b09f1d04e893ad559149bbb49d048,lower_limb_feet,healthy_skin,non_wound,CC BY 4.0,g1728,,Nomal/Male_Normal-1954.jpg,0.723
lower_limb_feet_794f191430d2bf70.jpg,794f191430d2bf704c87b74924abd452c6224a1587c058140aa354c7394f3140,lower_limb_feet,healthy_skin,non_wound,CC BY 4.0,g1728,,Nomal/Male_Normal-1955.jpg,0.731
lower_limb_feet_401d0f338a0135ac.jpg,401d0f338a0135ac76fb9b289e799a9f14d91295f902e9ac2bce56f48efb35bf,lower_limb_feet,healthy_skin,non_wound,CC BY 4.0,g1678,,Nomal/Male_Normal-1957.jpg,0.717
lower_limb_feet_817fd49a3c3cb174.jpg,817fd49a3c3cb174a0d337e210bf32c159adcd44bca5bba2d9ce80154c01f2e1,lower_limb_feet,healthy_skin,non_wound,CC BY 4.0,g1728,,Nomal/Male_Normal-1962.jpg,0.743
lower_limb_feet_0af83b79b5e00f28.jpg,0af83b79b5e00f28c923f845128b936a185b53ba12f758bbe2c00f12499d2521,lower_limb_feet,healthy_skin,non_wound,CC BY 4.0,g1728,,Nomal/Male_Normal-1965.jpg,0.736
lower_limb_feet_85feb3c0fce0aed6.jpg,85feb3c0fce0aed6ccf2336d120d94c383f3e1c6d4ebdb8cc9fe74b4f2393008,lower_limb_feet,healthy_skin,non_wound,CC BY 4.0,g1728,,Nomal/Male_Normal-1966.jpg,0.723
lower_limb_feet_49a73194b27905db.jpg,49a73194b27905db31d99e73940f2907b81099da5c81e9eda7e15af61766f3e2,lower_limb_feet,healthy_skin,non_wound,CC BY 4.0,g1678,,Nomal/Male_Normal-1967.jpg,0.722
lower_limb_feet_71f787e55ea61858.jpg,71f787e55ea618584f475b44a5dba30bfd46a1bd346a46584e3cc702dac4385a,lower_limb_feet,healthy_skin,non_wound,CC BY 4.0,g1743,,Nomal/Male_Normal-1969.jpg,0.692
lower_limb_feet_64e9d83b78864621.jpg,64e9d83b7886462179111a3c0739da8c3de7b7ad34078ee47dd6747736a2e051,lower_limb_feet,healthy_skin,non_wound,CC BY 4.0,g1728,,Nomal/Male_Normal-1971.jpg,0.745
lower_limb_feet_05bc75910c230afb.jpg,05bc75910c230afb4ae568a63691f17a0edba8d26a524d4ab9533cc728781886,lower_limb_feet,healthy_skin,non_wound,CC BY 4.0,g1745,,Nomal/Male_Normal-1972.jpg,0.719
lower_limb_feet_d893864e3796f666.jpg,d893864e3796f66635b7f768883929983308506653c079d9d2c476c5a91ac2e0,lower_limb_feet,healthy_skin,non_wound,CC BY 4.0,g1728,,Nomal/Male_Normal-1973.jpg,0.730
lower_limb_feet_145196db7b57a76f.jpg,145196db7b57a76f1c28f23250843431c6263141a1dd36954ee90ddcba208513,lower_limb_feet,healthy_skin,non_wound,CC BY 4.0,g1678,,Nomal/Male_Normal-1977.jpg,0.723
lower_limb_feet_c5f39d6d71257e21.jpg,c5f39d6d71257e216f82d6a063ebb75da716749c61cc3dc623dd943700b624c2,lower_limb_feet,healthy_skin,non_wound,CC BY 4.0,g1748,,Nomal/Male_Normal-1979.jpg,0.718
lower_limb_feet_e139520164b7a4e2.jpg,e139520164b7a4e215ba4d052381b10e96a6b254879e124a01f455bc3cce67d7,lower_limb_feet,healthy_skin,non_wound,CC BY 4.0,g1728,,Nomal/Male_Normal-1981.jpg,0.747
lower_limb_wounds_0d8f21fcc942ed35.jpg,0d8f21fcc942ed3568e7e3b408895349c74af39f4b1a78ccb54f85c0f97f3caa,lower_limb_wounds,chronic_wound_out_of_scope,non_wound,CC BY 4.0,g1750,,wound_main/wound_main-0001.jpg,0.730
lower_limb_wounds_1a732dec7346d12d.jpg,1a732dec7346d12d5e70bacc4b4ec27a3dd0822bffdd37f124250844498e8bf0,lower_limb_wounds,chronic_wound_out_of_scope,non_wound,CC BY 4.0,g1751,,wound_main/wound_main-0008.jpg,0.744
lower_limb_wounds_a498ef882e268edd.jpg,a498ef882e268edd9dc913336168c77661c39642092a9608e3f3c6445d5a9bce,lower_limb_wounds,chronic_wound_out_of_scope,non_wound,CC BY 4.0,g1752,,wound_main/wound_main-0011.jpg,0.736
lower_limb_wounds_b4348e64b1d6fb38.jpg,b4348e64b1d6fb3868668b119e522df524d6b610d70069612002236e62e3232c,lower_limb_wounds,chronic_wound_out_of_scope,non_wound,CC BY 4.0,g1753,,wound_main/wound_main-0012.jpg,0.746
lower_limb_wounds_cf157dadb42d6024.jpg,cf157dadb42d602425121fdeafad773860c43c1247703d87f87189c1b30251b7,lower_limb_wounds,chronic_wound_out_of_scope,non_wound,CC BY 4.0,g1754,,wound_main/wound_main-0013.jpg,0.670
lower_limb_wounds_f8a8476f5755370b.jpg,f8a8476f5755370b3623503030ae5e9b58a21077d455869043626bd6db46909b,lower_limb_wounds,chronic_wound_out_of_scope,non_wound,CC BY 4.0,g1755,,wound_main/wound_main-0014.jpg,0.713
lower_limb_wounds_d44fa26ac2ee692e.jpg,d44fa26ac2ee692e70fad03dbaba19a693702cf1a1d10348cd6c6bb1f1599488,lower_limb_wounds,chronic_wound_out_of_scope,non_wound,CC BY 4.0,g1756,,wound_main/wound_main-0015.jpg,0.718
lower_limb_wounds_f004c836c8f4726b.jpg,f004c836c8f4726b3c63ad6c2ae60fe4221dbb49a088f7432549ab92e0ea4298,lower_limb_wounds,chronic_wound_out_of_scope,non_wound,CC BY 4.0,g1757,,wound_main/wound_main-0016.jpg,0.742
lower_limb_wounds_9fff420e2fc0f8a4.jpg,9fff420e2fc0f8a47111c383a24decdd47373566b06bc5c65a92eb6b9ffc3513,lower_limb_wounds,chronic_wound_out_of_scope,non_wound,CC BY 4.0,g1758,,wound_main/wound_main-0021.jpg,0.715
lower_limb_wounds_d1c524310d0241eb.jpg,d1c524310d0241eb2d032c2dd773bdc3007e5ed51dab1773cf5ab25a3d079cc2,lower_limb_wounds,chronic_wound_out_of_scope,non_wound,CC BY 4.0,g1759,,wound_main/wound_main-0023.jpg,0.700
lower_limb_wounds_5323d31b5a16aa8f.jpg,5323d31b5a16aa8f659833dc3b875fd619f76cef75e3537f5e368863e88f1731,lower_limb_wounds,chronic_wound_out_of_scope,non_wound,CC BY 4.0,g1760,,wound_main/wound_main-0025.jpg,0.738
lower_limb_wounds_03a37f2d185b734a.jpg,03a37f2d185b734ae9a1bea49e1d2c24118f2ba0623cf2db1f73134027febe8e,lower_limb_wounds,chronic_wound_out_of_scope,non_wound,CC BY 4.0,g1761,,wound_main/wound_main-0028.jpg,0.749
lower_limb_wounds_32e98b488d064570.jpg,32e98b488d06457028a9dbfb0c431070f483b580a5740b7e49d387538877f5dd,lower_limb_wounds,chronic_wound_out_of_scope,non_wound,CC BY 4.0,g1762,,wound_main/wound_main-0029.jpg,0.737
lower_limb_wounds_52d57b45ffb56286.jpg,52d57b45ffb5628689ebba2adff578e99ac4b977dd22ed3c8442e62040105e41,lower_limb_wounds,chronic_wound_out_of_scope,non_wound,CC BY 4.0,g1763,,wound_main/wound_main-0032.jpg,0.696
lower_limb_wounds_b740d2aa85d8c7d1.jpg,b740d2aa85d8c7d1ce0e6b61b29c253e47ae241da0850979c80a2cd7bbd10a7d,lower_limb_wounds,chronic_wound_out_of_scope,non_wound,CC BY 4.0,g1764,,wound_main/wound_main-0033.jpg,0.724
lower_limb_wounds_2316149a6b0b8100.jpg,2316149a6b0b810033664022ee7077d7f7f5e4a4902370cb36334cda7e1abfdd,lower_limb_wounds,chronic_wound_out_of_scope,non_wound,CC BY 4.0,g1765,,wound_main/wound_main-0036.jpg,0.703
lower_limb_wounds_6d6979487a60913d.jpg,6d6979487a60913d974ff0d4dadb71516a7803bbf998b6dd668fc1d861a399c1,lower_limb_wounds,chronic_wound_out_of_scope,non_wound,CC BY 4.0,g1766,,wound_main/wound_main-0039.jpg,0.714
lower_limb_wounds_448d170dbfec916a.jpg,448d170dbfec916a2e9e098499d0a309736b0f70f5d7c0279f075d36c52fd991,lower_limb_wounds,chronic_wound_out_of_scope,non_wound,CC BY 4.0,g1767,,wound_main/wound_main-0040.jpg,0.742
lower_limb_wounds_acf5ac3342149e28.jpg,acf5ac3342149e28773a81b6eb1144e4a59ee8c1e689c9b95754cef901652766,lower_limb_wounds,chronic_wound_out_of_scope,non_wound,CC BY 4.0,g1768,,wound_main/wound_main-0041.jpg,0.695
lower_limb_wounds_070ee403ea367f97.jpg,070ee403ea367f976d9e5a815360868ca48d95f09790247b7cb6ca56f513951b,lower_limb_wounds,chronic_wound_out_of_scope,non_wound,CC BY 4.0,g1769,,wound_main/wound_main-0042.jpg,0.710
lower_limb_wounds_d9006a365e32218d.jpg,d9006a365e32218d66990e1c51d2c318ef65242697fa634c9d9e79ebddc86e0e,lower_limb_wounds,chronic_wound_out_of_scope,non_wound,CC BY 4.0,g1770,,wound_main/wound_main-0043.jpg,0.746
lower_limb_wounds_361d6cb070e08f66.jpg,361d6cb070e08f666983414a8ebc0155cb4ac37c0da7825985116106d006016f,lower_limb_wounds,chronic_wound_out_of_scope,non_wound,CC BY 4.0,g1771,,wound_main/wound_main-0045.jpg,0.734
lower_limb_wounds_4d6b675c524cf274.jpg,4d6b675c524cf274f8466499c01887baeb743652b1a98e17fcc823c852ca0a55,lower_limb_wounds,chronic_wound_out_of_scope,non_wound,CC BY 4.0,g1772,,wound_main/wound_main-0046.jpg,0.745
lower_limb_wounds_6f19aed452f0e1b4.jpg,6f19aed452f0e1b47f766b405404cac7f1c208f29c9ac9c781a7bab4db5cf522,lower_limb_wounds,chronic_wound_out_of_scope,non_wound,CC BY 4.0,g1773,,wound_main/wound_main-0047.jpg,0.727
lower_limb_wounds_9c87040288a2096b.jpg,9c87040288a2096b7408603c8ac606d90fbbd66e27c723d54c7f2dc5c8f495aa,lower_limb_wounds,chronic_wound_out_of_scope,non_wound,CC BY 4.0,g1774,,wound_main/wound_main-0048.jpg,0.699
lower_limb_wounds_232fd095624ac737.jpg,232fd095624ac7375fb4cb94a64c0462f273621b6c7f0723884dcf5cff8ded1b,lower_limb_wounds,chronic_wound_out_of_scope,non_wound,CC BY 4.0,g1775,,wound_main/wound_main-0050.jpg,0.712
lower_limb_wounds_df58dc576524c061.jpg,df58dc576524c061ce20f2e3efd0e19fa703eaaf49233ac57dcbc7fc8e74d747,lower_limb_wounds,chronic_wound_out_of_scope,non_wound,CC BY 4.0,g1776,,wound_main/wound_main-0052.jpg,0.734
lower_limb_wounds_1e0169a0c9bbcb06.jpg,1e0169a0c9bbcb06f17ffbf3461235ecafff56b79769f8b46a6373d0567a903f,lower_limb_wounds,chronic_wound_out_of_scope,non_wound,CC BY 4.0,g1777,,wound_main/wound_main-0053.jpg,0.748
lower_limb_wounds_3651c5fdfd669b91.jpg,3651c5fdfd669b913f8ed6e95de747e78c6de1ce53b0b365048872e47fc4abc0,lower_limb_wounds,chronic_wound_out_of_scope,non_wound,CC BY 4.0,g1778,,wound_main/wound_main-0054.jpg,0.734
lower_limb_wounds_44704350fa54f064.jpg,44704350fa54f064d70b42bedea7796980b0096ced9be50cc212c2dc95fae7a6,lower_limb_wounds,chronic_wound_out_of_scope,non_wound,CC BY 4.0,g1779,,wound_main/wound_main-0056.jpg,0.723
lower_limb_wounds_1ecedde735f186e0.jpg,1ecedde735f186e0c4868b946be397d93838b2abf3efd02b4776f1607b86342b,lower_limb_wounds,chronic_wound_out_of_scope,non_wound,CC BY 4.0,g1780,,wound_main/wound_main-0057.jpg,0.745
lower_limb_wounds_b15a9084154d3959.jpg,b15a9084154d39596464cc46b263aa1f9bd9ee1b74e100c8c71de661cf36d337,lower_limb_wounds,chronic_wound_out_of_scope,non_wound,CC BY 4.0,g1781,,wound_main/wound_main-0058.jpg,0.691
lower_limb_wounds_d7b1d52f949b8b39.jpg,d7b1d52f949b8b39680e6436f2246a7679c1799610f4c1685af29a5f8d0eaac9,lower_limb_wounds,chronic_wound_out_of_scope,non_wound,CC BY 4.0,g1782,,wound_main/wound_main-0061.jpg,0.722
lower_limb_wounds_a803719c9907e086.jpg,a803719c9907e086e1612a29321f233c6d18683fdd7f61e8c024ba3badfa706f,lower_limb_wounds,chronic_wound_out_of_scope,non_wound,CC BY 4.0,g1783,,wound_main/wound_main-0063.jpg,0.707
lower_limb_wounds_d3bba966b0864b5d.jpg,d3bba966b0864b5dfaa4e287d19b528d39dc509e3f96035af81a30a3939a8e51,lower_limb_wounds,chronic_wound_out_of_scope,non_wound,CC BY 4.0,g1784,,wound_main/wound_main-0066.jpg,0.749
lower_limb_wounds_67c7561ee4fee91d.jpg,67c7561ee4fee91db2d6cc27e0eb763f74606fbc32d8d6817fc0277dc2e12b09,lower_limb_wounds,chronic_wound_out_of_scope,non_wound,CC BY 4.0,g1785,,wound_main/wound_main-0070.jpg,0.718
lower_limb_wounds_d49b28c7bf905f9a.jpg,d49b28c7bf905f9a40361b744509d6127bd7f7aa997aee076235bb017855eddf,lower_limb_wounds,chronic_wound_out_of_scope,non_wound,CC BY 4.0,g1786,,wound_main/wound_main-0071.jpg,0.750
lower_limb_wounds_cdda4958b6b65493.jpg,cdda4958b6b654930e65a9513a25696650003d0b2148ded1e3149ba32168ca1b,lower_limb_wounds,chronic_wound_out_of_scope,non_wound,CC BY 4.0,g1787,,wound_main/wound_main-0075.jpg,0.746
lower_limb_wounds_9b8136378652bcf3.jpg,9b8136378652bcf34239268e0af0bc2a3b0d8bb9485c608ed136761d6bf531eb,lower_limb_wounds,chronic_wound_out_of_scope,non_wound,CC BY 4.0,g1788,,wound_main/wound_main-0076.jpg,0.728
lower_limb_wounds_49d2c346e23237d7.jpg,49d2c346e23237d7e8b151dda3ac90e33f87d77817f4f02c6283c6a4d3b16cba,lower_limb_wounds,chronic_wound_out_of_scope,non_wound,CC BY 4.0,g1789,,wound_main/wound_main-0078.jpg,0.712
lower_limb_wounds_5bd527720afb17f3.jpg,5bd527720afb17f33cd0c4f8764f5c88f3ff8d435f4495fdd7f4e703ff1de465,lower_limb_wounds,chronic_wound_out_of_scope,non_wound,CC BY 4.0,g1790,,wound_main/wound_main-0081.jpg,0.743
lower_limb_wounds_bb995fc87e0b9e90.jpg,bb995fc87e0b9e903d1d24bc2b4c73d1bc46c8fb72269fafced707491fca3a4a,lower_limb_wounds,chronic_wound_out_of_scope,non_wound,CC BY 4.0,g1791,,wound_main/wound_main-0083.jpg,0.676
lower_limb_wounds_6e3b122e39f0be65.jpg,6e3b122e39f0be65ff604e9cb8122fb93767123909e901e3d177ab5b81a49611,lower_limb_wounds,chronic_wound_out_of_scope,non_wound,CC BY 4.0,g1792,,wound_main/wound_main-0084.jpg,0.671
lower_limb_wounds_5b244d40c6af2fcc.jpg,5b244d40c6af2fcc99217dcd125718fd8bbb4f7ea081d2b7f30556c117dd31fe,lower_limb_wounds,chronic_wound_out_of_scope,non_wound,CC BY 4.0,g1793,,wound_main/wound_main-0088.jpg,0.675
lower_limb_wounds_2d3105f9f7f50a62.jpg,2d3105f9f7f50a62dee10c848d8a293270a4860ea42ab1905bbb7bea508034e2,lower_limb_wounds,chronic_wound_out_of_scope,non_wound,CC BY 4.0,g1794,,wound_main/wound_main-0089.jpg,0.745
lower_limb_wounds_97c5c9fac2137e2d.jpg,97c5c9fac2137e2d70d569a54436ac1a87b358a1008a27505be562170079390d,lower_limb_wounds,chronic_wound_out_of_scope,non_wound,CC BY 4.0,g1795,,wound_main/wound_main-0094.jpg,0.731
lower_limb_wounds_62992fea35992bde.jpg,62992fea35992bdec951cd9376e8423a0095dd574be5370f1b5a7cf97c90a36c,lower_limb_wounds,chronic_wound_out_of_scope,non_wound,CC BY 4.0,g1796,,wound_main/wound_main-0098.jpg,0.748
lower_limb_wounds_ea55c4aad75de82c.jpg,ea55c4aad75de82c5bc86cad89284a8bfdf47c9b5659d68c38f5434cff957d17,lower_limb_wounds,chronic_wound_out_of_scope,non_wound,CC BY 4.0,g1797,,wound_main/wound_main-0099.jpg,0.747
lower_limb_wounds_fb3d74ddff7b0c30.jpg,fb3d74ddff7b0c3049ca52657764a8e5269f78ed88c7154616fda0f38ff6b7ae,lower_limb_wounds,chronic_wound_out_of_scope,non_wound,CC BY 4.0,g1798,,wound_main/wound_main-0100.jpg,0.713
lower_limb_wounds_946fd93d235443de.jpg,946fd93d235443de31ad359d68af67c9fb605ec42de298e33db0966c26513b92,lower_limb_wounds,chronic_wound_out_of_scope,non_wound,CC BY 4.0,g1799,,wound_main/wound_main-0101.jpg,0.696
lower_limb_wounds_2ced0f21c0efe349.jpg,2ced0f21c0efe349a63e6bd3af5d015b513b3943fd442d206009fe0ff2d98f16,lower_limb_wounds,chronic_wound_out_of_scope,non_wound,CC BY 4.0,g1800,,wound_main/wound_main-0102.jpg,0.748
lower_limb_wounds_cefba9f1342d2bf1.jpg,cefba9f1342d2bf170f566d75983a8537b0f186c3ed0c507b87e46ec3a550df5,lower_limb_wounds,chronic_wound_out_of_scope,non_wound,CC BY 4.0,g1801,,wound_main/wound_main-0104.jpg,0.699
lower_limb_wounds_c15ab6e3241d8e15.jpg,c15ab6e3241d8e154a3b1a6f6d886b9988dcd3105f67112e5e732c8e8c65d3af,lower_limb_wounds,chronic_wound_out_of_scope,non_wound,CC BY 4.0,g1802,,wound_main/wound_main-0105.jpg,0.745
lower_limb_wounds_0ef1a177c342d3e4.jpg,0ef1a177c342d3e4dd635bf7952021566ea25cb609e7b16de8347368ab3343ca,lower_limb_wounds,chronic_wound_out_of_scope,non_wound,CC BY 4.0,g1803,,wound_main/wound_main-0106.jpg,0.726
lower_limb_wounds_c5aedbc36cb80a7a.jpg,c5aedbc36cb80a7a4770a7cbd49c037d6783ec26a132458dd6f53845a779afe5,lower_limb_wounds,chronic_wound_out_of_scope,non_wound,CC BY 4.0,g1804,,wound_main/wound_main-0107.jpg,0.729
lower_limb_wounds_7ed949fbe1609008.jpg,7ed949fbe1609008a2a998409cb7051efaffb01dc5ce1887c597314047c39293,lower_limb_wounds,chronic_wound_out_of_scope,non_wound,CC BY 4.0,g1805,,wound_main/wound_main-0113.jpg,0.698
lower_limb_wounds_2eea15c9df63537b.jpg,2eea15c9df63537bc413a71ad9933d4ce57cc00c3c387adce07caa79122a7c6e,lower_limb_wounds,chronic_wound_out_of_scope,non_wound,CC BY 4.0,g1806,,wound_main/wound_main-0116.jpg,0.734
lower_limb_wounds_fc83d5ed2cd62f9f.jpg,fc83d5ed2cd62f9fb4beb6c1b1164aeb4f12b0cddbdfa01ec4c7b7228712cf45,lower_limb_wounds,chronic_wound_out_of_scope,non_wound,CC BY 4.0,g1820,,wound_main/wound_main-0117.jpg,0.717
lower_limb_wounds_210a8d4da6167bfb.jpg,210a8d4da6167bfbce4040acfd55e7dc7dd1b5d2d8d659593bbd1bafb6c34bd8,lower_limb_wounds,chronic_wound_out_of_scope,non_wound,CC BY 4.0,g1808,,wound_main/wound_main-0119.jpg,0.713
lower_limb_wounds_6387ac8255a60594.jpg,6387ac8255a6059422f37765b89164237bcf8a411a03f4ea2dc983b92f3e51a5,lower_limb_wounds,chronic_wound_out_of_scope,non_wound,CC BY 4.0,g1809,,wound_main/wound_main-0122.jpg,0.712
lower_limb_wounds_51e6b81f2022503e.jpg,51e6b81f2022503e250087745e13d26004186a9923a8caf3d15f4847e61d7609,lower_limb_wounds,chronic_wound_out_of_scope,non_wound,CC BY 4.0,g1810,,wound_main/wound_main-0124.jpg,0.741
lower_limb_wounds_9eabc065a52088f8.jpg,9eabc065a52088f88bc4623d650cfdecf3546b4769ce70a30342571a42871a64,lower_limb_wounds,chronic_wound_out_of_scope,non_wound,CC BY 4.0,g1811,,wound_main/wound_main-0125.jpg,0.723
lower_limb_wounds_006303209327a207.jpg,006303209327a207f75d878b0762fd35598b869582dabb9ab72b3da0fb8a10e1,lower_limb_wounds,chronic_wound_out_of_scope,non_wound,CC BY 4.0,g1812,,wound_main/wound_main-0126.jpg,0.742
lower_limb_wounds_0934698f6edf3b05.jpg,0934698f6edf3b052cbc5f98a4516078973b6597aae7eadbec2e5939d65b2041,lower_limb_wounds,chronic_wound_out_of_scope,non_wound,CC BY 4.0,g1813,,wound_main/wound_main-0132.jpg,0.719
lower_limb_wounds_a77916c0570fff3a.jpg,a77916c0570fff3a860640846aef1aa811d64d2db9bb51aa4fe409c6469ab665,lower_limb_wounds,chronic_wound_out_of_scope,non_wound,CC BY 4.0,g1814,,wound_main/wound_main-0133.jpg,0.672
lower_limb_wounds_869533b9c03b443c.jpg,869533b9c03b443c2c03685d41a42b44f4ff0204ecfaa3ba237e7697e22463df,lower_limb_wounds,chronic_wound_out_of_scope,non_wound,CC BY 4.0,g1815,,wound_main/wound_main-0134.jpg,0.723
lower_limb_wounds_756a38f031ee6b78.jpg,756a38f031ee6b78927e64fac0c94348ae05dfbbf484694b257906ed5c971009,lower_limb_wounds,chronic_wound_out_of_scope,non_wound,CC BY 4.0,g1816,,wound_main/wound_main-0135.jpg,0.694
lower_limb_wounds_25b2a0cddd4ce907.jpg,25b2a0cddd4ce90789d63b1e347d28bc9ecbcfc76ba893b1622930ae07799a14,lower_limb_wounds,chronic_wound_out_of_scope,non_wound,CC BY 4.0,g1817,,wound_main/wound_main-0136.jpg,0.700
lower_limb_wounds_f486bcc4a6228ffa.jpg,f486bcc4a6228ffa8eedb59139ae50d45e039012a318417eb595ed75c447a7b9,lower_limb_wounds,chronic_wound_out_of_scope,non_wound,CC BY 4.0,g1818,,wound_main/wound_main-0137.jpg,0.703
lower_limb_wounds_64a5410a0999950a.jpg,64a5410a0999950a504c9128515e1115cdc3088e1fad2e08a69759359bbe92b4,lower_limb_wounds,chronic_wound_out_of_scope,non_wound,CC BY 4.0,g1819,,wound_main/wound_main-0143.jpg,0.710
lower_limb_wounds_5f5623410ac4cc0d.jpg,5f5623410ac4cc0df80ca2387c72bac1541f775b18e2bcdad25458e771bebe43,lower_limb_wounds,chronic_wound_out_of_scope,non_wound,CC BY 4.0,g1820,,wound_main/wound_main-0144.jpg,0.690
lower_limb_wounds_e9569d34fe16b1b6.jpg,e9569d34fe16b1b6341f800c316a47327ef81d92e8c062ef8f19e4982d4df2bf,lower_limb_wounds,chronic_wound_out_of_scope,non_wound,CC BY 4.0,g1821,,wound_main/wound_main-0145.jpg,0.741
lower_limb_wounds_8143bd74e649f165.jpg,8143bd74e649f165d46e42f1a4f2e3867bac117ddd0e7c0c2020bc17a783585a,lower_limb_wounds,chronic_wound_out_of_scope,non_wound,CC BY 4.0,g1822,,wound_main/wound_main-0146.jpg,0.672
lower_limb_wounds_a116a30b2534cd68.jpg,a116a30b2534cd68683f9a3d61c70db7fcbbb09c6872bf018f49b9f70eae953c,lower_limb_wounds,chronic_wound_out_of_scope,non_wound,CC BY 4.0,g1823,,wound_main/wound_main-0147.jpg,0.733
lower_limb_wounds_aa9c240c98cd7276.jpg,aa9c240c98cd7276e271327ad4fdd3bbdfe8b7ae551c8c6b543d08b9a58baf57,lower_limb_wounds,chronic_wound_out_of_scope,non_wound,CC BY 4.0,g1824,,wound_main/wound_main-0148.jpg,0.734
lower_limb_wounds_b2b2aac2590f0faf.jpg,b2b2aac2590f0fafc8b74d3ad8755476c8d0b12adfeecf17ffb666791a495a8e,lower_limb_wounds,chronic_wound_out_of_scope,non_wound,CC BY 4.0,g1825,,wound_main/wound_main-0149.jpg,0.748
lower_limb_wounds_a91c53ecfb5cf396.jpg,a91c53ecfb5cf396b808a2bd64b1335fbb81fc203e03ae9b3fc0595d52d0407e,lower_limb_wounds,chronic_wound_out_of_scope,non_wound,CC BY 4.0,g1826,,wound_main/wound_main-0152.jpg,0.668
lower_limb_wounds_5f0becfa24dc5660.jpg,5f0becfa24dc566093b67e0e87790e84bcf7f59419ce78ba8a19d6c972b653be,lower_limb_wounds,chronic_wound_out_of_scope,non_wound,CC BY 4.0,g1827,,wound_main/wound_main-0155.jpg,0.696
lower_limb_wounds_8855ee4cc8a8b84f.jpg,8855ee4cc8a8b84f9e8f45e3191953b82964031103828d961390bb6f10068b43,lower_limb_wounds,chronic_wound_out_of_scope,non_wound,CC BY 4.0,g1828,,wound_main/wound_main-0157.jpg,0.689
lower_limb_wounds_c88a3e2faf3f25f6.jpg,c88a3e2faf3f25f6c44b4b5dcc05e08aaef3fe0619e084d6ab2493dfe64df623,lower_limb_wounds,chronic_wound_out_of_scope,non_wound,CC BY 4.0,g1829,,wound_main/wound_main-0158.jpg,0.726
lower_limb_wounds_17c8e30fa8c6b037.jpg,17c8e30fa8c6b037d340281921d37d7300e0bb0581729cdcf90e75c479612f87,lower_limb_wounds,chronic_wound_out_of_scope,non_wound,CC BY 4.0,g1830,,wound_main/wound_main-0164.jpg,0.711
lower_limb_wounds_be55da28c288f9d2.jpg,be55da28c288f9d2385235ea371878d44c196fd46ea8fffa071c0db3fe6379a9,lower_limb_wounds,chronic_wound_out_of_scope,non_wound,CC BY 4.0,g1831,,wound_main/wound_main-0165.jpg,0.749
lower_limb_wounds_b54386b8d81526ee.jpg,b54386b8d81526ee1144e79e0b94a81915fb4a96ae0b330b1b3eb9853a5fce0f,lower_limb_wounds,chronic_wound_out_of_scope,non_wound,CC BY 4.0,g1832,,wound_main/wound_main-0169.jpg,0.748
lower_limb_wounds_c637842eae92cbf6.jpg,c637842eae92cbf6db85302270249d50153c1eab1350578f57cdf4a1d469e367,lower_limb_wounds,chronic_wound_out_of_scope,non_wound,CC BY 4.0,g1833,,wound_main/wound_main-0171.jpg,0.713
lower_limb_wounds_26ab63a25010ba12.jpg,26ab63a25010ba12fbde7de1abf31736ba32780f70a7957560c6165b2e6df06e,lower_limb_wounds,chronic_wound_out_of_scope,non_wound,CC BY 4.0,g1834,,wound_main/wound_main-0172.jpg,0.746
lower_limb_wounds_ab8c23680bb881e9.jpg,ab8c23680bb881e9176c0c4b5829db1046661119168dc3ed81052d2cd8d47237,lower_limb_wounds,chronic_wound_out_of_scope,non_wound,CC BY 4.0,g1835,,wound_main/wound_main-0173.jpg,0.728
lower_limb_wounds_16b6dfbb9fe3d47e.jpg,16b6dfbb9fe3d47e48266be1487533022c40e5e1e54dd3b1a0c8bbda8d14218e,lower_limb_wounds,chronic_wound_out_of_scope,non_wound,CC BY 4.0,g1836,,wound_main/wound_main-0175.jpg,0.742
lower_limb_wounds_51f75752851bda93.jpg,51f75752851bda9372d6cc1b115e8e4b7c413f7c01ae109efae962578effd63c,lower_limb_wounds,chronic_wound_out_of_scope,non_wound,CC BY 4.0,g1837,,wound_main/wound_main-0176.jpg,0.715
lower_limb_wounds_ea5e0bdfd19113d3.jpg,ea5e0bdfd19113d3d830cae208c88a3966dd65e072042738d477e755db5d5e2a,lower_limb_wounds,chronic_wound_out_of_scope,non_wound,CC BY 4.0,g1845,,wound_main/wound_main-0177.jpg,0.697
lower_limb_wounds_22fde1bff0d5478e.jpg,22fde1bff0d5478e1e966e78cacc820a0ea72f0495b5ca0075dfb45a5b584d1b,lower_limb_wounds,chronic_wound_out_of_scope,non_wound,CC BY 4.0,g1839,,wound_main/wound_main-0178.jpg,0.719
lower_limb_wounds_a3b7abd441f1c7c5.jpg,a3b7abd441f1c7c50b5dd5fc828a2ed5f429d0af296126ce1c783fd83542da09,lower_limb_wounds,chronic_wound_out_of_scope,non_wound,CC BY 4.0,g1840,,wound_main/wound_main-0182.jpg,0.726
lower_limb_wounds_359f2aaf337ff47d.jpg,359f2aaf337ff47d7af951173cfc890e2f8458b09e8574d5b71047376ab81a54,lower_limb_wounds,chronic_wound_out_of_scope,non_wound,CC BY 4.0,g1841,,wound_main/wound_main-0185.jpg,0.679
lower_limb_wounds_78377c9c7c48e079.jpg,78377c9c7c48e0798d52a7db09fae1786245d9e70194457605ec80b26be105fc,lower_limb_wounds,chronic_wound_out_of_scope,non_wound,CC BY 4.0,g1842,,wound_main/wound_main-0187.jpg,0.681
lower_limb_wounds_441fe55487e9bf3f.jpg,441fe55487e9bf3f2d37e6a202ee552e33b0721c433de797a6570388e6ff6922,lower_limb_wounds,chronic_wound_out_of_scope,non_wound,CC BY 4.0,g1843,,wound_main/wound_main-0188.jpg,0.725
lower_limb_wounds_0fdd14b8dc458795.jpg,0fdd14b8dc458795ed4055eeb37cee3677e03d1081f34d6c796d0c30305635fc,lower_limb_wounds,chronic_wound_out_of_scope,non_wound,CC BY 4.0,g1844,,wound_main/wound_main-0190.jpg,0.736
lower_limb_wounds_8d9a09a538f36148.jpg,8d9a09a538f36148ecc3b7f5f235f232098b90cf254bb85c51f5555eedcf416f,lower_limb_wounds,chronic_wound_out_of_scope,non_wound,CC BY 4.0,g1845,,wound_main/wound_main-0191.jpg,0.709
lower_limb_wounds_d86572cedee599ef.jpg,d86572cedee599ef5e791b6e7698a15ba73e08b7e598ceb8dacb613df5645d88,lower_limb_wounds,chronic_wound_out_of_scope,non_wound,CC BY 4.0,g1846,,wound_main/wound_main-0192.jpg,0.699
lower_limb_wounds_8a5deb0714dfa0bd.jpg,8a5deb0714dfa0bdf35ba9abc6211492f88b07f8830f1b2bf12ecd61f73b24f9,lower_limb_wounds,chronic_wound_out_of_scope,non_wound,CC BY 4.0,g1847,,wound_main/wound_main-0193.jpg,0.697
lower_limb_wounds_4f47bd9ad374429c.jpg,4f47bd9ad374429ca414abec80d1ba7e870ddb931cc52a005daebb5c88e99d5f,lower_limb_wounds,chronic_wound_out_of_scope,non_wound,CC BY 4.0,g1848,,wound_main/wound_main-0194.jpg,0.684
lower_limb_wounds_2ebfaca6743a1b0b.jpg,2ebfaca6743a1b0bd70c0b0b2f32a180613acfad6270aa2aeafaf7b99f12ed76,lower_limb_wounds,chronic_wound_out_of_scope,non_wound,CC BY 4.0,g1849,,wound_main/wound_main-0195.jpg,0.699
lower_limb_wounds_a62181b71528c740.jpg,a62181b71528c74061e9c6a599b5b37b907c740d8bfbcdb7ea775b3abd3b83aa,lower_limb_wounds,chronic_wound_out_of_scope,non_wound,CC BY 4.0,g1850,,wound_main/wound_main-0196.jpg,0.726
lower_limb_wounds_e5d1d0878e005404.jpg,e5d1d0878e005404d669018b11d29def8b79be0d22c254e63bb6d289fe463d9b,lower_limb_wounds,chronic_wound_out_of_scope,non_wound,CC BY 4.0,g1851,,wound_main/wound_main-0197.jpg,0.730
lower_limb_wounds_3838fa01ef5c4032.jpg,3838fa01ef5c4032bb44fae45fe5261c3f89828bf0cd84ab67758c0941fc2b06,lower_limb_wounds,chronic_wound_out_of_scope,non_wound,CC BY 4.0,g1852,,wound_main/wound_main-0200.jpg,0.746
lower_limb_wounds_2e7a6677021302c7.jpg,2e7a6677021302c7763aff715943aed902a9cab8314881448301e820d40697a7,lower_limb_wounds,chronic_wound_out_of_scope,non_wound,CC BY 4.0,g1853,,wound_main/wound_main-0202.jpg,0.683
lower_limb_wounds_fe802f5c00018bfc.jpg,fe802f5c00018bfc038249deb85e3f3e1b37e45874bfe1fcd220d78ac03cfea0,lower_limb_wounds,chronic_wound_out_of_scope,non_wound,CC BY 4.0,g1854,,wound_main/wound_main-0203.jpg,0.710
lower_limb_wounds_5130345f5e30a50c.jpg,5130345f5e30a50c7f396002940bd8c2d85702c190cdee81c690d581261eec64,lower_limb_wounds,chronic_wound_out_of_scope,non_wound,CC BY 4.0,g1855,,wound_main/wound_main-0204.jpg,0.734
lower_limb_wounds_b9ab56a562862ad8.jpg,b9ab56a562862ad8077838173cf01ef2eac5e11f16c2b36fe70242b528d77674,lower_limb_wounds,chronic_wound_out_of_scope,non_wound,CC BY 4.0,g1856,,wound_main/wound_main-0205.jpg,0.687
lower_limb_wounds_8cd125223176e042.jpg,8cd125223176e042f03eada731faef910bdfa3f3938641810601e2e4755509f3,lower_limb_wounds,chronic_wound_out_of_scope,non_wound,CC BY 4.0,g1857,,wound_main/wound_main-0206.jpg,0.700
lower_limb_wounds_7139fbb45ea0eae3.jpg,7139fbb45ea0eae38200c702a6137917e43750a42695d8ee6e58f7f81eb72444,lower_limb_wounds,chronic_wound_out_of_scope,non_wound,CC BY 4.0,g1858,,wound_main/wound_main-0207.jpg,0.724
lower_limb_wounds_44042daedc47a6c3.jpg,44042daedc47a6c35d9962cb8f143eb910d07427dda7dd90d2642bf669649cd4,lower_limb_wounds,chronic_wound_out_of_scope,non_wound,CC BY 4.0,g1859,,wound_main/wound_main-0208.jpg,0.742
lower_limb_wounds_fb43a5187ed952af.jpg,fb43a5187ed952afb7681b703f87c37f2f66130da35bbba5f0e77b007fda62db,lower_limb_wounds,chronic_wound_out_of_scope,non_wound,CC BY 4.0,g1860,,wound_main/wound_main-0209.jpg,0.733
lower_limb_wounds_914f35dadf92e4a6.jpg,914f35dadf92e4a60cad1635ef833d8cf62eadb306d2666974c58ffd55b053e4,lower_limb_wounds,chronic_wound_out_of_scope,non_wound,CC BY 4.0,g1861,,wound_main/wound_main-0210.jpg,0.685
lower_limb_wounds_a5e37784e2508d8e.jpg,a5e37784e2508d8e51b39fc596fd45e96ccb9a9f3fb4e265f0b0edf599ea87b5,lower_limb_wounds,chronic_wound_out_of_scope,non_wound,CC BY 4.0,g1862,,wound_main/wound_main-0211.jpg,0.748
lower_limb_wounds_8e806588246d9b89.jpg,8e806588246d9b890e38adf6b86cf20de68371d8c0f6ac9d8d7205698baddc96,lower_limb_wounds,chronic_wound_out_of_scope,non_wound,CC BY 4.0,g1870,,wound_main/wound_main-0212.jpg,0.729
lower_limb_wounds_7e688a043db44b03.jpg,7e688a043db44b03327783031119c52bc8ab2b250015bbc237d2253d81348086,lower_limb_wounds,chronic_wound_out_of_scope,non_wound,CC BY 4.0,g1864,,wound_main/wound_main-0213.jpg,0.681
lower_limb_wounds_87c4b164798b3b66.jpg,87c4b164798b3b66c3f1e92f30ffbaa9538d224403fe966435cb23ca14a553a0,lower_limb_wounds,chronic_wound_out_of_scope,non_wound,CC BY 4.0,g1865,,wound_main/wound_main-0214.jpg,0.727
lower_limb_wounds_80aa1e301f43972b.jpg,80aa1e301f43972b4257770d3ae258bb83d17211ec41fc1f9f5a7df5f99d3fa6,lower_limb_wounds,chronic_wound_out_of_scope,non_wound,CC BY 4.0,g1866,,wound_main/wound_main-0216.jpg,0.719
lower_limb_wounds_6e412131475ed8c4.jpg,6e412131475ed8c47c02a3edd929d058136a30fd7426d0c00dbbdf05dc65cd01,lower_limb_wounds,chronic_wound_out_of_scope,non_wound,CC BY 4.0,g1867,,wound_main/wound_main-0218.jpg,0.705
lower_limb_wounds_504648f4bde99a0a.jpg,504648f4bde99a0a26fa1487314a9346a4cf6aa2aabc9467a977a0d2f6afe2d0,lower_limb_wounds,chronic_wound_out_of_scope,non_wound,CC BY 4.0,g1868,,wound_main/wound_main-0219.jpg,0.710
lower_limb_wounds_e27fbcc6c0f78f62.jpg,e27fbcc6c0f78f62095cff1fc4bdff456b498fdfd59b408d7e7eeb375f189d97,lower_limb_wounds,chronic_wound_out_of_scope,non_wound,CC BY 4.0,g1869,,wound_main/wound_main-0220.jpg,0.716
lower_limb_wounds_376effd135a4519b.jpg,376effd135a4519b6b12f202869e8fe8adf6d37690b6949607dda9ebe39c2e2a,lower_limb_wounds,chronic_wound_out_of_scope,non_wound,CC BY 4.0,g1870,,wound_main/wound_main-0222.jpg,0.735
lower_limb_wounds_af7912802dd547a0.jpg,af7912802dd547a0eb3cb3f0281a516efc782e6408284a474b523622f997704c,lower_limb_wounds,chronic_wound_out_of_scope,non_wound,CC BY 4.0,g1871,,wound_main/wound_main-0224.jpg,0.721
lower_limb_wounds_3d85c541efcdc793.jpg,3d85c541efcdc793d55ae6e517b1e828cd9663cf07c4172de6252e0d08364b46,lower_limb_wounds,chronic_wound_out_of_scope,non_wound,CC BY 4.0,g1872,,wound_main/wound_main-0225.jpg,0.724
lower_limb_wounds_bdee49d6b461d2f0.jpg,bdee49d6b461d2f020e41c29cfa21f22b443bd8a5b71a4c8eb326f4baf40e977,lower_limb_wounds,chronic_wound_out_of_scope,non_wound,CC BY 4.0,g1873,,wound_main/wound_main-0226.jpg,0.728
lower_limb_wounds_73dd4eea2ce241b3.jpg,73dd4eea2ce241b3a543c54076f8472d2a7a349e9809165d9a7cf59a4cd51819,lower_limb_wounds,chronic_wound_out_of_scope,non_wound,CC BY 4.0,g1874,,wound_main/wound_main-0227.jpg,0.741
lower_limb_wounds_44c2df97bb0fe270.jpg,44c2df97bb0fe270fe453ee2450aa2b7daa069008973b2dcb06c8ac1eb255496,lower_limb_wounds,chronic_wound_out_of_scope,non_wound,CC BY 4.0,g1875,,wound_main/wound_main-0229.jpg,0.683
lower_limb_wounds_d95fd9e050741d9d.jpg,d95fd9e050741d9d214a174fca1cf75faf0223cb27884c95fd8c5010a394c657,lower_limb_wounds,chronic_wound_out_of_scope,non_wound,CC BY 4.0,g1876,,wound_main/wound_main-0230.jpg,0.661
lower_limb_wounds_663ba02f26cb5c95.jpg,663ba02f26cb5c95b725855f8856b68c2ee6208a6ccfd378af976373b7725cbe,lower_limb_wounds,chronic_wound_out_of_scope,non_wound,CC BY 4.0,g1877,,wound_main/wound_main-0231.jpg,0.704
lower_limb_wounds_9160bed9edd68310.jpg,9160bed9edd68310d030591dcb8f7c5614078295a707ca0e81b54b9383bf4ad7,lower_limb_wounds,chronic_wound_out_of_scope,non_wound,CC BY 4.0,g1878,,wound_main/wound_main-0233.jpg,0.739
lower_limb_wounds_b6206a60d495b212.jpg,b6206a60d495b2121e0bfed31918c08664774c40d632350f779b678038da9a4a,lower_limb_wounds,chronic_wound_out_of_scope,non_wound,CC BY 4.0,g1879,,wound_main/wound_main-0234.jpg,0.737
lower_limb_wounds_adb8c06144403016.jpg,adb8c06144403016ef8a5572a5305730c9793d44836dafa034d0e3c12d5c1313,lower_limb_wounds,chronic_wound_out_of_scope,non_wound,CC BY 4.0,g1880,,wound_main/wound_main-0235.jpg,0.688
lower_limb_wounds_8278a153c6474a42.jpg,8278a153c6474a4220e6703b92db14e35e3245c42eb2b327195590ab27f417bf,lower_limb_wounds,chronic_wound_out_of_scope,non_wound,CC BY 4.0,g1895,,wound_main/wound_main-0236.jpg,0.733
lower_limb_wounds_9ac8799dffbb762d.jpg,9ac8799dffbb762d9db117249284ced0bdd15d082ab6c8f1a5ea1b786cb7f8c1,lower_limb_wounds,chronic_wound_out_of_scope,non_wound,CC BY 4.0,g1882,,wound_main/wound_main-0238.jpg,0.716
lower_limb_wounds_54495ce35b5e4c59.jpg,54495ce35b5e4c59eebd1223c2452e98000f3f2d95c8e32d3242ab64a94f4b64,lower_limb_wounds,chronic_wound_out_of_scope,non_wound,CC BY 4.0,g1883,,wound_main/wound_main-0239.jpg,0.689
lower_limb_wounds_4b5c68bcd2102aca.jpg,4b5c68bcd2102aca08a359f656abf362b6b41aa2a2ee8f58dfc2cc4aacb032fc,lower_limb_wounds,chronic_wound_out_of_scope,non_wound,CC BY 4.0,g1884,,wound_main/wound_main-0240.jpg,0.666
lower_limb_wounds_51ed297091b6f2c1.jpg,51ed297091b6f2c1f2a870fb037249926dc328d7b33e6446339837df173baa37,lower_limb_wounds,chronic_wound_out_of_scope,non_wound,CC BY 4.0,g1885,,wound_main/wound_main-0241.jpg,0.746
lower_limb_wounds_0c14ab4a7c75bdd8.jpg,0c14ab4a7c75bdd8ff163e49a23e2d10dfdc2753c0768496980657753f18ce04,lower_limb_wounds,chronic_wound_out_of_scope,non_wound,CC BY 4.0,g1886,,wound_main/wound_main-0244.jpg,0.727
lower_limb_wounds_d8f622f26b14943d.jpg,d8f622f26b14943d7ad694397ae67e45ed7fd981d757489e60188a1c778d93d0,lower_limb_wounds,chronic_wound_out_of_scope,non_wound,CC BY 4.0,g1887,,wound_main/wound_main-0246.jpg,0.743
lower_limb_wounds_4a42b849b36c2b62.jpg,4a42b849b36c2b62632d672b8e4e2d89aa7fb33233b7f89bafccd09af50da6f8,lower_limb_wounds,chronic_wound_out_of_scope,non_wound,CC BY 4.0,g1888,,wound_main/wound_main-0247.jpg,0.698
lower_limb_wounds_9f22229e44cc67be.jpg,9f22229e44cc67bebd7d7a9af4e1e28d9840ce3a5a8168ec9d22f78a587b26a4,lower_limb_wounds,chronic_wound_out_of_scope,non_wound,CC BY 4.0,g1889,,wound_main/wound_main-0250.jpg,0.714
lower_limb_wounds_07129c16a738fc10.jpg,07129c16a738fc1089574b046eb605454816cb0972595f2b988ecf5b1b4411d3,lower_limb_wounds,chronic_wound_out_of_scope,non_wound,CC BY 4.0,g1890,,wound_main/wound_main-0253.jpg,0.723
lower_limb_wounds_3f14284d7ff45008.jpg,3f14284d7ff45008d0ac814a9f8969b2f5bc99772abecb5cc9125e9ab47bf12c,lower_limb_wounds,chronic_wound_out_of_scope,non_wound,CC BY 4.0,g1891,,wound_main/wound_main-0255.jpg,0.747
lower_limb_wounds_8a24699c546fc3bd.jpg,8a24699c546fc3bd6ff4cb8b1c12609e37ac3f8a6b3bc89202d98109a6402a66,lower_limb_wounds,chronic_wound_out_of_scope,non_wound,CC BY 4.0,g1892,,wound_main/wound_main-0256.jpg,0.747
lower_limb_wounds_661f78c0543a4b4c.jpg,661f78c0543a4b4cf5699e016c26af3519acb1c02d0fcd561017ec193034e78d,lower_limb_wounds,chronic_wound_out_of_scope,non_wound,CC BY 4.0,g1893,,wound_main/wound_main-0257.jpg,0.742
lower_limb_wounds_a436114ecd19765e.jpg,a436114ecd19765e89274d147404963b317539904da62562b64216137fbad9a1,lower_limb_wounds,chronic_wound_out_of_scope,non_wound,CC BY 4.0,g1894,,wound_main/wound_main-0261.jpg,0.732
lower_limb_wounds_c775470cc9524e74.jpg,c775470cc9524e74bdb7c8407327308b7e8f8c92cbddfb93a84cee008bf63a85,lower_limb_wounds,chronic_wound_out_of_scope,non_wound,CC BY 4.0,g1895,,wound_main/wound_main-0262.jpg,0.721
lower_limb_wounds_9a0869a54fbe7cef.jpg,9a0869a54fbe7cef9a0025f2835290338d1973bf4c1479938c766c7249abe4fb,lower_limb_wounds,chronic_wound_out_of_scope,non_wound,CC BY 4.0,g1896,,wound_main/wound_main-0263.jpg,0.748
lower_limb_wounds_f0d3b6a6ac388176.jpg,f0d3b6a6ac388176a56c35f31d17323c321738a5a21ba001fa0c14d04c9e9cb6,lower_limb_wounds,chronic_wound_out_of_scope,non_wound,CC BY 4.0,g1897,,wound_main/wound_main-0264.jpg,0.694
lower_limb_wounds_6a1fffd580fcf3fa.jpg,6a1fffd580fcf3face2a72451e7bc149d85be386169afd677fbc987daa0c662b,lower_limb_wounds,chronic_wound_out_of_scope,non_wound,CC BY 4.0,g1898,,wound_main/wound_main-0267.jpg,0.714
lower_limb_wounds_87e5bfb5fe30f42c.jpg,87e5bfb5fe30f42ce5165eb14c556d94190c2d331c12571a257fb687b415b9cc,lower_limb_wounds,chronic_wound_out_of_scope,non_wound,CC BY 4.0,g1899,,wound_main/wound_main-0270.jpg,0.659
lower_limb_wounds_d94e2be0b10414a0.jpg,d94e2be0b10414a0773da201e437ea7b4247152abdfccb0ffe6bab3d6fd0d2c1,lower_limb_wounds,chronic_wound_out_of_scope,non_wound,CC BY 4.0,g1900,,wound_main/wound_main-0271.jpg,0.673
lower_limb_wounds_c30732979a2f9067.jpg,c30732979a2f906759d6205c18903d6f417577ba58bf0fcaa7fe14fc16d18dc9,lower_limb_wounds,chronic_wound_out_of_scope,non_wound,CC BY 4.0,g2559,,wound_main/wound_main-0272.jpg,0.650
lower_limb_wounds_585d0e68e4589402.jpg,585d0e68e45894029afbc9f4d7045b7670ddcb3ee242c71dfde299c9e97cfbce,lower_limb_wounds,chronic_wound_out_of_scope,non_wound,CC BY 4.0,g1902,,wound_main/wound_main-0273.jpg,0.746
lower_limb_wounds_2ef188f69782baf0.jpg,2ef188f69782baf04474fee364195eae47f377d6a2842b5a35545a318298914d,lower_limb_wounds,chronic_wound_out_of_scope,non_wound,CC BY 4.0,g1903,,wound_main/wound_main-0274.jpg,0.700
lower_limb_wounds_43f1576e2cade2db.jpg,43f1576e2cade2dbc09dc3d11abf748b317b23f4bc14e6ef64ce8dd83a12115c,lower_limb_wounds,chronic_wound_out_of_scope,non_wound,CC BY 4.0,g1904,,wound_main/wound_main-0275.jpg,0.738
lower_limb_wounds_6f8b17487411fbcd.jpg,6f8b17487411fbcd79ae0a5646e7376e186c94f5a87da797d37c39db709d4f72,lower_limb_wounds,chronic_wound_out_of_scope,non_wound,CC BY 4.0,g1938,,wound_main/wound_main-0276.jpg,0.686
lower_limb_wounds_91f172d749a65aa3.jpg,91f172d749a65aa323abbbe911c32a6d15557bed5830447ce8149957a222ac3c,lower_limb_wounds,chronic_wound_out_of_scope,non_wound,CC BY 4.0,g1906,,wound_main/wound_main-0277.jpg,0.709
lower_limb_wounds_685f57ee459b5c76.jpg,685f57ee459b5c76f28270cf78e7a95d0c70bce286929043404e9931391a3e7c,lower_limb_wounds,chronic_wound_out_of_scope,non_wound,CC BY 4.0,g1941,,wound_main/wound_main-0278.jpg,0.650
lower_limb_wounds_6a3a3f6198af7790.jpg,6a3a3f6198af7790a3d93730b5dd3532309ffabdb14f4984e5569ef780aa43a3,lower_limb_wounds,chronic_wound_out_of_scope,non_wound,CC BY 4.0,g1938,,wound_main/wound_main-0279.jpg,0.705
lower_limb_wounds_014218eae41c3674.jpg,014218eae41c367486ffae50f4bd49c728d51fa1d39b0aa8c4a0b75b00af86ce,lower_limb_wounds,chronic_wound_out_of_scope,non_wound,CC BY 4.0,g1909,,wound_main/wound_main-0280.jpg,0.739
lower_limb_wounds_e24dc36cf7e5b3a5.jpg,e24dc36cf7e5b3a5065d4247583a513ebead78f3ed49e7724fff67da6455cc55,lower_limb_wounds,chronic_wound_out_of_scope,non_wound,CC BY 4.0,g1910,,wound_main/wound_main-0281.jpg,0.690
lower_limb_wounds_4c99d266ee719c0b.jpg,4c99d266ee719c0b209343c7f0310dbb132400fdae6c34f1a2f9d5d96a74643b,lower_limb_wounds,chronic_wound_out_of_scope,non_wound,CC BY 4.0,g1911,,wound_main/wound_main-0282.jpg,0.661
lower_limb_wounds_c7a73ddf1a31e06f.jpg,c7a73ddf1a31e06fc6bb0a89d6ed34fd28e766de317f9244490b46eed656b592,lower_limb_wounds,chronic_wound_out_of_scope,non_wound,CC BY 4.0,g1912,,wound_main/wound_main-0283.jpg,0.696
lower_limb_wounds_89109a3ca8b476e5.jpg,89109a3ca8b476e549ff27a3f8ec40f42aabaa6440933beaa07fd329494b59b0,lower_limb_wounds,chronic_wound_out_of_scope,non_wound,CC BY 4.0,g1913,,wound_main/wound_main-0284.jpg,0.706
lower_limb_wounds_c69c683743d0beb3.jpg,c69c683743d0beb3a9c4035a3f7a630917d0e94baf71577bf0eed10f80bd5b15,lower_limb_wounds,chronic_wound_out_of_scope,non_wound,CC BY 4.0,g1914,,wound_main/wound_main-0285.jpg,0.735
lower_limb_wounds_60dd5c3c997d6f73.jpg,60dd5c3c997d6f73e423e97ec2679d95f02ce742ab5cd2d8e60f9b4527c13d89,lower_limb_wounds,chronic_wound_out_of_scope,non_wound,CC BY 4.0,g1915,,wound_main/wound_main-0288.jpg,0.713
lower_limb_wounds_4b23629449f19f7a.jpg,4b23629449f19f7abf3855ef3ebcf07d358f9bdb70811241d0a4f0cbab4e00d3,lower_limb_wounds,chronic_wound_out_of_scope,non_wound,CC BY 4.0,g1976,,wound_main/wound_main-0289.jpg,0.643
lower_limb_wounds_f2c2c1996e90a16e.jpg,f2c2c1996e90a16e2c447fb1c14bb30da57f8442b4f91abb0b22d61efb72020a,lower_limb_wounds,chronic_wound_out_of_scope,non_wound,CC BY 4.0,g1917,,wound_main/wound_main-0290.jpg,0.719
lower_limb_wounds_ef96a5a6092a84c9.jpg,ef96a5a6092a84c9cb64d533c3a3658682bb578e75222cd43a8465522e0c8f71,lower_limb_wounds,chronic_wound_out_of_scope,non_wound,CC BY 4.0,g1918,,wound_main/wound_main-0291.jpg,0.691
lower_limb_wounds_7abcda63b571ade5.jpg,7abcda63b571ade572c0a229a8cd0e387983408a3419d1551c6bc869d5135b5d,lower_limb_wounds,chronic_wound_out_of_scope,non_wound,CC BY 4.0,g2559,,wound_main/wound_main-0293.jpg,0.670
lower_limb_wounds_1bf5280f0d28042e.jpg,1bf5280f0d28042ec6da813b2c42bfb0ddce5b9283c7c09a80f65b701fcd874c,lower_limb_wounds,chronic_wound_out_of_scope,non_wound,CC BY 4.0,g1920,,wound_main/wound_main-0294.jpg,0.713
lower_limb_wounds_f71ccf1e0f4653d1.jpg,f71ccf1e0f4653d17e0eed3ecff233649b63d08b7cf328ee5f401edf9e013c03,lower_limb_wounds,chronic_wound_out_of_scope,non_wound,CC BY 4.0,g1921,,wound_main/wound_main-0295.jpg,0.733
lower_limb_wounds_b885d81872232e73.jpg,b885d81872232e73c9be5c23c491e26488a797749e251a057334a9c73718d306,lower_limb_wounds,chronic_wound_out_of_scope,non_wound,CC BY 4.0,g1922,,wound_main/wound_main-0298.jpg,0.702
lower_limb_wounds_399a0148d86ee485.jpg,399a0148d86ee4853fc8aa87c42ef0c60df23086a133acc32380555da4608cfc,lower_limb_wounds,chronic_wound_out_of_scope,non_wound,CC BY 4.0,g2559,,wound_main/wound_main-0300.jpg,0.626
lower_limb_wounds_134d7c7ba5500b64.jpg,134d7c7ba5500b644a92e25bc30f76bf7acbfd37773c200face6e942909d7a25,lower_limb_wounds,chronic_wound_out_of_scope,non_wound,CC BY 4.0,g1924,,wound_main/wound_main-0301.jpg,0.749
lower_limb_wounds_2dfc4c9168abb253.jpg,2dfc4c9168abb253f676c688569928be33785c9840e85e3dea22024eb7e00afe,lower_limb_wounds,chronic_wound_out_of_scope,non_wound,CC BY 4.0,g1925,,wound_main/wound_main-0302.jpg,0.674
lower_limb_wounds_7490bc8dc82e8da3.jpg,7490bc8dc82e8da37a9c4b8e03bb02fdd192245b1c79a97519f935b4be678837,lower_limb_wounds,chronic_wound_out_of_scope,non_wound,CC BY 4.0,g1926,,wound_main/wound_main-0303.jpg,0.717
lower_limb_wounds_bed22cd165051526.jpg,bed22cd16505152637e932d47a1d59037186f8121b1ec7f81610428631dbdb9e,lower_limb_wounds,chronic_wound_out_of_scope,non_wound,CC BY 4.0,g1927,,wound_main/wound_main-0304.jpg,0.686
lower_limb_wounds_93611b8ff9f6c1de.jpg,93611b8ff9f6c1de8ac64f3ef5bbabcb9f856cbe6f6a248f1d4ef9f6f58cf3d1,lower_limb_wounds,chronic_wound_out_of_scope,non_wound,CC BY 4.0,g1928,,wound_main/wound_main-0305.jpg,0.715
lower_limb_wounds_03e62d2d26101323.jpg,03e62d2d26101323316c592b92a2c96c7054ae0f5e58b77dde21815bd0bca1a6,lower_limb_wounds,chronic_wound_out_of_scope,non_wound,CC BY 4.0,g2559,,wound_main/wound_main-0306.jpg,0.661
lower_limb_wounds_2b4334d57d56a72c.jpg,2b4334d57d56a72c35708fa94b0f8202f1e93ed66633f53cd5365cfa513391ef,lower_limb_wounds,chronic_wound_out_of_scope,non_wound,CC BY 4.0,g1930,,wound_main/wound_main-0307.jpg,0.726
lower_limb_wounds_7b970e345686812e.jpg,7b970e345686812eea503e8d23f32b79afed92e5e8e85613b8f299abade4a0e4,lower_limb_wounds,chronic_wound_out_of_scope,non_wound,CC BY 4.0,g1931,,wound_main/wound_main-0312.jpg,0.714
lower_limb_wounds_d5f56d400d28d8b7.jpg,d5f56d400d28d8b7891d45ed9f70c0bc33a7581ce37991e7613e6737f2b1a4db,lower_limb_wounds,chronic_wound_out_of_scope,non_wound,CC BY 4.0,g2559,,wound_main/wound_main-0313.jpg,0.640
lower_limb_wounds_da828293c4152656.jpg,da828293c415265629d949fbfb6c1fc735a088d3f2cdbb736340fd29f6ab54d8,lower_limb_wounds,chronic_wound_out_of_scope,non_wound,CC BY 4.0,g1933,,wound_main/wound_main-0315.jpg,0.685
lower_limb_wounds_05f5e43f583289c6.jpg,05f5e43f583289c6415d1099f799e212387f8d2736cc1bc65532af17ea4d6806,lower_limb_wounds,chronic_wound_out_of_scope,non_wound,CC BY 4.0,g1934,,wound_main/wound_main-0316.jpg,0.694
lower_limb_wounds_b9bc0647f8c5b26e.jpg,b9bc0647f8c5b26e31048fee44806eeda29e5dccbc65bd3b3238df9e82fdb850,lower_limb_wounds,chronic_wound_out_of_scope,non_wound,CC BY 4.0,g1935,,wound_main/wound_main-0318.jpg,0.676
lower_limb_wounds_ad9ebd3edc7c3a9d.jpg,ad9ebd3edc7c3a9d465a72c096804f2d390a681366832fcad9587f858d9161b3,lower_limb_wounds,chronic_wound_out_of_scope,non_wound,CC BY 4.0,g1955,,wound_main/wound_main-0321.jpg,0.741
lower_limb_wounds_d1933e796893e23e.jpg,d1933e796893e23efe3a3e3f5b5321136a2b87317739a70f0f8495976aca2ee2,lower_limb_wounds,chronic_wound_out_of_scope,non_wound,CC BY 4.0,g1937,,wound_main/wound_main-0322.jpg,0.721
lower_limb_wounds_8771bd8c89046166.jpg,8771bd8c890461666678b69ca47c00d0ed75d443762d41ae48b2a35e5e33aa82,lower_limb_wounds,chronic_wound_out_of_scope,non_wound,CC BY 4.0,g1938,,wound_main/wound_main-0325.jpg,0.667
lower_limb_wounds_8954a7b8e428cf0a.jpg,8954a7b8e428cf0a5219f8ec24b54b2682638597389463d719446bab67f8ad28,lower_limb_wounds,chronic_wound_out_of_scope,non_wound,CC BY 4.0,g1939,,wound_main/wound_main-0329.jpg,0.704
lower_limb_wounds_3474d0aee82b2da8.jpg,3474d0aee82b2da87b92a2923fcd046fe04e8830eef41f36703ecd733ace41ac,lower_limb_wounds,chronic_wound_out_of_scope,non_wound,CC BY 4.0,g1940,,wound_main/wound_main-0331.jpg,0.744
lower_limb_wounds_c254ef65b74e87ce.jpg,c254ef65b74e87ced0576bd1d34d6b103f34bea812b8bd7abf53f477cf24abf6,lower_limb_wounds,chronic_wound_out_of_scope,non_wound,CC BY 4.0,g1941,,wound_main/wound_main-0333.jpg,0.658
lower_limb_wounds_93bddd8eb5c48a40.jpg,93bddd8eb5c48a40e7087906e06fed374f12d307227d03464cd12a0f407a3f32,lower_limb_wounds,chronic_wound_out_of_scope,non_wound,CC BY 4.0,g1942,,wound_main/wound_main-0334.jpg,0.676
lower_limb_wounds_03cf9d5b9e4ca406.jpg,03cf9d5b9e4ca4064e12e09f2e3f46fee9846bd756b7490b199643eb90533a05,lower_limb_wounds,chronic_wound_out_of_scope,non_wound,CC BY 4.0,g2559,,wound_main/wound_main-0336.jpg,0.649
lower_limb_wounds_948c823db58df412.jpg,948c823db58df4121ca8279db8407ed6efcac5a238a1dbe7ec6f76acbf74fe9d,lower_limb_wounds,chronic_wound_out_of_scope,non_wound,CC BY 4.0,g1944,,wound_main/wound_main-0337.jpg,0.731
lower_limb_wounds_e46838efedaf0ac8.jpg,e46838efedaf0ac87dd3f060482dd53ba26e367b598c4bdf961884679d514343,lower_limb_wounds,chronic_wound_out_of_scope,non_wound,CC BY 4.0,g1945,,wound_main/wound_main-0341.jpg,0.684
lower_limb_wounds_c871165cf39c8118.jpg,c871165cf39c8118ff98c76beda20939a9d7b5a5dcac234451be46e2fa37c5e5,lower_limb_wounds,chronic_wound_out_of_scope,non_wound,CC BY 4.0,g2559,,wound_main/wound_main-0343.jpg,0.652
lower_limb_wounds_110819b0b720d929.jpg,110819b0b720d92902f2ee849be42f0bedbe0e59ba7d29394e403bc940b9bfe1,lower_limb_wounds,chronic_wound_out_of_scope,non_wound,CC BY 4.0,g1947,,wound_main/wound_main-0346.jpg,0.735
lower_limb_wounds_5b00070db96aba24.jpg,5b00070db96aba24662673bb494e87157965e8509bbbbfb000f6078188644517,lower_limb_wounds,chronic_wound_out_of_scope,non_wound,CC BY 4.0,g1948,,wound_main/wound_main-0347.jpg,0.694
lower_limb_wounds_73317bbb8cf8b510.jpg,73317bbb8cf8b5106085fe041ac95d72d2e49692f32676d6a3d4f1168e700c5f,lower_limb_wounds,chronic_wound_out_of_scope,non_wound,CC BY 4.0,g2559,,wound_main/wound_main-0350.jpg,0.672
lower_limb_wounds_9f210077055a7962.jpg,9f210077055a79622c1b8689c39f7785ac2931c402e2ba45169eb7edadf40d11,lower_limb_wounds,chronic_wound_out_of_scope,non_wound,CC BY 4.0,g1950,,wound_main/wound_main-0351.jpg,0.734
lower_limb_wounds_0e67d4578112a85e.jpg,0e67d4578112a85e7d0ed8288447ef4cfc5770122a430c75c1b4576a4c1a049e,lower_limb_wounds,chronic_wound_out_of_scope,non_wound,CC BY 4.0,g1951,,wound_main/wound_main-0352.jpg,0.690
lower_limb_wounds_9f2e21fea02fc698.jpg,9f2e21fea02fc698282a6ba8ef9b356aa81a838163ba81f12ce957f85022d6cf,lower_limb_wounds,chronic_wound_out_of_scope,non_wound,CC BY 4.0,g1976,,wound_main/wound_main-0356.jpg,0.674
lower_limb_wounds_338050547f751bc1.jpg,338050547f751bc1e5e0a6175b3530f5f3d723a1ada3c7f6588b3bd9993244c1,lower_limb_wounds,chronic_wound_out_of_scope,non_wound,CC BY 4.0,g1953,,wound_main/wound_main-0357.jpg,0.737
lower_limb_wounds_981cd29484bd5dcb.jpg,981cd29484bd5dcb7c21134aa2ef19080763aa81441469e9d7fcde9a98522335,lower_limb_wounds,chronic_wound_out_of_scope,non_wound,CC BY 4.0,g1954,,wound_main/wound_main-0358.jpg,0.686
lower_limb_wounds_e24dde4e342d286f.jpg,e24dde4e342d286f91a8d2ba4d34eed93e1d507ee664412bd7d4dfa057ce2d0b,lower_limb_wounds,chronic_wound_out_of_scope,non_wound,CC BY 4.0,g1955,,wound_main/wound_main-0360.jpg,0.690
lower_limb_wounds_ca979814cc2da8c7.jpg,ca979814cc2da8c735e28a1e97905dd63fca3ab72a82d2588f0561107649b4ea,lower_limb_wounds,chronic_wound_out_of_scope,non_wound,CC BY 4.0,g1956,,wound_main/wound_main-0361.jpg,0.681
lower_limb_wounds_1c3378034d02c25f.jpg,1c3378034d02c25ffd46ff8b6b30c453a11cbc3ad2f3836c13158015759a1ce9,lower_limb_wounds,chronic_wound_out_of_scope,non_wound,CC BY 4.0,g1957,,wound_main/wound_main-0364.jpg,0.740
lower_limb_wounds_390556fa102c46d5.jpg,390556fa102c46d558218b5f1fc7d4872b78297f142a85970acc578d86783cbe,lower_limb_wounds,chronic_wound_out_of_scope,non_wound,CC BY 4.0,g1958,,wound_main/wound_main-0365.jpg,0.725
lower_limb_wounds_52c266fb871e04d2.jpg,52c266fb871e04d2d623a2378e5017075dd2f866f25b6656b6c19509c4fa69ee,lower_limb_wounds,chronic_wound_out_of_scope,non_wound,CC BY 4.0,g1959,,wound_main/wound_main-0368.jpg,0.673
lower_limb_wounds_041fa038501d542b.jpg,041fa038501d542b3d3d35c266474e5144984057a0ca3da4338a1de9d7283ecb,lower_limb_wounds,chronic_wound_out_of_scope,non_wound,CC BY 4.0,g1960,,wound_main/wound_main-0369.jpg,0.680
lower_limb_wounds_a390427cdc62e8ad.jpg,a390427cdc62e8ad341d4d1fe78ed77d52ae7d4af791f128a2eff9e731e9295e,lower_limb_wounds,chronic_wound_out_of_scope,non_wound,CC BY 4.0,g1961,,wound_main/wound_main-0370.jpg,0.743
lower_limb_wounds_7d420daa9f47701b.jpg,7d420daa9f47701bbf0177c865eb78f64f1bcbf56236dc95f9cf547afc55c5b1,lower_limb_wounds,chronic_wound_out_of_scope,non_wound,CC BY 4.0,g1962,,wound_main/wound_main-0374.jpg,0.717
lower_limb_wounds_4056aba53f3bd0a0.jpg,4056aba53f3bd0a04c0d9277b7ed6503e48e00e1103aa10940ff395f716a8446,lower_limb_wounds,chronic_wound_out_of_scope,non_wound,CC BY 4.0,g1963,,wound_main/wound_main-0375.jpg,0.747
lower_limb_wounds_0c42fd2fa1275203.jpg,0c42fd2fa1275203b76350c765d8a85c97497140681611f8f9d2c43d0dc2cb95,lower_limb_wounds,chronic_wound_out_of_scope,non_wound,CC BY 4.0,g1964,,wound_main/wound_main-0376.jpg,0.695
lower_limb_wounds_63c9d1dff6e410b2.jpg,63c9d1dff6e410b2b244253c9552976baa504f1fb2dfc88e697a2e323e395288,lower_limb_wounds,chronic_wound_out_of_scope,non_wound,CC BY 4.0,g1976,,wound_main/wound_main-0377.jpg,0.639
lower_limb_wounds_530f768f5cc66d6e.jpg,530f768f5cc66d6ea2f70f30311943e1981bc3257ba50394e473ba22cd4a51b6,lower_limb_wounds,chronic_wound_out_of_scope,non_wound,CC BY 4.0,g1966,,wound_main/wound_main-0382.jpg,0.736
lower_limb_wounds_3feaf1baecaa3816.jpg,3feaf1baecaa3816d77157262f8ff618d4bac7293b961b20241d29808570f3a6,lower_limb_wounds,chronic_wound_out_of_scope,non_wound,CC BY 4.0,g1967,,wound_main/wound_main-0385.jpg,0.708
lower_limb_wounds_7ad43f68e673d978.jpg,7ad43f68e673d978b942ace217ebd585eebff95fb4feb262067cdecb5f421efa,lower_limb_wounds,chronic_wound_out_of_scope,non_wound,CC BY 4.0,g1968,,wound_main/wound_main-0387.jpg,0.731
lower_limb_wounds_d0e1bcc87e2d5c26.jpg,d0e1bcc87e2d5c26fdcea1d0599f59d48f3eb33325ed593ab2011fb06fe1738a,lower_limb_wounds,chronic_wound_out_of_scope,non_wound,CC BY 4.0,g1976,,wound_main/wound_main-0389.jpg,0.671
lower_limb_wounds_2c286fda9cf3d56b.jpg,2c286fda9cf3d56be14a83674e434ef6ea21d0a1c00e517c340e0578438019a9,lower_limb_wounds,chronic_wound_out_of_scope,non_wound,CC BY 4.0,g1970,,wound_main/wound_main-0390.jpg,0.691
lower_limb_wounds_b2a83a2b5f21483e.jpg,b2a83a2b5f21483edb0e28d187ff849c1e323114e89eadd0428a0db0480664a6,lower_limb_wounds,chronic_wound_out_of_scope,non_wound,CC BY 4.0,g1971,,wound_main/wound_main-0391.jpg,0.722
lower_limb_wounds_a30d006c299b79d1.jpg,a30d006c299b79d1056712c5f12ff624ae10a7f7d01b333509e014543fcd1181,lower_limb_wounds,chronic_wound_out_of_scope,non_wound,CC BY 4.0,g1972,,wound_main/wound_main-0393.jpg,0.715
lower_limb_wounds_e7763cb297f7dbc7.jpg,e7763cb297f7dbc7e38b616aebfd016ae4ed2e59c0fa1dfd940e47e75d89b382,lower_limb_wounds,chronic_wound_out_of_scope,non_wound,CC BY 4.0,g1973,,wound_main/wound_main-0394.jpg,0.694
lower_limb_wounds_afeac39db364d2bf.jpg,afeac39db364d2bf9cb7143c4289195d2eddf8bdd00cc5e65bb21653da7567b0,lower_limb_wounds,chronic_wound_out_of_scope,non_wound,CC BY 4.0,g1974,,wound_main/wound_main-0395.jpg,0.707
lower_limb_wounds_89cacd4bb6712287.jpg,89cacd4bb671228756f458fd1a466eb08ffafb2b09faedeb022fd3f5e1d99589,lower_limb_wounds,chronic_wound_out_of_scope,non_wound,CC BY 4.0,g1975,,wound_main/wound_main-0396.jpg,0.727
lower_limb_wounds_7ab6eedfb54bf621.jpg,7ab6eedfb54bf621872b37742b6197feb37195099b01dfc03154adf0bc52b3a0,lower_limb_wounds,chronic_wound_out_of_scope,non_wound,CC BY 4.0,g1976,,wound_main/wound_main-0397.jpg,0.664
lower_limb_wounds_4941105697fd3947.jpg,4941105697fd3947ed97baaf305c95fd37b668aa5d258fee405b362b53cf7a4a,lower_limb_wounds,chronic_wound_out_of_scope,non_wound,CC BY 4.0,g1977,,wound_main/wound_main-0398.jpg,0.672
lower_limb_wounds_03721b4874dabb9a.jpg,03721b4874dabb9a5a9814b5f913a1fad4d78925ffe280775c8dcef751fa920a,lower_limb_wounds,chronic_wound_out_of_scope,non_wound,CC BY 4.0,g1978,,wound_main/wound_main-0399.jpg,0.697
lower_limb_wounds_346d604e4e7230c3.jpg,346d604e4e7230c3bbb32c9101922a72c166352abefe14423ad2169dc712545c,lower_limb_wounds,chronic_wound_out_of_scope,non_wound,CC BY 4.0,g1979,,wound_main/wound_main-0400.jpg,0.695
lower_limb_wounds_98b8e2702c26dfa0.jpg,98b8e2702c26dfa0aaf180e13d3878424eba890072cc1496176348cf4bf56e1b,lower_limb_wounds,chronic_wound_out_of_scope,non_wound,CC BY 4.0,g1980,,wound_main/wound_main-0403.jpg,0.676
lower_limb_wounds_71564aebf0708542.jpg,71564aebf0708542336ee4b40293d175f09bd325253490039f8e51a246a7b921,lower_limb_wounds,chronic_wound_out_of_scope,non_wound,CC BY 4.0,g1981,,wound_main/wound_main-0405.jpg,0.666
lower_limb_wounds_400f4a64a505d2b6.jpg,400f4a64a505d2b685bc9cd2597f111704cd603567993546e6f9b43011f32469,lower_limb_wounds,chronic_wound_out_of_scope,non_wound,CC BY 4.0,g2559,,wound_main/wound_main-0408.jpg,0.650
lower_limb_wounds_d40d02e031549296.jpg,d40d02e03154929643ddebd3915e99fc58e1d505103e537c29e19147a0c9c598,lower_limb_wounds,chronic_wound_out_of_scope,non_wound,CC BY 4.0,g1983,,wound_main/wound_main-0409.jpg,0.720
lower_limb_wounds_0f146f01968a7919.jpg,0f146f01968a7919e9d4d1528ca2f4f87c001c67f5a622da10cc6dd566adbc18,lower_limb_wounds,chronic_wound_out_of_scope,non_wound,CC BY 4.0,g1984,,wound_main/wound_main-0411.jpg,0.723
lower_limb_wounds_b8edd602661694f1.jpg,b8edd602661694f17646b3f8f188834c99b9a6de17b37da4eb83b63837819d49,lower_limb_wounds,chronic_wound_out_of_scope,non_wound,CC BY 4.0,g1985,,wound_main/wound_main-0412.jpg,0.706
lower_limb_wounds_e9b5d0feadc1b464.jpg,e9b5d0feadc1b4642137714b26ba7c03648f9751e042b6a2bd7650f89ae843b9,lower_limb_wounds,chronic_wound_out_of_scope,non_wound,CC BY 4.0,g1986,,wound_main/wound_main-0413.jpg,0.712
lower_limb_wounds_ce2f356354d57068.jpg,ce2f356354d57068d8ef76da0a5b24ccac5a42814ed6435a9158b34af5a0adb9,lower_limb_wounds,chronic_wound_out_of_scope,non_wound,CC BY 4.0,g1987,,wound_main/wound_main-0414.jpg,0.654
lower_limb_wounds_eff8deff5f1dd196.jpg,eff8deff5f1dd196cd4a1fc57f03d8c54b0d432b3e08dda51a112a5af4bc9a05,lower_limb_wounds,chronic_wound_out_of_scope,non_wound,CC BY 4.0,g1989,,wound_main/wound_main-0415.jpg,0.723
lower_limb_wounds_eff8deff5f1dd196.jpg,eff8deff5f1dd196cd4a1fc57f03d8c54b0d432b3e08dda51a112a5af4bc9a05,lower_limb_wounds,chronic_wound_out_of_scope,non_wound,CC BY 4.0,g1989,,wound_main/wound_main-0416.jpg,0.723
lower_limb_wounds_81fddf7e2c1678fb.jpg,81fddf7e2c1678fb886288eb57a0f15e3e59027db2192fd4aede6489f5287327,lower_limb_wounds,chronic_wound_out_of_scope,non_wound,CC BY 4.0,g1990,,wound_main/wound_main-0417.jpg,0.748
lower_limb_wounds_e27370ed1613068e.jpg,e27370ed1613068e7530b3caf007e8df2e9d87b768400c8ba0d2fac9710721ac,lower_limb_wounds,chronic_wound_out_of_scope,non_wound,CC BY 4.0,g1991,,wound_main/wound_main-0418.jpg,0.726
lower_limb_wounds_906f28f4f4e07a6d.jpg,906f28f4f4e07a6dfb5e0face28f0e535940c3e01aea29c6dc4922b58c591d1b,lower_limb_wounds,chronic_wound_out_of_scope,non_wound,CC BY 4.0,g2559,,wound_main/wound_main-0419.jpg,0.664
lower_limb_wounds_c1f1359cc46efb26.jpg,c1f1359cc46efb2637164d21912e0cd9fd19cf69df8e3bab291b5f05a49ed31f,lower_limb_wounds,chronic_wound_out_of_scope,non_wound,CC BY 4.0,g1993,,wound_main/wound_main-0420.jpg,0.734
lower_limb_wounds_eb597b867a4c340a.jpg,eb597b867a4c340a5df09a6848fa4aa80df2d71a56046fcc751c4ed260fb24cf,lower_limb_wounds,chronic_wound_out_of_scope,non_wound,CC BY 4.0,g1994,,wound_main/wound_main-0421.jpg,0.687
lower_limb_wounds_8ee22ce15afec00d.jpg,8ee22ce15afec00d8acae33082e937beb8c7cdf29fcc60348ee575cad5c6a2c5,lower_limb_wounds,chronic_wound_out_of_scope,non_wound,CC BY 4.0,g1995,,wound_main/wound_main-0423.jpg,0.723
lower_limb_wounds_f44f9cb796b30b4a.jpg,f44f9cb796b30b4a21dae49df27ca173969acf047f5cc12e6f6211fc95268d18,lower_limb_wounds,chronic_wound_out_of_scope,non_wound,CC BY 4.0,g1996,,wound_main/wound_main-0424.jpg,0.707
lower_limb_wounds_f064f70d9225c77d.jpg,f064f70d9225c77d0cc0db8cc2ceb2d1a9d78699fa475f995bbd689bc6fc68f9,lower_limb_wounds,chronic_wound_out_of_scope,non_wound,CC BY 4.0,g2559,,wound_main/wound_main-0425.jpg,0.652
lower_limb_wounds_858a12c4f8846ca4.jpg,858a12c4f8846ca4dc5e333a6f8606c0d75dd1fe50ded2a3b37a90a534cf682d,lower_limb_wounds,chronic_wound_out_of_scope,non_wound,CC BY 4.0,g1998,,wound_main/wound_main-0426.jpg,0.714
lower_limb_wounds_266ec8d41f6abe9c.jpg,266ec8d41f6abe9cddaf5d8b39f0c46810d12bb98a29ed64c291511bfa4b1c77,lower_limb_wounds,chronic_wound_out_of_scope,non_wound,CC BY 4.0,g1999,,wound_main/wound_main-0427.jpg,0.719
lower_limb_wounds_fdfa0dfde6424104.jpg,fdfa0dfde6424104b28ab82a324331fc75ffcd72de7bcf8909b7c2c048c5af28,lower_limb_wounds,chronic_wound_out_of_scope,non_wound,CC BY 4.0,g2000,,wound_main/wound_main-0429.jpg,0.725
lower_limb_wounds_ed44fd91882025b3.jpg,ed44fd91882025b31870d783e68e7d90b34666bf5f4c2169fa369aab1b842b14,lower_limb_wounds,chronic_wound_out_of_scope,non_wound,CC BY 4.0,g2001,,wound_main/wound_main-0431.jpg,0.694
lower_limb_wounds_e600abaa48256e48.jpg,e600abaa48256e48f9d9757e009fcae293808aa99826d2e36b6a1ad565a106b2,lower_limb_wounds,chronic_wound_out_of_scope,non_wound,CC BY 4.0,g2023,,wound_main/wound_main-0432.jpg,0.732
lower_limb_wounds_9838e64ac2f9ec70.jpg,9838e64ac2f9ec70430adec96aead9b0e1600ac885769317d0647ae1348b63bb,lower_limb_wounds,chronic_wound_out_of_scope,non_wound,CC BY 4.0,g2003,,wound_main/wound_main-0435.jpg,0.689
lower_limb_wounds_dc16c669f2e23a17.jpg,dc16c669f2e23a17dd55ef32865c226f43cbb555fdaa680fd11afb52a1857fab,lower_limb_wounds,chronic_wound_out_of_scope,non_wound,CC BY 4.0,g2004,,wound_main/wound_main-0439.jpg,0.745
lower_limb_wounds_8460d132987968e9.jpg,8460d132987968e95b43c609eb7910fd605dec9b3086ba090b592bf987b0e768,lower_limb_wounds,chronic_wound_out_of_scope,non_wound,CC BY 4.0,g2005,,wound_main/wound_main-0440.jpg,0.699
lower_limb_wounds_898a661937ee8c43.jpg,898a661937ee8c431b74266b53399962be404f4250521730e1fd96cb5251eadf,lower_limb_wounds,chronic_wound_out_of_scope,non_wound,CC BY 4.0,g2006,,wound_main/wound_main-0441.jpg,0.654
lower_limb_wounds_86655615094b080d.jpg,86655615094b080ddc6cb3f8b1e1f71ef2285621751441ae6d9f9549615c8bf0,lower_limb_wounds,chronic_wound_out_of_scope,non_wound,CC BY 4.0,g2007,,wound_main/wound_main-0444.jpg,0.697
lower_limb_wounds_1fa942442745619e.jpg,1fa942442745619e5df92b2a4263452899d80f6c49c4bf92df516637260a52b0,lower_limb_wounds,chronic_wound_out_of_scope,non_wound,CC BY 4.0,g2008,,wound_main/wound_main-0446.jpg,0.712
lower_limb_wounds_c0f07670e739e6d5.jpg,c0f07670e739e6d5e1405773db267ede87750bb4680fe700dc7eabbd66803f0c,lower_limb_wounds,chronic_wound_out_of_scope,non_wound,CC BY 4.0,g2009,,wound_main/wound_main-0449.jpg,0.703
lower_limb_wounds_27e54cb60583da7f.jpg,27e54cb60583da7f36fe2f8c4bc986c55cfb481d308a18caedc82c111c6de1f0,lower_limb_wounds,chronic_wound_out_of_scope,non_wound,CC BY 4.0,g2010,,wound_main/wound_main-0450.jpg,0.741
lower_limb_wounds_82c18bfef095dd0c.jpg,82c18bfef095dd0ce4dbcdac865624cb4e498bb587a6daadf88dbfcdafd77fe7,lower_limb_wounds,chronic_wound_out_of_scope,non_wound,CC BY 4.0,g2011,,wound_main/wound_main-0451.jpg,0.704
lower_limb_wounds_1730a790a5524093.jpg,1730a790a552409356607f721f0c364564fd0a03a8a022742b668c2b5c5b2cfa,lower_limb_wounds,chronic_wound_out_of_scope,non_wound,CC BY 4.0,g2012,,wound_main/wound_main-0453.jpg,0.735
lower_limb_wounds_c883aa7337b9cd4f.jpg,c883aa7337b9cd4f9237ba56fbf9dc032cd4587a29524459b7e12e860978421d,lower_limb_wounds,chronic_wound_out_of_scope,non_wound,CC BY 4.0,g2013,,wound_main/wound_main-0456.jpg,0.728
lower_limb_wounds_7ded4c507f2fae1a.jpg,7ded4c507f2fae1a880823fe9cc0991c1bc1e0fc398edfde3daf1d46c206cb32,lower_limb_wounds,chronic_wound_out_of_scope,non_wound,CC BY 4.0,g2014,,wound_main/wound_main-0458.jpg,0.698
lower_limb_wounds_fc5ea01466e33611.jpg,fc5ea01466e33611e69064cc051bbc494e3ecaf6cddf47cbe59c406a4ae7db3b,lower_limb_wounds,chronic_wound_out_of_scope,non_wound,CC BY 4.0,g2015,,wound_main/wound_main-0460.jpg,0.670
lower_limb_wounds_a110f567a9a87403.jpg,a110f567a9a87403230d3c9b8bc07f889a0473f947279f40a50f57e850327f45,lower_limb_wounds,chronic_wound_out_of_scope,non_wound,CC BY 4.0,g2559,,wound_main/wound_main-0461.jpg,0.671
lower_limb_wounds_8e5ead94d625edc2.jpg,8e5ead94d625edc25f3f55ad62eae79054302ddbf91ff5fde3ef865d72363d6b,lower_limb_wounds,chronic_wound_out_of_scope,non_wound,CC BY 4.0,g2017,,wound_main/wound_main-0462.jpg,0.734
lower_limb_wounds_b48ac04f1c116945.jpg,b48ac04f1c116945ca3c8d681ac543074b0b31ece63f576fb3ec0480261afd73,lower_limb_wounds,chronic_wound_out_of_scope,non_wound,CC BY 4.0,g2018,,wound_main/wound_main-0464.jpg,0.722
lower_limb_wounds_e6f1be5bc9d9158e.jpg,e6f1be5bc9d9158e49b89e058042e7177214d46b94a796e68ac59d4e42d287c7,lower_limb_wounds,chronic_wound_out_of_scope,non_wound,CC BY 4.0,g2559,,wound_main/wound_main-0466.jpg,0.681
lower_limb_wounds_fabf3cb1bc0b7db1.jpg,fabf3cb1bc0b7db17f70d9f8dcfe75102ced40a41e7814779cb73789370e7676,lower_limb_wounds,chronic_wound_out_of_scope,non_wound,CC BY 4.0,g2020,,wound_main/wound_main-0468.jpg,0.706
lower_limb_wounds_780148a8a657b54f.jpg,780148a8a657b54f9707012953edb818c3deb4099f733ac61143596693294202,lower_limb_wounds,chronic_wound_out_of_scope,non_wound,CC BY 4.0,g2021,,wound_main/wound_main-0473.jpg,0.662
lower_limb_wounds_2239bb2be24954e0.jpg,2239bb2be24954e034592d7c3820d42bc7d9e3b550c1c7cdf9a9e67876ef14be,lower_limb_wounds,chronic_wound_out_of_scope,non_wound,CC BY 4.0,g2022,,wound_main/wound_main-0475.jpg,0.703
lower_limb_wounds_dedbf5b91c9cec40.jpg,dedbf5b91c9cec40dcf75527ff066bcf97991c37163ad348754294dd655427f9,lower_limb_wounds,chronic_wound_out_of_scope,non_wound,CC BY 4.0,g2023,,wound_main/wound_main-0476.jpg,0.708
lower_limb_wounds_bb37f3e59087dc13.jpg,bb37f3e59087dc13b75f0c1083ba328b68b4707593e6170d5e4526d7a6bbaa12,lower_limb_wounds,chronic_wound_out_of_scope,non_wound,CC BY 4.0,g2024,,wound_main/wound_main-0477.jpg,0.737
lower_limb_wounds_1ca5027f7d4f4987.jpg,1ca5027f7d4f49877c48bf16cd33e0ccac0fe903157d05077cc073c684a1e7a1,lower_limb_wounds,chronic_wound_out_of_scope,non_wound,CC BY 4.0,g2025,,wound_main/wound_main-0478.jpg,0.734
lower_limb_wounds_e5218e9b4eca016b.jpg,e5218e9b4eca016b9adc8558c5b2d867cd008adeb8a4ff3b286f86ef6c5f555d,lower_limb_wounds,chronic_wound_out_of_scope,non_wound,CC BY 4.0,g2026,,wound_main/wound_main-0479.jpg,0.662
lower_limb_wounds_e3883998b2b5b7c8.jpg,e3883998b2b5b7c8f32ff21be2d91c7c7e0c78a8ee2da24a28cbf3345fbed61a,lower_limb_wounds,chronic_wound_out_of_scope,non_wound,CC BY 4.0,g2027,,wound_main/wound_main-0480.jpg,0.732
lower_limb_wounds_e48c7748d034a470.jpg,e48c7748d034a470dc82467cbe7e25e13c22de451f6b632c2e442406a1524100,lower_limb_wounds,chronic_wound_out_of_scope,non_wound,CC BY 4.0,g2028,,wound_main/wound_main-0481.jpg,0.702
lower_limb_wounds_9ac96469d54dee53.jpg,9ac96469d54dee537fbccaa254b56678691fd5b3e10d17b20015bf2c7687a50b,lower_limb_wounds,chronic_wound_out_of_scope,non_wound,CC BY 4.0,g2029,,wound_main/wound_main-0483.jpg,0.743
lower_limb_wounds_8e3362059b290a1b.jpg,8e3362059b290a1b11225f0dd521609ce6a83ed571dc8d78a5199434e77a32f2,lower_limb_wounds,chronic_wound_out_of_scope,non_wound,CC BY 4.0,g2030,,wound_main/wound_main-0484.jpg,0.725
lower_limb_wounds_274f57587194ae84.jpg,274f57587194ae84d05756174e58947bd81a15a468b23ad220820f8a3368963d,lower_limb_wounds,chronic_wound_out_of_scope,non_wound,CC BY 4.0,g2041,,wound_main/wound_main-0487.jpg,0.744
lower_limb_wounds_a6227f3d844a1030.jpg,a6227f3d844a1030a329f8f009388f2a2b3130389953df539f85613b006e07f1,lower_limb_wounds,chronic_wound_out_of_scope,non_wound,CC BY 4.0,g2032,,wound_main/wound_main-0489.jpg,0.745
lower_limb_wounds_db968b71cb66636b.jpg,db968b71cb66636bc01f2966ebdf0e1d3dcc1cd89c05b1866f5e7df0fb260300,lower_limb_wounds,chronic_wound_out_of_scope,non_wound,CC BY 4.0,g2033,,wound_main/wound_main-0490.jpg,0.676
lower_limb_wounds_c48c97037b956332.jpg,c48c97037b956332e65c81fbfe7592980859660fbb379f8112b06543ebb452e2,lower_limb_wounds,chronic_wound_out_of_scope,non_wound,CC BY 4.0,g2034,,wound_main/wound_main-0492.jpg,0.738
lower_limb_wounds_4aa35bc5e699a4c9.jpg,4aa35bc5e699a4c90e1d0aa4b480a73c8e8a7fef6a360f13541088dd71de9553,lower_limb_wounds,chronic_wound_out_of_scope,non_wound,CC BY 4.0,g2035,,wound_main/wound_main-0493.jpg,0.699
lower_limb_wounds_67fec7181138428e.jpg,67fec7181138428ef0da8e3b8fa7fd7c50ab303eeac2bc60852b601dfba02961,lower_limb_wounds,chronic_wound_out_of_scope,non_wound,CC BY 4.0,g2036,,wound_main/wound_main-0496.jpg,0.740
lower_limb_wounds_5ad889ea9d9b1aad.jpg,5ad889ea9d9b1aad5d65590f1d08e214bdba2343c080f71f3c5209c452587c69,lower_limb_wounds,chronic_wound_out_of_scope,non_wound,CC BY 4.0,g2559,,wound_main/wound_main-0498.jpg,0.711
lower_limb_wounds_ac91924c4a26315b.jpg,ac91924c4a26315bc5269ed7b08116dd18d402cf3c04d8b78b2e777371733003,lower_limb_wounds,chronic_wound_out_of_scope,non_wound,CC BY 4.0,g2559,,wound_main/wound_main-0502.jpg,0.679
lower_limb_wounds_2287f37b88effdaa.jpg,2287f37b88effdaa30463d52f84d862990659f788a032f906920b4c6e9b8d5c7,lower_limb_wounds,chronic_wound_out_of_scope,non_wound,CC BY 4.0,g2039,,wound_main/wound_main-0505.jpg,0.688
lower_limb_wounds_21285e481d263f96.jpg,21285e481d263f96003b453c309c78958eec4d6df39fbfc78a3652c3bc3ccdac,lower_limb_wounds,chronic_wound_out_of_scope,non_wound,CC BY 4.0,g2040,,wound_main/wound_main-0506.jpg,0.739
lower_limb_wounds_dc61e0c5427bf481.jpg,dc61e0c5427bf481726afdbbfdc4407a8e4464d9a01eb2d481c2b85b08081424,lower_limb_wounds,chronic_wound_out_of_scope,non_wound,CC BY 4.0,g2041,,wound_main/wound_main-0507.jpg,0.717
lower_limb_wounds_e84a4d507e4e6099.jpg,e84a4d507e4e6099b43e411ceadd5a861b316ee3e36f323d755f93359bda633b,lower_limb_wounds,chronic_wound_out_of_scope,non_wound,CC BY 4.0,g2042,,wound_main/wound_main-0510.jpg,0.707
lower_limb_wounds_fedde71cf20e8cff.jpg,fedde71cf20e8cff2a61272fbf768f94044d7198af8b5186dbd6f40d64a0a2a5,lower_limb_wounds,chronic_wound_out_of_scope,non_wound,CC BY 4.0,g2043,,wound_main/wound_main-0511.jpg,0.700
lower_limb_wounds_f3bb2a7158393557.jpg,f3bb2a71583935575f104f04a65442dc6216005aa84f86a172ce47b4b27bf10c,lower_limb_wounds,chronic_wound_out_of_scope,non_wound,CC BY 4.0,g2044,,wound_main/wound_main-0515.jpg,0.656
lower_limb_wounds_736eded90645036f.jpg,736eded90645036fd1a50fc524ed89aa952af007e447eb5fefbb547a5e575d63,lower_limb_wounds,chronic_wound_out_of_scope,non_wound,CC BY 4.0,g2045,,wound_main/wound_main-0519.jpg,0.688
lower_limb_wounds_f2e4cdb956b1e083.jpg,f2e4cdb956b1e083b2b2f93420df34d9870066392629e9af75c755fbdc8ea6f8,lower_limb_wounds,chronic_wound_out_of_scope,non_wound,CC BY 4.0,g2046,,wound_main/wound_main-0520.jpg,0.715
lower_limb_wounds_367d5af7dd1eee5d.jpg,367d5af7dd1eee5d1f63cf4573186b4b669f0f2aab780ea733eacb1e4d2f07d7,lower_limb_wounds,chronic_wound_out_of_scope,non_wound,CC BY 4.0,g2047,,wound_main/wound_main-0523.jpg,0.742
lower_limb_wounds_73f62ae4dd78ca3c.jpg,73f62ae4dd78ca3c54eec3a1888f0311a34edce96126fce89fb99d45c01d4663,lower_limb_wounds,chronic_wound_out_of_scope,non_wound,CC BY 4.0,g2048,,wound_main/wound_main-0525.jpg,0.729
lower_limb_wounds_aab8e1ed4a33fcce.jpg,aab8e1ed4a33fcce0c9c389370a02d5dcca0344fc3b1aa0159aab1a2240f5827,lower_limb_wounds,chronic_wound_out_of_scope,non_wound,CC BY 4.0,g2049,,wound_main/wound_main-0527.jpg,0.730
lower_limb_wounds_c184bdb25cb83eb4.jpg,c184bdb25cb83eb46b699bc290230e9d57aadd04cc774e8dabb27daba22029e1,lower_limb_wounds,chronic_wound_out_of_scope,non_wound,CC BY 4.0,g2050,,wound_main/wound_main-0528.jpg,0.707
lower_limb_wounds_dac301a8e0fa7c90.jpg,dac301a8e0fa7c9057115791d8eefe995230052388ccf416433f866e2750fe80,lower_limb_wounds,chronic_wound_out_of_scope,non_wound,CC BY 4.0,g2051,,wound_main/wound_main-0529.jpg,0.720
lower_limb_wounds_c9a151c3ac48102f.jpg,c9a151c3ac48102fe1c56eb2fddb2a85aeadba6630f9cf5c42b36f5ac1f6e809,lower_limb_wounds,chronic_wound_out_of_scope,non_wound,CC BY 4.0,g2052,,wound_main/wound_main-0530.jpg,0.683
lower_limb_wounds_999818724e1b127b.jpg,999818724e1b127b5b0feec3936e6ddb3ed39b1c0de02c5764780d3053f722bf,lower_limb_wounds,chronic_wound_out_of_scope,non_wound,CC BY 4.0,g2053,,wound_main/wound_main-0531.jpg,0.741
lower_limb_wounds_5f11cf6cceac92e0.jpg,5f11cf6cceac92e03f8f031ed4f85e7100726b39602b8d9e73a83035f4337e82,lower_limb_wounds,chronic_wound_out_of_scope,non_wound,CC BY 4.0,g2054,,wound_main/wound_main-0533.jpg,0.748
lower_limb_wounds_9ffa4dd9d6fd157e.jpg,9ffa4dd9d6fd157e874691d57883be39edda328bc5b5b3c0196bb98d0ab59cf7,lower_limb_wounds,chronic_wound_out_of_scope,non_wound,CC BY 4.0,g2055,,wound_main/wound_main-0534.jpg,0.634
lower_limb_wounds_97ff93e1462a71f8.jpg,97ff93e1462a71f8dcd31ba08a21565abf015580699922f900de8580e5c34b18,lower_limb_wounds,chronic_wound_out_of_scope,non_wound,CC BY 4.0,g2056,,wound_main/wound_main-0536.jpg,0.712
lower_limb_wounds_4f7aafede89e579e.jpg,4f7aafede89e579e74e225833879d8c42a3613fa20c1299b6464838682fc509b,lower_limb_wounds,chronic_wound_out_of_scope,non_wound,CC BY 4.0,g2057,,wound_main/wound_main-0537.jpg,0.704
lower_limb_wounds_af628bd9d7a7a319.jpg,af628bd9d7a7a319bf4f8b5d4f13dbfcd0c7b0182af89bf0f211f15d15f7b83d,lower_limb_wounds,chronic_wound_out_of_scope,non_wound,CC BY 4.0,g2058,,wound_main/wound_main-0539.jpg,0.715
lower_limb_wounds_d713cc64d7cef618.jpg,d713cc64d7cef618cbcc8b8c2f86e85887f0c6f47f6c79ab46b3d6da884e2e35,lower_limb_wounds,chronic_wound_out_of_scope,non_wound,CC BY 4.0,g2059,,wound_main/wound_main-0542.jpg,0.719
lower_limb_wounds_4a6c661138a34e11.jpg,4a6c661138a34e1128bd73629983f7c7cf78312465ed83a704ae5be24ed5d574,lower_limb_wounds,chronic_wound_out_of_scope,non_wound,CC BY 4.0,g2060,,wound_main/wound_main-0543.jpg,0.731
lower_limb_wounds_b774ca51610b5398.jpg,b774ca51610b53987033af416f26ad40a88b8bffbdbb188de1a97bbd98059f22,lower_limb_wounds,chronic_wound_out_of_scope,non_wound,CC BY 4.0,g2061,,wound_main/wound_main-0544.jpg,0.665
lower_limb_wounds_fa30c714aa7c5d91.jpg,fa30c714aa7c5d911ac078a33fd781a8b0dbc29f1cf131fefae627a10d5ebe90,lower_limb_wounds,chronic_wound_out_of_scope,non_wound,CC BY 4.0,g2062,,wound_main/wound_main-0546.jpg,0.750
lower_limb_wounds_cea2649e435f4933.jpg,cea2649e435f4933730e73ca890903b6e20dc153afbccd2069775d1c914b0eb5,lower_limb_wounds,chronic_wound_out_of_scope,non_wound,CC BY 4.0,g2084,,wound_main/wound_main-0549.jpg,0.725
lower_limb_wounds_65e35d6a89257857.jpg,65e35d6a8925785731085d6a3d3bdd543412d19ce509511e648ad7cb44528772,lower_limb_wounds,chronic_wound_out_of_scope,non_wound,CC BY 4.0,g2064,,wound_main/wound_main-0550.jpg,0.715
lower_limb_wounds_b73a74e645a6c962.jpg,b73a74e645a6c962a8e5c88ce5f0564a66469da5d6b5689a3bfc2eb7f659e1d5,lower_limb_wounds,chronic_wound_out_of_scope,non_wound,CC BY 4.0,g2065,,wound_main/wound_main-0551.jpg,0.708
lower_limb_wounds_b5cfd1cf4178acb1.jpg,b5cfd1cf4178acb1882441d8234cd45e033d7dc0dcb526b292867cfd85824034,lower_limb_wounds,chronic_wound_out_of_scope,non_wound,CC BY 4.0,g2066,,wound_main/wound_main-0552.jpg,0.710
lower_limb_wounds_8194fdbebb9fb1b4.jpg,8194fdbebb9fb1b4121c3e26a6dcdd5793004d0b1fd3661c8702c00e4a4e06c2,lower_limb_wounds,chronic_wound_out_of_scope,non_wound,CC BY 4.0,g2549,,wound_main/wound_main-0553.jpg,0.703
lower_limb_wounds_92e114afb2100ac0.jpg,92e114afb2100ac00c1d253ac16201034530dcc895159f12f04aad421d6a636d,lower_limb_wounds,chronic_wound_out_of_scope,non_wound,CC BY 4.0,g2068,,wound_main/wound_main-0557.jpg,0.739
lower_limb_wounds_f43b5f5bcee83a1d.jpg,f43b5f5bcee83a1ddbf7a30b75eb004720c1e24eb2f2c54c347e800bfdb4d61c,lower_limb_wounds,chronic_wound_out_of_scope,non_wound,CC BY 4.0,g2069,,wound_main/wound_main-0558.jpg,0.728
lower_limb_wounds_c9a004a2d9909dd5.jpg,c9a004a2d9909dd57daf167144419b716ac7903789f62e3f9fcec0d118432441,lower_limb_wounds,chronic_wound_out_of_scope,non_wound,CC BY 4.0,g2070,,wound_main/wound_main-0559.jpg,0.739
lower_limb_wounds_93a5702c240c62e4.jpg,93a5702c240c62e41993608cf94d68defd96f518572a3671f0c8b20fcfb8b8e8,lower_limb_wounds,chronic_wound_out_of_scope,non_wound,CC BY 4.0,g2071,,wound_main/wound_main-0564.jpg,0.663
lower_limb_wounds_87262c38247fc1c6.jpg,87262c38247fc1c697fd41654191d3d18896cf79258e29b9f3c50a6b2d8e3b7a,lower_limb_wounds,chronic_wound_out_of_scope,non_wound,CC BY 4.0,g2072,,wound_main/wound_main-0565.jpg,0.712
lower_limb_wounds_a03e82c952ead463.jpg,a03e82c952ead4638661c71c0c6b9578a03a63cfb4c73ee78a32a850d0eefefa,lower_limb_wounds,chronic_wound_out_of_scope,non_wound,CC BY 4.0,g2073,,wound_main/wound_main-0566.jpg,0.731
lower_limb_wounds_3a37dc7e7f0e2518.jpg,3a37dc7e7f0e2518bc3ad03c60be02ac93a9edd93ca48690db65e39966417a22,lower_limb_wounds,chronic_wound_out_of_scope,non_wound,CC BY 4.0,g2074,,wound_main/wound_main-0567.jpg,0.713
lower_limb_wounds_9215b3e7782da510.jpg,9215b3e7782da510553be7601c2f266abd4cd42314fb67e08040c1457edf2589,lower_limb_wounds,chronic_wound_out_of_scope,non_wound,CC BY 4.0,g2075,,wound_main/wound_main-0568.jpg,0.691
lower_limb_wounds_44a546fd0e8447b3.jpg,44a546fd0e8447b3331b80dcd651577737132350abfd7d1ac0e068580079bf44,lower_limb_wounds,chronic_wound_out_of_scope,non_wound,CC BY 4.0,g2076,,wound_main/wound_main-0570.jpg,0.745
lower_limb_wounds_43e449dae60ed39e.jpg,43e449dae60ed39e92cb63db65ec3cda6ef5bb3f441f8ac4e1e8b4328d7ccfdb,lower_limb_wounds,chronic_wound_out_of_scope,non_wound,CC BY 4.0,g2077,,wound_main/wound_main-0572.jpg,0.708
lower_limb_wounds_c84cc4a790e750c5.jpg,c84cc4a790e750c52e5dad46de2102762ae0b6d55a77bc83003713b12878db08,lower_limb_wounds,chronic_wound_out_of_scope,non_wound,CC BY 4.0,g2078,,wound_main/wound_main-0580.jpg,0.659
lower_limb_wounds_a1fa8f490d734a74.jpg,a1fa8f490d734a74d076f081bd66f93eaeb5a68a59bb65af0f70a7b45e493a6f,lower_limb_wounds,chronic_wound_out_of_scope,non_wound,CC BY 4.0,g2079,,wound_main/wound_main-0581.jpg,0.738
lower_limb_wounds_ae1b715deb5cde6a.jpg,ae1b715deb5cde6a314e42e636de2b837e3671243016900201264361590680df,lower_limb_wounds,chronic_wound_out_of_scope,non_wound,CC BY 4.0,g2080,,wound_main/wound_main-0583.jpg,0.727
lower_limb_wounds_422d5eca0000ddf3.jpg,422d5eca0000ddf37fa12ec27805b7fdb7c774aec00601f051cd59e23587502e,lower_limb_wounds,chronic_wound_out_of_scope,non_wound,CC BY 4.0,g2081,,wound_main/wound_main-0584.jpg,0.720
lower_limb_wounds_db4969e9fe6191e3.jpg,db4969e9fe6191e3f0073d2a613b73743ee422564d95a0585b0203c128435cc9,lower_limb_wounds,chronic_wound_out_of_scope,non_wound,CC BY 4.0,g2082,,wound_main/wound_main-0590.jpg,0.691
lower_limb_wounds_3c033c1877ce5a74.jpg,3c033c1877ce5a749ccd07c7ed4701cb9d573470fa24384584faa2975e3807cf,lower_limb_wounds,chronic_wound_out_of_scope,non_wound,CC BY 4.0,g2083,,wound_main/wound_main-0593.jpg,0.727
lower_limb_wounds_cea2649e435f4933.jpg,cea2649e435f4933730e73ca890903b6e20dc153afbccd2069775d1c914b0eb5,lower_limb_wounds,chronic_wound_out_of_scope,non_wound,CC BY 4.0,g2084,,wound_main/wound_main-0595.jpg,0.725
lower_limb_wounds_154563373eef4045.jpg,154563373eef4045fa761ea8c30635d9c8f4669c6e127362bfdd84ad1ebfacb4,lower_limb_wounds,chronic_wound_out_of_scope,non_wound,CC BY 4.0,g2085,,wound_main/wound_main-0596.jpg,0.734
lower_limb_wounds_589057300dbd5e05.jpg,589057300dbd5e058c440914ca928653ffe0ba19b0ad4eda488db27954676e06,lower_limb_wounds,chronic_wound_out_of_scope,non_wound,CC BY 4.0,g2559,,wound_main/wound_main-0597.jpg,0.687
lower_limb_wounds_e4fe14775464a018.jpg,e4fe14775464a01891bed3c008d4d681e3287d4a7ebe1f4916c80fb07067a367,lower_limb_wounds,chronic_wound_out_of_scope,non_wound,CC BY 4.0,g2087,,wound_main/wound_main-0598.jpg,0.655
lower_limb_wounds_5b9640a80c688f62.jpg,5b9640a80c688f62d0dec8cc7713dd8d91f392b5e21943a3a4e39082f147260a,lower_limb_wounds,chronic_wound_out_of_scope,non_wound,CC BY 4.0,g2088,,wound_main/wound_main-0599.jpg,0.677
lower_limb_wounds_7d20814a7013b789.jpg,7d20814a7013b7893e4b2ad4e76038dd4add8c576cf39547360c9922e1b89231,lower_limb_wounds,chronic_wound_out_of_scope,non_wound,CC BY 4.0,g2089,,wound_main/wound_main-0602.jpg,0.723
lower_limb_wounds_7449ed07b3703014.jpg,7449ed07b370301419d774b4b06bcc13548f4d249c0e331eea07501d0f39e80a,lower_limb_wounds,chronic_wound_out_of_scope,non_wound,CC BY 4.0,g2090,,wound_main/wound_main-0608.jpg,0.714
lower_limb_wounds_bb0a59ffd33cc9a1.jpg,bb0a59ffd33cc9a1f942cd53291ca7b72992e84ec69911a94ce11c4bc5b8ad8d,lower_limb_wounds,chronic_wound_out_of_scope,non_wound,CC BY 4.0,g2559,,wound_main/wound_main-0609.jpg,0.646
lower_limb_wounds_5f84ea62a744d56d.jpg,5f84ea62a744d56d913b59d7617b9715ef15925aa65545afeeef2d5446c5db49,lower_limb_wounds,chronic_wound_out_of_scope,non_wound,CC BY 4.0,g2092,,wound_main/wound_main-0610.jpg,0.724
lower_limb_wounds_9e9280c3767443ed.jpg,9e9280c3767443ed4b9dd05706d64c9e0adc91aa0f430cc72c5b5e543c721ffa,lower_limb_wounds,chronic_wound_out_of_scope,non_wound,CC BY 4.0,g2093,,wound_main/wound_main-0611.jpg,0.744
lower_limb_wounds_3f0ab88e1bf154b4.jpg,3f0ab88e1bf154b4214fc8b757c36d5961e03ef61ffabf041460778c05ea16c9,lower_limb_wounds,chronic_wound_out_of_scope,non_wound,CC BY 4.0,g2094,,wound_main/wound_main-0613.jpg,0.711
lower_limb_wounds_5c0c8361de80c377.jpg,5c0c8361de80c377df1accf7c97914248c4d6b64d575cd3b210bb368e17d351e,lower_limb_wounds,chronic_wound_out_of_scope,non_wound,CC BY 4.0,g2095,,wound_main/wound_main-0615.jpg,0.669
lower_limb_wounds_f7ad8e4dd5ce9c63.jpg,f7ad8e4dd5ce9c63467c3d12e91f4f9cceecc656232e8af39d49cb84bd045625,lower_limb_wounds,chronic_wound_out_of_scope,non_wound,CC BY 4.0,g2096,,wound_main/wound_main-0616.jpg,0.702
lower_limb_wounds_d1375aa81c3dd71b.jpg,d1375aa81c3dd71b0a32a985e6c57f7e1c4966a588187bede376de3acb210ddd,lower_limb_wounds,chronic_wound_out_of_scope,non_wound,CC BY 4.0,g2097,,wound_main/wound_main-0618.jpg,0.720
lower_limb_wounds_b57dab31f395a851.jpg,b57dab31f395a85154926335d225bc2c2b892828e0b1c094cb2e814e7ddec14b,lower_limb_wounds,chronic_wound_out_of_scope,non_wound,CC BY 4.0,g2105,,wound_main/wound_main-0623.jpg,0.693
lower_limb_wounds_40eedd5cda637bd8.jpg,40eedd5cda637bd8cc374fe93d900a62751a96591272d47b10b713451f0b6ffb,lower_limb_wounds,chronic_wound_out_of_scope,non_wound,CC BY 4.0,g2559,,wound_main/wound_main-0624.jpg,0.654
lower_limb_wounds_08264eab3140c477.jpg,08264eab3140c47761d4474ed0895d01875015fd20b3a2e1972c11d68719f433,lower_limb_wounds,chronic_wound_out_of_scope,non_wound,CC BY 4.0,g2100,,wound_main/wound_main-0625.jpg,0.749
lower_limb_wounds_54a63b045194c533.jpg,54a63b045194c533e6036cd78a877c1c1075746378639c6a68004fddd9dff577,lower_limb_wounds,chronic_wound_out_of_scope,non_wound,CC BY 4.0,g2559,,wound_main/wound_main-0626.jpg,0.725
lower_limb_wounds_ef98818a7ef65560.jpg,ef98818a7ef65560f7fc3fbc275b6960015f6b2647f2aa0940b3227d3fab6f94,lower_limb_wounds,chronic_wound_out_of_scope,non_wound,CC BY 4.0,g2102,,wound_main/wound_main-0627.jpg,0.681
lower_limb_wounds_4d2de89e69c8601b.jpg,4d2de89e69c8601bc4591c5c2d61cbf9204bbe9282707a8eed457582f56adde6,lower_limb_wounds,chronic_wound_out_of_scope,non_wound,CC BY 4.0,g2103,,wound_main/wound_main-0628.jpg,0.703
lower_limb_wounds_822c17163134142a.jpg,822c17163134142affcda57d9aade666bcb84f35c8ccf8f8497cc5fa9cd1b286,lower_limb_wounds,chronic_wound_out_of_scope,non_wound,CC BY 4.0,g2104,,wound_main/wound_main-0633.jpg,0.722
lower_limb_wounds_03cc28e4bae93989.jpg,03cc28e4bae939898112435f71a5d280aef18e702b24c6d20b3d1fc20e135136,lower_limb_wounds,chronic_wound_out_of_scope,non_wound,CC BY 4.0,g2105,,wound_main/wound_main-0637.jpg,0.700
lower_limb_wounds_58033885cab4f63f.jpg,58033885cab4f63f7f5b081ec355f865a0dff40b032de66e51ae5bf6bdc280c2,lower_limb_wounds,chronic_wound_out_of_scope,non_wound,CC BY 4.0,g2106,,wound_main/wound_main-0638.jpg,0.731
lower_limb_wounds_00d76b96a9d1cf85.jpg,00d76b96a9d1cf851efdac8dd40204085b11019e2efafcf38f76d2fe352bb8a6,lower_limb_wounds,chronic_wound_out_of_scope,non_wound,CC BY 4.0,g2107,,wound_main/wound_main-0640.jpg,0.665
lower_limb_wounds_3f16738262eda76a.jpg,3f16738262eda76a67f8b40e2745d17ab652baa5323df6795f1af96acb343f95,lower_limb_wounds,chronic_wound_out_of_scope,non_wound,CC BY 4.0,g2559,,wound_main/wound_main-0641.jpg,0.694
lower_limb_wounds_371f5d6e62b7ffb3.jpg,371f5d6e62b7ffb36e69220148d9dee5dbfaacb1e08249f2d85cbed4aa23bee9,lower_limb_wounds,chronic_wound_out_of_scope,non_wound,CC BY 4.0,g2109,,wound_main/wound_main-0643.jpg,0.738
lower_limb_wounds_09601093b26d7d06.jpg,09601093b26d7d067f1d1c2c97204c448413371fe7cd7f82209a0ce142b517c2,lower_limb_wounds,chronic_wound_out_of_scope,non_wound,CC BY 4.0,g2110,,wound_main/wound_main-0645.jpg,0.744
lower_limb_wounds_00ae387a6c1d8c43.jpg,00ae387a6c1d8c4305b3e8610f2705abb1c7ffc9a9630493b308b7e82a3ad67c,lower_limb_wounds,chronic_wound_out_of_scope,non_wound,CC BY 4.0,g2559,,wound_main/wound_main-0646.jpg,0.655
lower_limb_wounds_692b7b2f63fa8183.jpg,692b7b2f63fa8183b3779810912806fbe7a5fc50d9ab3208ea8ba586d20e46a7,lower_limb_wounds,chronic_wound_out_of_scope,non_wound,CC BY 4.0,g2179,,wound_main/wound_main-0648.jpg,0.694
lower_limb_wounds_3dfe564f3efe2f60.jpg,3dfe564f3efe2f603c8ff9e8d8d914a30a32d55b0277ea3805eec5b55a96d7ad,lower_limb_wounds,chronic_wound_out_of_scope,non_wound,CC BY 4.0,g2113,,wound_main/wound_main-0651.jpg,0.693
lower_limb_wounds_f7abb4bb1ce94d68.jpg,f7abb4bb1ce94d68eb60724205c885834f33e52b3fe7dd49e5861363b5493239,lower_limb_wounds,chronic_wound_out_of_scope,non_wound,CC BY 4.0,g2114,,wound_main/wound_main-0652.jpg,0.695
lower_limb_wounds_239e4c33c594b6d3.jpg,239e4c33c594b6d3bfda403c36a420bf3116c9514a2a3d00fc72325767b2016c,lower_limb_wounds,chronic_wound_out_of_scope,non_wound,CC BY 4.0,g2115,,wound_main/wound_main-0654.jpg,0.706
lower_limb_wounds_245380146430b574.jpg,245380146430b574d0de9388a454547c2920aa08fb26e21451ce8b734611a465,lower_limb_wounds,chronic_wound_out_of_scope,non_wound,CC BY 4.0,g2116,,wound_main/wound_main-0655.jpg,0.729
lower_limb_wounds_798eced7aa4bb1fb.jpg,798eced7aa4bb1fba98f0ee3314d926d001145c9c515cfc671779ff4588722bc,lower_limb_wounds,chronic_wound_out_of_scope,non_wound,CC BY 4.0,g2117,,wound_main/wound_main-0658.jpg,0.721
lower_limb_wounds_e27181067cc27656.jpg,e27181067cc27656240db256c9576d0033f824724020527fd75714db9c32660d,lower_limb_wounds,chronic_wound_out_of_scope,non_wound,CC BY 4.0,g2118,,wound_main/wound_main-0661.jpg,0.702
lower_limb_wounds_f198a1e1e16d67a8.jpg,f198a1e1e16d67a86e87f1b788acec9264a76a663d5a4338c620255d9f9f3d6b,lower_limb_wounds,chronic_wound_out_of_scope,non_wound,CC BY 4.0,g2119,,wound_main/wound_main-0662.jpg,0.723
lower_limb_wounds_75c91f0eb12e3a06.jpg,75c91f0eb12e3a06438621e53dbbeb2f8b756ddb6f785c07326d5465625eed1b,lower_limb_wounds,chronic_wound_out_of_scope,non_wound,CC BY 4.0,g2120,,wound_main/wound_main-0663.jpg,0.709
lower_limb_wounds_ae3f08692988e150.jpg,ae3f08692988e150f9488a584afb8e2bac51161f91d98c356f482c272dcbd8d9,lower_limb_wounds,chronic_wound_out_of_scope,non_wound,CC BY 4.0,g2121,,wound_main/wound_main-0664.jpg,0.733
lower_limb_wounds_8ed464afbd1868b6.jpg,8ed464afbd1868b6619528454384ff19d48ae6a11b5f121507e61e3482b70fae,lower_limb_wounds,chronic_wound_out_of_scope,non_wound,CC BY 4.0,g2559,,wound_main/wound_main-0666.jpg,0.675
lower_limb_wounds_3d840a6f2b626491.jpg,3d840a6f2b62649140668f69d627e307cefd84c6ec0cece357d77a4c9dba339b,lower_limb_wounds,chronic_wound_out_of_scope,non_wound,CC BY 4.0,g2123,,wound_main/wound_main-0675.jpg,0.671
lower_limb_wounds_604c54cfe36d5fcf.jpg,604c54cfe36d5fcf483eaa71858d5fcb68bab51974dbaa68d5478aea28ebdcdf,lower_limb_wounds,chronic_wound_out_of_scope,non_wound,CC BY 4.0,g2124,,wound_main/wound_main-0678.jpg,0.736
lower_limb_wounds_a46015371c3c85c1.jpg,a46015371c3c85c1cdd3e5c1a9c499b33dde72cc8874a87dbdbfc14e19eefe7b,lower_limb_wounds,chronic_wound_out_of_scope,non_wound,CC BY 4.0,g2125,,wound_main/wound_main-0680.jpg,0.718
lower_limb_wounds_c06451a97afe3b95.jpg,c06451a97afe3b95104774d7c140c113252e5cfc873ae2a3323c2e33b7fe7113,lower_limb_wounds,chronic_wound_out_of_scope,non_wound,CC BY 4.0,g2126,,wound_main/wound_main-0681.jpg,0.715
lower_limb_wounds_21a27318594db57a.jpg,21a27318594db57a1df97908708047b154d1c86c24336120d7eb2f092355f7f6,lower_limb_wounds,chronic_wound_out_of_scope,non_wound,CC BY 4.0,g2127,,wound_main/wound_main-0683.jpg,0.721
lower_limb_wounds_c1bbf22b03f6de05.jpg,c1bbf22b03f6de05c2a0c070c4860075906119d13bb3e7d822d6bd2e1331beff,lower_limb_wounds,chronic_wound_out_of_scope,non_wound,CC BY 4.0,g2128,,wound_main/wound_main-0688.jpg,0.708
lower_limb_wounds_378f0a4699824922.jpg,378f0a4699824922d0184d50267cf1fae4a267d8de9dcd9ab29311f4f2c605a6,lower_limb_wounds,chronic_wound_out_of_scope,non_wound,CC BY 4.0,g2129,,wound_main/wound_main-0689.jpg,0.710
lower_limb_wounds_d772b48c93f97076.jpg,d772b48c93f9707674b967820470d5f22941e4ee357390e6f609f2ddd5f39543,lower_limb_wounds,chronic_wound_out_of_scope,non_wound,CC BY 4.0,g2130,,wound_main/wound_main-0691.jpg,0.741
lower_limb_wounds_f3606f2663199e21.jpg,f3606f2663199e21a0f7fa67ffe38f7225a1c5634a080b49f0bdde86d5b42aac,lower_limb_wounds,chronic_wound_out_of_scope,non_wound,CC BY 4.0,g2161,,wound_main/wound_main-0694.jpg,0.699
lower_limb_wounds_09d444a58ee115e9.jpg,09d444a58ee115e9d2743f713bf4215f82ef041896f685d8e5c34f851abd3e6d,lower_limb_wounds,chronic_wound_out_of_scope,non_wound,CC BY 4.0,g2132,,wound_main/wound_main-0696.jpg,0.728
lower_limb_wounds_8d157100859d9d4d.jpg,8d157100859d9d4da4453b10f4d8c1e55811cf9e4ce884c53ca3341cb11373ef,lower_limb_wounds,chronic_wound_out_of_scope,non_wound,CC BY 4.0,g2133,,wound_main/wound_main-0697.jpg,0.729
lower_limb_wounds_a24d32382cf3075e.jpg,a24d32382cf3075e0b3d2df2f1219cef7fce7d3d91475f08ade3894adaf65633,lower_limb_wounds,chronic_wound_out_of_scope,non_wound,CC BY 4.0,g2134,,wound_main/wound_main-0699.jpg,0.655
lower_limb_wounds_c8d9569740553952.jpg,c8d956974055395237f48c94a2b984b459642e3baf0cb42b35970e57c1879eb8,lower_limb_wounds,chronic_wound_out_of_scope,non_wound,CC BY 4.0,g2135,,wound_main/wound_main-0702.jpg,0.741
lower_limb_wounds_3df77046910482a7.jpg,3df77046910482a706c66fb6666d34909abfe1c761779ae9f8ff4a513c020064,lower_limb_wounds,chronic_wound_out_of_scope,non_wound,CC BY 4.0,g2136,,wound_main/wound_main-0707.jpg,0.729
lower_limb_wounds_256d6385629692d8.jpg,256d6385629692d85ef836d910c44b4d915f0ecb1e561646c9104c28539590a4,lower_limb_wounds,chronic_wound_out_of_scope,non_wound,CC BY 4.0,g2549,,wound_main/wound_main-0709.jpg,0.701
lower_limb_wounds_28ab7d61bd905713.jpg,28ab7d61bd905713d09e2fb4af31d3074a9109c76444f3ecb99327b7fc71078c,lower_limb_wounds,chronic_wound_out_of_scope,non_wound,CC BY 4.0,g2549,,wound_main/wound_main-0710.jpg,0.725
lower_limb_wounds_5e951d2f27065bc9.jpg,5e951d2f27065bc931c458b4aee5f580db0a3d68b43b4a0625dcb2892f084c7a,lower_limb_wounds,chronic_wound_out_of_scope,non_wound,CC BY 4.0,g2139,,wound_main/wound_main-0714.jpg,0.749
lower_limb_wounds_efe83d7985a8c528.jpg,efe83d7985a8c52831a9e81af8147161baa00fb89706b36667e3e81718379add,lower_limb_wounds,chronic_wound_out_of_scope,non_wound,CC BY 4.0,g2140,,wound_main/wound_main-0716.jpg,0.722
lower_limb_wounds_a4dea77bfa5c9254.jpg,a4dea77bfa5c9254ad4ef11cae6927c2f81ec35c5b5265afc1c70d3f82f5f374,lower_limb_wounds,chronic_wound_out_of_scope,non_wound,CC BY 4.0,g2549,,wound_main/wound_main-0720.jpg,0.748
lower_limb_wounds_b7d9836168bf195c.jpg,b7d9836168bf195c751db9525d3f255b3e88d9807271d90c7c52b9b2081af278,lower_limb_wounds,chronic_wound_out_of_scope,non_wound,CC BY 4.0,g2142,,wound_main/wound_main-0722.jpg,0.729
lower_limb_wounds_56b0f4ab86158057.jpg,56b0f4ab86158057cc4f4bc1046cbb9da7438669bbe52df93dfc5b183852499b,lower_limb_wounds,chronic_wound_out_of_scope,non_wound,CC BY 4.0,g2143,,wound_main/wound_main-0733.jpg,0.734
lower_limb_wounds_84f524aa11bc6e34.jpg,84f524aa11bc6e34b49bfa2e082f6a8f49aa9085e0b5ba42a04301a44b87ab25,lower_limb_wounds,chronic_wound_out_of_scope,non_wound,CC BY 4.0,g2144,,wound_main/wound_main-0736.jpg,0.722
lower_limb_wounds_4bf003751d3dced1.jpg,4bf003751d3dced10e7e45bf801bc5e5165ce3e466c483809d28e4bd25b7b39a,lower_limb_wounds,chronic_wound_out_of_scope,non_wound,CC BY 4.0,g2170,,wound_main/wound_main-0739.jpg,0.746
lower_limb_wounds_081bfcd76668320b.jpg,081bfcd76668320b0c8be976ced57da8f06645d4c733f92b1a3937196c3eeb3a,lower_limb_wounds,chronic_wound_out_of_scope,non_wound,CC BY 4.0,g2559,,wound_main/wound_main-0740.jpg,0.691
lower_limb_wounds_e689542046bebc06.jpg,e689542046bebc06f90949161bb458e490fc6d1140cbeb872dc94029b5d89d9c,lower_limb_wounds,chronic_wound_out_of_scope,non_wound,CC BY 4.0,g2147,,wound_main/wound_main-0742.jpg,0.744
lower_limb_wounds_dbb8afc8d2375009.jpg,dbb8afc8d237500920f94b15e2a107ebad662c16cf7bdda39e743e510bd8a4f7,lower_limb_wounds,chronic_wound_out_of_scope,non_wound,CC BY 4.0,g2148,,wound_main/wound_main-0745.jpg,0.730
lower_limb_wounds_4c20165f48daee4d.jpg,4c20165f48daee4dcf2b336e23548d002abc141bd12dcab2cb28b76fec53a367,lower_limb_wounds,chronic_wound_out_of_scope,non_wound,CC BY 4.0,g2153,,wound_main/wound_main-0751.jpg,0.729
lower_limb_wounds_5f4088fa326ec02f.jpg,5f4088fa326ec02f45423d9e350d61c9d90a9c702477b33c066341c104550a20,lower_limb_wounds,chronic_wound_out_of_scope,non_wound,CC BY 4.0,g2153,,wound_main/wound_main-0752.jpg,0.749
lower_limb_wounds_80b9ea51a59d3d12.jpg,80b9ea51a59d3d12cec64a8294bbdf5267c68977131d2d06bde833f3bd43b9b2,lower_limb_wounds,chronic_wound_out_of_scope,non_wound,CC BY 4.0,g2559,,wound_main/wound_main-0754.jpg,0.670
lower_limb_wounds_efb790e436b9c521.jpg,efb790e436b9c52116381947eaf9638419120645c665c54d5d0ba1f81c9f34b6,lower_limb_wounds,chronic_wound_out_of_scope,non_wound,CC BY 4.0,g2153,,wound_main/wound_main-0755.jpg,0.738
lower_limb_wounds_523832cc03ca616f.jpg,523832cc03ca616f69ce2ad289f88f8b602c9cffb2e6a37b3c77f08d4ac340b2,lower_limb_wounds,chronic_wound_out_of_scope,non_wound,CC BY 4.0,g2153,,wound_main/wound_main-0756.jpg,0.747
lower_limb_wounds_469105fdee7061be.jpg,469105fdee7061bef8b90241de4e5b5ead1a442c11045bbbf276432902656c30,lower_limb_wounds,chronic_wound_out_of_scope,non_wound,CC BY 4.0,g2154,,wound_main/wound_main-0759.jpg,0.710
lower_limb_wounds_249d12f3c08e5f2d.jpg,249d12f3c08e5f2d7402908829c082df97727d8ac22f3cd4cc8d22eff1c31358,lower_limb_wounds,chronic_wound_out_of_scope,non_wound,CC BY 4.0,g2155,,wound_main/wound_main-0761.jpg,0.743
lower_limb_wounds_83e22d54950f65a8.jpg,83e22d54950f65a832b078dc4050939ac42e263d72f10af466c4da8306b21a0b,lower_limb_wounds,chronic_wound_out_of_scope,non_wound,CC BY 4.0,g2156,,wound_main/wound_main-0762.jpg,0.742
lower_limb_wounds_3871222a5f1f8e4f.jpg,3871222a5f1f8e4f4656213a47a7398969538f4c7f2fe0cfeb1e9e37a77f3878,lower_limb_wounds,chronic_wound_out_of_scope,non_wound,CC BY 4.0,g2559,,wound_main/wound_main-0763.jpg,0.683
lower_limb_wounds_fa7053124d6edae5.jpg,fa7053124d6edae5f74b53a6fa01a31d2a6aae378b3dd4f3b23cfe492dd36929,lower_limb_wounds,chronic_wound_out_of_scope,non_wound,CC BY 4.0,g2559,,wound_main/wound_main-0764.jpg,0.672
lower_limb_wounds_bd8e1a146196a66b.jpg,bd8e1a146196a66bb2d6ae474dd5cfda04979b14764c31613b81fd7765b877c9,lower_limb_wounds,chronic_wound_out_of_scope,non_wound,CC BY 4.0,g2159,,wound_main/wound_main-0765.jpg,0.723
lower_limb_wounds_1bea9545b75bf86b.jpg,1bea9545b75bf86bf4cc24e95c9c63c35c6929ff7a549df96d516537507fe518,lower_limb_wounds,chronic_wound_out_of_scope,non_wound,CC BY 4.0,g2160,,wound_main/wound_main-0766.jpg,0.712
lower_limb_wounds_aff60a75fce86d5a.jpg,aff60a75fce86d5aa0945cc40f3b128f31d50749c854ef95961bda55613e5f3e,lower_limb_wounds,chronic_wound_out_of_scope,non_wound,CC BY 4.0,g2161,,wound_main/wound_main-0770.jpg,0.735
lower_limb_wounds_65f633a4c04c5a7a.jpg,65f633a4c04c5a7ad8055f063853ddd20b082b4ee647cd4a7e6a4c0a6a419bfd,lower_limb_wounds,chronic_wound_out_of_scope,non_wound,CC BY 4.0,g2165,,wound_main/wound_main-0772.jpg,0.742
lower_limb_wounds_81abc3d02b4b4529.jpg,81abc3d02b4b4529f6718f3fbb66bc348d6577dced8e63490411ea34b89aad1f,lower_limb_wounds,chronic_wound_out_of_scope,non_wound,CC BY 4.0,g2559,,wound_main/wound_main-0775.jpg,0.683
lower_limb_wounds_a104be8e709c30f3.jpg,a104be8e709c30f37e15d7f69effe0742f9ab84c64a170e268c7208d8ab075ae,lower_limb_wounds,chronic_wound_out_of_scope,non_wound,CC BY 4.0,g2164,,wound_main/wound_main-0776.jpg,0.703
lower_limb_wounds_2ba47ddc2bb24689.jpg,2ba47ddc2bb246897e6b744ca027d01ec5efc4f8a77e88206f1bcb3adda3a268,lower_limb_wounds,chronic_wound_out_of_scope,non_wound,CC BY 4.0,g2165,,wound_main/wound_main-0777.jpg,0.738
lower_limb_wounds_42258b0b0c83fe83.jpg,42258b0b0c83fe83f8a97087a1cc389f8e6df7c97a57395c0b4e6e68791bf5e9,lower_limb_wounds,chronic_wound_out_of_scope,non_wound,CC BY 4.0,g2166,,wound_main/wound_main-0779.jpg,0.722
lower_limb_wounds_d5c8db4c464e6946.jpg,d5c8db4c464e6946d880904ae8293c364184c735fde4a383f85304c7b90c63f2,lower_limb_wounds,chronic_wound_out_of_scope,non_wound,CC BY 4.0,g2167,,wound_main/wound_main-0781.jpg,0.746
lower_limb_wounds_d61fd4e366adcc07.jpg,d61fd4e366adcc0701f1c3e5c4b29d8071ef1e874b112e98e8cfea1b4f004c41,lower_limb_wounds,chronic_wound_out_of_scope,non_wound,CC BY 4.0,g2168,,wound_main/wound_main-0782.jpg,0.699
lower_limb_wounds_218b29c967c042e4.jpg,218b29c967c042e495a976fa8e4fd906a5e0406847c8a537683e1130c7eeb002,lower_limb_wounds,chronic_wound_out_of_scope,non_wound,CC BY 4.0,g2169,,wound_main/wound_main-0784.jpg,0.724
lower_limb_wounds_a82a1cb25a7baf92.jpg,a82a1cb25a7baf921f126775a09bf7d1bc18d67e66703a6eafe5306828c51136,lower_limb_wounds,chronic_wound_out_of_scope,non_wound,CC BY 4.0,g2170,,wound_main/wound_main-0786.jpg,0.749
lower_limb_wounds_ca5d2403d2d6f3cd.jpg,ca5d2403d2d6f3cd0ede7e8ec48a5cc44307573fdbf18a31f3544a04ec143494,lower_limb_wounds,chronic_wound_out_of_scope,non_wound,CC BY 4.0,g2171,,wound_main/wound_main-0788.jpg,0.702
lower_limb_wounds_2c0014ac50871347.jpg,2c0014ac508713476feb93622d6b73e6264ad8cb59a85a1acd03125606ac8611,lower_limb_wounds,chronic_wound_out_of_scope,non_wound,CC BY 4.0,g2172,,wound_main/wound_main-0791.jpg,0.714
lower_limb_wounds_9a5a77dcbd0fcbe9.jpg,9a5a77dcbd0fcbe930d85e02f01b7417fba27d37bfc77383a12afe33fced2b23,lower_limb_wounds,chronic_wound_out_of_scope,non_wound,CC BY 4.0,g2173,,wound_main/wound_main-0795.jpg,0.708
lower_limb_wounds_55a7b7f4c56d6b86.jpg,55a7b7f4c56d6b86cd4f5795ba09be2870958e276490a89ee32a7303e6dde807,lower_limb_wounds,chronic_wound_out_of_scope,non_wound,CC BY 4.0,g2174,,wound_main/wound_main-0796.jpg,0.705
lower_limb_wounds_2c1ffcc8a65a4921.jpg,2c1ffcc8a65a49212c6f7c5d63f9c789e2c574eb65b92a2beba671c87d5cad88,lower_limb_wounds,chronic_wound_out_of_scope,non_wound,CC BY 4.0,g2175,,wound_main/wound_main-0797.jpg,0.695
lower_limb_wounds_1601a0664f49ca76.jpg,1601a0664f49ca76bf43d812743d16caf39d42171a796a3833e71339aad05359,lower_limb_wounds,chronic_wound_out_of_scope,non_wound,CC BY 4.0,g2176,,wound_main/wound_main-0798.jpg,0.684
lower_limb_wounds_e41b1831715eb69a.jpg,e41b1831715eb69a9450f4096d2b2b2e767f5db6c5489cbb0334e28f5183b43a,lower_limb_wounds,chronic_wound_out_of_scope,non_wound,CC BY 4.0,g2177,,wound_main/wound_main-0799.jpg,0.671
lower_limb_wounds_9b1ee6f981d02065.jpg,9b1ee6f981d02065de222c08f61a8df3b7e1cd412730579e64e78671a359cc30,lower_limb_wounds,chronic_wound_out_of_scope,non_wound,CC BY 4.0,g2178,,wound_main/wound_main-0800.jpg,0.669
lower_limb_wounds_09284cde49bf1db6.jpg,09284cde49bf1db6d048314c292c6fec74c60fb91e6879a9b815853878fb98b4,lower_limb_wounds,chronic_wound_out_of_scope,non_wound,CC BY 4.0,g2179,,wound_main/wound_main-0801.jpg,0.699
lower_limb_wounds_7ba201df87d0a127.jpg,7ba201df87d0a12799ea63180ef41d95a0308db9f1d7de330e47453799900fb9,lower_limb_wounds,chronic_wound_out_of_scope,non_wound,CC BY 4.0,g2180,,wound_main/wound_main-0804.jpg,0.711
lower_limb_wounds_6af54a7e2ade9024.jpg,6af54a7e2ade90249cfd0b9b832a220890f48f523c05789ef324bd77c46ccb78,lower_limb_wounds,chronic_wound_out_of_scope,non_wound,CC BY 4.0,g2181,,wound_main/wound_main-0807.jpg,0.718
lower_limb_wounds_e376c844a653765a.jpg,e376c844a653765a044112bfdcedaff1a64065f837854658e5e3afe5e912dddb,lower_limb_wounds,chronic_wound_out_of_scope,non_wound,CC BY 4.0,g2182,,wound_main/wound_main-0808.jpg,0.693
lower_limb_wounds_756b891b55496be2.jpg,756b891b55496be2d722ae830b391dd78841811dedb41ea540886f09552eb2b3,lower_limb_wounds,chronic_wound_out_of_scope,non_wound,CC BY 4.0,g2183,,wound_main/wound_main-0809.jpg,0.709
lower_limb_wounds_36dffe5cd9eef116.jpg,36dffe5cd9eef116ca591a525e229b831289aafc4784ed31fb89a379c356ce08,lower_limb_wounds,chronic_wound_out_of_scope,non_wound,CC BY 4.0,g2184,,wound_main/wound_main-0810.jpg,0.701
lower_limb_wounds_ba665d7c3920fff7.jpg,ba665d7c3920fff78c82210baa57c0e3030e941b811885c34ab199ccce39a304,lower_limb_wounds,chronic_wound_out_of_scope,non_wound,CC BY 4.0,g2185,,wound_main/wound_main-0813.jpg,0.732
lower_limb_wounds_9d29a56a9bd2e133.jpg,9d29a56a9bd2e133a9ad7d12368b47a2f830e65f623e06a78b3cdb3b643227ca,lower_limb_wounds,chronic_wound_out_of_scope,non_wound,CC BY 4.0,g2186,,wound_main/wound_main-0814.jpg,0.712
lower_limb_wounds_7856754f8d3881bf.jpg,7856754f8d3881bf31270fd40c26f7e77730c278531c0fc2a15f7ac0eeefd487,lower_limb_wounds,chronic_wound_out_of_scope,non_wound,CC BY 4.0,g2187,,wound_main/wound_main-0815.jpg,0.693
lower_limb_wounds_f2bf37dd86c91ea0.jpg,f2bf37dd86c91ea092916f0c041e9dcb35097bda40577aaf622e20cb7cf0e3c9,lower_limb_wounds,chronic_wound_out_of_scope,non_wound,CC BY 4.0,g2202,,wound_main/wound_main-0816.jpg,0.730
lower_limb_wounds_128ad2bcca42ba96.jpg,128ad2bcca42ba9614aad0267da55abc02a3862e11c80222ca18b566ddaa363f,lower_limb_wounds,chronic_wound_out_of_scope,non_wound,CC BY 4.0,g2189,,wound_main/wound_main-0818.jpg,0.730
lower_limb_wounds_4c0becdb51f34d7b.jpg,4c0becdb51f34d7b0408b08ec7dccbaf91524f28a128c16d6ec6ad2dba3f032a,lower_limb_wounds,chronic_wound_out_of_scope,non_wound,CC BY 4.0,g2190,,wound_main/wound_main-0821.jpg,0.725
lower_limb_wounds_921b439b9faa3af6.jpg,921b439b9faa3af63afe8b55b05a625bb759ecdacf1cd5b5cfa035fb4dd17f6f,lower_limb_wounds,chronic_wound_out_of_scope,non_wound,CC BY 4.0,g2559,,wound_main/wound_main-0822.jpg,0.698
lower_limb_wounds_b61583e7e0282200.jpg,b61583e7e02822003d1111df2189022ead59564d62ef103cbd42cfc044052d8e,lower_limb_wounds,chronic_wound_out_of_scope,non_wound,CC BY 4.0,g2549,,wound_main/wound_main-0824.jpg,0.704
lower_limb_wounds_04122b48f943e87e.jpg,04122b48f943e87e3a2c44f327d2a6e0a095f8fb1ab4f6d2b735743bd9c87c38,lower_limb_wounds,chronic_wound_out_of_scope,non_wound,CC BY 4.0,g2193,,wound_main/wound_main-0825.jpg,0.676
lower_limb_wounds_651bd4bb0d039ba7.jpg,651bd4bb0d039ba769f07ddb96aa58b9389fbc19a764c35dff29b6f5948f74c7,lower_limb_wounds,chronic_wound_out_of_scope,non_wound,CC BY 4.0,g2194,,wound_main/wound_main-0826.jpg,0.690
lower_limb_wounds_4968e1f44a5955b3.jpg,4968e1f44a5955b3d7753293daa1f9002342f6b4acd9dfccf7f2f07e3ee7450e,lower_limb_wounds,chronic_wound_out_of_scope,non_wound,CC BY 4.0,g2195,,wound_main/wound_main-0827.jpg,0.692
lower_limb_wounds_a7380d0519181dc0.jpg,a7380d0519181dc09557dbdbd611d27038eeab0a7a1618de77f69feeca9fe79f,lower_limb_wounds,chronic_wound_out_of_scope,non_wound,CC BY 4.0,g2196,,wound_main/wound_main-0833.jpg,0.734
lower_limb_wounds_ddf753cd4ee39c76.jpg,ddf753cd4ee39c76bfe8e039655714034fe442fa7ca095419164d9beebaf9c79,lower_limb_wounds,chronic_wound_out_of_scope,non_wound,CC BY 4.0,g2197,,wound_main/wound_main-0835.jpg,0.724
lower_limb_wounds_63db876a182884d7.jpg,63db876a182884d799099fc5a43c4b8da9cd2ad06d502e577654bef932df7ed9,lower_limb_wounds,chronic_wound_out_of_scope,non_wound,CC BY 4.0,g2198,,wound_main/wound_main-0837.jpg,0.717
lower_limb_wounds_322caacbd596d195.jpg,322caacbd596d195158558d3001a58621f8aa88896b4c0ddc9d7ea65bd4164eb,lower_limb_wounds,chronic_wound_out_of_scope,non_wound,CC BY 4.0,g2199,,wound_main/wound_main-0838.jpg,0.682
lower_limb_wounds_43b3d69cead9e573.jpg,43b3d69cead9e5733d33e691578cddabd403b8de9bc05fa80b56fcffee903d8d,lower_limb_wounds,chronic_wound_out_of_scope,non_wound,CC BY 4.0,g2200,,wound_main/wound_main-0841.jpg,0.733
lower_limb_wounds_c99c07c7e0674efa.jpg,c99c07c7e0674efa928569976749fcff8029e6691ed3816281f62f126dadfea6,lower_limb_wounds,chronic_wound_out_of_scope,non_wound,CC BY 4.0,g2201,,wound_main/wound_main-0842.jpg,0.700
lower_limb_wounds_14418c637c81108f.jpg,14418c637c81108fb31c9fa2d24c49f7724801573616cd5395f8e129007de5e5,lower_limb_wounds,chronic_wound_out_of_scope,non_wound,CC BY 4.0,g2202,,wound_main/wound_main-0845.jpg,0.715
lower_limb_wounds_384bcc1d1b308349.jpg,384bcc1d1b30834926eb08b32cdce5f826b2255ecf8034976ac62de680898c88,lower_limb_wounds,chronic_wound_out_of_scope,non_wound,CC BY 4.0,g2203,,wound_main/wound_main-0846.jpg,0.696
lower_limb_wounds_920fbd57a82faa70.jpg,920fbd57a82faa70d5809b4662074540628457519093effca468f11b75abb569,lower_limb_wounds,chronic_wound_out_of_scope,non_wound,CC BY 4.0,g2204,,wound_main/wound_main-0848.jpg,0.747
lower_limb_wounds_1333c661dc4f3911.jpg,1333c661dc4f39115b00aa090034f8c13fb91d8295e6b828299a1141cc2bb8d2,lower_limb_wounds,chronic_wound_out_of_scope,non_wound,CC BY 4.0,g2205,,wound_main/wound_main-0849.jpg,0.685
lower_limb_wounds_337ecf5cb41ba7ea.jpg,337ecf5cb41ba7ea37021c3b62d98bf9b9778112baba6e0d2f7a43c27da4e12a,lower_limb_wounds,chronic_wound_out_of_scope,non_wound,CC BY 4.0,g2206,,wound_main/wound_main-0850.jpg,0.717
lower_limb_wounds_921eeeb3527847ee.jpg,921eeeb3527847ee05d02fac57bc0cbe6e2dd85c355b7eb5ef77caedc77b66ca,lower_limb_wounds,chronic_wound_out_of_scope,non_wound,CC BY 4.0,g2207,,wound_main/wound_main-0851.jpg,0.691
lower_limb_wounds_c1b889b806ea9df5.jpg,c1b889b806ea9df5cc6011484d37723ffd199c8b2fd43a5b30c08ad1f512383b,lower_limb_wounds,chronic_wound_out_of_scope,non_wound,CC BY 4.0,g2208,,wound_main/wound_main-0852.jpg,0.700
lower_limb_wounds_dde4eba259d4d8d3.jpg,dde4eba259d4d8d3b65beade94016089a7a38c4150031175a39cf42e970c9d35,lower_limb_wounds,chronic_wound_out_of_scope,non_wound,CC BY 4.0,g2209,,wound_main/wound_main-0853.jpg,0.684
lower_limb_wounds_6fa222a7a27526aa.jpg,6fa222a7a27526aa2fc20f350486559c5e321133f1a9208939db599b960a4470,lower_limb_wounds,chronic_wound_out_of_scope,non_wound,CC BY 4.0,g2210,,wound_main/wound_main-0856.jpg,0.728
lower_limb_wounds_cec2c0d879e00d2a.jpg,cec2c0d879e00d2a39a7df5ca3b84cce9fb7983e0a693898ac7d66a09ceed6f7,lower_limb_wounds,chronic_wound_out_of_scope,non_wound,CC BY 4.0,g2211,,wound_main/wound_main-0859.jpg,0.687
lower_limb_wounds_b8bf296ba0de25ba.jpg,b8bf296ba0de25ba78003b980d9415907b4f04fb86f688bf3ac679bc95a3578b,lower_limb_wounds,chronic_wound_out_of_scope,non_wound,CC BY 4.0,g2212,,wound_main/wound_main-0862.jpg,0.713
lower_limb_wounds_9c54828d20ad7e18.jpg,9c54828d20ad7e181dd1c43cbf5d2e1c27c0d672c2a0928aab94d822c2036fef,lower_limb_wounds,chronic_wound_out_of_scope,non_wound,CC BY 4.0,g2213,,wound_main/wound_main-0864.jpg,0.744
lower_limb_wounds_057922864f7a6629.jpg,057922864f7a662935333545e77d172d6895bab8c08d726405f0e2e34ff4da2a,lower_limb_wounds,chronic_wound_out_of_scope,non_wound,CC BY 4.0,g2549,,wound_main/wound_main-0868.jpg,0.726
lower_limb_wounds_09a741c3997ea373.jpg,09a741c3997ea373d3d34eb5656940ca23cbb74f59368a567c1959fc4cbd27cf,lower_limb_wounds,chronic_wound_out_of_scope,non_wound,CC BY 4.0,g2215,,wound_main/wound_main-0869.jpg,0.693
lower_limb_wounds_4b8bdefe8152dcf7.jpg,4b8bdefe8152dcf7f9547f72020da78e38f70f39b2c5c87c5a58f8c7fd54babc,lower_limb_wounds,chronic_wound_out_of_scope,non_wound,CC BY 4.0,g2216,,wound_main/wound_main-0870.jpg,0.702
lower_limb_wounds_ed31be80e3ee4903.jpg,ed31be80e3ee4903e977d2103a970ce89e75787039e404f740a066dae7e974a7,lower_limb_wounds,chronic_wound_out_of_scope,non_wound,CC BY 4.0,g2217,,wound_main/wound_main-0871.jpg,0.685
lower_limb_wounds_11d7b55b0339b0ab.jpg,11d7b55b0339b0abee09cfdafc739a0750f458ba38edce12be7775a9d68b9584,lower_limb_wounds,chronic_wound_out_of_scope,non_wound,CC BY 4.0,g2218,,wound_main/wound_main-0872.jpg,0.684
lower_limb_wounds_9a002a693177d3b5.jpg,9a002a693177d3b55b707eb8430cac72eeec14fb5430e8eb20a6f6ba78ad10d3,lower_limb_wounds,chronic_wound_out_of_scope,non_wound,CC BY 4.0,g2219,,wound_main/wound_main-0873.jpg,0.728
lower_limb_wounds_5bb19fd698f504fc.jpg,5bb19fd698f504fc580b98cd6741da893f47c79a94f4aa66cbf7b1facf49e0c8,lower_limb_wounds,chronic_wound_out_of_scope,non_wound,CC BY 4.0,g2220,,wound_main/wound_main-0876.jpg,0.661
lower_limb_wounds_da01fe14eca73597.jpg,da01fe14eca735976f1157197c556f5b758dd5cc4ffd970d885d0f0ba58a3396,lower_limb_wounds,chronic_wound_out_of_scope,non_wound,CC BY 4.0,g2221,,wound_main/wound_main-0878.jpg,0.731
lower_limb_wounds_d3af3351d1eba641.jpg,d3af3351d1eba641df02adb506afa4d6fbd78472d5a604cd4ac4c437404d8299,lower_limb_wounds,chronic_wound_out_of_scope,non_wound,CC BY 4.0,g2222,,wound_main/wound_main-0879.jpg,0.725
lower_limb_wounds_437879cbd7182750.jpg,437879cbd7182750d846a49c337182e8f4e156025e2b96bf0f2faf19b830be42,lower_limb_wounds,chronic_wound_out_of_scope,non_wound,CC BY 4.0,g2339,,wound_main/wound_main-0882.jpg,0.686
lower_limb_wounds_e650b5474a429d80.jpg,e650b5474a429d805b174a7b584765a053e52f0f20c803e8b278dcb51546ea68,lower_limb_wounds,chronic_wound_out_of_scope,non_wound,CC BY 4.0,g2549,,wound_main/wound_main-0883.jpg,0.704
lower_limb_wounds_efc9a60e5a30a0b0.jpg,efc9a60e5a30a0b09bdb775c6724aecac0278355f308ad6f5c5451ac375158ed,lower_limb_wounds,chronic_wound_out_of_scope,non_wound,CC BY 4.0,g2225,,wound_main/wound_main-0885.jpg,0.733
lower_limb_wounds_e09f1a6eb9f267fd.jpg,e09f1a6eb9f267fd12f68a2ac1614c0f07f69c20062bd4adf2e877c03c5fdbf7,lower_limb_wounds,chronic_wound_out_of_scope,non_wound,CC BY 4.0,g2226,,wound_main/wound_main-0887.jpg,0.746
lower_limb_wounds_c0a9698d1bd31010.jpg,c0a9698d1bd3101022c5ea135983faeb8cde5d059573c674a3163dc5eab8f405,lower_limb_wounds,chronic_wound_out_of_scope,non_wound,CC BY 4.0,g2227,,wound_main/wound_main-0889.jpg,0.716
lower_limb_wounds_86f02793bb98dad4.jpg,86f02793bb98dad4a08fcfb997d92e881981a1569b33970b5923719aed3f739a,lower_limb_wounds,chronic_wound_out_of_scope,non_wound,CC BY 4.0,g2549,,wound_main/wound_main-0890.jpg,0.698
lower_limb_wounds_eb10c560df601606.jpg,eb10c560df601606242a2e594a3781f1b405df69aa37d36646ff14211b6926b2,lower_limb_wounds,chronic_wound_out_of_scope,non_wound,CC BY 4.0,g2229,,wound_main/wound_main-0893.jpg,0.708
lower_limb_wounds_93f9e586578e9cfd.jpg,93f9e586578e9cfd70e39978f5613178f6dbb45d6244edd861cb28e52b3026fe,lower_limb_wounds,chronic_wound_out_of_scope,non_wound,CC BY 4.0,g2230,,wound_main/wound_main-0895.jpg,0.698
lower_limb_wounds_73129230f0fd6cd0.jpg,73129230f0fd6cd0e86c92c7a9eb5ec46e7657029be8a7f908f34ab76daa237f,lower_limb_wounds,chronic_wound_out_of_scope,non_wound,CC BY 4.0,g2231,,wound_main/wound_main-0896.jpg,0.735
lower_limb_wounds_9d7d777e4a67dddd.jpg,9d7d777e4a67dddd1ce9b458d49cb9263ff919b2eba5915b9dd33f0f28e9ccb1,lower_limb_wounds,chronic_wound_out_of_scope,non_wound,CC BY 4.0,g2232,,wound_main/wound_main-0899.jpg,0.745
lower_limb_wounds_9c12af7fcbf601bc.jpg,9c12af7fcbf601bcb5a43aa40b6aeea92fc3c871d1ecec6dff0fd72941eff52a,lower_limb_wounds,chronic_wound_out_of_scope,non_wound,CC BY 4.0,g2549,,wound_main/wound_main-0900.jpg,0.700
lower_limb_wounds_a47e13b6e91e46c4.jpg,a47e13b6e91e46c4c54f4b60a5c6971609e8cec318e020c1b85fe45102410f4a,lower_limb_wounds,chronic_wound_out_of_scope,non_wound,CC BY 4.0,g2234,,wound_main/wound_main-0901.jpg,0.722
lower_limb_wounds_2a016e527d27ab21.jpg,2a016e527d27ab21979a45c29d0dcee28bda4be0802677964a044672d0162d1e,lower_limb_wounds,chronic_wound_out_of_scope,non_wound,CC BY 4.0,g2235,,wound_main/wound_main-0903.jpg,0.704
lower_limb_wounds_aa484126527215cc.jpg,aa484126527215ccc7a26c443cf5c429c204c240073fe8790c8cb43c7e03fe43,lower_limb_wounds,chronic_wound_out_of_scope,non_wound,CC BY 4.0,g2236,,wound_main/wound_main-0904.jpg,0.706
lower_limb_wounds_a36bca8accc8f1f2.jpg,a36bca8accc8f1f2b583d70156f63071f0fd2065e8bc305b771f8bc0b6be00e5,lower_limb_wounds,chronic_wound_out_of_scope,non_wound,CC BY 4.0,g2237,,wound_main/wound_main-0906.jpg,0.714
lower_limb_wounds_b5bcae3843ec0a62.jpg,b5bcae3843ec0a628eadf422458bc0eec659ea281000d86f896b224c542b3a3c,lower_limb_wounds,chronic_wound_out_of_scope,non_wound,CC BY 4.0,g2549,,wound_main/wound_main-0907.jpg,0.741
lower_limb_wounds_2ce69f9dc140fe41.jpg,2ce69f9dc140fe418b0f71b899f07c7495b31b0cbcd0b95f3fa43281edd3cf43,lower_limb_wounds,chronic_wound_out_of_scope,non_wound,CC BY 4.0,g2239,,wound_main/wound_main-0914.jpg,0.737
lower_limb_wounds_61ffd838040765a9.jpg,61ffd838040765a9f324098269b74f1c1740deeb3371c1fb42b32a3c15df78e9,lower_limb_wounds,chronic_wound_out_of_scope,non_wound,CC BY 4.0,g2240,,wound_main/wound_main-0926.jpg,0.692
lower_limb_wounds_7708789e70005a6a.jpg,7708789e70005a6a43ef3f9dd89eec282e90ecc1fba57f971c7549af34aff188,lower_limb_wounds,chronic_wound_out_of_scope,non_wound,CC BY 4.0,g2241,,wound_main/wound_main-0930.jpg,0.735
lower_limb_wounds_ba131f379408c21a.jpg,ba131f379408c21a9f99c77c0ae3fb1eeddb93e40f60d1faa07767cc38e5d5f7,lower_limb_wounds,chronic_wound_out_of_scope,non_wound,CC BY 4.0,g2242,,wound_main/wound_main-0933.jpg,0.696
lower_limb_wounds_a30ddb5c51da35f3.jpg,a30ddb5c51da35f3f7059016fb70b7f268e4614fbc4e2160833343806c6d1564,lower_limb_wounds,chronic_wound_out_of_scope,non_wound,CC BY 4.0,g2243,,wound_main/wound_main-0934.jpg,0.745
lower_limb_wounds_68c856bf84d76c1d.jpg,68c856bf84d76c1df32f8ae2fd8b4ca159788922450dadd69a1c75e691eed957,lower_limb_wounds,chronic_wound_out_of_scope,non_wound,CC BY 4.0,g2244,,wound_main/wound_main-0935.jpg,0.709
lower_limb_wounds_c74aee4a2806aa03.jpg,c74aee4a2806aa03798e61c65ab4fddde8fa7de445c62479685731961e4ae470,lower_limb_wounds,chronic_wound_out_of_scope,non_wound,CC BY 4.0,g2245,,wound_main/wound_main-0939.jpg,0.664
lower_limb_wounds_7d7245459bd2ead8.jpg,7d7245459bd2ead81e7dabd80c1fc4c295e83e8f8b332de9f7487a8d3f5424c1,lower_limb_wounds,chronic_wound_out_of_scope,non_wound,CC BY 4.0,g2246,,wound_main/wound_main-0941.jpg,0.739
lower_limb_wounds_2f3dd216330c86f9.jpg,2f3dd216330c86f9c211c9af55958b3b0a046a2b2b7e44a645e2aabb151668ea,lower_limb_wounds,chronic_wound_out_of_scope,non_wound,CC BY 4.0,g2247,,wound_main/wound_main-0942.jpg,0.692
lower_limb_wounds_c92b2f1ac4db96e6.jpg,c92b2f1ac4db96e64e8716b8bfb5d8dc202a588b5dd21babc87208faf7f21710,lower_limb_wounds,chronic_wound_out_of_scope,non_wound,CC BY 4.0,g2248,,wound_main/wound_main-0944.jpg,0.741
lower_limb_wounds_3fd875b2f2e54152.jpg,3fd875b2f2e541529c67616364e1402790db21d8900767936c02bc8b8ce575dd,lower_limb_wounds,chronic_wound_out_of_scope,non_wound,CC BY 4.0,g2249,,wound_main/wound_main-0947.jpg,0.729
lower_limb_wounds_9386764ed129a8f6.jpg,9386764ed129a8f67c24431299003258d78ccac0d488cbc0c0d612f88d9ad229,lower_limb_wounds,chronic_wound_out_of_scope,non_wound,CC BY 4.0,g2250,,wound_main/wound_main-0948.jpg,0.740
lower_limb_wounds_4b36663c1d804e5c.jpg,4b36663c1d804e5c673456cb0b7ea7b8a18eac5bf2e30b59f704adc0aa12a48e,lower_limb_wounds,chronic_wound_out_of_scope,non_wound,CC BY 4.0,g2251,,wound_main/wound_main-0950.jpg,0.713
lower_limb_wounds_e921315aa851ea7e.jpg,e921315aa851ea7e8247a74bfecfcd3a4129e111d2577399e46373fd53c58f35,lower_limb_wounds,chronic_wound_out_of_scope,non_wound,CC BY 4.0,g2252,,wound_main/wound_main-0951.jpg,0.676
lower_limb_wounds_ad53e8ea54d81961.jpg,ad53e8ea54d81961ea18491297c05a82009d7e90d426facd026fa1b2b1bb8a9a,lower_limb_wounds,chronic_wound_out_of_scope,non_wound,CC BY 4.0,g2253,,wound_main/wound_main-0955.jpg,0.713
lower_limb_wounds_e44fc4ffde5999ca.jpg,e44fc4ffde5999ca7cc4a18fb86b4f388b48030e6175fc8ed4f20146109a04ce,lower_limb_wounds,chronic_wound_out_of_scope,non_wound,CC BY 4.0,g2254,,wound_main/wound_main-0958.jpg,0.749
lower_limb_wounds_a4a5fe77cfb145b1.jpg,a4a5fe77cfb145b1db2b00346696c97baf94f396bead9d78340c84ead9ed719d,lower_limb_wounds,chronic_wound_out_of_scope,non_wound,CC BY 4.0,g2255,,wound_main/wound_main-0960.jpg,0.703
lower_limb_wounds_4314b2c99fddca2a.jpg,4314b2c99fddca2a7f530914ebc65cce695bd9c38ffef55d29e31adb2f11e097,lower_limb_wounds,chronic_wound_out_of_scope,non_wound,CC BY 4.0,g2256,,wound_main/wound_main-0963.jpg,0.743
lower_limb_wounds_caa67caccc00a6b8.jpg,caa67caccc00a6b8af293d52daf44cc46d49f071927b9976d6eaae87bffd2a8c,lower_limb_wounds,chronic_wound_out_of_scope,non_wound,CC BY 4.0,g2257,,wound_main/wound_main-0964.jpg,0.662
lower_limb_wounds_0488ccbe312b183c.jpg,0488ccbe312b183c91b3637224b6bcad5a13257cce06eaea04abb3c8e148adec,lower_limb_wounds,chronic_wound_out_of_scope,non_wound,CC BY 4.0,g2258,,wound_main/wound_main-0965.jpg,0.718
lower_limb_wounds_0cda02601d573338.jpg,0cda02601d573338f287ee78c62c96aa82ec47bb85081d2a7d9857af765ed3f3,lower_limb_wounds,chronic_wound_out_of_scope,non_wound,CC BY 4.0,g2259,,wound_main/wound_main-0966.jpg,0.721
lower_limb_wounds_b011e562bbb9c398.jpg,b011e562bbb9c3985806bbb8a40b6f7f5caa62a004ff71047d1ba77a58354a72,lower_limb_wounds,chronic_wound_out_of_scope,non_wound,CC BY 4.0,g2260,,wound_main/wound_main-0969.jpg,0.743
lower_limb_wounds_c4eea7bee07b7496.jpg,c4eea7bee07b7496bc8137ce570b2584f159d449353713b59d1de0f83f6b3fac,lower_limb_wounds,chronic_wound_out_of_scope,non_wound,CC BY 4.0,g2261,,wound_main/wound_main-0970.jpg,0.749
lower_limb_wounds_fefc0093fe0f1275.jpg,fefc0093fe0f1275e8a94fd64ddae7afa25481e3a5adaea7b1bbab89fc122722,lower_limb_wounds,chronic_wound_out_of_scope,non_wound,CC BY 4.0,g2262,,wound_main/wound_main-0971.jpg,0.696
lower_limb_wounds_df629a1358d5d9d6.jpg,df629a1358d5d9d6127899aff17d3ea27759a4d5b287e11b8de965f08397b7b7,lower_limb_wounds,chronic_wound_out_of_scope,non_wound,CC BY 4.0,g2263,,wound_main/wound_main-0972.jpg,0.721
lower_limb_wounds_f6901bff7522e369.jpg,f6901bff7522e36939d4556cdd2c14f7adefd159f4975b2ee8865aad4a2834f8,lower_limb_wounds,chronic_wound_out_of_scope,non_wound,CC BY 4.0,g2264,,wound_main/wound_main-0973.jpg,0.718
lower_limb_wounds_5746b106d20aea24.jpg,5746b106d20aea24d49c65224ebdb7d53dc36648a024a75506d38ff6a12e8952,lower_limb_wounds,chronic_wound_out_of_scope,non_wound,CC BY 4.0,g2265,,wound_main/wound_main-0974.jpg,0.729
lower_limb_wounds_8fe55a82bf9ee446.jpg,8fe55a82bf9ee4465ded7f141467594f0502a775130d1942c3bf627878ac4fef,lower_limb_wounds,chronic_wound_out_of_scope,non_wound,CC BY 4.0,g2266,,wound_main/wound_main-0976.jpg,0.714
lower_limb_wounds_d910864497f31716.jpg,d910864497f31716b51125140385f43656180b24ae371a550a7a1b8c2fbaf0e3,lower_limb_wounds,chronic_wound_out_of_scope,non_wound,CC BY 4.0,g2267,,wound_main/wound_main-0977.jpg,0.735
lower_limb_wounds_f03535cb76b430e6.jpg,f03535cb76b430e689cfc69f4fae812cf654700ef5cc5dc14d15dd523d432da0,lower_limb_wounds,chronic_wound_out_of_scope,non_wound,CC BY 4.0,g2268,,wound_main/wound_main-0978.jpg,0.735
lower_limb_wounds_58b3060560a1f413.jpg,58b3060560a1f413bb51e49c495c095b5a958e1d433199d3449fee07461812f9,lower_limb_wounds,chronic_wound_out_of_scope,non_wound,CC BY 4.0,g2269,,wound_main/wound_main-0980.jpg,0.719
lower_limb_wounds_8dc02ede45f55a80.jpg,8dc02ede45f55a80991ab66e17377472419ac34daac48b391f5b9a28f2ac9a7f,lower_limb_wounds,chronic_wound_out_of_scope,non_wound,CC BY 4.0,g2270,,wound_main/wound_main-0981.jpg,0.735
lower_limb_wounds_61cbc88d7ce2f3e0.jpg,61cbc88d7ce2f3e0fba4dc09106f4baf80631921bbe104aa86f06a1d9e7e99fa,lower_limb_wounds,chronic_wound_out_of_scope,non_wound,CC BY 4.0,g2271,,wound_main/wound_main-0982.jpg,0.744
lower_limb_wounds_fa6f60cc7ef41508.jpg,fa6f60cc7ef41508939a83ade6be33be6ac015aafa36e251b63446a4bef8205a,lower_limb_wounds,chronic_wound_out_of_scope,non_wound,CC BY 4.0,g2272,,wound_main/wound_main-0984.jpg,0.713
lower_limb_wounds_615bfc41bf790625.jpg,615bfc41bf790625fe9cd59b7abb59265713da0ad4ae4b06f9d68c17e4dfd6f6,lower_limb_wounds,chronic_wound_out_of_scope,non_wound,CC BY 4.0,g2273,,wound_main/wound_main-0989.jpg,0.725
lower_limb_wounds_e853cf71451e7583.jpg,e853cf71451e758363997572d1603bf7e656c1252809cf75b7605db354e1474e,lower_limb_wounds,chronic_wound_out_of_scope,non_wound,CC BY 4.0,g2274,,wound_main/wound_main-0992.jpg,0.723
lower_limb_wounds_50860a8030709bc2.jpg,50860a8030709bc2a7bd21eaff9ffb42726da8bf6ba2369463b3ac2e6baba2af,lower_limb_wounds,chronic_wound_out_of_scope,non_wound,CC BY 4.0,g2275,,wound_main/wound_main-0999.jpg,0.700
lower_limb_wounds_2b4e3c1fb8949168.jpg,2b4e3c1fb894916860339fd805e8f36ec6a2eece503cebf1f933ba8f80c19260,lower_limb_wounds,chronic_wound_out_of_scope,non_wound,CC BY 4.0,g2276,,wound_main/wound_main-1000.jpg,0.705
lower_limb_wounds_ce372b8e97c6455d.jpg,ce372b8e97c6455dc619284ade1d8e864e65a4449f15db158e3f8cee89c3108a,lower_limb_wounds,chronic_wound_out_of_scope,non_wound,CC BY 4.0,g2277,,wound_main/wound_main-1001.jpg,0.653
lower_limb_wounds_2babb1137b354282.jpg,2babb1137b3542827fc5ddd1ad846b42f070f74f89ba745f435508d99806a137,lower_limb_wounds,chronic_wound_out_of_scope,non_wound,CC BY 4.0,g2278,,wound_main/wound_main-1002.jpg,0.627
lower_limb_wounds_edb5349595e4611e.jpg,edb5349595e4611e55411d0fa6ca81a605712902128086ef047e029a2abfbbd1,lower_limb_wounds,chronic_wound_out_of_scope,non_wound,CC BY 4.0,g2549,,wound_main/wound_main-1006.jpg,0.739
lower_limb_wounds_3f1bf0d58594cc7b.jpg,3f1bf0d58594cc7b97b45e39b6787495308399ce34747f9a56b808f756ca3d3e,lower_limb_wounds,chronic_wound_out_of_scope,non_wound,CC BY 4.0,g2280,,wound_main/wound_main-1007.jpg,0.690
lower_limb_wounds_2f56841d6c3e5aaf.jpg,2f56841d6c3e5aaf4bc54a878939095b7a5b1f8265f9d79dee30068ed84b3837,lower_limb_wounds,chronic_wound_out_of_scope,non_wound,CC BY 4.0,g2559,,wound_main/wound_main-1010.jpg,0.678
lower_limb_wounds_e3da4cfe816dc5fb.jpg,e3da4cfe816dc5fb1342a88b7b3e207353f0122887ae0acc19391766f87c0398,lower_limb_wounds,chronic_wound_out_of_scope,non_wound,CC BY 4.0,g2282,,wound_main/wound_main-1012.jpg,0.732
lower_limb_wounds_3446061c414b100f.jpg,3446061c414b100f1d9a8db133ef4c6e90eb6dd8390e0c3ac4e89c844cb0f981,lower_limb_wounds,chronic_wound_out_of_scope,non_wound,CC BY 4.0,g2283,,wound_main/wound_main-1013.jpg,0.685
lower_limb_wounds_a975ec43db3e7c2f.jpg,a975ec43db3e7c2f34390707365299fa39a746272d2b5b62b88050b633740afc,lower_limb_wounds,chronic_wound_out_of_scope,non_wound,CC BY 4.0,g2284,,wound_main/wound_main-1016.jpg,0.723
lower_limb_wounds_286e2501f444e985.jpg,286e2501f444e9857569874a1b67b91026bf64e2784c3b6e0da943fd2c86c921,lower_limb_wounds,chronic_wound_out_of_scope,non_wound,CC BY 4.0,g2285,,wound_main/wound_main-1017.jpg,0.669
lower_limb_wounds_de3c54c900455f9b.jpg,de3c54c900455f9bd4c20cc94dfa33acd185dc1dd9c20c2f3d6c3d1f044ddd89,lower_limb_wounds,chronic_wound_out_of_scope,non_wound,CC BY 4.0,g2604,,wound_main/wound_main-1018.jpg,0.720
lower_limb_wounds_f750065dc55ef4e9.jpg,f750065dc55ef4e947b37678dad70af36ba3726b9005957e8cb318cc5fc14171,lower_limb_wounds,chronic_wound_out_of_scope,non_wound,CC BY 4.0,g2287,,wound_main/wound_main-1019.jpg,0.675
lower_limb_wounds_7530db434e160e68.jpg,7530db434e160e68a1b0ed503de3b56a368cdfdb0fbe5c7ec556aa1acb7a4cc1,lower_limb_wounds,chronic_wound_out_of_scope,non_wound,CC BY 4.0,g2288,,wound_main/wound_main-1020.jpg,0.703
lower_limb_wounds_833dc7782adabe74.jpg,833dc7782adabe7472765b3b026ae3c60b160034558a4ff574da3c3375e4b36f,lower_limb_wounds,chronic_wound_out_of_scope,non_wound,CC BY 4.0,g2549,,wound_main/wound_main-1022.jpg,0.720
lower_limb_wounds_765ae91778bef1c1.jpg,765ae91778bef1c1d197d739c87d889c0758ef075651f7bf3258011e5117f82b,lower_limb_wounds,chronic_wound_out_of_scope,non_wound,CC BY 4.0,g2290,,wound_main/wound_main-1025.jpg,0.734
lower_limb_wounds_3fa0c99dfb458563.jpg,3fa0c99dfb458563490c869008fa37f4129d7fe4d6924bdae92d6ea5e6ae170d,lower_limb_wounds,chronic_wound_out_of_scope,non_wound,CC BY 4.0,g2291,,wound_main/wound_main-1026.jpg,0.690
lower_limb_wounds_0f5ed965e8acfb2d.jpg,0f5ed965e8acfb2dd454df887e29b670915066a84f39a93e60ed6e0ee17d84be,lower_limb_wounds,chronic_wound_out_of_scope,non_wound,CC BY 4.0,g2292,,wound_main/wound_main-1027.jpg,0.715
lower_limb_wounds_88ee190e93e7e325.jpg,88ee190e93e7e325dc59bee6837d688c823a828a5112033ac2ff9ff6d7d23b8e,lower_limb_wounds,chronic_wound_out_of_scope,non_wound,CC BY 4.0,g2293,,wound_main/wound_main-1028.jpg,0.723
lower_limb_wounds_defb2693e58b9164.jpg,defb2693e58b91645711c1b8b9250c568128c1ec589cba0b6792878d3634792b,lower_limb_wounds,chronic_wound_out_of_scope,non_wound,CC BY 4.0,g2294,,wound_main/wound_main-1030.jpg,0.689
lower_limb_wounds_879bc0284fcc093e.jpg,879bc0284fcc093e2837b2646f978aebaaa1eb824c0474a9bce9c294a6276767,lower_limb_wounds,chronic_wound_out_of_scope,non_wound,CC BY 4.0,g2295,,wound_main/wound_main-1031.jpg,0.701
lower_limb_wounds_ecff5818f8afdb07.jpg,ecff5818f8afdb07405d89b27638107c00252ef516e8464b9d3eeaa19ecb91cc,lower_limb_wounds,chronic_wound_out_of_scope,non_wound,CC BY 4.0,g2296,,wound_main/wound_main-1034.jpg,0.705
lower_limb_wounds_408b450ee7d58bae.jpg,408b450ee7d58bae23e646113022938dd24e4125ebbae4938f739aab826d4006,lower_limb_wounds,chronic_wound_out_of_scope,non_wound,CC BY 4.0,g2297,,wound_main/wound_main-1035.jpg,0.722
lower_limb_wounds_d9bd0e110de03592.jpg,d9bd0e110de03592e4b5d2af97a90040bf51ecb253a8143a7a8461a279dad3c9,lower_limb_wounds,chronic_wound_out_of_scope,non_wound,CC BY 4.0,g2549,,wound_main/wound_main-1038.jpg,0.745
lower_limb_wounds_a37cafab85389484.jpg,a37cafab853894843adf76e5b57125dbe10200fcf8a641da32b9e212b163513a,lower_limb_wounds,chronic_wound_out_of_scope,non_wound,CC BY 4.0,g2299,,wound_main/wound_main-1041.jpg,0.742
lower_limb_wounds_e134d31018359caa.jpg,e134d31018359caafb98216c005753e2d9112017691606556c29ec476bd4fd90,lower_limb_wounds,chronic_wound_out_of_scope,non_wound,CC BY 4.0,g2300,,wound_main/wound_main-1044.jpg,0.725
lower_limb_wounds_736572cbbd377448.jpg,736572cbbd377448fb631a4dc42dadc36f11dd0a8db78fcb45c70b7c860a53de,lower_limb_wounds,chronic_wound_out_of_scope,non_wound,CC BY 4.0,g2559,,wound_main/wound_main-1045.jpg,0.747
lower_limb_wounds_36d5a655ffe38795.jpg,36d5a655ffe387957b78975e911255cba5f47793631c6e10bbabe0983eba4a11,lower_limb_wounds,chronic_wound_out_of_scope,non_wound,CC BY 4.0,g2302,,wound_main/wound_main-1046.jpg,0.731
lower_limb_wounds_e98026403c5cff2c.jpg,e98026403c5cff2c7b2567eee89a9d41da0a0f0caf40144558258bf9bd7ccaad,lower_limb_wounds,chronic_wound_out_of_scope,non_wound,CC BY 4.0,g2303,,wound_main/wound_main-1047.jpg,0.660
lower_limb_wounds_fd4cb13959f52cf7.jpg,fd4cb13959f52cf712e5a128a504c66e8aecb64cae4998c484d5a52b45a9cc39,lower_limb_wounds,chronic_wound_out_of_scope,non_wound,CC BY 4.0,g2304,,wound_main/wound_main-1048.jpg,0.740
lower_limb_wounds_9b4c5bb277227e09.jpg,9b4c5bb277227e099a7a571d5e17993cbb50093a5cf38e0a9b092a5b9bf210b6,lower_limb_wounds,chronic_wound_out_of_scope,non_wound,CC BY 4.0,g2549,,wound_main/wound_main-1052.jpg,0.698
lower_limb_wounds_e34a90da709944ce.jpg,e34a90da709944ce2ad4a9a2855f6d397e38d52c4b86183b06f3e40547c46ed0,lower_limb_wounds,chronic_wound_out_of_scope,non_wound,CC BY 4.0,g2306,,wound_main/wound_main-1056.jpg,0.736
lower_limb_wounds_37bbd406529da2b7.jpg,37bbd406529da2b7944652ee85f21efb59c5ff284cec440dd235c2085618cc2c,lower_limb_wounds,chronic_wound_out_of_scope,non_wound,CC BY 4.0,g2307,,wound_main/wound_main-1070.jpg,0.709
lower_limb_wounds_1353878e0ba81d7b.jpg,1353878e0ba81d7b62d0242988cc10156cddf4dcb95a0630daf81f252661c377,lower_limb_wounds,chronic_wound_out_of_scope,non_wound,CC BY 4.0,g2308,,wound_main/wound_main-1071.jpg,0.724
lower_limb_wounds_f801b43766893768.jpg,f801b43766893768b07872c02c6c1be6ad905585ab34e1cf3c53123c14952c10,lower_limb_wounds,chronic_wound_out_of_scope,non_wound,CC BY 4.0,g2309,,wound_main/wound_main-1075.jpg,0.736
lower_limb_wounds_f0f6e7641d7de7ec.jpg,f0f6e7641d7de7ece43fe4e73a24b73c4b7fd2a97782ef8a526164816ad31faf,lower_limb_wounds,chronic_wound_out_of_scope,non_wound,CC BY 4.0,g2549,,wound_main/wound_main-1076.jpg,0.719
lower_limb_wounds_efcae77e701895a7.jpg,efcae77e701895a7ef9630f8cde0780395d4f50e8970c4eca0959765b1070f29,lower_limb_wounds,chronic_wound_out_of_scope,non_wound,CC BY 4.0,g2549,,wound_main/wound_main-1077.jpg,0.699
lower_limb_wounds_3dbe287d33e79606.jpg,3dbe287d33e79606bafed5f2db8e84d35850ba52247a98453f121cfcd31822bf,lower_limb_wounds,chronic_wound_out_of_scope,non_wound,CC BY 4.0,g2549,,wound_main/wound_main-1078.jpg,0.707
lower_limb_wounds_017a3ba0c12ead88.jpg,017a3ba0c12ead883bcc1cdd61619d6e622f13606b695195ce642964ab807841,lower_limb_wounds,chronic_wound_out_of_scope,non_wound,CC BY 4.0,g2313,,wound_main/wound_main-1079.jpg,0.717
lower_limb_wounds_a96930d00a6c86f2.jpg,a96930d00a6c86f2fe0d0d5a66b95227effca707b8831ff08abbf34c6e7be8d6,lower_limb_wounds,chronic_wound_out_of_scope,non_wound,CC BY 4.0,g2314,,wound_main/wound_main-1080.jpg,0.650
lower_limb_wounds_94bd8f9dd345333c.jpg,94bd8f9dd345333ca50bfddc4240a938e0c03885473351461269dafb66524e5a,lower_limb_wounds,chronic_wound_out_of_scope,non_wound,CC BY 4.0,g2315,,wound_main/wound_main-1081.jpg,0.737
lower_limb_wounds_431c0c496e0fba9a.jpg,431c0c496e0fba9a3f2011ec929e0d02e421a8b82e4ea16c228f9e3818efe11f,lower_limb_wounds,chronic_wound_out_of_scope,non_wound,CC BY 4.0,g2316,,wound_main/wound_main-1082.jpg,0.734
lower_limb_wounds_5cd10fe8400bc577.jpg,5cd10fe8400bc577e5a550a5bcd244a5a566e70c1a97ac6ca2fa8aa518b7fd6d,lower_limb_wounds,chronic_wound_out_of_scope,non_wound,CC BY 4.0,g2559,,wound_main/wound_main-1083.jpg,0.669
lower_limb_wounds_bca5055631f11b24.jpg,bca5055631f11b240ea4387cf6e23ff6e8c86602120d4840a82f3d45485d4185,lower_limb_wounds,chronic_wound_out_of_scope,non_wound,CC BY 4.0,g2318,,wound_main/wound_main-1084.jpg,0.708
lower_limb_wounds_3a233ff7536a468a.jpg,3a233ff7536a468a7e01daa91540f5e6bed5d61da118a5cc8109eea1eeebedc5,lower_limb_wounds,chronic_wound_out_of_scope,non_wound,CC BY 4.0,g2319,,wound_main/wound_main-1089.jpg,0.695
lower_limb_wounds_3a3acf86af17dac9.jpg,3a3acf86af17dac9df9da582744b5a6d259874c0bf6109bd61ad72f10ad0a873,lower_limb_wounds,chronic_wound_out_of_scope,non_wound,CC BY 4.0,g2320,,wound_main/wound_main-1094.jpg,0.724
lower_limb_wounds_7b7138d1f317d06f.jpg,7b7138d1f317d06f16f19e35df1971b8cf737253fd03e416dfd09a1057dfbb43,lower_limb_wounds,chronic_wound_out_of_scope,non_wound,CC BY 4.0,g2321,,wound_main/wound_main-1095.jpg,0.733
lower_limb_wounds_0a93693d0dadb49a.jpg,0a93693d0dadb49aa3d3c842f9fa811122185df90b32c2836cdd8f2a7efc1a2c,lower_limb_wounds,chronic_wound_out_of_scope,non_wound,CC BY 4.0,g2322,,wound_main/wound_main-1098.jpg,0.705
lower_limb_wounds_9cc80945dd14428d.jpg,9cc80945dd14428da1525453da7a91ba6a5a51bac778c30cd2af1cdfe5ee9605,lower_limb_wounds,chronic_wound_out_of_scope,non_wound,CC BY 4.0,g2549,,wound_main/wound_main-1099.jpg,0.747
lower_limb_wounds_44b6ec10e70031e6.jpg,44b6ec10e70031e67e989de2d7ce6e0c1ea85b2f8778eb9338a298cc0b5a6bf4,lower_limb_wounds,chronic_wound_out_of_scope,non_wound,CC BY 4.0,g2324,,wound_main/wound_main-1102.jpg,0.735
lower_limb_wounds_9d1098578965b0b3.jpg,9d1098578965b0b3a73365b980bec62c27a92667e8a8b7a51afec19e7e7aed71,lower_limb_wounds,chronic_wound_out_of_scope,non_wound,CC BY 4.0,g2325,,wound_main/wound_main-1110.jpg,0.738
lower_limb_wounds_efd36bff9a435b75.jpg,efd36bff9a435b75d76e3c1bc9e544bc0bf9d495a056e44d6ca7fcee9bc7d955,lower_limb_wounds,chronic_wound_out_of_scope,non_wound,CC BY 4.0,g2326,,wound_main/wound_main-1111.jpg,0.706
lower_limb_wounds_e07de2e7ec1b3c27.jpg,e07de2e7ec1b3c27ebc7e4283a376c3e95e638d6926435291fe094ab2d55a370,lower_limb_wounds,chronic_wound_out_of_scope,non_wound,CC BY 4.0,g2559,,wound_main/wound_main-1112.jpg,0.687
lower_limb_wounds_87f7de8faa4d4135.jpg,87f7de8faa4d41354aaac725961e048c1dc1972ef816fd08670af34a5b8239f3,lower_limb_wounds,chronic_wound_out_of_scope,non_wound,CC BY 4.0,g2328,,wound_main/wound_main-1116.jpg,0.735
lower_limb_wounds_063bcb6dec7e1bcc.jpg,063bcb6dec7e1bccc7c1a25cd1e67b029a16326bc4dd5ea52d909b776407e5ef,lower_limb_wounds,chronic_wound_out_of_scope,non_wound,CC BY 4.0,g2549,,wound_main/wound_main-1118.jpg,0.709
lower_limb_wounds_f7e088ad45d76878.jpg,f7e088ad45d76878846f2348f3b67c7f4b3b4851b5555f473132137434b0898f,lower_limb_wounds,chronic_wound_out_of_scope,non_wound,CC BY 4.0,g2330,,wound_main/wound_main-1120.jpg,0.742
lower_limb_wounds_781d94689204b478.jpg,781d94689204b478d6c2388587ed84ac1af6de58225b896d83da36234d0e489a,lower_limb_wounds,chronic_wound_out_of_scope,non_wound,CC BY 4.0,g2331,,wound_main/wound_main-1122.jpg,0.707
lower_limb_wounds_2595e30be4324b2a.jpg,2595e30be4324b2afa4cddca1dd574eaa32066152678bacf8ae0efb15e6221ab,lower_limb_wounds,chronic_wound_out_of_scope,non_wound,CC BY 4.0,g2332,,wound_main/wound_main-1125.jpg,0.748
lower_limb_wounds_13ffbd670b37075b.jpg,13ffbd670b37075b4c4d7401d3644a15c7927c149951be2d68d6ac2112634978,lower_limb_wounds,chronic_wound_out_of_scope,non_wound,CC BY 4.0,g2333,,wound_main/wound_main-1127.jpg,0.695
lower_limb_wounds_df715cb26c9cf626.jpg,df715cb26c9cf62644731b184bd07ff2e1262d3d3aaf8114ba560c64cc0a8208,lower_limb_wounds,chronic_wound_out_of_scope,non_wound,CC BY 4.0,g2549,,wound_main/wound_main-1132.jpg,0.702
lower_limb_wounds_ab796ab6a4fb22f0.jpg,ab796ab6a4fb22f085b02cebb03913226a794a69fc311a1a07af0b22193827eb,lower_limb_wounds,chronic_wound_out_of_scope,non_wound,CC BY 4.0,g2549,,wound_main/wound_main-1135.jpg,0.730
lower_limb_wounds_346e78811712d9a4.jpg,346e78811712d9a4f1a0fd96b4af370dcf5d1a26644499bff458fb24a43ccb24,lower_limb_wounds,chronic_wound_out_of_scope,non_wound,CC BY 4.0,g2336,,wound_main/wound_main-1140.jpg,0.746
lower_limb_wounds_f56a19634f87230a.jpg,f56a19634f87230a6f336da92c38590f8834ff3b9194181aaadb2738ca82af00,lower_limb_wounds,chronic_wound_out_of_scope,non_wound,CC BY 4.0,g2337,,wound_main/wound_main-1142.jpg,0.713
lower_limb_wounds_76abe06455a57bc2.jpg,76abe06455a57bc29c2f158932933385a463d595f7bdd916a3ee8eeadcf41642,lower_limb_wounds,chronic_wound_out_of_scope,non_wound,CC BY 4.0,g2559,,wound_main/wound_main-1143.jpg,0.704
lower_limb_wounds_d7eb89f3241f86c8.jpg,d7eb89f3241f86c8d127eb6def6df52ee479d6b675eff506278f80edc65813e5,lower_limb_wounds,chronic_wound_out_of_scope,non_wound,CC BY 4.0,g2339,,wound_main/wound_main-1151.jpg,0.707
lower_limb_wounds_bb3dab1f176cbbd9.jpg,bb3dab1f176cbbd9e735b10396f8a2bee4af626636db6d0949df34768640081b,lower_limb_wounds,chronic_wound_out_of_scope,non_wound,CC BY 4.0,g2549,,wound_main/wound_main-1152.jpg,0.717
lower_limb_wounds_f43dda90f351fccd.jpg,f43dda90f351fccd25a0c398a0ff9a56d31d8f35bce3a6cc17f3dd48b3973b98,lower_limb_wounds,chronic_wound_out_of_scope,non_wound,CC BY 4.0,g2341,,wound_main/wound_main-1154.jpg,0.734
lower_limb_wounds_0fdfc4d9aba594d3.jpg,0fdfc4d9aba594d315274d06540a7a5b8145e26f27ab5c814e5d0fa4bd201782,lower_limb_wounds,chronic_wound_out_of_scope,non_wound,CC BY 4.0,g2549,,wound_main/wound_main-1155.jpg,0.734
lower_limb_wounds_4d780571ebd3ad95.jpg,4d780571ebd3ad951ac4943d8b0b6f950400c54e5c6d5ed2de619242b7d200aa,lower_limb_wounds,chronic_wound_out_of_scope,non_wound,CC BY 4.0,g2343,,wound_main/wound_main-1158.jpg,0.719
lower_limb_wounds_94e68d7eeda24e0e.jpg,94e68d7eeda24e0e4ca11caf3c759bc649df319f6ae668d0aceb822986383726,lower_limb_wounds,chronic_wound_out_of_scope,non_wound,CC BY 4.0,g2344,,wound_main/wound_main-1159.jpg,0.687
lower_limb_wounds_335905a141e5f296.jpg,335905a141e5f2962ea121c3614bef96f7409910a6611565441409fb6c1a2f9a,lower_limb_wounds,chronic_wound_out_of_scope,non_wound,CC BY 4.0,g2345,,wound_main/wound_main-1160.jpg,0.737
lower_limb_wounds_1e127bda2453102f.jpg,1e127bda2453102f29260b8fb32d70db33c66059440196143a445c658e21e683,lower_limb_wounds,chronic_wound_out_of_scope,non_wound,CC BY 4.0,g2346,,wound_main/wound_main-1161.jpg,0.709
lower_limb_wounds_729c04b39087b77b.jpg,729c04b39087b77b3751abb1a17fcbad084e0052b59c783651e337614633b0db,lower_limb_wounds,chronic_wound_out_of_scope,non_wound,CC BY 4.0,g2347,,wound_main/wound_main-1162.jpg,0.718
lower_limb_wounds_d5bb09f69c4a5f2b.jpg,d5bb09f69c4a5f2b50b13b53e924aef61d0403e5beae425d350f079a1a29be12,lower_limb_wounds,chronic_wound_out_of_scope,non_wound,CC BY 4.0,g2348,,wound_main/wound_main-1164.jpg,0.736
lower_limb_wounds_2be86d5a407635fa.jpg,2be86d5a407635fa64cb36d981c303ef6077714974e70ff2fd04eb775f6ed07f,lower_limb_wounds,chronic_wound_out_of_scope,non_wound,CC BY 4.0,g2349,,wound_main/wound_main-1166.jpg,0.743
lower_limb_wounds_d7ef0251b2fac487.jpg,d7ef0251b2fac487fa3cb39a4c4f9fa47ecc6375d69a75b14f156ac929b24a35,lower_limb_wounds,chronic_wound_out_of_scope,non_wound,CC BY 4.0,g2352,,wound_main/wound_main-1168.jpg,0.695
lower_limb_wounds_129910eb7917e629.jpg,129910eb7917e629c275e32399a3aaf0e6ba57629c8d7398423a3a37a37c22fe,lower_limb_wounds,chronic_wound_out_of_scope,non_wound,CC BY 4.0,g2352,,wound_main/wound_main-1169.jpg,0.671
lower_limb_wounds_0d6f60735ab3f86f.jpg,0d6f60735ab3f86fe2f507c6930392522a23e3f50523ccc65fc8d4f0045a66d5,lower_limb_wounds,chronic_wound_out_of_scope,non_wound,CC BY 4.0,g2352,,wound_main/wound_main-1170.jpg,0.706
lower_limb_wounds_464f2f24499aab83.jpg,464f2f24499aab833af670a29b857907cadddb655c49d468953383cdd1fba62a,lower_limb_wounds,chronic_wound_out_of_scope,non_wound,CC BY 4.0,g2549,,wound_main/wound_main-1172.jpg,0.701
lower_limb_wounds_f7686027e6fa63ac.jpg,f7686027e6fa63ac119cdbc3b6fbb38dd9db7d3a4ea46f6e11437ddfddc111df,lower_limb_wounds,chronic_wound_out_of_scope,non_wound,CC BY 4.0,g2549,,wound_main/wound_main-1174.jpg,0.733
lower_limb_wounds_7338605cb6838ce3.jpg,7338605cb6838ce3dc8545d7cd4e63395674db0a5c424ec164c2210c37a7b282,lower_limb_wounds,chronic_wound_out_of_scope,non_wound,CC BY 4.0,g2355,,wound_main/wound_main-1175.jpg,0.740
lower_limb_wounds_94dcd5b7c2826b84.jpg,94dcd5b7c2826b84bf2a9b8d83e8bddf0264f9f5f34917ab514ad77ae3bf378e,lower_limb_wounds,chronic_wound_out_of_scope,non_wound,CC BY 4.0,g2356,,wound_main/wound_main-1176.jpg,0.707
lower_limb_wounds_11eca45b5b4f13d1.jpg,11eca45b5b4f13d1a790f266b80743e3d8a2b1f97807f96f8d723e111c3ada1c,lower_limb_wounds,chronic_wound_out_of_scope,non_wound,CC BY 4.0,g2357,,wound_main/wound_main-1178.jpg,0.726
lower_limb_wounds_ba60efd0c1d32ea8.jpg,ba60efd0c1d32ea85f060c6af1086206f8d552844b3bf7302084f6ec594280ae,lower_limb_wounds,chronic_wound_out_of_scope,non_wound,CC BY 4.0,g2358,,wound_main/wound_main-1179.jpg,0.689
lower_limb_wounds_488345420383f1b7.jpg,488345420383f1b781158c7ad04af4b11eece71ed5bbb91cf3d6750d91c0759b,lower_limb_wounds,chronic_wound_out_of_scope,non_wound,CC BY 4.0,g2359,,wound_main/wound_main-1183.jpg,0.744
lower_limb_wounds_53ad0e4aba1a87bc.jpg,53ad0e4aba1a87bca59e944698adea3ba6de5c8af983d52866a6f46743167b88,lower_limb_wounds,chronic_wound_out_of_scope,non_wound,CC BY 4.0,g2559,,wound_main/wound_main-1187.jpg,0.684
lower_limb_wounds_347289d91ca91752.jpg,347289d91ca917529e93e0dc0f050e05295c5ab56c31a2108619a67ac37a9dad,lower_limb_wounds,chronic_wound_out_of_scope,non_wound,CC BY 4.0,g2361,,wound_main/wound_main-1189.jpg,0.737
lower_limb_wounds_70f6599f6dcaf097.jpg,70f6599f6dcaf0976060011a8503a04f67073d3683692684ec37c9e867ef56e6,lower_limb_wounds,chronic_wound_out_of_scope,non_wound,CC BY 4.0,g2362,,wound_main/wound_main-1195.jpg,0.674
lower_limb_wounds_20faccb5e9a65849.jpg,20faccb5e9a65849fca1fb4ba453eda2bb19ec31355b38a109cf7064d8b24444,lower_limb_wounds,chronic_wound_out_of_scope,non_wound,CC BY 4.0,g2363,,wound_main/wound_main-1196.jpg,0.709
lower_limb_wounds_5ad154464a764d06.jpg,5ad154464a764d0685a2bb805d6acbd0b56693d31583899c96b29eb4c9ea19f4,lower_limb_wounds,chronic_wound_out_of_scope,non_wound,CC BY 4.0,g2364,,wound_main/wound_main-1201.jpg,0.741
lower_limb_wounds_51fa9ad2c0b820fd.jpg,51fa9ad2c0b820fdf7daa510d28efe1b362fd1497801497565133f51cd90f409,lower_limb_wounds,chronic_wound_out_of_scope,non_wound,CC BY 4.0,g2365,,wound_main/wound_main-1202.jpg,0.716
lower_limb_wounds_7b5de927eae81a79.jpg,7b5de927eae81a7950e935156c3ee76feea3b498967c2fd2a276f3840483d328,lower_limb_wounds,chronic_wound_out_of_scope,non_wound,CC BY 4.0,g2366,,wound_main/wound_main-1203.jpg,0.725
lower_limb_wounds_5e4732aaab193b20.jpg,5e4732aaab193b203451043758540be367d9dc7c19186b563b453ab1834dc08d,lower_limb_wounds,chronic_wound_out_of_scope,non_wound,CC BY 4.0,g2367,,wound_main/wound_main-1205.jpg,0.702
lower_limb_wounds_05acbc41765e9e8a.jpg,05acbc41765e9e8a2163806cd6efada098777223c5aaf5d00fcafa799242f3e8,lower_limb_wounds,chronic_wound_out_of_scope,non_wound,CC BY 4.0,g2368,,wound_main/wound_main-1206.jpg,0.739
lower_limb_wounds_cf83ef8fc1652550.jpg,cf83ef8fc16525500ba9c58fd383fe6874b835269f68871868d94867828f5b49,lower_limb_wounds,chronic_wound_out_of_scope,non_wound,CC BY 4.0,g2369,,wound_main/wound_main-1210.jpg,0.719
lower_limb_wounds_8373da4249931059.jpg,8373da42499310598b5e3e140de759c91b3b3446ac794578b485914a337a1a15,lower_limb_wounds,chronic_wound_out_of_scope,non_wound,CC BY 4.0,g2370,,wound_main/wound_main-1212.jpg,0.712
lower_limb_wounds_ad24b28d16ad9d44.jpg,ad24b28d16ad9d44553796003fe8614f7a56bb31d6f0304724f1addd065e03fc,lower_limb_wounds,chronic_wound_out_of_scope,non_wound,CC BY 4.0,g2387,,wound_main/wound_main-1217.jpg,0.712
lower_limb_wounds_78f0245fb857f430.jpg,78f0245fb857f43099464d7fbaa8c5b3901aa3b1a1097d8a38eaf3e2563667ad,lower_limb_wounds,chronic_wound_out_of_scope,non_wound,CC BY 4.0,g2372,,wound_main/wound_main-1220.jpg,0.711
lower_limb_wounds_614a8c7d14e71990.jpg,614a8c7d14e71990554174690f7108daa946312f3f84d0ff0ff336041fb0aecf,lower_limb_wounds,chronic_wound_out_of_scope,non_wound,CC BY 4.0,g2373,,wound_main/wound_main-1221.jpg,0.686
lower_limb_wounds_de78419eaaefc8fe.jpg,de78419eaaefc8fe2bb845eb232e3cf8be397f21a9c8f656053aed13e88e4142,lower_limb_wounds,chronic_wound_out_of_scope,non_wound,CC BY 4.0,g2374,,wound_main/wound_main-1223.jpg,0.682
lower_limb_wounds_bede62c173ba4900.jpg,bede62c173ba490047a1aa25415df9bfe18318fb8717d08e521220b13b8fd25c,lower_limb_wounds,chronic_wound_out_of_scope,non_wound,CC BY 4.0,g2375,,wound_main/wound_main-1225.jpg,0.745
lower_limb_wounds_7d4918ade2e16f11.jpg,7d4918ade2e16f1184441db7bff110676c7adf5e29cb4617cc1b98c835693a4c,lower_limb_wounds,chronic_wound_out_of_scope,non_wound,CC BY 4.0,g2376,,wound_main/wound_main-1227.jpg,0.746
lower_limb_wounds_84f2ee735c9528c2.jpg,84f2ee735c9528c20ce67dd4a518d9b85ba396b907e99d2c9c2d641bcc00632e,lower_limb_wounds,chronic_wound_out_of_scope,non_wound,CC BY 4.0,g2377,,wound_main/wound_main-1228.jpg,0.690
lower_limb_wounds_58362767be91fae2.jpg,58362767be91fae28e488b56d5c1d88f2ea688d8c544ccdc4597bc972f5b197c,lower_limb_wounds,chronic_wound_out_of_scope,non_wound,CC BY 4.0,g2559,,wound_main/wound_main-1232.jpg,0.729
lower_limb_wounds_5656102ac60114cc.jpg,5656102ac60114cc14961d44f4ee284e8e728b63737450a81f58abbc43d338f0,lower_limb_wounds,chronic_wound_out_of_scope,non_wound,CC BY 4.0,g2559,,wound_main/wound_main-1233.jpg,0.671
lower_limb_wounds_de07e27b4d2bca2f.jpg,de07e27b4d2bca2f376bad1eca7855d93b306e0677f1b36df3765a33e56968d4,lower_limb_wounds,chronic_wound_out_of_scope,non_wound,CC BY 4.0,g2380,,wound_main/wound_main-1241.jpg,0.675
lower_limb_wounds_05f2d3ba6e13ccf4.jpg,05f2d3ba6e13ccf47483c6dd630b5874c7c8e9028d125604c1b021c2bdf62ae2,lower_limb_wounds,chronic_wound_out_of_scope,non_wound,CC BY 4.0,g2387,,wound_main/wound_main-1244.jpg,0.748
lower_limb_wounds_958dcbe2682eedf0.jpg,958dcbe2682eedf04e265e62db0413346dac03418e0886470cd0483ad3201418,lower_limb_wounds,chronic_wound_out_of_scope,non_wound,CC BY 4.0,g2382,,wound_main/wound_main-1245.jpg,0.654
lower_limb_wounds_21dfd415ffc9017c.jpg,21dfd415ffc9017ccf2c7c781d14e1f443bcd821f255d4fa1d09b7e1ed33743f,lower_limb_wounds,chronic_wound_out_of_scope,non_wound,CC BY 4.0,g2383,,wound_main/wound_main-1248.jpg,0.712
lower_limb_wounds_381081e342b028f3.jpg,381081e342b028f37ed561f190590a3b6fe2d9275350adecafeb9f7426e50cd3,lower_limb_wounds,chronic_wound_out_of_scope,non_wound,CC BY 4.0,g2384,,wound_main/wound_main-1251.jpg,0.688
lower_limb_wounds_e580767652b150cb.jpg,e580767652b150cb41391c79457e5c52a2efec7ba7013a08c9e55216fcb8c39b,lower_limb_wounds,chronic_wound_out_of_scope,non_wound,CC BY 4.0,g2385,,wound_main/wound_main-1252.jpg,0.716
lower_limb_wounds_e9611ed0596ea94e.jpg,e9611ed0596ea94ee900c5e64467c3c4166be2e14e1aecaa8166008d13b82095,lower_limb_wounds,chronic_wound_out_of_scope,non_wound,CC BY 4.0,g2386,,wound_main/wound_main-1255.jpg,0.744
lower_limb_wounds_93243851735b6726.jpg,93243851735b67268ed8a434afcb517a3eea4b0779ae78d79926da7d87f7ecfd,lower_limb_wounds,chronic_wound_out_of_scope,non_wound,CC BY 4.0,g2387,,wound_main/wound_main-1258.jpg,0.739
lower_limb_wounds_136d17dc759d3245.jpg,136d17dc759d3245199833109f1f79a8d5b923762aa804252bc39245c93e96cb,lower_limb_wounds,chronic_wound_out_of_scope,non_wound,CC BY 4.0,g2388,,wound_main/wound_main-1259.jpg,0.750
lower_limb_wounds_b8548cd01c5ba818.jpg,b8548cd01c5ba818f6305b0e13902d79857c117e7ed788b5836feb91ce5843b6,lower_limb_wounds,chronic_wound_out_of_scope,non_wound,CC BY 4.0,g2389,,wound_main/wound_main-1260.jpg,0.731
lower_limb_wounds_b4db6f2470108392.jpg,b4db6f24701083921723e0c965f88b069f16d647a01d26ec44709c85a73f7cf0,lower_limb_wounds,chronic_wound_out_of_scope,non_wound,CC BY 4.0,g2390,,wound_main/wound_main-1263.jpg,0.731
lower_limb_wounds_643e4c7168c92427.jpg,643e4c7168c9242757ba380f6a16efd256b479a133c7227c10f66757a68937b1,lower_limb_wounds,chronic_wound_out_of_scope,non_wound,CC BY 4.0,g2391,,wound_main/wound_main-1267.jpg,0.660
lower_limb_wounds_0edb10f47131c622.jpg,0edb10f47131c6220f3d2272b2c8f44d1a3cf13dd39d5a5c5361a02d9eba337e,lower_limb_wounds,chronic_wound_out_of_scope,non_wound,CC BY 4.0,g2559,,wound_main/wound_main-1274.jpg,0.680
lower_limb_wounds_522b924585c4fa9e.jpg,522b924585c4fa9e0c99bdea1923201b306d6da960f295ba360d95750eedf08b,lower_limb_wounds,chronic_wound_out_of_scope,non_wound,CC BY 4.0,g2393,,wound_main/wound_main-1277.jpg,0.744
lower_limb_wounds_0455f2cd2d60eecd.jpg,0455f2cd2d60eecd83d2530d30f8ebf67136874cc85e55239de84c6cbe70d029,lower_limb_wounds,chronic_wound_out_of_scope,non_wound,CC BY 4.0,g2394,,wound_main/wound_main-1278.jpg,0.722
lower_limb_wounds_a2ccf0aae53b0a32.jpg,a2ccf0aae53b0a3216a8bd28b45901ae1be31160a007499c3fdcfd6f858330af,lower_limb_wounds,chronic_wound_out_of_scope,non_wound,CC BY 4.0,g2395,,wound_main/wound_main-1279.jpg,0.742
lower_limb_wounds_43ba02e394b78299.jpg,43ba02e394b78299a8119c0c51bbde57978fe663fe010904cfe5c570be9749ae,lower_limb_wounds,chronic_wound_out_of_scope,non_wound,CC BY 4.0,g2396,,wound_main/wound_main-1280.jpg,0.647
lower_limb_wounds_feb8daed5b2bc12a.jpg,feb8daed5b2bc12a3a327a0986fadcbcdd58e32ddbf70331e3519391439af450,lower_limb_wounds,chronic_wound_out_of_scope,non_wound,CC BY 4.0,g2397,,wound_main/wound_main-1282.jpg,0.699
lower_limb_wounds_b4d6e9092a2f4199.jpg,b4d6e9092a2f41993dbc63364ed3c511023bb7762876c658dcf489c47a2dd01e,lower_limb_wounds,chronic_wound_out_of_scope,non_wound,CC BY 4.0,g2398,,wound_main/wound_main-1284.jpg,0.702
lower_limb_wounds_dd5678a8c1a40496.jpg,dd5678a8c1a404961953a7dca4369526628b8d7b47386acfd2293e3820d1c7f7,lower_limb_wounds,chronic_wound_out_of_scope,non_wound,CC BY 4.0,g2399,,wound_main/wound_main-1285.jpg,0.740
lower_limb_wounds_adb75515427687b1.jpg,adb75515427687b1e081ce275033146da15deb9d4f50776396d323b97ddb571c,lower_limb_wounds,chronic_wound_out_of_scope,non_wound,CC BY 4.0,g2400,,wound_main/wound_main-1286.jpg,0.719
lower_limb_wounds_d92dd4135f947143.jpg,d92dd4135f9471433a67129ee21fdad23f9d3616c0d30a07915473dd20e7c17b,lower_limb_wounds,chronic_wound_out_of_scope,non_wound,CC BY 4.0,g2401,,wound_main/wound_main-1287.jpg,0.705
lower_limb_wounds_491a0044807a51c1.jpg,491a0044807a51c16dea36d70f5b3557f886a46a215414058b63acde09780788,lower_limb_wounds,chronic_wound_out_of_scope,non_wound,CC BY 4.0,g2549,,wound_main/wound_main-1292.jpg,0.666
lower_limb_wounds_66f8cdd489972834.jpg,66f8cdd489972834c870637aad88b045dee0c0fa6b93a39df5d14cbe6e0858a0,lower_limb_wounds,chronic_wound_out_of_scope,non_wound,CC BY 4.0,g2403,,wound_main/wound_main-1293.jpg,0.708
lower_limb_wounds_afbf605153f22910.jpg,afbf605153f22910ca59160ea23e2fd950bb44b193eb194e7ec3f7b91ff625e7,lower_limb_wounds,chronic_wound_out_of_scope,non_wound,CC BY 4.0,g2559,,wound_main/wound_main-1295.jpg,0.684
lower_limb_wounds_b27426770da7fd16.jpg,b27426770da7fd16d5a2e4235f389e2f9e601a5277599a200ed84be6b690d7af,lower_limb_wounds,chronic_wound_out_of_scope,non_wound,CC BY 4.0,g2405,,wound_main/wound_main-1296.jpg,0.715
lower_limb_wounds_3d339bd74a767485.jpg,3d339bd74a767485acbd1fabe6fd0a07c1507c5203c1aa643e1d9a5b14ffc2bf,lower_limb_wounds,chronic_wound_out_of_scope,non_wound,CC BY 4.0,g2406,,wound_main/wound_main-1297.jpg,0.749
lower_limb_wounds_1d5cccb00d788057.jpg,1d5cccb00d788057581078252e6e518c83f4dfe12da31f092a317904ed3a594f,lower_limb_wounds,chronic_wound_out_of_scope,non_wound,CC BY 4.0,g2407,,wound_main/wound_main-1300.jpg,0.732
lower_limb_wounds_479372f62e84ab45.jpg,479372f62e84ab45c6ae4e97bc4e93d0a4670da061257090b40b90a32b146642,lower_limb_wounds,chronic_wound_out_of_scope,non_wound,CC BY 4.0,g2408,,wound_main/wound_main-1301.jpg,0.747
lower_limb_wounds_770546f87c6a954e.jpg,770546f87c6a954ec8b84750db2df2c00a8e4c01d4a1f3b1bf0ca0c07ad3bf01,lower_limb_wounds,chronic_wound_out_of_scope,non_wound,CC BY 4.0,g2559,,wound_main/wound_main-1302.jpg,0.669
lower_limb_wounds_5c5b51b4fc9df3c7.jpg,5c5b51b4fc9df3c7a1b8ad17a45636261e3320e762e4b0a4b6ace03af27750ef,lower_limb_wounds,chronic_wound_out_of_scope,non_wound,CC BY 4.0,g2410,,wound_main/wound_main-1303.jpg,0.727
lower_limb_wounds_77543393a58eb6a4.jpg,77543393a58eb6a48b96d49a8f27a27512c773d603916b6cee2fc286174daa56,lower_limb_wounds,chronic_wound_out_of_scope,non_wound,CC BY 4.0,g2411,,wound_main/wound_main-1305.jpg,0.725
lower_limb_wounds_b57eb2a88a851fd9.jpg,b57eb2a88a851fd948281be27f111913f699039e749f5705c47f36137a6f86d7,lower_limb_wounds,chronic_wound_out_of_scope,non_wound,CC BY 4.0,g2412,,wound_main/wound_main-1306.jpg,0.704
lower_limb_wounds_4946b969f79f276b.jpg,4946b969f79f276b0f56b0f3b107eedee5a5352318fd49d6040726487f4333f5,lower_limb_wounds,chronic_wound_out_of_scope,non_wound,CC BY 4.0,g2413,,wound_main/wound_main-1307.jpg,0.724
lower_limb_wounds_d03b1ca8105dcbc6.jpg,d03b1ca8105dcbc65dbe2752ea87ddd3dae4f04970f198c1fe34746efd57454f,lower_limb_wounds,chronic_wound_out_of_scope,non_wound,CC BY 4.0,g2414,,wound_main/wound_main-1308.jpg,0.695
lower_limb_wounds_9189a15b131d81b7.jpg,9189a15b131d81b701084e7b284d8ee5128174db8d807ff03446275fb3dce568,lower_limb_wounds,chronic_wound_out_of_scope,non_wound,CC BY 4.0,g2415,,wound_main/wound_main-1311.jpg,0.696
lower_limb_wounds_77f8f511a883aa6d.jpg,77f8f511a883aa6d33f14d93685721f9117dd9abc0fe07e81600ab598638c4a4,lower_limb_wounds,chronic_wound_out_of_scope,non_wound,CC BY 4.0,g2416,,wound_main/wound_main-1312.jpg,0.736
lower_limb_wounds_605010f7f445f08c.jpg,605010f7f445f08ce1220e0aa4ef06dc2e01567cbd7c538c68e2cd2476d00f32,lower_limb_wounds,chronic_wound_out_of_scope,non_wound,CC BY 4.0,g2417,,wound_main/wound_main-1313.jpg,0.720
lower_limb_wounds_8cd1b14577fbe6dd.jpg,8cd1b14577fbe6ddff2ec471485ea71ae7a62d7e0431155447c1173ed8a00273,lower_limb_wounds,chronic_wound_out_of_scope,non_wound,CC BY 4.0,g2418,,wound_main/wound_main-1316.jpg,0.652
lower_limb_wounds_cf5135ecb154446d.jpg,cf5135ecb154446d22c817594ef07d4b4e737514970b0f411df341f3aa5f6e63,lower_limb_wounds,chronic_wound_out_of_scope,non_wound,CC BY 4.0,g2419,,wound_main/wound_main-1317.jpg,0.736
lower_limb_wounds_09ed221494dacfaa.jpg,09ed221494dacfaa933feccef1738ffb849c9936554ed0ab26c4ddcb28c3e585,lower_limb_wounds,chronic_wound_out_of_scope,non_wound,CC BY 4.0,g2420,,wound_main/wound_main-1319.jpg,0.687
lower_limb_wounds_9d3b93d58e39361f.jpg,9d3b93d58e39361f4223bc35b79b9156aaa4868af5cda5a612f1f8c0863be972,lower_limb_wounds,chronic_wound_out_of_scope,non_wound,CC BY 4.0,g2421,,wound_main/wound_main-1326.jpg,0.720
lower_limb_wounds_9018da38ddd22c83.jpg,9018da38ddd22c839cd049dfb64ff270cd3f958dcf10b5a2977d65c89da26550,lower_limb_wounds,chronic_wound_out_of_scope,non_wound,CC BY 4.0,g2422,,wound_main/wound_main-1327.jpg,0.688
lower_limb_wounds_fb134a07e1b3ab8a.jpg,fb134a07e1b3ab8aa2bc66810eb0a50ceea4875c8d7552ff7477098a92f6067a,lower_limb_wounds,chronic_wound_out_of_scope,non_wound,CC BY 4.0,g2423,,wound_main/wound_main-1329.jpg,0.741
lower_limb_wounds_97731620a17d74c2.jpg,97731620a17d74c2e1a456a5f9996037329a16507ec1fbcc195cd24ac04833c1,lower_limb_wounds,chronic_wound_out_of_scope,non_wound,CC BY 4.0,g2424,,wound_main/wound_main-1331.jpg,0.707
lower_limb_wounds_5c630808dcc279de.jpg,5c630808dcc279dec0720b9ba306cd4a2b24987f2cf29f631cda5f4dc79c2cdc,lower_limb_wounds,chronic_wound_out_of_scope,non_wound,CC BY 4.0,g2559,,wound_main/wound_main-1332.jpg,0.713
lower_limb_wounds_a4db41e8e56db97e.jpg,a4db41e8e56db97e595dc1f792d16effef1ce64e7dc2f566c51a5f4828d3ce9f,lower_limb_wounds,chronic_wound_out_of_scope,non_wound,CC BY 4.0,g2426,,wound_main/wound_main-1333.jpg,0.711
lower_limb_wounds_3ebccdbc9000191a.jpg,3ebccdbc9000191ac5f095d30c228727e390b489837b73d50ad2806e5cc49384,lower_limb_wounds,chronic_wound_out_of_scope,non_wound,CC BY 4.0,g2427,,wound_main/wound_main-1338.jpg,0.744
lower_limb_wounds_5a2c4e5b3d385592.jpg,5a2c4e5b3d38559280f01eba7e09574d7651f46082db0daa49eea07865338eff,lower_limb_wounds,chronic_wound_out_of_scope,non_wound,CC BY 4.0,g2428,,wound_main/wound_main-1339.jpg,0.720
lower_limb_wounds_1f5c5a9d9cf193b6.jpg,1f5c5a9d9cf193b6d88a28be2b0af5d2ab562e21365673693f9989018c0c9fb0,lower_limb_wounds,chronic_wound_out_of_scope,non_wound,CC BY 4.0,g2429,,wound_main/wound_main-1340.jpg,0.718
lower_limb_wounds_8d2116c5a5d62605.jpg,8d2116c5a5d6260583efcaefa3e951854cff2c286915d94dfa6b1a65a736c7f9,lower_limb_wounds,chronic_wound_out_of_scope,non_wound,CC BY 4.0,g2430,,wound_main/wound_main-1350.jpg,0.733
lower_limb_wounds_72cbfb739276e2e8.jpg,72cbfb739276e2e800455f5bdf909f5078ae85c917555fb08d6962cd8ea009a4,lower_limb_wounds,chronic_wound_out_of_scope,non_wound,CC BY 4.0,g2431,,wound_main/wound_main-1352.jpg,0.733
lower_limb_wounds_bd586ff3c883260f.jpg,bd586ff3c883260f8b20405fcfb97cb9cf3e71f9abc30da854e1a0a37fc8685e,lower_limb_wounds,chronic_wound_out_of_scope,non_wound,CC BY 4.0,g2432,,wound_main/wound_main-1353.jpg,0.728
lower_limb_wounds_33a505761ed7b5c7.jpg,33a505761ed7b5c7fcdb37c5ee9e32347b91fe9d8ef88a79f58b97fb03b60519,lower_limb_wounds,chronic_wound_out_of_scope,non_wound,CC BY 4.0,g2433,,wound_main/wound_main-1354.jpg,0.725
lower_limb_wounds_dce9b5b7199799e8.jpg,dce9b5b7199799e86a7b32e7603f6cf665b201543c8a97de5bd60159b7b210df,lower_limb_wounds,chronic_wound_out_of_scope,non_wound,CC BY 4.0,g2434,,wound_main/wound_main-1357.jpg,0.713
lower_limb_wounds_1936de7e4a57cbea.jpg,1936de7e4a57cbea6886ba4501aafa62b88d14bebb058c04f02c2ad639788966,lower_limb_wounds,chronic_wound_out_of_scope,non_wound,CC BY 4.0,g2435,,wound_main/wound_main-1359.jpg,0.699
lower_limb_wounds_730ab2d9cb0c89de.jpg,730ab2d9cb0c89ded6f7d51177ab1f29f944ccf5a033e8138aa619e008c5dd8b,lower_limb_wounds,chronic_wound_out_of_scope,non_wound,CC BY 4.0,g2436,,wound_main/wound_main-1360.jpg,0.697
lower_limb_wounds_d672b80c46054b25.jpg,d672b80c46054b2559318671145a529496e978ed0fd0ff1fbce061ca79c82f4a,lower_limb_wounds,chronic_wound_out_of_scope,non_wound,CC BY 4.0,g2437,,wound_main/wound_main-1361.jpg,0.693
lower_limb_wounds_4177214b2a6bbec5.jpg,4177214b2a6bbec54759b650c1d68f309c43a0797ddee1b08f9df745e62c64d3,lower_limb_wounds,chronic_wound_out_of_scope,non_wound,CC BY 4.0,g2438,,wound_main/wound_main-1362.jpg,0.717
lower_limb_wounds_dd9783fb4df09b9c.jpg,dd9783fb4df09b9c3f117573932027a79ae786c1a7fe859817eee88a82b9e31b,lower_limb_wounds,chronic_wound_out_of_scope,non_wound,CC BY 4.0,g2439,,wound_main/wound_main-1363.jpg,0.696
lower_limb_wounds_6646a1fac17fcad7.jpg,6646a1fac17fcad76a25867682c8d6f3ce1276c4330d2ba77cb45b84aeb88013,lower_limb_wounds,chronic_wound_out_of_scope,non_wound,CC BY 4.0,g2440,,wound_main/wound_main-1366.jpg,0.710
lower_limb_wounds_219cbce4fbaf9ff9.jpg,219cbce4fbaf9ff97c4a7a3647cbf82fba4353f111e6eee0bdef3282e1b44ec2,lower_limb_wounds,chronic_wound_out_of_scope,non_wound,CC BY 4.0,g2441,,wound_main/wound_main-1370.jpg,0.690
lower_limb_wounds_639f069b5d8a2acc.jpg,639f069b5d8a2acc458cc8bb1b6a846865016e77fec5599e4b7234a88b3011f4,lower_limb_wounds,chronic_wound_out_of_scope,non_wound,CC BY 4.0,g2442,,wound_main/wound_main-1371.jpg,0.714
lower_limb_wounds_fec71cd004b9aec3.jpg,fec71cd004b9aec34671acc5759a70c25246a8ef06444d49e198583c56cbae1d,lower_limb_wounds,chronic_wound_out_of_scope,non_wound,CC BY 4.0,g2443,,wound_main/wound_main-1372.jpg,0.677
lower_limb_wounds_2d3e41bca90c8e88.jpg,2d3e41bca90c8e886a3e42e876cc404e83719d0591353900bb297a28af93d00d,lower_limb_wounds,chronic_wound_out_of_scope,non_wound,CC BY 4.0,g2444,,wound_main/wound_main-1373.jpg,0.673
lower_limb_wounds_5fb94afc1e963571.jpg,5fb94afc1e9635713775afd66d46d1d3cc9c22fd3af03e617d679c81bbc44b72,lower_limb_wounds,chronic_wound_out_of_scope,non_wound,CC BY 4.0,g2445,,wound_main/wound_main-1374.jpg,0.695
lower_limb_wounds_64aceb91bfc6f23f.jpg,64aceb91bfc6f23ff76632b39f9841deb0f72f9aae123fca9f4dc4b1daeea9e8,lower_limb_wounds,chronic_wound_out_of_scope,non_wound,CC BY 4.0,g2446,,wound_main/wound_main-1376.jpg,0.711
lower_limb_wounds_d7fb582d633910e4.jpg,d7fb582d633910e41e3723ad66c80ef78dd2db3091d06d7d6659d1195705a869,lower_limb_wounds,chronic_wound_out_of_scope,non_wound,CC BY 4.0,g2447,,wound_main/wound_main-1377.jpg,0.714
lower_limb_wounds_57a3574dbeda9895.jpg,57a3574dbeda98950c81c9ea84f78b8ff0eb6f501c0700c565bae8210b861c33,lower_limb_wounds,chronic_wound_out_of_scope,non_wound,CC BY 4.0,g2448,,wound_main/wound_main-1380.jpg,0.716
lower_limb_wounds_d0868a8e8e92afd0.jpg,d0868a8e8e92afd0581292ae8630dbf03344302dbbbea6c111351404a54c1579,lower_limb_wounds,chronic_wound_out_of_scope,non_wound,CC BY 4.0,g1728,,wound_main/wound_main-1381.jpg,0.701
lower_limb_wounds_18f679e3dc9f3ea3.jpg,18f679e3dc9f3ea3627c26c7902721e0909aa18544cc8696c8cbbf5855ed2f0a,lower_limb_wounds,chronic_wound_out_of_scope,non_wound,CC BY 4.0,g2450,,wound_main/wound_main-1384.jpg,0.715
lower_limb_wounds_20eed596eb9b6f63.jpg,20eed596eb9b6f63840a4629385a07b3d65183f079ba7a587437a978a4ef02d5,lower_limb_wounds,chronic_wound_out_of_scope,non_wound,CC BY 4.0,g2451,,wound_main/wound_main-1385.jpg,0.742
lower_limb_wounds_a1de50985e452534.jpg,a1de50985e4525345fc35967f416996008516ef4386879d2c7abb7d98a227554,lower_limb_wounds,chronic_wound_out_of_scope,non_wound,CC BY 4.0,g2452,,wound_main/wound_main-1391.jpg,0.674
lower_limb_wounds_9a751281e64ebad9.jpg,9a751281e64ebad931b2fa523e30646d5afd20bc86ca5d22aa45f071682ea3c8,lower_limb_wounds,chronic_wound_out_of_scope,non_wound,CC BY 4.0,g2453,,wound_main/wound_main-1394.jpg,0.715
lower_limb_wounds_f2cddf9269ead703.jpg,f2cddf9269ead70377a6684120f9879f30b1626dc7f8c3ab5f1935101f5c0b7b,lower_limb_wounds,chronic_wound_out_of_scope,non_wound,CC BY 4.0,g2454,,wound_main/wound_main-1396.jpg,0.727
lower_limb_wounds_c73e94f19065da89.jpg,c73e94f19065da89626d6bfb3f959af81bf91c5888103baec3a2524b4979d06d,lower_limb_wounds,chronic_wound_out_of_scope,non_wound,CC BY 4.0,g2455,,wound_main/wound_main-1397.jpg,0.683
lower_limb_wounds_b9c6ed2d50bda38e.jpg,b9c6ed2d50bda38ea7d97b50b4a7f4fc7691acff1a6b916c55f6749399c6629d,lower_limb_wounds,chronic_wound_out_of_scope,non_wound,CC BY 4.0,g2456,,wound_main/wound_main-1399.jpg,0.746
lower_limb_wounds_b1898b2f58e99b9b.jpg,b1898b2f58e99b9bfb576f58cdb5f6657c8f7e3e35a4783473d0067d02ad12a5,lower_limb_wounds,chronic_wound_out_of_scope,non_wound,CC BY 4.0,g2457,,wound_main/wound_main-1401.jpg,0.669
lower_limb_wounds_d465d2664f63addc.jpg,d465d2664f63addc82955a8ff81ff23146536b107f1975cc223213ca88ba6b03,lower_limb_wounds,chronic_wound_out_of_scope,non_wound,CC BY 4.0,g2458,,wound_main/wound_main-1402.jpg,0.693
lower_limb_wounds_10a5d820cc0c929f.jpg,10a5d820cc0c929ff03b740d3738cd15b0fcd1bf7b655cbd9c087c183de52902,lower_limb_wounds,chronic_wound_out_of_scope,non_wound,CC BY 4.0,g2471,,wound_main/wound_main-1403.jpg,0.726
lower_limb_wounds_9ffd17bf15b98b53.jpg,9ffd17bf15b98b5327908f612982fbce589429d206fcc24e72810e86c96a9628,lower_limb_wounds,chronic_wound_out_of_scope,non_wound,CC BY 4.0,g2460,,wound_main/wound_main-1404.jpg,0.679
lower_limb_wounds_d2d5a0b86e279199.jpg,d2d5a0b86e279199b8ac74909f2027b1d2b62284650a42b235f7770aba8117c3,lower_limb_wounds,chronic_wound_out_of_scope,non_wound,CC BY 4.0,g2461,,wound_main/wound_main-1406.jpg,0.747
lower_limb_wounds_c32e8658cb89eb87.jpg,c32e8658cb89eb8737b1077ea0eaf554251f12bb4105125d80305d015cb7d488,lower_limb_wounds,chronic_wound_out_of_scope,non_wound,CC BY 4.0,g2462,,wound_main/wound_main-1407.jpg,0.720
lower_limb_wounds_b27775f45f88ff3c.jpg,b27775f45f88ff3c0cedef51fa595314c59430bd981b8fde0d431c65e29c1f4c,lower_limb_wounds,chronic_wound_out_of_scope,non_wound,CC BY 4.0,g2559,,wound_main/wound_main-1408.jpg,0.695
lower_limb_wounds_bc052083d17b02ba.jpg,bc052083d17b02ba12d382594632170306101af80d30387d40473150e7401661,lower_limb_wounds,chronic_wound_out_of_scope,non_wound,CC BY 4.0,g2478,,wound_main/wound_main-1410.jpg,0.749
lower_limb_wounds_474461025088ac89.jpg,474461025088ac89e6630d8bacc77ab9e30916ff17953f0a2b8ce858b65dbce7,lower_limb_wounds,chronic_wound_out_of_scope,non_wound,CC BY 4.0,g2559,,wound_main/wound_main-1411.jpg,0.684
lower_limb_wounds_5758ada78afc908f.jpg,5758ada78afc908fb9efc73918d590dda344b5a3e6e0a6d024ffdfb1d8f8e790,lower_limb_wounds,chronic_wound_out_of_scope,non_wound,CC BY 4.0,g2466,,wound_main/wound_main-1412.jpg,0.717
lower_limb_wounds_c10953d570896005.jpg,c10953d570896005cb954bb1516d24df59a194c10dab42f33c40ee002d4d9bff,lower_limb_wounds,chronic_wound_out_of_scope,non_wound,CC BY 4.0,g2559,,wound_main/wound_main-1413.jpg,0.692
lower_limb_wounds_c9571d729e163e5d.jpg,c9571d729e163e5d1ff3c49bef2eaba661f5266b8448e06b99d64ae88f840f96,lower_limb_wounds,chronic_wound_out_of_scope,non_wound,CC BY 4.0,g2468,,wound_main/wound_main-1414.jpg,0.724
lower_limb_wounds_f41c2ff54cb571b7.jpg,f41c2ff54cb571b702df35fb1bd18d0ed73f1dd95afb08acfb545ef1dc773dea,lower_limb_wounds,chronic_wound_out_of_scope,non_wound,CC BY 4.0,g2469,,wound_main/wound_main-1415.jpg,0.716
lower_limb_wounds_80b21bc91f05c45f.jpg,80b21bc91f05c45ffd23bfea63b1be481910d0e58882d5257fb2baf58d07b0eb,lower_limb_wounds,chronic_wound_out_of_scope,non_wound,CC BY 4.0,g2470,,wound_main/wound_main-1416.jpg,0.735
lower_limb_wounds_c1c2b0e8420b7cdf.jpg,c1c2b0e8420b7cdf232870c1fb1b3fdd94b4c72bb2dd4539f35a924d327a5eec,lower_limb_wounds,chronic_wound_out_of_scope,non_wound,CC BY 4.0,g2471,,wound_main/wound_main-1417.jpg,0.695
lower_limb_wounds_56609f9205891a94.jpg,56609f9205891a9441f8a19aa7ae1c2dbba35186f459a5aa2fe12babd9f806b2,lower_limb_wounds,chronic_wound_out_of_scope,non_wound,CC BY 4.0,g2472,,wound_main/wound_main-1421.jpg,0.722
lower_limb_wounds_c914b8e027536690.jpg,c914b8e027536690d02894621ad45baef6ed67e892ad244d826b22fe4a72e83c,lower_limb_wounds,chronic_wound_out_of_scope,non_wound,CC BY 4.0,g2473,,wound_main/wound_main-1422.jpg,0.700
lower_limb_wounds_21b8caabe4200773.jpg,21b8caabe4200773611986f1d90880a592d0d6a3553c7fdef8d7f111b7c7b26c,lower_limb_wounds,chronic_wound_out_of_scope,non_wound,CC BY 4.0,g2474,,wound_main/wound_main-1426.jpg,0.727
lower_limb_wounds_3528e4ad0e6157c2.jpg,3528e4ad0e6157c2aec2846262b75be0bea398e57084e25739e0178d5add9a3e,lower_limb_wounds,chronic_wound_out_of_scope,non_wound,CC BY 4.0,g2475,,wound_main/wound_main-1428.jpg,0.695
lower_limb_wounds_e670b2a4292eb19d.jpg,e670b2a4292eb19da1ef8538caf36d08926c734489a306317486b6b2d6c7d2c5,lower_limb_wounds,chronic_wound_out_of_scope,non_wound,CC BY 4.0,g2476,,wound_main/wound_main-1430.jpg,0.746
lower_limb_wounds_8ba041b7886d5725.jpg,8ba041b7886d5725be3c546f22a4330f495e26bc196d085ec85af2104083c1b9,lower_limb_wounds,chronic_wound_out_of_scope,non_wound,CC BY 4.0,g2477,,wound_main/wound_main-1431.jpg,0.709
lower_limb_wounds_6fa01e730325e569.jpg,6fa01e730325e569742346f3a8d5d3678ad77401f4de176cbaf555c23549466c,lower_limb_wounds,chronic_wound_out_of_scope,non_wound,CC BY 4.0,g2478,,wound_main/wound_main-1434.jpg,0.742
lower_limb_wounds_3118a090a5601cfc.jpg,3118a090a5601cfc73718eb655676469c2da7a3a8a3ff9b4f7cd8c0cbe970998,lower_limb_wounds,chronic_wound_out_of_scope,non_wound,CC BY 4.0,g2479,,wound_main/wound_main-1436.jpg,0.698
lower_limb_wounds_b2904e3f2f3465d7.jpg,b2904e3f2f3465d7e7156a5edd69ffc19007d3a307c4f302de773104053a5150,lower_limb_wounds,chronic_wound_out_of_scope,non_wound,CC BY 4.0,g2480,,wound_main/wound_main-1437.jpg,0.687
lower_limb_wounds_cfeccfd91c112322.jpg,cfeccfd91c1123221855f4ec9b9f36cfc9bb7a6841aca1f52e340f96fedc9e47,lower_limb_wounds,chronic_wound_out_of_scope,non_wound,CC BY 4.0,g2481,,wound_main/wound_main-1438.jpg,0.746
lower_limb_wounds_56bfd995a28286eb.jpg,56bfd995a28286eb75322d0a73277e50fe6bb6fb1f7873b9ffe7aa7bee3a7b50,lower_limb_wounds,chronic_wound_out_of_scope,non_wound,CC BY 4.0,g2482,,wound_main/wound_main-1439.jpg,0.734
lower_limb_wounds_0fe5dc4f90c29796.jpg,0fe5dc4f90c29796235cbd2abdd408dc0ba50c308f1bef2f1b264cbf5cd7d349,lower_limb_wounds,chronic_wound_out_of_scope,non_wound,CC BY 4.0,g2559,,wound_main/wound_main-1441.jpg,0.688
lower_limb_wounds_f77c126bff2b4383.jpg,f77c126bff2b43836df9ff9f772c84eb38534cb053b0985924399ed259a8606c,lower_limb_wounds,chronic_wound_out_of_scope,non_wound,CC BY 4.0,g2484,,wound_main/wound_main-1446.jpg,0.737
lower_limb_wounds_6d366799b34f5515.jpg,6d366799b34f551576449de5b5733b4157dadd3a4ddd65efc9f3b3efed234365,lower_limb_wounds,chronic_wound_out_of_scope,non_wound,CC BY 4.0,g2485,,wound_main/wound_main-1448.jpg,0.719
lower_limb_wounds_1406927f3f7dae76.jpg,1406927f3f7dae76ee9f973bb2719ec3d55afcfac4ac2a16208bf883a323d6e7,lower_limb_wounds,chronic_wound_out_of_scope,non_wound,CC BY 4.0,g2486,,wound_main/wound_main-1449.jpg,0.677
lower_limb_wounds_e2b35ac131f147f3.jpg,e2b35ac131f147f32b1a08c256cc676c61f28539deac2dd47daa774ef03e8a21,lower_limb_wounds,chronic_wound_out_of_scope,non_wound,CC BY 4.0,g2487,,wound_main/wound_main-1450.jpg,0.735
lower_limb_wounds_35f4c44fd50cf782.jpg,35f4c44fd50cf7829141e55d4528d00c746f20c37cae3ea01c56d3c2349dd396,lower_limb_wounds,chronic_wound_out_of_scope,non_wound,CC BY 4.0,g2488,,wound_main/wound_main-1452.jpg,0.700
lower_limb_wounds_2ac3f9fd94da4819.jpg,2ac3f9fd94da4819d7e638249197f006ed60753c54111be3b71515d7fa008025,lower_limb_wounds,chronic_wound_out_of_scope,non_wound,CC BY 4.0,g2489,,wound_main/wound_main-1459.jpg,0.665
lower_limb_wounds_7599ed7f2587afc5.jpg,7599ed7f2587afc577f1d6a8af5f38cb2c36d9f734522751989110e8c63d4215,lower_limb_wounds,chronic_wound_out_of_scope,non_wound,CC BY 4.0,g2490,,wound_main/wound_main-1460.jpg,0.696
lower_limb_wounds_c807ea10e2800325.jpg,c807ea10e280032532eb84aafc49b8147a9da3f36f826e8c5db029dd040bed09,lower_limb_wounds,chronic_wound_out_of_scope,non_wound,CC BY 4.0,g2491,,wound_main/wound_main-1462.jpg,0.732
lower_limb_wounds_32869e1ef9b366d7.jpg,32869e1ef9b366d739fd380b4fc57664b92a14043c94e0cabf69496c610117de,lower_limb_wounds,chronic_wound_out_of_scope,non_wound,CC BY 4.0,g2492,,wound_main/wound_main-1466.jpg,0.690
lower_limb_wounds_203fedc50d86bac1.jpg,203fedc50d86bac1c069ba9f5221f66d9080fff248e417d64084c2b7343f44b0,lower_limb_wounds,chronic_wound_out_of_scope,non_wound,CC BY 4.0,g2493,,wound_main/wound_main-1468.jpg,0.697
lower_limb_wounds_3636083eaa51ceb7.jpg,3636083eaa51ceb748d3db6654c37c5fdd602ad9a94384666fb7f4dd9b6433d7,lower_limb_wounds,chronic_wound_out_of_scope,non_wound,CC BY 4.0,g2494,,wound_main/wound_main-1469.jpg,0.696
lower_limb_wounds_e1221e2212926e2b.jpg,e1221e2212926e2b34df200bb25835e051d3ddbe89c18a393f83964662bf6df3,lower_limb_wounds,chronic_wound_out_of_scope,non_wound,CC BY 4.0,g2495,,wound_main/wound_main-1470.jpg,0.666
lower_limb_wounds_88c363649aecfaef.jpg,88c363649aecfaefe507262303139bc578e3a303c40f58a99ab865ef03316991,lower_limb_wounds,chronic_wound_out_of_scope,non_wound,CC BY 4.0,g2496,,wound_main/wound_main-1471.jpg,0.708
lower_limb_wounds_83f78019007d463c.jpg,83f78019007d463c0f9938b9483e83b8c613c1a7d1329c4076b8ce4e3c21563b,lower_limb_wounds,chronic_wound_out_of_scope,non_wound,CC BY 4.0,g2497,,wound_main/wound_main-1472.jpg,0.731
lower_limb_wounds_bd9b627516717340.jpg,bd9b62751671734010385bea97acd0505a92cc2d2ea088734c7aaea7f69f490d,lower_limb_wounds,chronic_wound_out_of_scope,non_wound,CC BY 4.0,g2498,,wound_main/wound_main-1476.jpg,0.746
lower_limb_wounds_2c9d16228a987c0b.jpg,2c9d16228a987c0b017f0b5c449d5a639ec2987a64eafb9149bf0f592bcd6e54,lower_limb_wounds,chronic_wound_out_of_scope,non_wound,CC BY 4.0,g2499,,wound_main/wound_main-1478.jpg,0.721
lower_limb_wounds_c5228f5c9713fbd5.jpg,c5228f5c9713fbd5a54544504ac87bf5d1c71d45a373c7ddfa2c7f3bdce25439,lower_limb_wounds,chronic_wound_out_of_scope,non_wound,CC BY 4.0,g2500,,wound_main/wound_main-1479.jpg,0.707
lower_limb_wounds_6bd1cfa2109ec579.jpg,6bd1cfa2109ec57901c328e954a90d52f93ca74c8b8371b782117608f4e06e71,lower_limb_wounds,chronic_wound_out_of_scope,non_wound,CC BY 4.0,g2501,,wound_main/wound_main-1480.jpg,0.691
lower_limb_wounds_41e1b9e7078f9a5b.jpg,41e1b9e7078f9a5b411d8f38a8bc6898e4fac03ad14ae4cf1fa7919ed94753e4,lower_limb_wounds,chronic_wound_out_of_scope,non_wound,CC BY 4.0,g2502,,wound_main/wound_main-1481.jpg,0.720
lower_limb_wounds_2099f9b9717ccc90.jpg,2099f9b9717ccc903614459eda4b7dc4670ed2495001b1470d4243cd69e15150,lower_limb_wounds,chronic_wound_out_of_scope,non_wound,CC BY 4.0,g2503,,wound_main/wound_main-1482.jpg,0.701
lower_limb_wounds_19bbf0913ad924b6.jpg,19bbf0913ad924b6c4da6057590d35320240cfb1d5f138fd12e6379eda3011ef,lower_limb_wounds,chronic_wound_out_of_scope,non_wound,CC BY 4.0,g2504,,wound_main/wound_main-1483.jpg,0.729
lower_limb_wounds_c8a114319ede4a46.jpg,c8a114319ede4a464f6df07c8bac947e1efd3d1b8019ea930e81890a289ff13a,lower_limb_wounds,chronic_wound_out_of_scope,non_wound,CC BY 4.0,g2522,,wound_main/wound_main-1484.jpg,0.740
lower_limb_wounds_f5a78c7804744d72.jpg,f5a78c7804744d72f382ffa7e58164ab4dd9b6d24371c201081f03589197c852,lower_limb_wounds,chronic_wound_out_of_scope,non_wound,CC BY 4.0,g2506,,wound_main/wound_main-1486.jpg,0.680
lower_limb_wounds_f63945702bf31e8c.jpg,f63945702bf31e8c9efffb283b96e419eccf7e66b83f7b59d1b515a88e64aa55,lower_limb_wounds,chronic_wound_out_of_scope,non_wound,CC BY 4.0,g2549,,wound_main/wound_main-1489.jpg,0.705
lower_limb_wounds_f764289bdd382a45.jpg,f764289bdd382a45a303407402084c7de968a79693445b69cffeb7371fea3015,lower_limb_wounds,chronic_wound_out_of_scope,non_wound,CC BY 4.0,g2549,,wound_main/wound_main-1490.jpg,0.717
lower_limb_wounds_45c3e706ad9a649e.jpg,45c3e706ad9a649e5521d14d02a38f2d0b56040dd0b5b12014b9e771b9692df6,lower_limb_wounds,chronic_wound_out_of_scope,non_wound,CC BY 4.0,g2509,,wound_main/wound_main-1491.jpg,0.706
lower_limb_wounds_64dcb4d992113bbf.jpg,64dcb4d992113bbf5d6f514fc83d9397a539fb6e1a75010b0dfe59899da01241,lower_limb_wounds,chronic_wound_out_of_scope,non_wound,CC BY 4.0,g2510,,wound_main/wound_main-1496.jpg,0.706
lower_limb_wounds_7d87c15f0cf16dd7.jpg,7d87c15f0cf16dd782c34eaf80540349db8d717b090b4e6666f2e2637ba44a01,lower_limb_wounds,chronic_wound_out_of_scope,non_wound,CC BY 4.0,g2511,,wound_main/wound_main-1498.jpg,0.709
lower_limb_wounds_151521a260035de6.jpg,151521a260035de6347534252425c9c38ce279de659a03fa8c114deb7486764c,lower_limb_wounds,chronic_wound_out_of_scope,non_wound,CC BY 4.0,g2559,,wound_main/wound_main-1502.jpg,0.698
lower_limb_wounds_507abc09ec1e6eaa.jpg,507abc09ec1e6eaa3ef39350edef88bf2c9eef0ad014f1a0260ca898a28c948c,lower_limb_wounds,chronic_wound_out_of_scope,non_wound,CC BY 4.0,g2513,,wound_main/wound_main-1504.jpg,0.749
lower_limb_wounds_56e627e6012d509d.jpg,56e627e6012d509db1a5741ab0a1546b6ecf48b05cbb0932e3064c6941d2cf9b,lower_limb_wounds,chronic_wound_out_of_scope,non_wound,CC BY 4.0,g2514,,wound_main/wound_main-1505.jpg,0.719
lower_limb_wounds_839b16371fbc033a.jpg,839b16371fbc033a0ce2153a33bf403a8ba9de387b5a53849823e5ca39031e85,lower_limb_wounds,chronic_wound_out_of_scope,non_wound,CC BY 4.0,g2549,,wound_main/wound_main-1509.jpg,0.727
lower_limb_wounds_2760ce156e857a79.jpg,2760ce156e857a794084f78207850138a915f37cfb070c1e3f333bd673f29da1,lower_limb_wounds,chronic_wound_out_of_scope,non_wound,CC BY 4.0,g2516,,wound_main/wound_main-1510.jpg,0.710
lower_limb_wounds_5d24269400a6e1ab.jpg,5d24269400a6e1abcb2ff0145d31b460a08d21643cef8198c61397f71e425dfa,lower_limb_wounds,chronic_wound_out_of_scope,non_wound,CC BY 4.0,g2517,,wound_main/wound_main-1517.jpg,0.732
lower_limb_wounds_9a4fe8b507443f6d.jpg,9a4fe8b507443f6d7071d42e0a8ad6c5f5abedd3bb2ebf20558c52a91c6f420e,lower_limb_wounds,chronic_wound_out_of_scope,non_wound,CC BY 4.0,g2518,,wound_main/wound_main-1518.jpg,0.672
lower_limb_wounds_a9c29a80d7425264.jpg,a9c29a80d74252642eaed6490172559f3b12f9e38e8dde0e7423e3aa229afb24,lower_limb_wounds,chronic_wound_out_of_scope,non_wound,CC BY 4.0,g2519,,wound_main/wound_main-1519.jpg,0.725
lower_limb_wounds_41a69e68c2c864f3.jpg,41a69e68c2c864f3e9267264f13e15755e0189f13cbb61701d284110155cc7f3,lower_limb_wounds,chronic_wound_out_of_scope,non_wound,CC BY 4.0,g2520,,wound_main/wound_main-1520.jpg,0.695
lower_limb_wounds_ef8c4c2df843e7ce.jpg,ef8c4c2df843e7ced7b615044d9cdaf2156ee16f468c95047db792dfefe7db62,lower_limb_wounds,chronic_wound_out_of_scope,non_wound,CC BY 4.0,g2521,,wound_main/wound_main-1524.jpg,0.601
lower_limb_wounds_c8a114319ede4a46.jpg,c8a114319ede4a464f6df07c8bac947e1efd3d1b8019ea930e81890a289ff13a,lower_limb_wounds,chronic_wound_out_of_scope,non_wound,CC BY 4.0,g2522,,wound_main/wound_main-1526.jpg,0.740
lower_limb_wounds_7b955ceb36abaa94.jpg,7b955ceb36abaa946d02e9286a4e859743ae7a5de5347838bc6be29f3a528f29,lower_limb_wounds,chronic_wound_out_of_scope,non_wound,CC BY 4.0,g2523,,wound_main/wound_main-1527.jpg,0.747
lower_limb_wounds_e5007f664662e3c5.jpg,e5007f664662e3c5ff388d7311ca62edd6e50fd67056f6dd40f80b74f481d49b,lower_limb_wounds,chronic_wound_out_of_scope,non_wound,CC BY 4.0,g2524,,wound_main/wound_main-1529.jpg,0.680
lower_limb_wounds_e407fb76b79a1452.jpg,e407fb76b79a1452c194743495673f63de6962d0914d6b90fc6d1d3ec2bff15e,lower_limb_wounds,chronic_wound_out_of_scope,non_wound,CC BY 4.0,g2525,,wound_main/wound_main-1532.jpg,0.727
lower_limb_wounds_787f5937d43e4464.jpg,787f5937d43e44641ddff86642d545c20d844d80e20ec46cae3f8a21b62dab82,lower_limb_wounds,chronic_wound_out_of_scope,non_wound,CC BY 4.0,g2526,,wound_main/wound_main-1535.jpg,0.740
lower_limb_wounds_0c7fb57a0167ceff.jpg,0c7fb57a0167ceff01b3c344576c6b6fc1796d4428a04d05ae5a628ce4083008,lower_limb_wounds,chronic_wound_out_of_scope,non_wound,CC BY 4.0,g2527,,wound_main/wound_main-1536.jpg,0.722
lower_limb_wounds_b1b6175122dae5fc.jpg,b1b6175122dae5fc35b7cbe67ff5543ecfb20c5adaacd2c39a1fa391fa05b3ee,lower_limb_wounds,chronic_wound_out_of_scope,non_wound,CC BY 4.0,g2529,,wound_main/wound_main-1537.jpg,0.705
lower_limb_wounds_b1b6175122dae5fc.jpg,b1b6175122dae5fc35b7cbe67ff5543ecfb20c5adaacd2c39a1fa391fa05b3ee,lower_limb_wounds,chronic_wound_out_of_scope,non_wound,CC BY 4.0,g2529,,wound_main/wound_main-1539.jpg,0.705
lower_limb_wounds_7655dce870b5f2c6.jpg,7655dce870b5f2c6386b3c59e3d43af7830ccbdb36840d5582edb221a4775220,lower_limb_wounds,chronic_wound_out_of_scope,non_wound,CC BY 4.0,g2530,,wound_main/wound_main-1541.jpg,0.687
lower_limb_wounds_d3e0c11a39b32cd7.jpg,d3e0c11a39b32cd71224d1e13f0b6032673c4221008eba93627a3f0e517c9726,lower_limb_wounds,chronic_wound_out_of_scope,non_wound,CC BY 4.0,g2531,,wound_main/wound_main-1543.jpg,0.734
lower_limb_wounds_2e0646e34aef452b.jpg,2e0646e34aef452b387d4d6a36c2f4892221297cd225fa0727b4bb9e9ad706ba,lower_limb_wounds,chronic_wound_out_of_scope,non_wound,CC BY 4.0,g2532,,wound_main/wound_main-1544.jpg,0.712
lower_limb_wounds_7884374fddac8ff9.jpg,7884374fddac8ff991d920b588ed7ca11bbca0755dce530e5f00cf0f4d86adad,lower_limb_wounds,chronic_wound_out_of_scope,non_wound,CC BY 4.0,g2533,,wound_main/wound_main-1547.jpg,0.703
lower_limb_wounds_bad26c89a20a0bb1.jpg,bad26c89a20a0bb1a2a436931570ad19ea9f2be8b58436ac040e951d7598ff76,lower_limb_wounds,chronic_wound_out_of_scope,non_wound,CC BY 4.0,g2559,,wound_main/wound_main-1552.jpg,0.702
lower_limb_wounds_2fa2e521bf9d1421.jpg,2fa2e521bf9d1421e015790e975ba1476aac02dc8c0d5154a47bfccba15774f3,lower_limb_wounds,chronic_wound_out_of_scope,non_wound,CC BY 4.0,g2535,,wound_main/wound_main-1554.jpg,0.716
lower_limb_wounds_74b88b17da6d85ab.jpg,74b88b17da6d85abb309beb43ef13b0fce6bf42d573af3fc1fece7715d2d3495,lower_limb_wounds,chronic_wound_out_of_scope,non_wound,CC BY 4.0,g2625,,wound_main/wound_main-1555.jpg,0.743
lower_limb_wounds_5dab912bff527637.jpg,5dab912bff527637fbe473b957efc90d2f4a9a159b7a2d0a00d452009bf0be88,lower_limb_wounds,chronic_wound_out_of_scope,non_wound,CC BY 4.0,g2625,,wound_main/wound_main-1556.jpg,0.731
lower_limb_wounds_969083fe4be4915f.jpg,969083fe4be4915f7fd34b99d1e76c3c494d7f1fbe7415819eb960cbd75669be,lower_limb_wounds,chronic_wound_out_of_scope,non_wound,CC BY 4.0,g2538,,wound_main/wound_main-1561.jpg,0.733
lower_limb_wounds_4466df47bc97aeef.jpg,4466df47bc97aeeff382c417cc5337dce7b50a52544403275f5108b542819f54,lower_limb_wounds,chronic_wound_out_of_scope,non_wound,CC BY 4.0,g2539,,wound_main/wound_main-1563.jpg,0.711
lower_limb_wounds_8f68d60f86e95fbc.jpg,8f68d60f86e95fbcf7d0544eba8d4f394bbd067c9dd524060f2f6a0511922559,lower_limb_wounds,chronic_wound_out_of_scope,non_wound,CC BY 4.0,g2540,,wound_main/wound_main-1567.jpg,0.694
lower_limb_wounds_c8076abb669ee682.jpg,c8076abb669ee6824a3ce6c4cb393375287394dfc00b2a8c4fe310c73c306d20,lower_limb_wounds,chronic_wound_out_of_scope,non_wound,CC BY 4.0,g2541,,wound_main/wound_main-1568.jpg,0.734
lower_limb_wounds_98dacb8adabd1b4f.jpg,98dacb8adabd1b4fdcc1971d5f2cd352cef8812ba55cbf05927c75a3ed92de17,lower_limb_wounds,chronic_wound_out_of_scope,non_wound,CC BY 4.0,g2559,,wound_main/wound_main-1570.jpg,0.710
lower_limb_wounds_b4fc73a5effb6b71.jpg,b4fc73a5effb6b71a7be7160c87e83c33450fed5485ca5027050d6cec85a19e8,lower_limb_wounds,chronic_wound_out_of_scope,non_wound,CC BY 4.0,g2543,,wound_main/wound_main-1578.jpg,0.729
lower_limb_wounds_06be827e0f369add.jpg,06be827e0f369addef4759705366fa16868865780adf678085de36adf815b915,lower_limb_wounds,chronic_wound_out_of_scope,non_wound,CC BY 4.0,g2544,,wound_main/wound_main-1581.jpg,0.701
lower_limb_wounds_62e52da817dcf04f.jpg,62e52da817dcf04ff39ca5a364cd71ca4867f440f7d4badce79c7d7a591a234a,lower_limb_wounds,chronic_wound_out_of_scope,non_wound,CC BY 4.0,g2545,,wound_main/wound_main-1584.jpg,0.716
lower_limb_wounds_19dbbaaabe3ad77c.jpg,19dbbaaabe3ad77c5419ecbc8b72f576a0beac278a2d3b31a6e9f2181cd989f5,lower_limb_wounds,chronic_wound_out_of_scope,non_wound,CC BY 4.0,g2546,,wound_main/wound_main-1586.jpg,0.709
lower_limb_wounds_e1fabef5f421bca1.jpg,e1fabef5f421bca180236e95e648370d08aab677566acc09009cfd09e5d927b4,lower_limb_wounds,chronic_wound_out_of_scope,non_wound,CC BY 4.0,g2547,,wound_main/wound_main-1587.jpg,0.684
lower_limb_wounds_44c2cd08a259524e.jpg,44c2cd08a259524e7c2ae2878acd660fb27dfb0a43ce1569dc52e759eae75301,lower_limb_wounds,chronic_wound_out_of_scope,non_wound,CC BY 4.0,g2548,,wound_main/wound_main-1588.jpg,0.712
lower_limb_wounds_93f691b31b9d6cb3.jpg,93f691b31b9d6cb3da1a392743b74513c8b8b57b31a0aba50eb33f5c791816f4,lower_limb_wounds,chronic_wound_out_of_scope,non_wound,CC BY 4.0,g2549,,wound_main/wound_main-1590.jpg,0.703
lower_limb_wounds_8d8cc7be96d729d3.jpg,8d8cc7be96d729d3c843102e626c9cdfb671b03cdb8f50a72557487fc2b3f1a5,lower_limb_wounds,chronic_wound_out_of_scope,non_wound,CC BY 4.0,g2550,,wound_main/wound_main-1591.jpg,0.737
lower_limb_wounds_3a3edbc8a47a49b8.jpg,3a3edbc8a47a49b8bd222ebca73fb2aef4f6dac0d2ffa50d875aaa9175b73360,lower_limb_wounds,chronic_wound_out_of_scope,non_wound,CC BY 4.0,g2551,,wound_main/wound_main-1592.jpg,0.693
lower_limb_wounds_f64adc27e050e355.jpg,f64adc27e050e3550c998a2223813556acc929839b260b3015bac8ae2400dc5b,lower_limb_wounds,chronic_wound_out_of_scope,non_wound,CC BY 4.0,g2552,,wound_main/wound_main-1596.jpg,0.742
lower_limb_wounds_511d6839d1449a3c.jpg,511d6839d1449a3c39b143acc830376ab04a262ec09f15b4e7fb3eb56f1b6965,lower_limb_wounds,chronic_wound_out_of_scope,non_wound,CC BY 4.0,g2553,,wound_main/wound_main-1598.jpg,0.750
lower_limb_wounds_3723cf8452f77604.jpg,3723cf8452f77604a0a48073e1e7092c4af452ce3830dedba17d01c0beef6266,lower_limb_wounds,chronic_wound_out_of_scope,non_wound,CC BY 4.0,g2554,,wound_main/wound_main-1602.jpg,0.688
lower_limb_wounds_bdbbc2f926333fab.jpg,bdbbc2f926333fabf296e4d08416a65a5e277d2c5ee9b7b2e99eaa06c8c05c04,lower_limb_wounds,chronic_wound_out_of_scope,non_wound,CC BY 4.0,g2555,,wound_main/wound_main-1604.jpg,0.716
lower_limb_wounds_bb0c6fdb39207bbf.jpg,bb0c6fdb39207bbfc1f4ebfa5933a238a6fd7e4bd0fb7eacb5f3717fe9d164c7,lower_limb_wounds,chronic_wound_out_of_scope,non_wound,CC BY 4.0,g2556,,wound_main/wound_main-1606.jpg,0.695
lower_limb_wounds_6422a57e35c2b195.jpg,6422a57e35c2b195e987fa0d4ec58b0d9d961e76a20b1dde4b076b285e0351b0,lower_limb_wounds,chronic_wound_out_of_scope,non_wound,CC BY 4.0,g2557,,wound_main/wound_main-1607.jpg,0.739
lower_limb_wounds_ad6faa1684edd91a.jpg,ad6faa1684edd91ae6c6ceaab7484f4f085beade7de96694212e23d26043e448,lower_limb_wounds,chronic_wound_out_of_scope,non_wound,CC BY 4.0,g2558,,wound_main/wound_main-1608.jpg,0.700
lower_limb_wounds_25951481e9adaab0.jpg,25951481e9adaab0750816b8b148dd21aed3431fcc4ec392ecb0b012f135cf17,lower_limb_wounds,chronic_wound_out_of_scope,non_wound,CC BY 4.0,g2559,,wound_main/wound_main-1612.jpg,0.706
lower_limb_wounds_4faf00641c6daa02.jpg,4faf00641c6daa025c1a935beb727ad3fd4e95361c6a3ef9fd05d8edb23aadea,lower_limb_wounds,chronic_wound_out_of_scope,non_wound,CC BY 4.0,g2625,,wound_main/wound_main-1616.jpg,0.732
lower_limb_wounds_31a04a620f6ec441.jpg,31a04a620f6ec4419f4b8c14d1e60fa986431e569941cdb46bf26553d7da4eb3,lower_limb_wounds,chronic_wound_out_of_scope,non_wound,CC BY 4.0,g2561,,wound_main/wound_main-1622.jpg,0.717
lower_limb_wounds_63d98b6f970cb70e.jpg,63d98b6f970cb70e0fca4f8893e8f4fe0ff6822267ac9ad8ac32f308be83ac3a,lower_limb_wounds,chronic_wound_out_of_scope,non_wound,CC BY 4.0,g2559,,wound_main/wound_main-1624.jpg,0.656
lower_limb_wounds_19eff9de322a22fc.jpg,19eff9de322a22fcf70e8cc8b9112015bd3b6bd5939343496a86f06c3d9c548c,lower_limb_wounds,chronic_wound_out_of_scope,non_wound,CC BY 4.0,g2563,,wound_main/wound_main-1629.jpg,0.730
lower_limb_wounds_9ea110c2dc107177.jpg,9ea110c2dc107177c61a052547c52ca202e61d30ee70678d573830b4e4b6d3a7,lower_limb_wounds,chronic_wound_out_of_scope,non_wound,CC BY 4.0,g2564,,wound_main/wound_main-1632.jpg,0.741
lower_limb_wounds_b38441c0bdfef8dc.jpg,b38441c0bdfef8dc8eb6836a1022290b012dbe4a96953a817ae99828cf410362,lower_limb_wounds,chronic_wound_out_of_scope,non_wound,CC BY 4.0,g2565,,wound_main/wound_main-1635.jpg,0.732
lower_limb_wounds_c8e9665ef5370a55.jpg,c8e9665ef5370a55e918898cf31e16d9e0b02a0ec98c9b1740cd7506a342246a,lower_limb_wounds,chronic_wound_out_of_scope,non_wound,CC BY 4.0,g2625,,wound_main/wound_main-1638.jpg,0.747
lower_limb_wounds_f2c3e0a36845b7b0.jpg,f2c3e0a36845b7b08604154ab2f11f7baef480632b2cfc7f756a5da72d506051,lower_limb_wounds,chronic_wound_out_of_scope,non_wound,CC BY 4.0,g2625,,wound_main/wound_main-1645.jpg,0.715
lower_limb_wounds_50c8a6384556b833.jpg,50c8a6384556b83357d76519d2cb25a04e850b98ef53c8014b25138f03a8f49f,lower_limb_wounds,chronic_wound_out_of_scope,non_wound,CC BY 4.0,g2568,,wound_main/wound_main-1647.jpg,0.660
lower_limb_wounds_7122c8b185043eea.jpg,7122c8b185043eeaf8ac032958ceed98382187e38dd2bec33c44a7cbac561835,lower_limb_wounds,chronic_wound_out_of_scope,non_wound,CC BY 4.0,g2569,,wound_main/wound_main-1648.jpg,0.644
lower_limb_wounds_3d3892da0574f957.jpg,3d3892da0574f957b720ae2b194599a694655be49e7936001b4a11157f742c4f,lower_limb_wounds,chronic_wound_out_of_scope,non_wound,CC BY 4.0,g2570,,wound_main/wound_main-1649.jpg,0.681
lower_limb_wounds_980da2066926c126.jpg,980da2066926c126a540d242b1192722842baee8fdba477aff7b7b3244aaf29f,lower_limb_wounds,chronic_wound_out_of_scope,non_wound,CC BY 4.0,g2571,,wound_main/wound_main-1651.jpg,0.734
lower_limb_wounds_c65968f657f31146.jpg,c65968f657f31146500f28bf77b7b995e1672d6400d70da2788f8db2e0cd5dbd,lower_limb_wounds,chronic_wound_out_of_scope,non_wound,CC BY 4.0,g2572,,wound_main/wound_main-1652.jpg,0.721
lower_limb_wounds_7023b48f5bbb2cc3.jpg,7023b48f5bbb2cc3e74734148dfa10c535b3f3a972e0d07a420295fd83840e7f,lower_limb_wounds,chronic_wound_out_of_scope,non_wound,CC BY 4.0,g2573,,wound_main/wound_main-1656.jpg,0.712
lower_limb_wounds_869c2e8297dafd29.jpg,869c2e8297dafd299eb1fa437fa208128cdda4ba1786c25865568d9969b6dd39,lower_limb_wounds,chronic_wound_out_of_scope,non_wound,CC BY 4.0,g2574,,wound_main/wound_main-1657.jpg,0.685
lower_limb_wounds_3682313905467d6a.jpg,3682313905467d6aa7d52e239fc7c6917b78bb1458f8a65ea3eb1c6afebc5412,lower_limb_wounds,chronic_wound_out_of_scope,non_wound,CC BY 4.0,g2575,,wound_main/wound_main-1661.jpg,0.721
lower_limb_wounds_ac3789407f5f7d1d.jpg,ac3789407f5f7d1d5f42e4e075431d85234a683b48740c411292c020f4775ee8,lower_limb_wounds,chronic_wound_out_of_scope,non_wound,CC BY 4.0,g2576,,wound_main/wound_main-1662.jpg,0.725
lower_limb_wounds_1a22b6c96e061a5c.jpg,1a22b6c96e061a5cf9a6e9236b687084939faacad0900983dfc23bf1ae178d0a,lower_limb_wounds,chronic_wound_out_of_scope,non_wound,CC BY 4.0,g2577,,wound_main/wound_main-1664.jpg,0.682
lower_limb_wounds_224005d133e859b8.jpg,224005d133e859b843cfc0371b02b52b9dee8dab22ff9270fc3a9d3b0cea131f,lower_limb_wounds,chronic_wound_out_of_scope,non_wound,CC BY 4.0,g2578,,wound_main/wound_main-1665.jpg,0.734
lower_limb_wounds_195c5a8dde3ec986.jpg,195c5a8dde3ec986330b2c8ce31d82656c0c1255c3a46923175023a01872aa8d,lower_limb_wounds,chronic_wound_out_of_scope,non_wound,CC BY 4.0,g2579,,wound_main/wound_main-1666.jpg,0.718
lower_limb_wounds_623769c28f0969c3.jpg,623769c28f0969c3776e66b5fdc2442e01ce28c3a4dc1f1d23b78e5b2f87dbd6,lower_limb_wounds,chronic_wound_out_of_scope,non_wound,CC BY 4.0,g2580,,wound_main/wound_main-1667.jpg,0.732
lower_limb_wounds_467084db4b740497.jpg,467084db4b74049725453efe6e6bd595ba0d2c512513ac008304bfaede1fdcd3,lower_limb_wounds,chronic_wound_out_of_scope,non_wound,CC BY 4.0,g2581,,wound_main/wound_main-1671.jpg,0.746
lower_limb_wounds_482f5f7466061d98.jpg,482f5f7466061d98244dcf5ae87d41d27ef0e54acecc04f46d0c0958e1c209e1,lower_limb_wounds,chronic_wound_out_of_scope,non_wound,CC BY 4.0,g2582,,wound_main/wound_main-1672.jpg,0.738
lower_limb_wounds_1b29fb8064a2bc3c.jpg,1b29fb8064a2bc3c46be59a3d63e5625f764bda57b084517754545af7fc5d305,lower_limb_wounds,chronic_wound_out_of_scope,non_wound,CC BY 4.0,g2583,,wound_main/wound_main-1673.jpg,0.714
lower_limb_wounds_c84530279abd3863.jpg,c84530279abd3863b200d09c6eb537c446c5cd1a2f8fd470da787f8a17ef1777,lower_limb_wounds,chronic_wound_out_of_scope,non_wound,CC BY 4.0,g2584,,wound_main/wound_main-1674.jpg,0.725
lower_limb_wounds_9b12606f00dc2def.jpg,9b12606f00dc2defce389a35f2a62a274aaa4d9f42a084df1bb23e6ea878ad5a,lower_limb_wounds,chronic_wound_out_of_scope,non_wound,CC BY 4.0,g2585,,wound_main/wound_main-1675.jpg,0.734
lower_limb_wounds_5e9ab371d39403c5.jpg,5e9ab371d39403c55a723c9fa5ed2490ba7d1465c2d2f2fdc7aa56b6eef799c1,lower_limb_wounds,chronic_wound_out_of_scope,non_wound,CC BY 4.0,g2586,,wound_main/wound_main-1676.jpg,0.688
lower_limb_wounds_174b6a0d19dcf04e.jpg,174b6a0d19dcf04ec51a4f295e681468111da5bc73647bdfa02df778c25691d6,lower_limb_wounds,chronic_wound_out_of_scope,non_wound,CC BY 4.0,g2587,,wound_main/wound_main-1678.jpg,0.692
lower_limb_wounds_c8ea30b3cd9241ee.jpg,c8ea30b3cd9241eefdf8c3da069619b4304c2b5558f033aef34c1d5af57f737e,lower_limb_wounds,chronic_wound_out_of_scope,non_wound,CC BY 4.0,g2588,,wound_main/wound_main-1679.jpg,0.706
lower_limb_wounds_29ff1e5c789ab9f6.jpg,29ff1e5c789ab9f65a50568a964763aadd94a5c8269dcc6a175e41aa7324f3d8,lower_limb_wounds,chronic_wound_out_of_scope,non_wound,CC BY 4.0,g2559,,wound_main/wound_main-1680.jpg,0.674
lower_limb_wounds_e89ced0d43fdcd69.jpg,e89ced0d43fdcd690ed217701c7454ec9bfa7dd58cd193607663fa1180980e2e,lower_limb_wounds,chronic_wound_out_of_scope,non_wound,CC BY 4.0,g2590,,wound_main/wound_main-1681.jpg,0.731
lower_limb_wounds_888ba6f403e04485.jpg,888ba6f403e04485f85bcb1342bf9eccdfe37fc1f3cf6b90dfe1e42070bed68b,lower_limb_wounds,chronic_wound_out_of_scope,non_wound,CC BY 4.0,g2591,,wound_main/wound_main-1682.jpg,0.711
lower_limb_wounds_0a489415ef44965f.jpg,0a489415ef44965f98a41256d025e67cc70b0749bbadc228647f44ae3ae97b64,lower_limb_wounds,chronic_wound_out_of_scope,non_wound,CC BY 4.0,g2592,,wound_main/wound_main-1683.jpg,0.707
lower_limb_wounds_acf3c5ee28d969e0.jpg,acf3c5ee28d969e02e858d2db7950958599d10a609baa3d45b9eb2207032aa80,lower_limb_wounds,chronic_wound_out_of_scope,non_wound,CC BY 4.0,g2593,,wound_main/wound_main-1684.jpg,0.746
lower_limb_wounds_cf884e80ecc3d184.jpg,cf884e80ecc3d18429fca9cf2639bd63ebe1026a4e5f3d389a4ae45401264adb,lower_limb_wounds,chronic_wound_out_of_scope,non_wound,CC BY 4.0,g2549,,wound_main/wound_main-1685.jpg,0.722
lower_limb_wounds_311dd63b451de9ee.jpg,311dd63b451de9ee861cbd3a52af8513c020089e6eb9115681f8b70dff08b489,lower_limb_wounds,chronic_wound_out_of_scope,non_wound,CC BY 4.0,g2549,,wound_main/wound_main-1686.jpg,0.747
lower_limb_wounds_eba0d8af71ff8f5e.jpg,eba0d8af71ff8f5e31fdb5070a7ecd079b62e8479a8d500ab11f1f47df842a4a,lower_limb_wounds,chronic_wound_out_of_scope,non_wound,CC BY 4.0,g2596,,wound_main/wound_main-1690.jpg,0.687
lower_limb_wounds_b576e4bd47230979.jpg,b576e4bd4723097903d02e27ee87fad90acdfa5efa118893cfa3bf5c72f22c96,lower_limb_wounds,chronic_wound_out_of_scope,non_wound,CC BY 4.0,g2597,,wound_main/wound_main-1691.jpg,0.708
lower_limb_wounds_78e9daf715508af9.jpg,78e9daf715508af96e0d5ef8c4f84665b9f7ed5d725ec11988ae777d6a3f6fa2,lower_limb_wounds,chronic_wound_out_of_scope,non_wound,CC BY 4.0,g2598,,wound_main/wound_main-1695.jpg,0.747
lower_limb_wounds_fd1ac1b7984f3565.jpg,fd1ac1b7984f356575e0299359e6dc1c54dc133c009ac9e2600f90a8d5933bff,lower_limb_wounds,chronic_wound_out_of_scope,non_wound,CC BY 4.0,g2599,,wound_main/wound_main-1697.jpg,0.736
lower_limb_wounds_b0447f8a884f9e3c.jpg,b0447f8a884f9e3c2b07827252aebeb4494e7df6b0931d169750ae81468a1325,lower_limb_wounds,chronic_wound_out_of_scope,non_wound,CC BY 4.0,g2600,,wound_main/wound_main-1700.jpg,0.679
lower_limb_wounds_f3f5e91db5327d7c.jpg,f3f5e91db5327d7ccb1a56c233159ea17f01d0cfc1355e8fcb3254bca5aa28a9,lower_limb_wounds,chronic_wound_out_of_scope,non_wound,CC BY 4.0,g2601,,wound_main/wound_main-1702.jpg,0.716
lower_limb_wounds_7d594ec7e4f1581d.jpg,7d594ec7e4f1581d32e8815de816440a66422e3c49a6b9fdab44ded071726a2c,lower_limb_wounds,chronic_wound_out_of_scope,non_wound,CC BY 4.0,g2604,,wound_main/wound_main-1703.jpg,0.723
lower_limb_wounds_f7351a6d0cc473bb.jpg,f7351a6d0cc473bb4772dee73e96f8a0c03805dbe6f023e805c1d92c86db6ac9,lower_limb_wounds,chronic_wound_out_of_scope,non_wound,CC BY 4.0,g2603,,wound_main/wound_main-1705.jpg,0.714
lower_limb_wounds_2c12853f2172b83b.jpg,2c12853f2172b83bda1ef5070294431b3113d794a33bbb24210b9bc6afebcbb4,lower_limb_wounds,chronic_wound_out_of_scope,non_wound,CC BY 4.0,g2604,,wound_main/wound_main-1706.jpg,0.740
lower_limb_wounds_e75491327891b541.jpg,e75491327891b541f8d45b47f36389c56749d7564e01791ee8a57da832aeac99,lower_limb_wounds,chronic_wound_out_of_scope,non_wound,CC BY 4.0,g2605,,wound_main/wound_main-1707.jpg,0.702
lower_limb_wounds_76dc2b18baddb2ac.jpg,76dc2b18baddb2acb25b574f97d0e8d070f13d239f10c8eca0df339883f8cfff,lower_limb_wounds,chronic_wound_out_of_scope,non_wound,CC BY 4.0,g2606,,wound_main/wound_main-1708.jpg,0.725
lower_limb_wounds_503f39f5c7186572.jpg,503f39f5c7186572b2ab54eef8ba396b7baa24ff11b7dd8eb1d01386b353bd72,lower_limb_wounds,chronic_wound_out_of_scope,non_wound,CC BY 4.0,g2607,,wound_main/wound_main-1710.jpg,0.686
lower_limb_wounds_bfdfe1ae7981652a.jpg,bfdfe1ae7981652a885e39919aa78dc07946c50cd46772965e9e5429aafb3c8b,lower_limb_wounds,chronic_wound_out_of_scope,non_wound,CC BY 4.0,g2608,,wound_main/wound_main-1713.jpg,0.685
lower_limb_wounds_d9e25d507b020c07.jpg,d9e25d507b020c07fe68ddd73766aede06ef435b2d1dc970a85874a05ef754f0,lower_limb_wounds,chronic_wound_out_of_scope,non_wound,CC BY 4.0,g2609,,wound_main/wound_main-1719.jpg,0.749
lower_limb_wounds_291bc9e90dc2aa66.jpg,291bc9e90dc2aa66ee9131486b3eeacbfdddbc7f105d5abfe44033fd58d029d3,lower_limb_wounds,chronic_wound_out_of_scope,non_wound,CC BY 4.0,g2610,,wound_main/wound_main-1722.jpg,0.710
lower_limb_wounds_6445d6223e8bfc24.jpg,6445d6223e8bfc2465a6c2acb159a4a139b89e9160976b77ce4ada49eaa744c3,lower_limb_wounds,chronic_wound_out_of_scope,non_wound,CC BY 4.0,g2611,,wound_main/wound_main-1723.jpg,0.744
lower_limb_wounds_da71f2e67f3fea5a.jpg,da71f2e67f3fea5a953e388a86d8de02da557e4c9ab6aa08705a8d0d25edbfc4,lower_limb_wounds,chronic_wound_out_of_scope,non_wound,CC BY 4.0,g2559,,wound_main/wound_main-1724.jpg,0.726
lower_limb_wounds_22f37c87a53a02d5.jpg,22f37c87a53a02d5b5877d64e73f8ea207aa2793a19183a5786ba0a0475bca63,lower_limb_wounds,chronic_wound_out_of_scope,non_wound,CC BY 4.0,g2559,,wound_main/wound_main-1725.jpg,0.698
lower_limb_wounds_f49e2dda915fa18e.jpg,f49e2dda915fa18eabd9efdf9cdcf340d479366c5de8df6906e7869582335598,lower_limb_wounds,chronic_wound_out_of_scope,non_wound,CC BY 4.0,g2614,,wound_main/wound_main-1726.jpg,0.736
lower_limb_wounds_751cb01691a46efd.jpg,751cb01691a46efd8a95fa13e8d388df4cb033cd0daa9159ce7ce3b034e9ecf9,lower_limb_wounds,chronic_wound_out_of_scope,non_wound,CC BY 4.0,g2615,,wound_main/wound_main-1728.jpg,0.718
lower_limb_wounds_f0cc82c8f15e1c1d.jpg,f0cc82c8f15e1c1d39fd667b584d1c5302ec55ca97878fa4f3dbfb35e46f92e8,lower_limb_wounds,chronic_wound_out_of_scope,non_wound,CC BY 4.0,g2616,,wound_main/wound_main-1731.jpg,0.689
lower_limb_wounds_c652a1aaeb8486c2.jpg,c652a1aaeb8486c21ce3e92cb528e87f6333742cf9d8f34e7ce32eff9d35cba5,lower_limb_wounds,chronic_wound_out_of_scope,non_wound,CC BY 4.0,g2617,,wound_main/wound_main-1732.jpg,0.730
lower_limb_wounds_ae378609db10d8b7.jpg,ae378609db10d8b7140df38f8e375f86cbd0de124df8bd0af9d81f3f0815bae6,lower_limb_wounds,chronic_wound_out_of_scope,non_wound,CC BY 4.0,g2618,,wound_main/wound_main-1733.jpg,0.730
lower_limb_wounds_6de23c47366eccfe.jpg,6de23c47366eccfe28d2d36575eeb6f78fe6d9bb38aed25de5d5a6ec127b42b4,lower_limb_wounds,chronic_wound_out_of_scope,non_wound,CC BY 4.0,g2619,,wound_main/wound_main-1734.jpg,0.744
lower_limb_wounds_346d88a2a4c87290.jpg,346d88a2a4c87290491ed5f8cc9d6c58a8d27ff8d290ec11b08faa4ef04e08c2,lower_limb_wounds,chronic_wound_out_of_scope,non_wound,CC BY 4.0,g2620,,wound_main/wound_main-1735.jpg,0.714
lower_limb_wounds_3abb61f23f490448.jpg,3abb61f23f490448c4ca1e17c63d76ca27250628b984211a93f608f25c343e04,lower_limb_wounds,chronic_wound_out_of_scope,non_wound,CC BY 4.0,g2621,,wound_main/wound_main-1736.jpg,0.704
lower_limb_wounds_63059f6e568a58b9.jpg,63059f6e568a58b94f66838001b2618b77b88b1fe1fff14c0dc737e53fdc94bb,lower_limb_wounds,chronic_wound_out_of_scope,non_wound,CC BY 4.0,g2622,,wound_main/wound_main-1739.jpg,0.704
lower_limb_wounds_55876545a20ef56c.jpg,55876545a20ef56c27aeaac2053dda7a9d2f679ed09ff60b7e93a77e3ed772f6,lower_limb_wounds,chronic_wound_out_of_scope,non_wound,CC BY 4.0,g2559,,wound_main/wound_main-1740.jpg,0.730
lower_limb_wounds_c28b781142ec1abf.jpg,c28b781142ec1abff4a65983d0867f3eb633296f6a13d2a3f29b6b355066aa3f,lower_limb_wounds,chronic_wound_out_of_scope,non_wound,CC BY 4.0,g2624,,wound_main/wound_main-1742.jpg,0.627
lower_limb_wounds_3a582db9cda215eb.jpg,3a582db9cda215eb86263ec364e23dff50087e194e25a47bc13d1a7854eaff56,lower_limb_wounds,chronic_wound_out_of_scope,non_wound,CC BY 4.0,g2625,,wound_main/wound_main-1746.jpg,0.734
lower_limb_wounds_fa3490371f9103fe.jpg,fa3490371f9103fea865d14db35a6e887117d29ab74e24b309540dbabc956fc6,lower_limb_wounds,chronic_wound_out_of_scope,non_wound,CC BY 4.0,g2626,,wound_main/wound_main-1750.jpg,0.738
lower_limb_wounds_86dd38ca31747ae0.jpg,86dd38ca31747ae08c1292dcfe2dd4381e875eaf144a680386a0696716e66395,lower_limb_wounds,chronic_wound_out_of_scope,non_wound,CC BY 4.0,g2627,,wound_main/wound_main-1752.jpg,0.708
lower_limb_wounds_40c6317ed7a0003f.jpg,40c6317ed7a0003f1d74d4bbd91e8786eef12d38ac902256654db2588cca2ac1,lower_limb_wounds,chronic_wound_out_of_scope,non_wound,CC BY 4.0,g2628,,wound_main/wound_main-1753.jpg,0.698
lower_limb_wounds_5fdff972788b44cc.jpg,5fdff972788b44cc1248aeec9ff82ee5464fa7c091ec16ac914d56931c274014,lower_limb_wounds,chronic_wound_out_of_scope,non_wound,CC BY 4.0,g2629,,wound_main/wound_main-1761.jpg,0.726
lower_limb_wounds_f789e0679e5fd3eb.jpg,f789e0679e5fd3ebad179afd95f830552da1918fcd8c3e53c042d87e741270fa,lower_limb_wounds,chronic_wound_out_of_scope,non_wound,CC BY 4.0,g2630,,wound_main/wound_main-1762.jpg,0.723
lower_limb_wounds_996a6d92bb85b0bf.jpg,996a6d92bb85b0bf42d086fcd4e3fd1c42b390d0f18813d51d5dc62d588e61e4,lower_limb_wounds,chronic_wound_out_of_scope,non_wound,CC BY 4.0,g2631,,wound_main/wound_main-1766.jpg,0.692
lower_limb_wounds_9772db1cade059ce.jpg,9772db1cade059ce28db787deb6b67afce4752e41841a02ad2cf3fd7513aad9a,lower_limb_wounds,chronic_wound_out_of_scope,non_wound,CC BY 4.0,g2632,,wound_main/wound_main-1768.jpg,0.735
lower_limb_wounds_179a6ece9ffef4c6.jpg,179a6ece9ffef4c69bd3631620e5465d3f51dbd700dc5a0d8ff85a2ac72b725f,lower_limb_wounds,chronic_wound_out_of_scope,non_wound,CC BY 4.0,g2633,,wound_main/wound_main-1769.jpg,0.700
lower_limb_wounds_6fa7a7a1b31ac954.jpg,6fa7a7a1b31ac954e839b1766b56efc980a428dde98326fd0f125be99aef5044,lower_limb_wounds,chronic_wound_out_of_scope,non_wound,CC BY 4.0,g2549,,wound_main/wound_main-1772.jpg,0.689
lower_limb_wounds_e57c4f3d6bd2cb73.jpg,e57c4f3d6bd2cb73227d95ab3316ceaf982b9cb12c20bd73954357c82e235a2b,lower_limb_wounds,chronic_wound_out_of_scope,non_wound,CC BY 4.0,g2635,,wound_main/wound_main-1774.jpg,0.714
lower_limb_wounds_ac389a2866250bb8.jpg,ac389a2866250bb862770e9ca001ef8e0fbb149c75b04a1999d9f5983d07ce71,lower_limb_wounds,chronic_wound_out_of_scope,non_wound,CC BY 4.0,g2636,,wound_main/wound_main-1775.jpg,0.672
lower_limb_wounds_97563910fa945254.jpg,97563910fa945254d7e2a3d26040b6ebf596bb74ec9c0643d683220e03e875da,lower_limb_wounds,chronic_wound_out_of_scope,non_wound,CC BY 4.0,g2637,,wound_main/wound_main-1778.jpg,0.706
lower_limb_wounds_6b1010112b336780.jpg,6b1010112b33678020c44b55db39a2e4cb86484f648b7fb0e3eca6295339563a,lower_limb_wounds,chronic_wound_out_of_scope,non_wound,CC BY 4.0,g2638,,wound_main/wound_main-1781.jpg,0.692
lower_limb_wounds_5064a3982cb1fd2b.jpg,5064a3982cb1fd2ba211d992b6f737c6e2bbfb01736b799989aecb4884b3e37b,lower_limb_wounds,chronic_wound_out_of_scope,non_wound,CC BY 4.0,g2559,,wound_main/wound_main-1782.jpg,0.695
lower_limb_wounds_f79dcc14cd3c57fe.jpg,f79dcc14cd3c57fed2c02cdb5f8d39670a482bcc80e56e85264ca7fbcdddd686,lower_limb_wounds,chronic_wound_out_of_scope,non_wound,CC BY 4.0,g2640,,wound_main/wound_main-1786.jpg,0.687
lower_limb_wounds_824c1b2db22a741c.jpg,824c1b2db22a741ca494a63655682bf1dcbe6416b949b24571ec8a2de19508f0,lower_limb_wounds,chronic_wound_out_of_scope,non_wound,CC BY 4.0,g2641,,wound_main/wound_main-1790.jpg,0.713
lower_limb_wounds_0f4828a95cf3914a.jpg,0f4828a95cf3914a89b532874ddf78cba878bda49521ce228dafb132999e624d,lower_limb_wounds,chronic_wound_out_of_scope,non_wound,CC BY 4.0,g2642,,wound_main/wound_main-1793.jpg,0.728
lower_limb_wounds_e88db13384c46e3a.jpg,e88db13384c46e3a32d10567d15412b10602f2ef6864e13620347a63b13edee8,lower_limb_wounds,chronic_wound_out_of_scope,non_wound,CC BY 4.0,g2643,,wound_main/wound_main-1795.jpg,0.712
lower_limb_wounds_d3874285264374f0.jpg,d3874285264374f008faac652bd98fdeaa4767f8b84afba57b47f977f96b62a0,lower_limb_wounds,chronic_wound_out_of_scope,non_wound,CC BY 4.0,g2645,,wound_main/wound_main-1797.jpg,0.717
lower_limb_wounds_d3874285264374f0.jpg,d3874285264374f008faac652bd98fdeaa4767f8b84afba57b47f977f96b62a0,lower_limb_wounds,chronic_wound_out_of_scope,non_wound,CC BY 4.0,g2645,,wound_main/wound_main-1798.jpg,0.717
lower_limb_wounds_17facb5ca7d3b21e.jpg,17facb5ca7d3b21e61ace88b0ba74c7aea24565dbcaa5c9e4e5771650b502a15,lower_limb_wounds,chronic_wound_out_of_scope,non_wound,CC BY 4.0,g2646,,wound_main/wound_main-1801.jpg,0.690
lower_limb_wounds_146f31b64a044e08.jpg,146f31b64a044e08bef1ba527270e10243b0259fb3c7db8c4ba54d68fb1d8feb,lower_limb_wounds,chronic_wound_out_of_scope,non_wound,CC BY 4.0,g2647,,wound_main/wound_main-1804.jpg,0.685
lower_limb_wounds_9cd23ad50d17c770.jpg,9cd23ad50d17c7708c006df010bcf402945b905969a2bf038eceae0fca9ddbdc,lower_limb_wounds,chronic_wound_out_of_scope,non_wound,CC BY 4.0,g2648,,wound_main/wound_main-1805.jpg,0.680
lower_limb_wounds_07df8e14a7fbeeb4.jpg,07df8e14a7fbeeb49ef74ebc05f4cddb2b7f21997789e4039b44d23773418ce6,lower_limb_wounds,chronic_wound_out_of_scope,non_wound,CC BY 4.0,g2737,,wound_main/wound_main-1807.jpg,0.728
lower_limb_wounds_b7a776102c75a1cd.jpg,b7a776102c75a1cdd08fb01ae2d91917bca8b1723dcba6e80182f3ba3f3ad2b6,lower_limb_wounds,chronic_wound_out_of_scope,non_wound,CC BY 4.0,g2650,,wound_main/wound_main-1809.jpg,0.732
lower_limb_wounds_f9aaa57295696cf0.jpg,f9aaa57295696cf03412bdd8bcb32533cf0a5ecf4c50c54775d68930b6070db3,lower_limb_wounds,chronic_wound_out_of_scope,non_wound,CC BY 4.0,g2651,,wound_main/wound_main-1810.jpg,0.741
lower_limb_wounds_6fb95bc2ad25c05c.jpg,6fb95bc2ad25c05cbc7c8deb6e7112e9b505e372ce0ce8644fcb570402b7683f,lower_limb_wounds,chronic_wound_out_of_scope,non_wound,CC BY 4.0,g2652,,wound_main/wound_main-1811.jpg,0.739
lower_limb_wounds_80693acb60240db6.jpg,80693acb60240db69dd0e03b4edd2170219f1bbe230b1c1c27bbf5d5ea6f3faf,lower_limb_wounds,chronic_wound_out_of_scope,non_wound,CC BY 4.0,g2653,,wound_main/wound_main-1813.jpg,0.721
lower_limb_wounds_c15f8dc46572efde.jpg,c15f8dc46572efde32ef52c773b502daea851353877fdb884ba853ed4266dd74,lower_limb_wounds,chronic_wound_out_of_scope,non_wound,CC BY 4.0,g2655,,wound_main/wound_main-1814.jpg,0.710
lower_limb_wounds_3b3216853fb1832b.jpg,3b3216853fb1832be71de48742810c585ac1627b2d71605af6aac9d3bb0f87e2,lower_limb_wounds,chronic_wound_out_of_scope,non_wound,CC BY 4.0,g2655,,wound_main/wound_main-1815.jpg,0.723
lower_limb_wounds_c225b26a2763ab2f.jpg,c225b26a2763ab2f5f53452414b7bb5a8fd2c50a31527d05335f3f23e3cefe14,lower_limb_wounds,chronic_wound_out_of_scope,non_wound,CC BY 4.0,g2656,,wound_main/wound_main-1816.jpg,0.729
lower_limb_wounds_080ebcf3d4322ce8.jpg,080ebcf3d4322ce8337e9d9040c9ba41a86f1c68f25f8caf9d62c23a4da49d70,lower_limb_wounds,chronic_wound_out_of_scope,non_wound,CC BY 4.0,g2657,,wound_main/wound_main-1820.jpg,0.743
lower_limb_wounds_bf8fd48d91386ce5.jpg,bf8fd48d91386ce50544fa22b26fb8072957dec3373f594b09b4060d7a41b895,lower_limb_wounds,chronic_wound_out_of_scope,non_wound,CC BY 4.0,g2658,,wound_main/wound_main-1822.jpg,0.740
lower_limb_wounds_b42bae793b010255.jpg,b42bae793b0102551e218bfa80982c99226902af743112f6f16a27202cf33a25,lower_limb_wounds,chronic_wound_out_of_scope,non_wound,CC BY 4.0,g2663,,wound_main/wound_main-1823.jpg,0.746
lower_limb_wounds_d43a8ed3e57122a6.jpg,d43a8ed3e57122a6094283fedaf28a937a5c7d7c52bef3b99aec701f1cf24766,lower_limb_wounds,chronic_wound_out_of_scope,non_wound,CC BY 4.0,g2660,,wound_main/wound_main-1824.jpg,0.709
lower_limb_wounds_b42bae793b010255.jpg,b42bae793b0102551e218bfa80982c99226902af743112f6f16a27202cf33a25,lower_limb_wounds,chronic_wound_out_of_scope,non_wound,CC BY 4.0,g2663,,wound_main/wound_main-1825.jpg,0.746
lower_limb_wounds_06a9df2ebde6596b.jpg,06a9df2ebde6596b4d75a942ccbe99b2b73b79660a3795b25a3a91f0c587ed7f,lower_limb_wounds,chronic_wound_out_of_scope,non_wound,CC BY 4.0,g2662,,wound_main/wound_main-1826.jpg,0.722
lower_limb_wounds_b42bae793b010255.jpg,b42bae793b0102551e218bfa80982c99226902af743112f6f16a27202cf33a25,lower_limb_wounds,chronic_wound_out_of_scope,non_wound,CC BY 4.0,g2663,,wound_main/wound_main-1827.jpg,0.746
lower_limb_wounds_d3af763b4e18b790.jpg,d3af763b4e18b790da462bab6a0861eee537b40af2da4e85b5eb0b1eff24d38f,lower_limb_wounds,chronic_wound_out_of_scope,non_wound,CC BY 4.0,g2664,,wound_main/wound_main-1829.jpg,0.683
lower_limb_wounds_44016aca7e599b0e.jpg,44016aca7e599b0e603ee4ecf8edc1a217965fed7a98b948bdc7c6d4aef08c2b,lower_limb_wounds,chronic_wound_out_of_scope,non_wound,CC BY 4.0,g2665,,wound_main/wound_main-1835.jpg,0.745
lower_limb_wounds_c0999da1a652acab.jpg,c0999da1a652acab49858bef6d5e78a6414c6c4a5b45587a1d6f42ec6c71a437,lower_limb_wounds,chronic_wound_out_of_scope,non_wound,CC BY 4.0,g2666,,wound_main/wound_main-1836.jpg,0.748
lower_limb_wounds_0f7afacad8670d7f.jpg,0f7afacad8670d7fd8fce0a6c8e93481610ce6f48ecdb30b35d75b635d77932a,lower_limb_wounds,chronic_wound_out_of_scope,non_wound,CC BY 4.0,g2667,,wound_main/wound_main-1837.jpg,0.702
lower_limb_wounds_ab716da966a8f5ca.jpg,ab716da966a8f5ca489c6620e5e15d492c3246a39914c2bf170e973e0b488e63,lower_limb_wounds,chronic_wound_out_of_scope,non_wound,CC BY 4.0,g2668,,wound_main/wound_main-1838.jpg,0.691
lower_limb_wounds_62dde2f1442c5439.jpg,62dde2f1442c543921ea7f581a1bcd91254fe3397f61ccf9fa470a803f665351,lower_limb_wounds,chronic_wound_out_of_scope,non_wound,CC BY 4.0,g2669,,wound_main/wound_main-1839.jpg,0.718
lower_limb_wounds_f98a7b8c64cea936.jpg,f98a7b8c64cea936c929805d67b46ee0a99fd436421d3821c1f82d76d105b113,lower_limb_wounds,chronic_wound_out_of_scope,non_wound,CC BY 4.0,g2670,,wound_main/wound_main-1840.jpg,0.698
lower_limb_wounds_e8f62ba0826118df.jpg,e8f62ba0826118df53c9fe88a9e3afa3544cf8541868f09c5ecc3a60f58641f3,lower_limb_wounds,chronic_wound_out_of_scope,non_wound,CC BY 4.0,g2671,,wound_main/wound_main-1841.jpg,0.746
lower_limb_wounds_5769c077d18a86ec.jpg,5769c077d18a86eccac1a3bdc0be5b6a730a505ea147266dfd821b354c7adee3,lower_limb_wounds,chronic_wound_out_of_scope,non_wound,CC BY 4.0,g2672,,wound_main/wound_main-1842.jpg,0.734
lower_limb_wounds_dc5fe6bd20877714.jpg,dc5fe6bd2087771432e2122e4eb1dfa4bcd5f97c38e80ed71b3e11dff3053e01,lower_limb_wounds,chronic_wound_out_of_scope,non_wound,CC BY 4.0,g2673,,wound_main/wound_main-1843.jpg,0.750
lower_limb_wounds_59d2f29e62d86c6f.jpg,59d2f29e62d86c6f73ec3600c881352aee3bcab9d68d10466153b82f548a3c24,lower_limb_wounds,chronic_wound_out_of_scope,non_wound,CC BY 4.0,g2675,,wound_main/wound_main-1844.jpg,0.742
lower_limb_wounds_59d2f29e62d86c6f.jpg,59d2f29e62d86c6f73ec3600c881352aee3bcab9d68d10466153b82f548a3c24,lower_limb_wounds,chronic_wound_out_of_scope,non_wound,CC BY 4.0,g2675,,wound_main/wound_main-1845.jpg,0.742
lower_limb_wounds_1d99a69c34ec5c82.jpg,1d99a69c34ec5c82fd144f56fe62e8b3d55cd4ef5564229ccad12698b39c32eb,lower_limb_wounds,chronic_wound_out_of_scope,non_wound,CC BY 4.0,g2676,,wound_main/wound_main-1849.jpg,0.719
lower_limb_wounds_966ee8aa46b478a7.jpg,966ee8aa46b478a7d07c43968ec96fad5880611eb40e227dad42d7685a686759,lower_limb_wounds,chronic_wound_out_of_scope,non_wound,CC BY 4.0,g2677,,wound_main/wound_main-1850.jpg,0.729
lower_limb_wounds_19f97d32ff3fd498.jpg,19f97d32ff3fd4986e10e100a7e35a734e1e4793f2cfae09a5a35afd3b6a70e7,lower_limb_wounds,chronic_wound_out_of_scope,non_wound,CC BY 4.0,g2902,,wound_main/wound_main-1851.jpg,0.747
lower_limb_wounds_f2d235a5e184b663.jpg,f2d235a5e184b663983810377be40dfa1054af38c3e6047bc1593263d4b343e3,lower_limb_wounds,chronic_wound_out_of_scope,non_wound,CC BY 4.0,g2679,,wound_main/wound_main-1852.jpg,0.721
lower_limb_wounds_09ecf32dab611d4e.jpg,09ecf32dab611d4ebd4ead5f2a180812c2097c8e68e076d80041928389d3210f,lower_limb_wounds,chronic_wound_out_of_scope,non_wound,CC BY 4.0,g2680,,wound_main/wound_main-1855.jpg,0.724
lower_limb_wounds_a88c1aa911191665.jpg,a88c1aa911191665200a22d3eb3f79ea63d925eaa2030d2e3577cd3a38d74da4,lower_limb_wounds,chronic_wound_out_of_scope,non_wound,CC BY 4.0,g2682,,wound_main/wound_main-1860.jpg,0.744
lower_limb_wounds_a88c1aa911191665.jpg,a88c1aa911191665200a22d3eb3f79ea63d925eaa2030d2e3577cd3a38d74da4,lower_limb_wounds,chronic_wound_out_of_scope,non_wound,CC BY 4.0,g2682,,wound_main/wound_main-1862.jpg,0.744
lower_limb_wounds_15eda5ec5ebbc913.jpg,15eda5ec5ebbc913923a94f9a1f64d412ec0caa376a9ae3bdf3bf499f8c76c9f,lower_limb_wounds,chronic_wound_out_of_scope,non_wound,CC BY 4.0,g2683,,wound_main/wound_main-1864.jpg,0.674
lower_limb_wounds_31759a8b8125f33a.jpg,31759a8b8125f33ab388f9da8a241fdce66bea8d8e155d001ab0a10ef01ad868,lower_limb_wounds,chronic_wound_out_of_scope,non_wound,CC BY 4.0,g2684,,wound_main/wound_main-1866.jpg,0.724
lower_limb_wounds_c13b2b9957b54d1e.jpg,c13b2b9957b54d1e8e587e7ed1042050e92a7731380f086f64de64facac7104b,lower_limb_wounds,chronic_wound_out_of_scope,non_wound,CC BY 4.0,g2685,,wound_main/wound_main-1871.jpg,0.715
lower_limb_wounds_1cc768c60db391da.jpg,1cc768c60db391da36f8e59cea3c8b57f63b27db54fbf3966a4765fa82460fd1,lower_limb_wounds,chronic_wound_out_of_scope,non_wound,CC BY 4.0,g2686,,wound_main/wound_main-1872.jpg,0.733
lower_limb_wounds_b125c7a00244ca2f.jpg,b125c7a00244ca2fb728034fcda48fc52aab29753155bc2f19f6c998bb726b81,lower_limb_wounds,chronic_wound_out_of_scope,non_wound,CC BY 4.0,g2687,,wound_main/wound_main-1874.jpg,0.749
lower_limb_wounds_85df8de1e1a03ac4.jpg,85df8de1e1a03ac4d877ffffb16819e182fb4689dce4f995817c40b749986869,lower_limb_wounds,chronic_wound_out_of_scope,non_wound,CC BY 4.0,g2688,,wound_main/wound_main-1875.jpg,0.679
lower_limb_wounds_f597c5afcfbd5f07.jpg,f597c5afcfbd5f07e9ce8d31ba163f81e7559323fa4a84f3e583717b72997310,lower_limb_wounds,chronic_wound_out_of_scope,non_wound,CC BY 4.0,g2689,,wound_main/wound_main-1876.jpg,0.699
lower_limb_wounds_40fed830d4a16fbc.jpg,40fed830d4a16fbc7c6b197f8b2d3a4a46ab2b7ac59dbc8eea4844d2802ffb51,lower_limb_wounds,chronic_wound_out_of_scope,non_wound,CC BY 4.0,g2690,,wound_main/wound_main-1883.jpg,0.694
lower_limb_wounds_fc90f3847ce38bf0.jpg,fc90f3847ce38bf0a6a2c65cb737d03dcd4f380643944c23414332c40f26dd78,lower_limb_wounds,chronic_wound_out_of_scope,non_wound,CC BY 4.0,g2691,,wound_main/wound_main-1884.jpg,0.747
lower_limb_wounds_86e8b1e211581e5a.jpg,86e8b1e211581e5a2a9b33d3213d7516a6e70763b500d2c597c737f4f2abfb8b,lower_limb_wounds,chronic_wound_out_of_scope,non_wound,CC BY 4.0,g2692,,wound_main/wound_main-1886.jpg,0.724
lower_limb_wounds_c9417bf10b95327a.jpg,c9417bf10b95327af73c035bf8d099be4d9e1b3bcf46a4f999ab94218af9e39b,lower_limb_wounds,chronic_wound_out_of_scope,non_wound,CC BY 4.0,g2693,,wound_main/wound_main-1887.jpg,0.711
lower_limb_wounds_9022fea931e10654.jpg,9022fea931e10654e875f9318e9baa961715a1e420a55900a6ab6b6479ff2709,lower_limb_wounds,chronic_wound_out_of_scope,non_wound,CC BY 4.0,g2694,,wound_main/wound_main-1890.jpg,0.718
lower_limb_wounds_a39d7d282697e863.jpg,a39d7d282697e863d529458acad8111c13e853f3a1476d1f99ed897876a0e651,lower_limb_wounds,chronic_wound_out_of_scope,non_wound,CC BY 4.0,g2695,,wound_main/wound_main-1891.jpg,0.747
lower_limb_wounds_392c12dc34fe0925.jpg,392c12dc34fe09256baee8f6db84066bf030647c99500209f2ed95cd649cdf1a,lower_limb_wounds,chronic_wound_out_of_scope,non_wound,CC BY 4.0,g2697,,wound_main/wound_main-1892.jpg,0.716
lower_limb_wounds_392c12dc34fe0925.jpg,392c12dc34fe09256baee8f6db84066bf030647c99500209f2ed95cd649cdf1a,lower_limb_wounds,chronic_wound_out_of_scope,non_wound,CC BY 4.0,g2697,,wound_main/wound_main-1893.jpg,0.716
lower_limb_wounds_2566ec5ab30c9fe6.jpg,2566ec5ab30c9fe60dd6bb511a57466ccea32635ffb275ea046ce7ed19cf1f31,lower_limb_wounds,chronic_wound_out_of_scope,non_wound,CC BY 4.0,g2698,,wound_main/wound_main-1895.jpg,0.711
lower_limb_wounds_925698755295139a.jpg,925698755295139a88cc0ed9e6ec3c163cd5f49edf11d078947355219c22bad6,lower_limb_wounds,chronic_wound_out_of_scope,non_wound,CC BY 4.0,g2699,,wound_main/wound_main-1896.jpg,0.750
lower_limb_wounds_fabe37d72aace96b.jpg,fabe37d72aace96bb1a0cd660eeff33258d5fbbd0ea50e1d8ff153157e23a43c,lower_limb_wounds,chronic_wound_out_of_scope,non_wound,CC BY 4.0,g2700,,wound_main/wound_main-1899.jpg,0.734
lower_limb_wounds_141762cf56e7b93b.jpg,141762cf56e7b93b3938747a7c16667eb0aa8c8e01cc437494c92dbf11a9918e,lower_limb_wounds,chronic_wound_out_of_scope,non_wound,CC BY 4.0,g2701,,wound_main/wound_main-1900.jpg,0.724
lower_limb_wounds_ede98e97334af644.jpg,ede98e97334af64437f58a50fc345deef27a45ea844b1403ffdf58886df803a5,lower_limb_wounds,chronic_wound_out_of_scope,non_wound,CC BY 4.0,g2702,,wound_main/wound_main-1902.jpg,0.745
lower_limb_wounds_15a661cde057a399.jpg,15a661cde057a399a5c40cee7e4c11f47b01bf245c0395235e04952190a12bee,lower_limb_wounds,chronic_wound_out_of_scope,non_wound,CC BY 4.0,g2704,,wound_main/wound_main-1903.jpg,0.748
lower_limb_wounds_607a6462199e4495.jpg,607a6462199e449509500057ba53cbca97cf2923a2bac2be799a9dd9aa4f17cf,lower_limb_wounds,chronic_wound_out_of_scope,non_wound,CC BY 4.0,g2704,,wound_main/wound_main-1905.jpg,0.708
lower_limb_wounds_7852eab0a745d98f.jpg,7852eab0a745d98fc121bd2ab8c7186d2d858388095f66a3c954dc05dd7d4abc,lower_limb_wounds,chronic_wound_out_of_scope,non_wound,CC BY 4.0,g2705,,wound_main/wound_main-1909.jpg,0.733
lower_limb_wounds_57f81b24eb92bba7.jpg,57f81b24eb92bba7cccd7e58fa86ecc62d96b94fb61d0a0a71502fe72fedcf8a,lower_limb_wounds,chronic_wound_out_of_scope,non_wound,CC BY 4.0,g2706,,wound_main/wound_main-1910.jpg,0.658
lower_limb_wounds_b43a4c99e6523097.jpg,b43a4c99e65230976f6ea18acae3af20833e2f8398bdc5de64b54195425e6e7d,lower_limb_wounds,chronic_wound_out_of_scope,non_wound,CC BY 4.0,g2732,,wound_main/wound_main-1912.jpg,0.742
lower_limb_wounds_4bb3205f86f3335a.jpg,4bb3205f86f3335a747019e08986b5d230dfe52e85376eee4445f9714fb7a985,lower_limb_wounds,chronic_wound_out_of_scope,non_wound,CC BY 4.0,g2738,,wound_main/wound_main-1913.jpg,0.735
lower_limb_wounds_2e3f695db4b0f1e6.jpg,2e3f695db4b0f1e6bdf4cdf5cfc9e31ddbc92cfb230a546b6b90526c3b5fdab0,lower_limb_wounds,chronic_wound_out_of_scope,non_wound,CC BY 4.0,g2734,,wound_main/wound_main-1914.jpg,0.728
lower_limb_wounds_55f22d77eb799c19.jpg,55f22d77eb799c19ff8c25cb7d8955602a82034d16ed4e3d705e7797c8a06994,lower_limb_wounds,chronic_wound_out_of_scope,non_wound,CC BY 4.0,g2736,,wound_main/wound_main-1915.jpg,0.748
lower_limb_wounds_0489a1549ddf8ad8.jpg,0489a1549ddf8ad8d4a96e5080839d095ffc4f0e32164a9822fdf939d38cb6c4,lower_limb_wounds,chronic_wound_out_of_scope,non_wound,CC BY 4.0,g2711,,wound_main/wound_main-1917.jpg,0.730
lower_limb_wounds_d88f259995be92c5.jpg,d88f259995be92c5128491de9e1eca07c9c55a43dfb782d45c534c31e66d65e4,lower_limb_wounds,chronic_wound_out_of_scope,non_wound,CC BY 4.0,g2712,,wound_main/wound_main-1918.jpg,0.691
lower_limb_wounds_a033748aee84f316.jpg,a033748aee84f31650e806760112da5069ecd987804df51df57270fdfd1f613c,lower_limb_wounds,chronic_wound_out_of_scope,non_wound,CC BY 4.0,g2713,,wound_main/wound_main-1920.jpg,0.749
lower_limb_wounds_4bb3205f86f3335a.jpg,4bb3205f86f3335a747019e08986b5d230dfe52e85376eee4445f9714fb7a985,lower_limb_wounds,chronic_wound_out_of_scope,non_wound,CC BY 4.0,g2738,,wound_main/wound_main-1921.jpg,0.735
lower_limb_wounds_1e4c9dcdb86ce0c1.jpg,1e4c9dcdb86ce0c1c70da6421932e4585f9c55eb289a413dababac387757156c,lower_limb_wounds,chronic_wound_out_of_scope,non_wound,CC BY 4.0,g2715,,wound_main/wound_main-1923.jpg,0.693
lower_limb_wounds_7782ed516dc6ee3a.jpg,7782ed516dc6ee3a1b248f7518d72947a32e4e09137bc650b8e052aa14cb833d,lower_limb_wounds,chronic_wound_out_of_scope,non_wound,CC BY 4.0,g2716,,wound_main/wound_main-1926.jpg,0.732
lower_limb_wounds_2806735652af3bc1.jpg,2806735652af3bc118ec7c7b0370888732800822f66c5de8b85cb778bf7af5d2,lower_limb_wounds,chronic_wound_out_of_scope,non_wound,CC BY 4.0,g2717,,wound_main/wound_main-1928.jpg,0.732
lower_limb_wounds_34e78c20f9b24f4e.jpg,34e78c20f9b24f4ebd801a74de853f4421d36cc5a7baf1a25d7722cf80203d52,lower_limb_wounds,chronic_wound_out_of_scope,non_wound,CC BY 4.0,g2718,,wound_main/wound_main-1929.jpg,0.728
lower_limb_wounds_b43a4c99e6523097.jpg,b43a4c99e65230976f6ea18acae3af20833e2f8398bdc5de64b54195425e6e7d,lower_limb_wounds,chronic_wound_out_of_scope,non_wound,CC BY 4.0,g2732,,wound_main/wound_main-1932.jpg,0.742
lower_limb_wounds_4bb3205f86f3335a.jpg,4bb3205f86f3335a747019e08986b5d230dfe52e85376eee4445f9714fb7a985,lower_limb_wounds,chronic_wound_out_of_scope,non_wound,CC BY 4.0,g2738,,wound_main/wound_main-1933.jpg,0.735
lower_limb_wounds_2e3f695db4b0f1e6.jpg,2e3f695db4b0f1e6bdf4cdf5cfc9e31ddbc92cfb230a546b6b90526c3b5fdab0,lower_limb_wounds,chronic_wound_out_of_scope,non_wound,CC BY 4.0,g2734,,wound_main/wound_main-1934.jpg,0.728
lower_limb_wounds_1a4b6cfe5688b35e.jpg,1a4b6cfe5688b35e72b268bb0a39bc2be678ea44c55c435a2444d68e6467b317,lower_limb_wounds,chronic_wound_out_of_scope,non_wound,CC BY 4.0,g2722,,wound_main/wound_main-1935.jpg,0.710
lower_limb_wounds_55f22d77eb799c19.jpg,55f22d77eb799c19ff8c25cb7d8955602a82034d16ed4e3d705e7797c8a06994,lower_limb_wounds,chronic_wound_out_of_scope,non_wound,CC BY 4.0,g2736,,wound_main/wound_main-1936.jpg,0.748
lower_limb_wounds_b3d9fb6d57a5775e.jpg,b3d9fb6d57a5775ec8bceaa7cf15fea380625c5fe560a600e61176de14394c8e,lower_limb_wounds,chronic_wound_out_of_scope,non_wound,CC BY 4.0,g2724,,wound_main/wound_main-1940.jpg,0.677
lower_limb_wounds_4bb3205f86f3335a.jpg,4bb3205f86f3335a747019e08986b5d230dfe52e85376eee4445f9714fb7a985,lower_limb_wounds,chronic_wound_out_of_scope,non_wound,CC BY 4.0,g2738,,wound_main/wound_main-1941.jpg,0.735
lower_limb_wounds_2e3f695db4b0f1e6.jpg,2e3f695db4b0f1e6bdf4cdf5cfc9e31ddbc92cfb230a546b6b90526c3b5fdab0,lower_limb_wounds,chronic_wound_out_of_scope,non_wound,CC BY 4.0,g2734,,wound_main/wound_main-1945.jpg,0.728
lower_limb_wounds_55f22d77eb799c19.jpg,55f22d77eb799c19ff8c25cb7d8955602a82034d16ed4e3d705e7797c8a06994,lower_limb_wounds,chronic_wound_out_of_scope,non_wound,CC BY 4.0,g2736,,wound_main/wound_main-1948.jpg,0.748
lower_limb_wounds_18ff49ecb722cb4e.jpg,18ff49ecb722cb4e08da1d0a76efd0a83e67d9a79b98761e771756c77ea08933,lower_limb_wounds,chronic_wound_out_of_scope,non_wound,CC BY 4.0,g2728,,wound_main/wound_main-1950.jpg,0.659
lower_limb_wounds_75d369edf073a4c0.jpg,75d369edf073a4c0c90a23992e27b4ae3fb5c4f14167a192b0aba1d313b75d14,lower_limb_wounds,chronic_wound_out_of_scope,non_wound,CC BY 4.0,g2729,,wound_main/wound_main-1951.jpg,0.711
lower_limb_wounds_6de24a00d5a0de6b.jpg,6de24a00d5a0de6b3564326831afde8cdbbf04fb8e5041334a9f34b932475bb7,lower_limb_wounds,chronic_wound_out_of_scope,non_wound,CC BY 4.0,g2730,,wound_main/wound_main-1952.jpg,0.713
lower_limb_wounds_4bb3205f86f3335a.jpg,4bb3205f86f3335a747019e08986b5d230dfe52e85376eee4445f9714fb7a985,lower_limb_wounds,chronic_wound_out_of_scope,non_wound,CC BY 4.0,g2738,,wound_main/wound_main-1953.jpg,0.735
lower_limb_wounds_b43a4c99e6523097.jpg,b43a4c99e65230976f6ea18acae3af20833e2f8398bdc5de64b54195425e6e7d,lower_limb_wounds,chronic_wound_out_of_scope,non_wound,CC BY 4.0,g2732,,wound_main/wound_main-1957.jpg,0.742
lower_limb_wounds_4bb3205f86f3335a.jpg,4bb3205f86f3335a747019e08986b5d230dfe52e85376eee4445f9714fb7a985,lower_limb_wounds,chronic_wound_out_of_scope,non_wound,CC BY 4.0,g2738,,wound_main/wound_main-1958.jpg,0.735
lower_limb_wounds_2e3f695db4b0f1e6.jpg,2e3f695db4b0f1e6bdf4cdf5cfc9e31ddbc92cfb230a546b6b90526c3b5fdab0,lower_limb_wounds,chronic_wound_out_of_scope,non_wound,CC BY 4.0,g2734,,wound_main/wound_main-1959.jpg,0.728
lower_limb_wounds_778d617dfb4f31f5.jpg,778d617dfb4f31f5306494bd11f34a1f87f85b10c86133f79b81c2744dfdfd86,lower_limb_wounds,chronic_wound_out_of_scope,non_wound,CC BY 4.0,g2735,,wound_main/wound_main-1960.jpg,0.735
lower_limb_wounds_55f22d77eb799c19.jpg,55f22d77eb799c19ff8c25cb7d8955602a82034d16ed4e3d705e7797c8a06994,lower_limb_wounds,chronic_wound_out_of_scope,non_wound,CC BY 4.0,g2736,,wound_main/wound_main-1961.jpg,0.748
lower_limb_wounds_07df8e14a7fbeeb4.jpg,07df8e14a7fbeeb49ef74ebc05f4cddb2b7f21997789e4039b44d23773418ce6,lower_limb_wounds,chronic_wound_out_of_scope,non_wound,CC BY 4.0,g2737,,wound_main/wound_main-1964.jpg,0.728
lower_limb_wounds_4bb3205f86f3335a.jpg,4bb3205f86f3335a747019e08986b5d230dfe52e85376eee4445f9714fb7a985,lower_limb_wounds,chronic_wound_out_of_scope,non_wound,CC BY 4.0,g2738,,wound_main/wound_main-1966.jpg,0.735
lower_limb_wounds_1c17006abd048682.jpg,1c17006abd0486824428fef33bb7e4c442c486c3ee4ef82ecd44ef074793a478,lower_limb_wounds,chronic_wound_out_of_scope,non_wound,CC BY 4.0,g2739,,wound_main/wound_main-1971.jpg,0.748
lower_limb_wounds_36806767062d45da.jpg,36806767062d45dabc1a5480f024cc221a00e9a5b4c552b7b99a582d9ea484f1,lower_limb_wounds,chronic_wound_out_of_scope,non_wound,CC BY 4.0,g2740,,wound_main/wound_main-1972.jpg,0.734
lower_limb_wounds_12efc4563c6ed0f5.jpg,12efc4563c6ed0f5b572e8987c99199e22df3bbdf5b238b2a73c3952f99d1a8d,lower_limb_wounds,chronic_wound_out_of_scope,non_wound,CC BY 4.0,g2741,,wound_main/wound_main-1973.jpg,0.716
lower_limb_wounds_1035221d83b79e59.jpg,1035221d83b79e59f10410dc6c55b3debb4ac795ef3dd60ec8de9488afd76c30,lower_limb_wounds,chronic_wound_out_of_scope,non_wound,CC BY 4.0,g2742,,wound_main/wound_main-1974.jpg,0.693
lower_limb_wounds_702e684adcebcf89.jpg,702e684adcebcf895890dc15b8cf8c0fd64a160b03c11fc59dd505c3aa11b526,lower_limb_wounds,chronic_wound_out_of_scope,non_wound,CC BY 4.0,g2743,,wound_main/wound_main-1985.jpg,0.746
lower_limb_wounds_2df1b7d3575f3c4a.jpg,2df1b7d3575f3c4aff93a174ffd35b5e9805881803bd72f997c07f5c51fd6c4c,lower_limb_wounds,chronic_wound_out_of_scope,non_wound,CC BY 4.0,g2744,,wound_main/wound_main-1986.jpg,0.731
lower_limb_wounds_c6d1a0fe8e124cd5.jpg,c6d1a0fe8e124cd5d8fe98d0e942497adb68e2b52054eecc6e4bb6fa65b71c93,lower_limb_wounds,chronic_wound_out_of_scope,non_wound,CC BY 4.0,g2745,,wound_main/wound_main-1987.jpg,0.679
lower_limb_wounds_f0fbfa955cbcf457.jpg,f0fbfa955cbcf457aec3566dabba15c9aa82bc8687ec46dbd824f0703fff5714,lower_limb_wounds,chronic_wound_out_of_scope,non_wound,CC BY 4.0,g2746,,wound_main/wound_main-1990.jpg,0.747
lower_limb_wounds_a10a38cf5091c012.jpg,a10a38cf5091c0128c62fc8d94f7fac6ff05e38399a5e928383258403af9ec32,lower_limb_wounds,chronic_wound_out_of_scope,non_wound,CC BY 4.0,g2747,,wound_main/wound_main-1993.jpg,0.689
lower_limb_wounds_73ea758aa06a9942.jpg,73ea758aa06a9942b7b7094b09d5d7afc9439aa84277692fd57994446974fafb,lower_limb_wounds,chronic_wound_out_of_scope,non_wound,CC BY 4.0,g2748,,wound_main/wound_main-1994.jpg,0.743
lower_limb_wounds_0cf7a668c72568c7.jpg,0cf7a668c72568c7b1f368816f9a4a68ed1ab94d50b98f53b2f52f93d51b764f,lower_limb_wounds,chronic_wound_out_of_scope,non_wound,CC BY 4.0,g2757,,wound_main/wound_main-1995.jpg,0.682
lower_limb_wounds_823925de7977ffcd.jpg,823925de7977ffcd2d4d2b1861a2ebcfe6767692903992d0885d2d793f561a88,lower_limb_wounds,chronic_wound_out_of_scope,non_wound,CC BY 4.0,g2750,,wound_main/wound_main-1997.jpg,0.693
lower_limb_wounds_08278365137cebd3.jpg,08278365137cebd3f4c31d82fba054a16d0c4060e5f9e163c1faa668771db1ab,lower_limb_wounds,chronic_wound_out_of_scope,non_wound,CC BY 4.0,g2751,,wound_main/wound_main-1998.jpg,0.722
lower_limb_wounds_4386a41126c853bf.jpg,4386a41126c853bfaefe5cc34b08c3fe21bc384777b61440abceb75afda78426,lower_limb_wounds,chronic_wound_out_of_scope,non_wound,CC BY 4.0,g2752,,wound_main/wound_main-1999.jpg,0.728
lower_limb_wounds_4fb0c173eed1640e.jpg,4fb0c173eed1640e2e12c59c9469a2923cb240a328a6b1f2e691c646817fdd8a,lower_limb_wounds,chronic_wound_out_of_scope,non_wound,CC BY 4.0,g2759,,wound_main/wound_main-2000.jpg,0.743
lower_limb_wounds_8123f5a323747b71.jpg,8123f5a323747b7158ce7cc68b6531bf59ea9a1182e9b9826e1f0729192444ef,lower_limb_wounds,chronic_wound_out_of_scope,non_wound,CC BY 4.0,g2754,,wound_main/wound_main-2002.jpg,0.692
lower_limb_wounds_71362d1fe2e53f79.jpg,71362d1fe2e53f7977d360d3d68a916c64985c778ae3ca4e4074183747ac1817,lower_limb_wounds,chronic_wound_out_of_scope,non_wound,CC BY 4.0,g2755,,wound_main/wound_main-2003.jpg,0.622
lower_limb_wounds_4fb0c173eed1640e.jpg,4fb0c173eed1640e2e12c59c9469a2923cb240a328a6b1f2e691c646817fdd8a,lower_limb_wounds,chronic_wound_out_of_scope,non_wound,CC BY 4.0,g2759,,wound_main/wound_main-2005.jpg,0.743
lower_limb_wounds_0cf7a668c72568c7.jpg,0cf7a668c72568c7b1f368816f9a4a68ed1ab94d50b98f53b2f52f93d51b764f,lower_limb_wounds,chronic_wound_out_of_scope,non_wound,CC BY 4.0,g2757,,wound_main/wound_main-2007.jpg,0.682
lower_limb_wounds_4fb0c173eed1640e.jpg,4fb0c173eed1640e2e12c59c9469a2923cb240a328a6b1f2e691c646817fdd8a,lower_limb_wounds,chronic_wound_out_of_scope,non_wound,CC BY 4.0,g2759,,wound_main/wound_main-2008.jpg,0.743
lower_limb_wounds_4fb0c173eed1640e.jpg,4fb0c173eed1640e2e12c59c9469a2923cb240a328a6b1f2e691c646817fdd8a,lower_limb_wounds,chronic_wound_out_of_scope,non_wound,CC BY 4.0,g2759,,wound_main/wound_main-2009.jpg,0.743
lower_limb_wounds_7001ef498a338ab8.jpg,7001ef498a338ab813e0a8e8d3b9f2150987326fe338dfacd158ea884f925261,lower_limb_wounds,chronic_wound_out_of_scope,non_wound,CC BY 4.0,g2760,,wound_main/wound_main-2012.jpg,0.693
lower_limb_wounds_10e9b79fd2bb1edb.jpg,10e9b79fd2bb1edb3716568207c52e6d66889ca58eecaae0acb09571fed17f25,lower_limb_wounds,chronic_wound_out_of_scope,non_wound,CC BY 4.0,g2761,,wound_main/wound_main-2013.jpg,0.745
lower_limb_wounds_ac522f2f25256dc1.jpg,ac522f2f25256dc1afdab984f0e48d3c12f63c19da7e3cd05b122d11e0e0b7fe,lower_limb_wounds,chronic_wound_out_of_scope,non_wound,CC BY 4.0,g2764,,wound_main/wound_main-2014.jpg,0.729
lower_limb_wounds_ac522f2f25256dc1.jpg,ac522f2f25256dc1afdab984f0e48d3c12f63c19da7e3cd05b122d11e0e0b7fe,lower_limb_wounds,chronic_wound_out_of_scope,non_wound,CC BY 4.0,g2764,,wound_main/wound_main-2015.jpg,0.729
lower_limb_wounds_ac522f2f25256dc1.jpg,ac522f2f25256dc1afdab984f0e48d3c12f63c19da7e3cd05b122d11e0e0b7fe,lower_limb_wounds,chronic_wound_out_of_scope,non_wound,CC BY 4.0,g2764,,wound_main/wound_main-2016.jpg,0.729
lower_limb_wounds_63989d7fba599fc3.jpg,63989d7fba599fc3317af436f354b4f0c4818776f737688cf945edff86be8fd5,lower_limb_wounds,chronic_wound_out_of_scope,non_wound,CC BY 4.0,g2765,,wound_main/wound_main-2017.jpg,0.685
lower_limb_wounds_8b1eaa4e81888ae0.jpg,8b1eaa4e81888ae007241a75bbc53bcf74a11c35131ded3dc551e4b347f88dfd,lower_limb_wounds,chronic_wound_out_of_scope,non_wound,CC BY 4.0,g2766,,wound_main/wound_main-2018.jpg,0.742
lower_limb_wounds_cd9c3b030fda3bd6.jpg,cd9c3b030fda3bd6534a6a4f5db13bb0fb018378a11365d1f31f948132f55267,lower_limb_wounds,chronic_wound_out_of_scope,non_wound,CC BY 4.0,g2767,,wound_main/wound_main-2019.jpg,0.735
lower_limb_wounds_66c4f3be8eac5525.jpg,66c4f3be8eac55255784cdc3928db81396ffa36c1a5bdfda114d3120929968fc,lower_limb_wounds,chronic_wound_out_of_scope,non_wound,CC BY 4.0,g2768,,wound_main/wound_main-2020.jpg,0.702
lower_limb_wounds_e21ac6e31a554e4e.jpg,e21ac6e31a554e4e08d23a07afebfcb4560cd474d7e248031332aaf344e710f8,lower_limb_wounds,chronic_wound_out_of_scope,non_wound,CC BY 4.0,g2769,,wound_main/wound_main-2021.jpg,0.725
lower_limb_wounds_d40421a3c849158d.jpg,d40421a3c849158dfa466bc91248b112cbf89c0aa0efb4cd189d7b2e7ee114fa,lower_limb_wounds,chronic_wound_out_of_scope,non_wound,CC BY 4.0,g2771,,wound_main/wound_main-2025.jpg,0.744
lower_limb_wounds_d40421a3c849158d.jpg,d40421a3c849158dfa466bc91248b112cbf89c0aa0efb4cd189d7b2e7ee114fa,lower_limb_wounds,chronic_wound_out_of_scope,non_wound,CC BY 4.0,g2771,,wound_main/wound_main-2026.jpg,0.744
lower_limb_wounds_e8a4d9cee5e188b4.jpg,e8a4d9cee5e188b454ed4010cb44ebb92fbd5ad1619cac27e49c9513418be7d7,lower_limb_wounds,chronic_wound_out_of_scope,non_wound,CC BY 4.0,g2772,,wound_main/wound_main-2028.jpg,0.750
lower_limb_wounds_a798038f156e176c.jpg,a798038f156e176c624f38b7f7eb6af42053ea208dd0a0e734a55c25fa02c712,lower_limb_wounds,chronic_wound_out_of_scope,non_wound,CC BY 4.0,g2774,,wound_main/wound_main-2031.jpg,0.706
lower_limb_wounds_a798038f156e176c.jpg,a798038f156e176c624f38b7f7eb6af42053ea208dd0a0e734a55c25fa02c712,lower_limb_wounds,chronic_wound_out_of_scope,non_wound,CC BY 4.0,g2774,,wound_main/wound_main-2032.jpg,0.706
lower_limb_wounds_fd9a04fba36e68c9.jpg,fd9a04fba36e68c964e3890ce5e8bde03920b1b7906ea51d8def7ce702dc57a3,lower_limb_wounds,chronic_wound_out_of_scope,non_wound,CC BY 4.0,g2775,,wound_main/wound_main-2034.jpg,0.736
lower_limb_wounds_4be6e7210a88447f.jpg,4be6e7210a88447f1a52951d3782103a31aac40397d8971baadb942892f86115,lower_limb_wounds,chronic_wound_out_of_scope,non_wound,CC BY 4.0,g2779,,wound_main/wound_main-2035.jpg,0.662
lower_limb_wounds_4be6e7210a88447f.jpg,4be6e7210a88447f1a52951d3782103a31aac40397d8971baadb942892f86115,lower_limb_wounds,chronic_wound_out_of_scope,non_wound,CC BY 4.0,g2779,,wound_main/wound_main-2037.jpg,0.662
lower_limb_wounds_4be6e7210a88447f.jpg,4be6e7210a88447f1a52951d3782103a31aac40397d8971baadb942892f86115,lower_limb_wounds,chronic_wound_out_of_scope,non_wound,CC BY 4.0,g2779,,wound_main/wound_main-2038.jpg,0.662
lower_limb_wounds_4be6e7210a88447f.jpg,4be6e7210a88447f1a52951d3782103a31aac40397d8971baadb942892f86115,lower_limb_wounds,chronic_wound_out_of_scope,non_wound,CC BY 4.0,g2779,,wound_main/wound_main-2039.jpg,0.662
lower_limb_wounds_63b48dd6c252cc37.jpg,63b48dd6c252cc37e8fbfeb6f71933c557c414fb5ba60125b8826fd5ed76e7d5,lower_limb_wounds,chronic_wound_out_of_scope,non_wound,CC BY 4.0,g2780,,wound_main/wound_main-2040.jpg,0.745
lower_limb_wounds_7fade34edcf327bc.jpg,7fade34edcf327bcec8389e55a692e23f8ef919a997d333b1b74dabebd2c793b,lower_limb_wounds,chronic_wound_out_of_scope,non_wound,CC BY 4.0,g2781,,wound_main/wound_main-2041.jpg,0.723
lower_limb_wounds_fa69a9bf96cade1e.jpg,fa69a9bf96cade1e96c8805d4356f88b1c1b84716e425e9860a860a9bf048e6a,lower_limb_wounds,chronic_wound_out_of_scope,non_wound,CC BY 4.0,g2864,,wound_main/wound_main-2049.jpg,0.720
lower_limb_wounds_59c92b87ff59200b.jpg,59c92b87ff59200b19deed28e8ceb9276b478775ab265842aaea3fa54c021766,lower_limb_wounds,chronic_wound_out_of_scope,non_wound,CC BY 4.0,g2796,,wound_main/wound_main-2050.jpg,0.689
lower_limb_wounds_d5f9d1f305ab85da.jpg,d5f9d1f305ab85da0cff919db3265cc41126c56ec1a142ad4e44fe4253e93f4f,lower_limb_wounds,chronic_wound_out_of_scope,non_wound,CC BY 4.0,g2784,,wound_main/wound_main-2051.jpg,0.704
lower_limb_wounds_3d9e2eaa0b099d40.jpg,3d9e2eaa0b099d40d19f3412758c43eb676260d11d615e7a0548b0b393674b9c,lower_limb_wounds,chronic_wound_out_of_scope,non_wound,CC BY 4.0,g2785,,wound_main/wound_main-2052.jpg,0.736
lower_limb_wounds_52705eeddbe2ca20.jpg,52705eeddbe2ca2030b8386d0e1df0349f8b5e12dc61b7fb7fbdb5982068f01a,lower_limb_wounds,chronic_wound_out_of_scope,non_wound,CC BY 4.0,g2786,,wound_main/wound_main-2053.jpg,0.729
lower_limb_wounds_dbc625eec7dffc0c.jpg,dbc625eec7dffc0c9766b07b661e188eefd66d9f13012503d9b03321c25f7f8e,lower_limb_wounds,chronic_wound_out_of_scope,non_wound,CC BY 4.0,g2787,,wound_main/wound_main-2057.jpg,0.705
lower_limb_wounds_4c9e51d1b62c9759.jpg,4c9e51d1b62c975984db5e3867e3a241dc5367df741e67542abfc7bb413f685e,lower_limb_wounds,chronic_wound_out_of_scope,non_wound,CC BY 4.0,g2868,,wound_main/wound_main-2059.jpg,0.736
lower_limb_wounds_f2cac6f8b02294a6.jpg,f2cac6f8b02294a694a692162c0353584f45d73a7cc86e3f9b960f1a08c32c76,lower_limb_wounds,chronic_wound_out_of_scope,non_wound,CC BY 4.0,g2789,,wound_main/wound_main-2062.jpg,0.749
lower_limb_wounds_b4e1fb7ac2515df0.jpg,b4e1fb7ac2515df0127fd15be09932e17d7fa95ca2665c0ebea77d51c24a5b30,lower_limb_wounds,chronic_wound_out_of_scope,non_wound,CC BY 4.0,g2790,,wound_main/wound_main-2063.jpg,0.738
lower_limb_wounds_def08df1c7d0bd1c.jpg,def08df1c7d0bd1ccb047b3f92a292abc8083b8b6f42897c67a1fabf255f0040,lower_limb_wounds,chronic_wound_out_of_scope,non_wound,CC BY 4.0,g2791,,wound_main/wound_main-2065.jpg,0.749
lower_limb_wounds_ef76064664bab956.jpg,ef76064664bab956e2f42dc9a08fc9dd3c5285c1d8679087ebbf5bf3a2688319,lower_limb_wounds,chronic_wound_out_of_scope,non_wound,CC BY 4.0,g2792,,wound_main/wound_main-2066.jpg,0.653
lower_limb_wounds_84b40ffaeb30c6a2.jpg,84b40ffaeb30c6a2d7baab18a1c68aadcc5d1b86918abcbd3c7204774f3034db,lower_limb_wounds,chronic_wound_out_of_scope,non_wound,CC BY 4.0,g2802,,wound_main/wound_main-2067.jpg,0.729
lower_limb_wounds_3694352abbcf67cb.jpg,3694352abbcf67cb0d37ddb4b6ca3de56864df83b2dff218f6f24e168a99578f,lower_limb_wounds,chronic_wound_out_of_scope,non_wound,CC BY 4.0,g2803,,wound_main/wound_main-2068.jpg,0.699
lower_limb_wounds_7e1cef28e52ae007.jpg,7e1cef28e52ae007abf2b0d661f6cf17d5e0b00dff72ef90ed704070248acbbb,lower_limb_wounds,chronic_wound_out_of_scope,non_wound,CC BY 4.0,g2798,,wound_main/wound_main-2072.jpg,0.728
lower_limb_wounds_59c92b87ff59200b.jpg,59c92b87ff59200b19deed28e8ceb9276b478775ab265842aaea3fa54c021766,lower_limb_wounds,chronic_wound_out_of_scope,non_wound,CC BY 4.0,g2796,,wound_main/wound_main-2074.jpg,0.689
lower_limb_wounds_8ccd59d68e48899c.jpg,8ccd59d68e48899cce5e2f64a5b02ce8f0b4333d6b952e8d850976d4756822ff,lower_limb_wounds,chronic_wound_out_of_scope,non_wound,CC BY 4.0,g2808,,wound_main/wound_main-2075.jpg,0.740
lower_limb_wounds_7e1cef28e52ae007.jpg,7e1cef28e52ae007abf2b0d661f6cf17d5e0b00dff72ef90ed704070248acbbb,lower_limb_wounds,chronic_wound_out_of_scope,non_wound,CC BY 4.0,g2798,,wound_main/wound_main-2077.jpg,0.728
lower_limb_wounds_c3bc461b4b108328.jpg,c3bc461b4b10832801b527d088cecf316fcc13f1137b8fd7cb9343cab9ac54b8,lower_limb_wounds,chronic_wound_out_of_scope,non_wound,CC BY 4.0,g2871,,wound_main/wound_main-2079.jpg,0.726
lower_limb_wounds_3329822f46e26be5.jpg,3329822f46e26be5e73b7206a9017afb05cc527fa0b15036ef8f54da775cf283,lower_limb_wounds,chronic_wound_out_of_scope,non_wound,CC BY 4.0,g2800,,wound_main/wound_main-2082.jpg,0.719
lower_limb_wounds_84b40ffaeb30c6a2.jpg,84b40ffaeb30c6a2d7baab18a1c68aadcc5d1b86918abcbd3c7204774f3034db,lower_limb_wounds,chronic_wound_out_of_scope,non_wound,CC BY 4.0,g2802,,wound_main/wound_main-2084.jpg,0.729
lower_limb_wounds_84b40ffaeb30c6a2.jpg,84b40ffaeb30c6a2d7baab18a1c68aadcc5d1b86918abcbd3c7204774f3034db,lower_limb_wounds,chronic_wound_out_of_scope,non_wound,CC BY 4.0,g2802,,wound_main/wound_main-2085.jpg,0.729
lower_limb_wounds_3694352abbcf67cb.jpg,3694352abbcf67cb0d37ddb4b6ca3de56864df83b2dff218f6f24e168a99578f,lower_limb_wounds,chronic_wound_out_of_scope,non_wound,CC BY 4.0,g2803,,wound_main/wound_main-2087.jpg,0.699
lower_limb_wounds_c59f62294ac69860.jpg,c59f62294ac69860124e225184744bbe5a96f331f7240a8e7db643673f46ed49,lower_limb_wounds,chronic_wound_out_of_scope,non_wound,CC BY 4.0,g2804,,wound_main/wound_main-2089.jpg,0.671
lower_limb_wounds_9e49f3ef49752b83.jpg,9e49f3ef49752b83831bd97d5eb98564a7a500696c564fb1a849317623971240,lower_limb_wounds,chronic_wound_out_of_scope,non_wound,CC BY 4.0,g2805,,wound_main/wound_main-2094.jpg,0.748
lower_limb_wounds_988ccbc46883b009.jpg,988ccbc46883b0095423000d519b5d7faef03263335c1ab0b2e1dcd27bde91a0,lower_limb_wounds,chronic_wound_out_of_scope,non_wound,CC BY 4.0,g2806,,wound_main/wound_main-2099.jpg,0.726
lower_limb_wounds_5b17b7dc7e79efd7.jpg,5b17b7dc7e79efd7621b3de03c73515ad137546ccc3beb91b2f02e4cbc0b0e34,lower_limb_wounds,chronic_wound_out_of_scope,non_wound,CC BY 4.0,g2860,,wound_main/wound_main-2102.jpg,0.727
lower_limb_wounds_8ccd59d68e48899c.jpg,8ccd59d68e48899cce5e2f64a5b02ce8f0b4333d6b952e8d850976d4756822ff,lower_limb_wounds,chronic_wound_out_of_scope,non_wound,CC BY 4.0,g2808,,wound_main/wound_main-2106.jpg,0.740
lower_limb_wounds_4a936ba0845312f5.jpg,4a936ba0845312f57238c776112f78364e59641ce5ca9c1718db40ae7d990e22,lower_limb_wounds,chronic_wound_out_of_scope,non_wound,CC BY 4.0,g2809,,wound_main/wound_main-2107.jpg,0.744
lower_limb_wounds_61a4dd0111bdb194.jpg,61a4dd0111bdb19497fd6c4b8f15f977adc8fc0e32db0068bd13651b4bba4d6f,lower_limb_wounds,chronic_wound_out_of_scope,non_wound,CC BY 4.0,g2957,,wound_main/wound_main-2108.jpg,0.700
lower_limb_wounds_039fae5985565b77.jpg,039fae5985565b7704a76bf276fcf68f952e6486e04d2d757577e6c2474ccbed,lower_limb_wounds,chronic_wound_out_of_scope,non_wound,CC BY 4.0,g2811,,wound_main/wound_main-2110.jpg,0.738
lower_limb_wounds_82e7173858e81d6b.jpg,82e7173858e81d6b1b6463f57b322d0a25fddef36cfafcf0eed8bfe18f5a92b2,lower_limb_wounds,chronic_wound_out_of_scope,non_wound,CC BY 4.0,g2812,,wound_main/wound_main-2113.jpg,0.728
lower_limb_wounds_431a8608cad4a623.jpg,431a8608cad4a623ac12c7810441ffe7cfecf75b35389f65040a8108244e737b,lower_limb_wounds,chronic_wound_out_of_scope,non_wound,CC BY 4.0,g2813,,wound_main/wound_main-2116.jpg,0.701
lower_limb_wounds_05a5ae5448280a96.jpg,05a5ae5448280a9654df7a2eb4fa5429c0de738cd80429f38cfdb7deac229c6b,lower_limb_wounds,chronic_wound_out_of_scope,non_wound,CC BY 4.0,g2814,,wound_main/wound_main-2120.jpg,0.725
lower_limb_wounds_ea2ea14b3b494574.jpg,ea2ea14b3b494574837359679925fdddc6ba2095ca2ee7afe713032b54b35ead,lower_limb_wounds,chronic_wound_out_of_scope,non_wound,CC BY 4.0,g2815,,wound_main/wound_main-2121.jpg,0.708
lower_limb_wounds_9a0ce1d4694333d7.jpg,9a0ce1d4694333d75432adca8ffc31931e31fae5d5f3413dc748367bf22dd90a,lower_limb_wounds,chronic_wound_out_of_scope,non_wound,CC BY 4.0,g2816,,wound_main/wound_main-2123.jpg,0.706
lower_limb_wounds_a47ccce772f59589.jpg,a47ccce772f595897418760aa0a01976a345ce46b24738abcbcf5debaa69cdab,lower_limb_wounds,chronic_wound_out_of_scope,non_wound,CC BY 4.0,g2817,,wound_main/wound_main-2124.jpg,0.725
lower_limb_wounds_828ea87303fa1949.jpg,828ea87303fa194971f67d414adadd01bcf371f74458c831626a2c6003d2a183,lower_limb_wounds,chronic_wound_out_of_scope,non_wound,CC BY 4.0,g2818,,wound_main/wound_main-2140.jpg,0.728
lower_limb_wounds_b031add29f23677b.jpg,b031add29f23677bf070ea18e56bd670648b3361d37be0c795cb7ad0216a4d7f,lower_limb_wounds,chronic_wound_out_of_scope,non_wound,CC BY 4.0,g2819,,wound_main/wound_main-2142.jpg,0.740
lower_limb_wounds_d609cd40fa9a502f.jpg,d609cd40fa9a502fd25131960c8fcc4966faf6cfc0ef5bf7a956c4bfdc0b4626,lower_limb_wounds,chronic_wound_out_of_scope,non_wound,CC BY 4.0,g2820,,wound_main/wound_main-2143.jpg,0.707
lower_limb_wounds_e3716f9c53d81710.jpg,e3716f9c53d81710b1e6b7f690904888156b2bb532a9ba90ed7de005d988c820,lower_limb_wounds,chronic_wound_out_of_scope,non_wound,CC BY 4.0,g2821,,wound_main/wound_main-2144.jpg,0.695
lower_limb_wounds_f17fc40f7a45e55f.jpg,f17fc40f7a45e55fbd102afa30bad09910b3ed82194228c45a688704d47ede95,lower_limb_wounds,chronic_wound_out_of_scope,non_wound,CC BY 4.0,g2822,,wound_main/wound_main-2150.jpg,0.728
lower_limb_wounds_d48d50a074371b88.jpg,d48d50a074371b88b878622dadfa4d1297663cc9f933e8216db0ba722b05fa28,lower_limb_wounds,chronic_wound_out_of_scope,non_wound,CC BY 4.0,g2870,,wound_main/wound_main-2151.jpg,0.747
lower_limb_wounds_39a365c544895b41.jpg,39a365c544895b4102532409b8389b70ecd9ce3609ebcc27cab85406a51e3796,lower_limb_wounds,chronic_wound_out_of_scope,non_wound,CC BY 4.0,g2824,,wound_main/wound_main-2152.jpg,0.685
lower_limb_wounds_9a7b01d2db3a09c4.jpg,9a7b01d2db3a09c4537dcc406149e6e371203a30e63d341b163760a7b2c0e8e1,lower_limb_wounds,chronic_wound_out_of_scope,non_wound,CC BY 4.0,g2825,,wound_main/wound_main-2154.jpg,0.744
lower_limb_wounds_ef6efe8db62ce2b8.jpg,ef6efe8db62ce2b8ccbfbe34bc85279ba95c63949c9cf452455539f4d5d0ba7b,lower_limb_wounds,chronic_wound_out_of_scope,non_wound,CC BY 4.0,g2826,,wound_main/wound_main-2160.jpg,0.745
lower_limb_wounds_77419b3c9ebd94d3.jpg,77419b3c9ebd94d3925372a14cbf421364cb622b82727be5775a9cc78259518d,lower_limb_wounds,chronic_wound_out_of_scope,non_wound,CC BY 4.0,g2827,,wound_main/wound_main-2162.jpg,0.749
lower_limb_wounds_d71dcf013ed6432d.jpg,d71dcf013ed6432d6387891412152f13a9ded1dea27fe5bd242f6e4d1a5b06ff,lower_limb_wounds,chronic_wound_out_of_scope,non_wound,CC BY 4.0,g2861,,wound_main/wound_main-2164.jpg,0.742
lower_limb_wounds_dc9791a13b66614e.jpg,dc9791a13b66614ec297a99577f84088226508bcf972b6d07fa500ced425bf0e,lower_limb_wounds,chronic_wound_out_of_scope,non_wound,CC BY 4.0,g2829,,wound_main/wound_main-2167.jpg,0.738
lower_limb_wounds_9077653163ba8601.jpg,9077653163ba8601c3f3b051140c340424bb1bff5d78f541696f50d4256951e8,lower_limb_wounds,chronic_wound_out_of_scope,non_wound,CC BY 4.0,g2831,,wound_main/wound_main-2169.jpg,0.712
lower_limb_wounds_9077653163ba8601.jpg,9077653163ba8601c3f3b051140c340424bb1bff5d78f541696f50d4256951e8,lower_limb_wounds,chronic_wound_out_of_scope,non_wound,CC BY 4.0,g2831,,wound_main/wound_main-2170.jpg,0.712
lower_limb_wounds_c327d6ed153239e8.jpg,c327d6ed153239e8bb7bf71c0a0a0a3d6e8fd041cae85e604b5f6eb9abbbe646,lower_limb_wounds,chronic_wound_out_of_scope,non_wound,CC BY 4.0,g2832,,wound_main/wound_main-2173.jpg,0.738
lower_limb_wounds_396ceb39d5abd3e5.jpg,396ceb39d5abd3e5a8a5c29c186bc98a2b7672338a90c8948fb248f8768bf220,lower_limb_wounds,chronic_wound_out_of_scope,non_wound,CC BY 4.0,g2833,,wound_main/wound_main-2175.jpg,0.709
lower_limb_wounds_0285adf2efb25842.jpg,0285adf2efb25842d311ecb0531c3528c148b4fa82ebc5d03c84bd9e12321e84,lower_limb_wounds,chronic_wound_out_of_scope,non_wound,CC BY 4.0,g2834,,wound_main/wound_main-2176.jpg,0.716
lower_limb_wounds_3b1739ac59ff9ca7.jpg,3b1739ac59ff9ca7d1855fb2fe5f94058f09c41c60b1d9aec447017358d20c15,lower_limb_wounds,chronic_wound_out_of_scope,non_wound,CC BY 4.0,g2835,,wound_main/wound_main-2177.jpg,0.705
lower_limb_wounds_f8594f841893980a.jpg,f8594f841893980abb590f034fadf60a762d217b56412df589e7ed5fbb6c56c2,lower_limb_wounds,chronic_wound_out_of_scope,non_wound,CC BY 4.0,g2836,,wound_main/wound_main-2184.jpg,0.671
lower_limb_wounds_ca5eeb6fa4a57c59.jpg,ca5eeb6fa4a57c5907dca7252f27d78e08385914c5f91b17e25ce3c48591ada3,lower_limb_wounds,chronic_wound_out_of_scope,non_wound,CC BY 4.0,g2837,,wound_main/wound_main-2187.jpg,0.745
lower_limb_wounds_c8944d00dc7a987e.jpg,c8944d00dc7a987e990fa67e4229c54a584a9fed886ac68118c9fb0be2a4a1ea,lower_limb_wounds,chronic_wound_out_of_scope,non_wound,CC BY 4.0,g2838,,wound_main/wound_main-2188.jpg,0.747
lower_limb_wounds_434acb63aa3a4560.jpg,434acb63aa3a4560600909efa8c959766fce30df00754cca0c2453e051de1add,lower_limb_wounds,chronic_wound_out_of_scope,non_wound,CC BY 4.0,g2839,,wound_main/wound_main-2189.jpg,0.738
lower_limb_wounds_08ca208e4b6af384.jpg,08ca208e4b6af38449d68b39b20bc040734ae02389e896b7a01c0e406696c11e,lower_limb_wounds,chronic_wound_out_of_scope,non_wound,CC BY 4.0,g2840,,wound_main/wound_main-2190.jpg,0.730
lower_limb_wounds_de769233b6322809.jpg,de769233b632280923e97134da7029a5c30caca3d1cf8c5fa8761ae8c55bab38,lower_limb_wounds,chronic_wound_out_of_scope,non_wound,CC BY 4.0,g2851,,wound_main/wound_main-2195.jpg,0.737
lower_limb_wounds_5538ad90e86c9941.jpg,5538ad90e86c9941b8d93e47d2c6a8f9a06c20064ba5540a3ef38e4df1c722ea,lower_limb_wounds,chronic_wound_out_of_scope,non_wound,CC BY 4.0,g2842,,wound_main/wound_main-2200.jpg,0.724
lower_limb_wounds_d3835ebe442b4812.jpg,d3835ebe442b48129c2f0fe535811b17af0296ceb71b05f82da65436219217d6,lower_limb_wounds,chronic_wound_out_of_scope,non_wound,CC BY 4.0,g2845,,wound_main/wound_main-2204.jpg,0.740
lower_limb_wounds_cec309b3900892fc.jpg,cec309b3900892fcdb207db03f6efcde7bab781fd363ad78a0d235fc28936342,lower_limb_wounds,chronic_wound_out_of_scope,non_wound,CC BY 4.0,g2844,,wound_main/wound_main-2209.jpg,0.739
lower_limb_wounds_d3835ebe442b4812.jpg,d3835ebe442b48129c2f0fe535811b17af0296ceb71b05f82da65436219217d6,lower_limb_wounds,chronic_wound_out_of_scope,non_wound,CC BY 4.0,g2845,,wound_main/wound_main-2212.jpg,0.740
lower_limb_wounds_e2ab2ab73511fc20.jpg,e2ab2ab73511fc20cfc9bfbc1745726a5995e52312002620d9c1bb9cfb3ba1b5,lower_limb_wounds,chronic_wound_out_of_scope,non_wound,CC BY 4.0,g2846,,wound_main/wound_main-2213.jpg,0.721
lower_limb_wounds_3ee04087cd7ab376.jpg,3ee04087cd7ab376c9ab1a2c9c74e1727337c2d9274c891e8648e9946c4a20a0,lower_limb_wounds,chronic_wound_out_of_scope,non_wound,CC BY 4.0,g2847,,wound_main/wound_main-2214.jpg,0.723
lower_limb_wounds_923bd1aa4675b53c.jpg,923bd1aa4675b53c922a69e4871acf04954ba9576cf33d644dd6eeeb3aa0c7f4,lower_limb_wounds,chronic_wound_out_of_scope,non_wound,CC BY 4.0,g2848,,wound_main/wound_main-2215.jpg,0.726
lower_limb_wounds_97a1df6f53969e79.jpg,97a1df6f53969e79d1a4d4f3bfd2bea6a052903f436221c51834561bf7885c97,lower_limb_wounds,chronic_wound_out_of_scope,non_wound,CC BY 4.0,g2849,,wound_main/wound_main-2216.jpg,0.686
lower_limb_wounds_32c7a6c744afb94e.jpg,32c7a6c744afb94e37cc6fa16695fdf337b175e89923e6196b0046f76b22b3ed,lower_limb_wounds,chronic_wound_out_of_scope,non_wound,CC BY 4.0,g2850,,wound_main/wound_main-2227.jpg,0.689
lower_limb_wounds_de769233b6322809.jpg,de769233b632280923e97134da7029a5c30caca3d1cf8c5fa8761ae8c55bab38,lower_limb_wounds,chronic_wound_out_of_scope,non_wound,CC BY 4.0,g2851,,wound_main/wound_main-2230.jpg,0.737
lower_limb_wounds_d09046c7c2a0a8e0.jpg,d09046c7c2a0a8e0f5ee4484189eefd34c79928aaf3677072eaedfc9fd479de7,lower_limb_wounds,chronic_wound_out_of_scope,non_wound,CC BY 4.0,g2852,,wound_main/wound_main-2233.jpg,0.726
lower_limb_wounds_1bd23bc778422d10.jpg,1bd23bc778422d109ccc7b3e7d476f5c6c6ec0effc53e830f2fc51953deadc1c,lower_limb_wounds,chronic_wound_out_of_scope,non_wound,CC BY 4.0,g2853,,wound_main/wound_main-2235.jpg,0.668
lower_limb_wounds_268a5e6abb8d4c41.jpg,268a5e6abb8d4c411e5ba0003875d58c4518ef7914ce92718975ba0b04b03656,lower_limb_wounds,chronic_wound_out_of_scope,non_wound,CC BY 4.0,g2854,,wound_main/wound_main-2236.jpg,0.697
lower_limb_wounds_4a8e909058d6eb78.jpg,4a8e909058d6eb7805fc841f4bf379d762fc330e6c10eaeff5586acca8a7d85d,lower_limb_wounds,chronic_wound_out_of_scope,non_wound,CC BY 4.0,g2855,,wound_main/wound_main-2237.jpg,0.734
lower_limb_wounds_da640847f1310e30.jpg,da640847f1310e301d3768e31b44c6f094db8862eace4ac339975d3e9cb4a873,lower_limb_wounds,chronic_wound_out_of_scope,non_wound,CC BY 4.0,g2856,,wound_main/wound_main-2240.jpg,0.678
lower_limb_wounds_6a191d8b19cbae17.jpg,6a191d8b19cbae17c23a0c1deec89abe497ecd601235f9a0ea11c7ae9d53a20f,lower_limb_wounds,chronic_wound_out_of_scope,non_wound,CC BY 4.0,g2857,,wound_main/wound_main-2242.jpg,0.731
lower_limb_wounds_23360aa89595e8c1.jpg,23360aa89595e8c1cfcd77a948aef95f3f42a26871301ed1bcbf67a2811a017e,lower_limb_wounds,chronic_wound_out_of_scope,non_wound,CC BY 4.0,g2858,,wound_main/wound_main-2245.jpg,0.695
lower_limb_wounds_22fe1d1e2c25881e.jpg,22fe1d1e2c25881e133685836857a390191e5827b0fdda4f18e022939342af79,lower_limb_wounds,chronic_wound_out_of_scope,non_wound,CC BY 4.0,g2859,,wound_main/wound_main-2247.jpg,0.736
lower_limb_wounds_5b17b7dc7e79efd7.jpg,5b17b7dc7e79efd7621b3de03c73515ad137546ccc3beb91b2f02e4cbc0b0e34,lower_limb_wounds,chronic_wound_out_of_scope,non_wound,CC BY 4.0,g2860,,wound_main/wound_main-2256.jpg,0.727
lower_limb_wounds_d71dcf013ed6432d.jpg,d71dcf013ed6432d6387891412152f13a9ded1dea27fe5bd242f6e4d1a5b06ff,lower_limb_wounds,chronic_wound_out_of_scope,non_wound,CC BY 4.0,g2861,,wound_main/wound_main-2260.jpg,0.742
lower_limb_wounds_1f8e80d2cd59805d.jpg,1f8e80d2cd59805def3a4da96a87046659a8f99a55c1981853ac0a48a95d6f48,lower_limb_wounds,chronic_wound_out_of_scope,non_wound,CC BY 4.0,g2862,,wound_main/wound_main-2261.jpg,0.749
lower_limb_wounds_6fc2fc38332b9d69.jpg,6fc2fc38332b9d6960e9807d304efb1b482ed123d5bfc0330cf61bc9652a578d,lower_limb_wounds,chronic_wound_out_of_scope,non_wound,CC BY 4.0,g2863,,wound_main/wound_main-2263.jpg,0.714
lower_limb_wounds_fa69a9bf96cade1e.jpg,fa69a9bf96cade1e96c8805d4356f88b1c1b84716e425e9860a860a9bf048e6a,lower_limb_wounds,chronic_wound_out_of_scope,non_wound,CC BY 4.0,g2864,,wound_main/wound_main-2266.jpg,0.720
lower_limb_wounds_745f016208667b28.jpg,745f016208667b28fdbe89cc5da12be113a874f97e16dd56b9aeaacf147b31ad,lower_limb_wounds,chronic_wound_out_of_scope,non_wound,CC BY 4.0,g2865,,wound_main/wound_main-2267.jpg,0.739
lower_limb_wounds_4c91409d0fd706f4.jpg,4c91409d0fd706f4531a6d2fbf118ca7af6a2c9f5fb855e0d70cfff35ac72114,lower_limb_wounds,chronic_wound_out_of_scope,non_wound,CC BY 4.0,g2866,,wound_main/wound_main-2269.jpg,0.747
lower_limb_wounds_6e20a87337163bbf.jpg,6e20a87337163bbf1ec83f6badcde32c610098e4bf7bbeb0dc7764502bb2875b,lower_limb_wounds,chronic_wound_out_of_scope,non_wound,CC BY 4.0,g2867,,wound_main/wound_main-2271.jpg,0.701
lower_limb_wounds_4c9e51d1b62c9759.jpg,4c9e51d1b62c975984db5e3867e3a241dc5367df741e67542abfc7bb413f685e,lower_limb_wounds,chronic_wound_out_of_scope,non_wound,CC BY 4.0,g2868,,wound_main/wound_main-2272.jpg,0.736
lower_limb_wounds_85b08cf9fce257dd.jpg,85b08cf9fce257dd0d3416719bc06aa11fa8e2e610e0dc1e0688d28a4793c93c,lower_limb_wounds,chronic_wound_out_of_scope,non_wound,CC BY 4.0,g2869,,wound_main/wound_main-2273.jpg,0.730
lower_limb_wounds_d48d50a074371b88.jpg,d48d50a074371b88b878622dadfa4d1297663cc9f933e8216db0ba722b05fa28,lower_limb_wounds,chronic_wound_out_of_scope,non_wound,CC BY 4.0,g2870,,wound_main/wound_main-2274.jpg,0.747
lower_limb_wounds_c3bc461b4b108328.jpg,c3bc461b4b10832801b527d088cecf316fcc13f1137b8fd7cb9343cab9ac54b8,lower_limb_wounds,chronic_wound_out_of_scope,non_wound,CC BY 4.0,g2871,,wound_main/wound_main-2281.jpg,0.726
lower_limb_wounds_48a7ac37a2256381.jpg,48a7ac37a2256381a947d5f3c9c6ae66fa8a12a708504f99595c0cd3aecb1b3c,lower_limb_wounds,chronic_wound_out_of_scope,non_wound,CC BY 4.0,g2872,,wound_main/wound_main-2282.jpg,0.732
lower_limb_wounds_66a037e6395b4ca9.jpg,66a037e6395b4ca9817919fe8ae02f0c42f468a583b3f407f1f45fe27116767e,lower_limb_wounds,chronic_wound_out_of_scope,non_wound,CC BY 4.0,g2873,,wound_main/wound_main-2290.jpg,0.746
lower_limb_wounds_7dc714beb8b2203c.jpg,7dc714beb8b2203caf1a53e0f40128e6187b474cb733f178894976fc361ab6b2,lower_limb_wounds,chronic_wound_out_of_scope,non_wound,CC BY 4.0,g2874,,wound_main/wound_main-2292.jpg,0.705
lower_limb_wounds_67cc0483fe1be285.jpg,67cc0483fe1be28548e5e3732db464c58a28e0aeb9ddcceea4c11de3cfe84851,lower_limb_wounds,chronic_wound_out_of_scope,non_wound,CC BY 4.0,g2875,,wound_main/wound_main-2293.jpg,0.705
lower_limb_wounds_01290a7dd5b94e4a.jpg,01290a7dd5b94e4ada3cab0cc459df6a5972f62f4b9ddf32ea31ece11fd3bbaf,lower_limb_wounds,chronic_wound_out_of_scope,non_wound,CC BY 4.0,g2877,,wound_main/wound_main-2294.jpg,0.742
lower_limb_wounds_01290a7dd5b94e4a.jpg,01290a7dd5b94e4ada3cab0cc459df6a5972f62f4b9ddf32ea31ece11fd3bbaf,lower_limb_wounds,chronic_wound_out_of_scope,non_wound,CC BY 4.0,g2877,,wound_main/wound_main-2295.jpg,0.742
lower_limb_wounds_3a8919e2416d670c.jpg,3a8919e2416d670c132fd6350205a9695abfc3240ef012a631607ddc09ca145d,lower_limb_wounds,chronic_wound_out_of_scope,non_wound,CC BY 4.0,g2878,,wound_main/wound_main-2296.jpg,0.727
lower_limb_wounds_36329992215b42f6.jpg,36329992215b42f649be23a21ff5459e2ab3a8abf39f231a8e16eafe049e2b82,lower_limb_wounds,chronic_wound_out_of_scope,non_wound,CC BY 4.0,g2883,,wound_main/wound_main-2300.jpg,0.711
lower_limb_wounds_d99aed74288ad219.jpg,d99aed74288ad219939c1df8d612477cb68adc39965e7afbec641e2f6479c9e8,lower_limb_wounds,chronic_wound_out_of_scope,non_wound,CC BY 4.0,g2880,,wound_main/wound_main-2301.jpg,0.726
lower_limb_wounds_1f1ddaf59802777b.jpg,1f1ddaf59802777b780f5fd8f2ff8401d4e2f05f0e1286aaaca969c30b010210,lower_limb_wounds,chronic_wound_out_of_scope,non_wound,CC BY 4.0,g2882,,wound_main/wound_main-2302.jpg,0.721
lower_limb_wounds_010f57d3df048c4a.jpg,010f57d3df048c4a779cba615b5582b3cfebbef23634aca356c338a29e182903,lower_limb_wounds,chronic_wound_out_of_scope,non_wound,CC BY 4.0,g2882,,wound_main/wound_main-2303.jpg,0.745
lower_limb_wounds_36329992215b42f6.jpg,36329992215b42f649be23a21ff5459e2ab3a8abf39f231a8e16eafe049e2b82,lower_limb_wounds,chronic_wound_out_of_scope,non_wound,CC BY 4.0,g2883,,wound_main/wound_main-2306.jpg,0.711
lower_limb_wounds_29c71b8200a4deb6.jpg,29c71b8200a4deb6e380a28054aa84ea0392c962bc5c53cf9c0ae1887d8bb4b1,lower_limb_wounds,chronic_wound_out_of_scope,non_wound,CC BY 4.0,g2884,,wound_main/wound_main-2310.jpg,0.743
lower_limb_wounds_072a54999a83fc97.jpg,072a54999a83fc9772c48bfe050bf581efb7a369589b10d31206c626f4a21741,lower_limb_wounds,chronic_wound_out_of_scope,non_wound,CC BY 4.0,g2885,,wound_main/wound_main-2315.jpg,0.739
lower_limb_wounds_7400440d76a557e8.jpg,7400440d76a557e8b41a1f7bdb0a52e6b6e4dd47ba28437b695951dd377e4889,lower_limb_wounds,chronic_wound_out_of_scope,non_wound,CC BY 4.0,g2912,,wound_main/wound_main-2320.jpg,0.689
lower_limb_wounds_860e45a3d72eb918.jpg,860e45a3d72eb91896ee2f2fd6caaf32f6fff8079c61253cf8d69240ed2e4856,lower_limb_wounds,chronic_wound_out_of_scope,non_wound,CC BY 4.0,g2887,,wound_main/wound_main-2324.jpg,0.728
lower_limb_wounds_e0b0a4138f35de9e.jpg,e0b0a4138f35de9ea36fb9fe94f3e66e012d5ae02890bdfb7eae4614519a96dd,lower_limb_wounds,chronic_wound_out_of_scope,non_wound,CC BY 4.0,g2888,,wound_main/wound_main-2328.jpg,0.683
lower_limb_wounds_58d790962f88d020.jpg,58d790962f88d02070b7b9c3819cd6c79b1d9067d89cfedc8d2d2cff7dd431ca,lower_limb_wounds,chronic_wound_out_of_scope,non_wound,CC BY 4.0,g2921,,wound_main/wound_main-2329.jpg,0.696
lower_limb_wounds_f5451473d4cb3856.jpg,f5451473d4cb3856330b99d669a69dedb226fe4437fd436c220775cf1d582412,lower_limb_wounds,chronic_wound_out_of_scope,non_wound,CC BY 4.0,g2890,,wound_main/wound_main-2331.jpg,0.735
lower_limb_wounds_e50500798e4b5ac0.jpg,e50500798e4b5ac0119f099cad9d2414ca0f4ad3af6dbe10086b8f5919ad78c6,lower_limb_wounds,chronic_wound_out_of_scope,non_wound,CC BY 4.0,g2891,,wound_main/wound_main-2332.jpg,0.712
lower_limb_wounds_58d790962f88d020.jpg,58d790962f88d02070b7b9c3819cd6c79b1d9067d89cfedc8d2d2cff7dd431ca,lower_limb_wounds,chronic_wound_out_of_scope,non_wound,CC BY 4.0,g2921,,wound_main/wound_main-2335.jpg,0.696
lower_limb_wounds_5e7223bbc29ccef7.jpg,5e7223bbc29ccef76bee85e372dae2f29248e5b54fd59f65ff731a7ff20f8b8c,lower_limb_wounds,chronic_wound_out_of_scope,non_wound,CC BY 4.0,g2893,,wound_main/wound_main-2340.jpg,0.701
lower_limb_wounds_9a4689988bf3c7cc.jpg,9a4689988bf3c7cc3a77c4f7cdf9357f5ae05c4bafe2c16370c38271de1ff167,lower_limb_wounds,chronic_wound_out_of_scope,non_wound,CC BY 4.0,g2894,,wound_main/wound_main-2341.jpg,0.709
lower_limb_wounds_e5b2b481b6e88406.jpg,e5b2b481b6e8840692b93328f27e1e292aa7f0b63f925bd882dfa871c25ff8ca,lower_limb_wounds,chronic_wound_out_of_scope,non_wound,CC BY 4.0,g2895,,wound_main/wound_main-2343.jpg,0.708
lower_limb_wounds_d279cdfdc22ddfeb.jpg,d279cdfdc22ddfeb181cac29c8738ddb5a39dec52d0125e5934bc8a21eb260cf,lower_limb_wounds,chronic_wound_out_of_scope,non_wound,CC BY 4.0,g2897,,wound_main/wound_main-2344.jpg,0.707
lower_limb_wounds_d279cdfdc22ddfeb.jpg,d279cdfdc22ddfeb181cac29c8738ddb5a39dec52d0125e5934bc8a21eb260cf,lower_limb_wounds,chronic_wound_out_of_scope,non_wound,CC BY 4.0,g2897,,wound_main/wound_main-2345.jpg,0.707
lower_limb_wounds_59fc2d14a5203d90.jpg,59fc2d14a5203d904f5f336f47c831e0b3ac7235665525d19aaeadd5226dfb4c,lower_limb_wounds,chronic_wound_out_of_scope,non_wound,CC BY 4.0,g2899,,wound_main/wound_main-2348.jpg,0.679
lower_limb_wounds_59fc2d14a5203d90.jpg,59fc2d14a5203d904f5f336f47c831e0b3ac7235665525d19aaeadd5226dfb4c,lower_limb_wounds,chronic_wound_out_of_scope,non_wound,CC BY 4.0,g2899,,wound_main/wound_main-2350.jpg,0.679
lower_limb_wounds_ee8ba5a4d957983a.jpg,ee8ba5a4d957983ad482c2e0060210ed91e60f1178645e53b60d665daace14e5,lower_limb_wounds,chronic_wound_out_of_scope,non_wound,CC BY 4.0,g2900,,wound_main/wound_main-2354.jpg,0.726
lower_limb_wounds_a1df7fbd97d58a6b.jpg,a1df7fbd97d58a6b4539f0215d74b798ea0fa737edd2e1f7538f858ee627fbfd,lower_limb_wounds,chronic_wound_out_of_scope,non_wound,CC BY 4.0,g2901,,wound_main/wound_main-2355.jpg,0.744
lower_limb_wounds_19f97d32ff3fd498.jpg,19f97d32ff3fd4986e10e100a7e35a734e1e4793f2cfae09a5a35afd3b6a70e7,lower_limb_wounds,chronic_wound_out_of_scope,non_wound,CC BY 4.0,g2902,,wound_main/wound_main-2356.jpg,0.747
lower_limb_wounds_667067cfc64f4365.jpg,667067cfc64f4365d931f5143f31bc08fc6ba12b0dd2a83408b2f35496448a1f,lower_limb_wounds,chronic_wound_out_of_scope,non_wound,CC BY 4.0,g2905,,wound_main/wound_main-2358.jpg,0.749
lower_limb_wounds_667067cfc64f4365.jpg,667067cfc64f4365d931f5143f31bc08fc6ba12b0dd2a83408b2f35496448a1f,lower_limb_wounds,chronic_wound_out_of_scope,non_wound,CC BY 4.0,g2905,,wound_main/wound_main-2363.jpg,0.749
lower_limb_wounds_667067cfc64f4365.jpg,667067cfc64f4365d931f5143f31bc08fc6ba12b0dd2a83408b2f35496448a1f,lower_limb_wounds,chronic_wound_out_of_scope,non_wound,CC BY 4.0,g2905,,wound_main/wound_main-2364.jpg,0.749
lower_limb_wounds_8010f39b564084d0.jpg,8010f39b564084d0160196a3f4d37a278cd3a2dc5d174a84371473a75d0c49eb,lower_limb_wounds,chronic_wound_out_of_scope,non_wound,CC BY 4.0,g2906,,wound_main/wound_main-2366.jpg,0.745
lower_limb_wounds_b0b1f2257162ab1c.jpg,b0b1f2257162ab1c5b7fdca50d42a579b0fa0c9c273e8b512fe9433dc28b04fc,lower_limb_wounds,chronic_wound_out_of_scope,non_wound,CC BY 4.0,g2907,,wound_main/wound_main-2367.jpg,0.717
lower_limb_wounds_c870eb563aa5473f.jpg,c870eb563aa5473fcd5da893c1a3724f85c7b73415e10d2ea3333bd0f5f9fc22,lower_limb_wounds,chronic_wound_out_of_scope,non_wound,CC BY 4.0,g2908,,wound_main/wound_main-2369.jpg,0.709
lower_limb_wounds_9633ba5563abc11d.jpg,9633ba5563abc11d76bb75ff697257386f1cb2cf78d39a6584273088bc731e1b,lower_limb_wounds,chronic_wound_out_of_scope,non_wound,CC BY 4.0,g2909,,wound_main/wound_main-2372.jpg,0.714
lower_limb_wounds_8c98ead0868650bd.jpg,8c98ead0868650bdc3b5c1acda7408614051dddda32342428ba3629bf2693e46,lower_limb_wounds,chronic_wound_out_of_scope,non_wound,CC BY 4.0,g2910,,wound_main/wound_main-2373.jpg,0.645
lower_limb_wounds_e52ab2da6e471fde.jpg,e52ab2da6e471fde92bc2df550a0811260cca4c31a7200073f444b3a53e8728d,lower_limb_wounds,chronic_wound_out_of_scope,non_wound,CC BY 4.0,g2911,,wound_main/wound_main-2376.jpg,0.724
lower_limb_wounds_7400440d76a557e8.jpg,7400440d76a557e8b41a1f7bdb0a52e6b6e4dd47ba28437b695951dd377e4889,lower_limb_wounds,chronic_wound_out_of_scope,non_wound,CC BY 4.0,g2912,,wound_main/wound_main-2377.jpg,0.689
lower_limb_wounds_75fe4de00e4dc155.jpg,75fe4de00e4dc155e76253d7a2e0c5e8b75cff2c56bc03ce8e0e04a1ef8454b5,lower_limb_wounds,chronic_wound_out_of_scope,non_wound,CC BY 4.0,g2916,,wound_main/wound_main-2379.jpg,0.736
lower_limb_wounds_75fe4de00e4dc155.jpg,75fe4de00e4dc155e76253d7a2e0c5e8b75cff2c56bc03ce8e0e04a1ef8454b5,lower_limb_wounds,chronic_wound_out_of_scope,non_wound,CC BY 4.0,g2916,,wound_main/wound_main-2382.jpg,0.736
lower_limb_wounds_c6ed8053e9fa87c2.jpg,c6ed8053e9fa87c2d0edbf61dc8aeebbc9ebc6814fb25c70d90d64662779bfd0,lower_limb_wounds,chronic_wound_out_of_scope,non_wound,CC BY 4.0,g2915,,wound_main/wound_main-2383.jpg,0.722
lower_limb_wounds_75fe4de00e4dc155.jpg,75fe4de00e4dc155e76253d7a2e0c5e8b75cff2c56bc03ce8e0e04a1ef8454b5,lower_limb_wounds,chronic_wound_out_of_scope,non_wound,CC BY 4.0,g2916,,wound_main/wound_main-2385.jpg,0.736
lower_limb_wounds_aac5f6d62235363c.jpg,aac5f6d62235363ce7110530b51dd5f2a73b551cd13478941f2e60a41d86d2e6,lower_limb_wounds,chronic_wound_out_of_scope,non_wound,CC BY 4.0,g2917,,wound_main/wound_main-2386.jpg,0.726
lower_limb_wounds_540c65cd9fc55483.jpg,540c65cd9fc554839d0c50008fb6dd9e7f30951a5fc51fbeef14d1bce19e5099,lower_limb_wounds,chronic_wound_out_of_scope,non_wound,CC BY 4.0,g2918,,wound_main/wound_main-2387.jpg,0.696
lower_limb_wounds_bb70cfd435622b8c.jpg,bb70cfd435622b8c2ac50e9aac5c2e4511ecfd90c1e93e7ab62da880f7fbfdb7,lower_limb_wounds,chronic_wound_out_of_scope,non_wound,CC BY 4.0,g2920,,wound_main/wound_main-2390.jpg,0.707
lower_limb_wounds_bb70cfd435622b8c.jpg,bb70cfd435622b8c2ac50e9aac5c2e4511ecfd90c1e93e7ab62da880f7fbfdb7,lower_limb_wounds,chronic_wound_out_of_scope,non_wound,CC BY 4.0,g2920,,wound_main/wound_main-2391.jpg,0.707
lower_limb_wounds_58d790962f88d020.jpg,58d790962f88d02070b7b9c3819cd6c79b1d9067d89cfedc8d2d2cff7dd431ca,lower_limb_wounds,chronic_wound_out_of_scope,non_wound,CC BY 4.0,g2921,,wound_main/wound_main-2394.jpg,0.696
lower_limb_wounds_f23e282590e1924c.jpg,f23e282590e1924c982afb2ead56bc1dd4d810ae866ff11ba45bb2a7b154a7ff,lower_limb_wounds,chronic_wound_out_of_scope,non_wound,CC BY 4.0,g2922,,wound_main/wound_main-2395.jpg,0.707
lower_limb_wounds_ff83c27ef485d83b.jpg,ff83c27ef485d83b5d19e5f210113f09d3511fa26e9054634b0f711c9a811416,lower_limb_wounds,chronic_wound_out_of_scope,non_wound,CC BY 4.0,g2923,,wound_main/wound_main-2399.jpg,0.749
lower_limb_wounds_b243d4288882e0d7.jpg,b243d4288882e0d7bd36e1577aa6cfa40621bd0a5e9c6b53ab6c264834a268b4,lower_limb_wounds,chronic_wound_out_of_scope,non_wound,CC BY 4.0,g2924,,wound_main/wound_main-2400.jpg,0.712
lower_limb_wounds_bd844b6e21604eda.jpg,bd844b6e21604edaa6f0a6a89c93ad279bfd805bbf1e2b63b4be06a4e020773e,lower_limb_wounds,chronic_wound_out_of_scope,non_wound,CC BY 4.0,g2925,,wound_main/wound_main-2406.jpg,0.732
lower_limb_wounds_1d41ab708b6e6807.jpg,1d41ab708b6e6807cd65a4e649407ac4857ba5245f17e00c45091fa6e273e88a,lower_limb_wounds,chronic_wound_out_of_scope,non_wound,CC BY 4.0,g2926,,wound_main/wound_main-2407.jpg,0.720
lower_limb_wounds_b5d6c0297fe7cecb.jpg,b5d6c0297fe7cecbb16682013e8b063602beeb7e116ebb635543ef93224770c2,lower_limb_wounds,chronic_wound_out_of_scope,non_wound,CC BY 4.0,g2927,,wound_main/wound_main-2408.jpg,0.705
lower_limb_wounds_987310ec311eeed4.jpg,987310ec311eeed4bd0ea0a8398845de5f92273e089460d9bf6d2af5acdd79f9,lower_limb_wounds,chronic_wound_out_of_scope,non_wound,CC BY 4.0,g2928,,wound_main/wound_main-2410.jpg,0.710
lower_limb_wounds_1660f11e8235e584.jpg,1660f11e8235e5846d75e47ac0a044b18e1b727f286430938d0f188edf906071,lower_limb_wounds,chronic_wound_out_of_scope,non_wound,CC BY 4.0,g2929,,wound_main/wound_main-2413.jpg,0.695
lower_limb_wounds_77cf385842230c40.jpg,77cf385842230c401ca2af69f845365f3cff0b02276a858f6cc4a415f8588caa,lower_limb_wounds,chronic_wound_out_of_scope,non_wound,CC BY 4.0,g2937,,wound_main/wound_main-2415.jpg,0.718
lower_limb_wounds_a3425b9a4fefa394.jpg,a3425b9a4fefa3943bc8114a678d903152e8b270ad0a9fdfc6fb478157829eff,lower_limb_wounds,chronic_wound_out_of_scope,non_wound,CC BY 4.0,g2938,,wound_main/wound_main-2416.jpg,0.686
lower_limb_wounds_1d5d40c22ffe29f4.jpg,1d5d40c22ffe29f492a8691e5a19dd072468b7d1edcdb76738bd0ef6cf0c20fd,lower_limb_wounds,chronic_wound_out_of_scope,non_wound,CC BY 4.0,g2932,,wound_main/wound_main-2417.jpg,0.725
lower_limb_wounds_dba68673f3cd81ed.jpg,dba68673f3cd81ed2bb07bcac5bd13ebb8fe7eeef697e7b18e7aabcb9e074d8b,lower_limb_wounds,chronic_wound_out_of_scope,non_wound,CC BY 4.0,g2933,,wound_main/wound_main-2418.jpg,0.710
lower_limb_wounds_6534954cafd6827b.jpg,6534954cafd6827b41fa93242dfb451f2d17a27dc1eacc559e3cc1e6da160a6f,lower_limb_wounds,chronic_wound_out_of_scope,non_wound,CC BY 4.0,g2934,,wound_main/wound_main-2419.jpg,0.702
lower_limb_wounds_8fb58db654ec718c.jpg,8fb58db654ec718cb2b35c6301a693660811abcd7145133cb45fa2f045bb17ad,lower_limb_wounds,chronic_wound_out_of_scope,non_wound,CC BY 4.0,g2935,,wound_main/wound_main-2420.jpg,0.720
lower_limb_wounds_c32578644a4d84e1.jpg,c32578644a4d84e1fbc7cdbbbc8872bef82bd425c94415e2fde5b9c4886777aa,lower_limb_wounds,chronic_wound_out_of_scope,non_wound,CC BY 4.0,g2936,,wound_main/wound_main-2421.jpg,0.729
lower_limb_wounds_77cf385842230c40.jpg,77cf385842230c401ca2af69f845365f3cff0b02276a858f6cc4a415f8588caa,lower_limb_wounds,chronic_wound_out_of_scope,non_wound,CC BY 4.0,g2937,,wound_main/wound_main-2422.jpg,0.718
lower_limb_wounds_a3425b9a4fefa394.jpg,a3425b9a4fefa3943bc8114a678d903152e8b270ad0a9fdfc6fb478157829eff,lower_limb_wounds,chronic_wound_out_of_scope,non_wound,CC BY 4.0,g2938,,wound_main/wound_main-2423.jpg,0.686
lower_limb_wounds_747f15315b874fbe.jpg,747f15315b874fbed5837e4b3418817a4cbe9e35ad6b30bff2e8e281da52f281,lower_limb_wounds,chronic_wound_out_of_scope,non_wound,CC BY 4.0,g2939,,wound_main/wound_main-2424.jpg,0.735
lower_limb_wounds_223a5db752685546.jpg,223a5db752685546c26424e3b72cb0ca962788ea9f487a6c73a5884f2e9e5465,lower_limb_wounds,chronic_wound_out_of_scope,non_wound,CC BY 4.0,g2940,,wound_main/wound_main-2426.jpg,0.724
lower_limb_wounds_32d616a62ca78f1e.jpg,32d616a62ca78f1e42fbc4ded01a26b523759834c6cefff62b95a5223281f9cd,lower_limb_wounds,chronic_wound_out_of_scope,non_wound,CC BY 4.0,g2941,,wound_main/wound_main-2429.jpg,0.735
lower_limb_wounds_60e2796a1d56aba0.jpg,60e2796a1d56aba0fa78fa0db14102a202bee52cb661ebf36e0bf92f6328df27,lower_limb_wounds,chronic_wound_out_of_scope,non_wound,CC BY 4.0,g2942,,wound_main/wound_main-2430.jpg,0.749
lower_limb_wounds_4d86215c423d8e00.jpg,4d86215c423d8e00b29430af93b8e67a35470d306a2f410153205d5b72c0a965,lower_limb_wounds,chronic_wound_out_of_scope,non_wound,CC BY 4.0,g2943,,wound_main/wound_main-2433.jpg,0.713
lower_limb_wounds_f86e968784aaebdb.jpg,f86e968784aaebdb07bd947aee5f2a43c7279908abd7d6cd9dac45c9efc2ab6a,lower_limb_wounds,chronic_wound_out_of_scope,non_wound,CC BY 4.0,g2948,,wound_main/wound_main-2437.jpg,0.741
lower_limb_wounds_85cbde0e685ecf20.jpg,85cbde0e685ecf203a3496412b9c1ca08a40e5fc6fe644fef60e0ec2e54b2957,lower_limb_wounds,chronic_wound_out_of_scope,non_wound,CC BY 4.0,g2945,,wound_main/wound_main-2438.jpg,0.734
lower_limb_wounds_b2d49146b90757b8.jpg,b2d49146b90757b8dade52724e286acbbd94c8f2e0fe9ad5026ec2cd4cfe53d5,lower_limb_wounds,chronic_wound_out_of_scope,non_wound,CC BY 4.0,g2946,,wound_main/wound_main-2439.jpg,0.702
lower_limb_wounds_f86e968784aaebdb.jpg,f86e968784aaebdb07bd947aee5f2a43c7279908abd7d6cd9dac45c9efc2ab6a,lower_limb_wounds,chronic_wound_out_of_scope,non_wound,CC BY 4.0,g2948,,wound_main/wound_main-2440.jpg,0.741
lower_limb_wounds_f86e968784aaebdb.jpg,f86e968784aaebdb07bd947aee5f2a43c7279908abd7d6cd9dac45c9efc2ab6a,lower_limb_wounds,chronic_wound_out_of_scope,non_wound,CC BY 4.0,g2948,,wound_main/wound_main-2447.jpg,0.741
lower_limb_wounds_00364917062587af.jpg,00364917062587af7a374da4cb8e248f6838bdb1f435f2dc2c6ecbfb6323db13,lower_limb_wounds,chronic_wound_out_of_scope,non_wound,CC BY 4.0,g2949,,wound_main/wound_main-2448.jpg,0.712
lower_limb_wounds_552880fedb0c8c00.jpg,552880fedb0c8c00685c391a3d7fd1ce44acbcd22ec654e93ae03667aa98c955,lower_limb_wounds,chronic_wound_out_of_scope,non_wound,CC BY 4.0,g2950,,wound_main/wound_main-2449.jpg,0.709
lower_limb_wounds_a7b8b4e081ee68bf.jpg,a7b8b4e081ee68bfc744c1983833619789d934b8e59382fd22f1b5c895940f6d,lower_limb_wounds,chronic_wound_out_of_scope,non_wound,CC BY 4.0,g2951,,wound_main/wound_main-2457.jpg,0.745
lower_limb_wounds_dace01a366d35dd4.jpg,dace01a366d35dd48862f399f10366c0cc4936d8671c3c73b227e9c74c8b3d83,lower_limb_wounds,chronic_wound_out_of_scope,non_wound,CC BY 4.0,g2952,,wound_main/wound_main-2458.jpg,0.666
lower_limb_wounds_ae983fc233f0a5b0.jpg,ae983fc233f0a5b00c419ba79ed6d051d16fbeacbdbc5985bed4d5f7ae46b90e,lower_limb_wounds,chronic_wound_out_of_scope,non_wound,CC BY 4.0,g2953,,wound_main/wound_main-2459.jpg,0.742
lower_limb_wounds_c157bf301a4b37fe.jpg,c157bf301a4b37febe6ea51f5d02d80a792fba64f57fb6c6d2f428924e97e49c,lower_limb_wounds,chronic_wound_out_of_scope,non_wound,CC BY 4.0,g2954,,wound_main/wound_main-2461.jpg,0.747
lower_limb_wounds_7302506a3e655f4c.jpg,7302506a3e655f4c75747613119f9d0955808bc811321a2a59b9c9236b13ae48,lower_limb_wounds,chronic_wound_out_of_scope,non_wound,CC BY 4.0,g2955,,wound_main/wound_main-2463.jpg,0.724
lower_limb_wounds_864ffdb3fd1f1cc0.jpg,864ffdb3fd1f1cc04bb0c7ccbb89c9af197f9008eda6ee3e8ad33c4201da139c,lower_limb_wounds,chronic_wound_out_of_scope,non_wound,CC BY 4.0,g2956,,wound_main/wound_main-2465.jpg,0.680
lower_limb_wounds_61a4dd0111bdb194.jpg,61a4dd0111bdb19497fd6c4b8f15f977adc8fc0e32db0068bd13651b4bba4d6f,lower_limb_wounds,chronic_wound_out_of_scope,non_wound,CC BY 4.0,g2957,,wound_main/wound_main-2466.jpg,0.700
lower_limb_wounds_9a2075db18aa3efd.jpg,9a2075db18aa3efd2357c7a57e0aa24d0878e2ad1b552356ab999ddac33bacbf,lower_limb_wounds,chronic_wound_out_of_scope,non_wound,CC BY 4.0,g2958,,wound_main/wound_main-2467.jpg,0.737
lower_limb_wounds_417a6dc75d277297.jpg,417a6dc75d2772974d8d6bf2ae188ea3b7e60b5bd871d6190d691e39cf77d0b4,lower_limb_wounds,chronic_wound_out_of_scope,non_wound,CC BY 4.0,g2959,,wound_main/wound_main-2469.jpg,0.719
lower_limb_wounds_fd0b6cfe2be948bb.jpg,fd0b6cfe2be948bbaf69d96f87d32737e90efed038879323512eaefc848c408b,lower_limb_wounds,chronic_wound_out_of_scope,non_wound,CC BY 4.0,g2960,,wound_main/wound_main-2470.jpg,0.702
lower_limb_wounds_dcbc5b18770900bf.jpg,dcbc5b18770900bf2707271efbbc0b613b53d1364362c7a3f16da3a062095be2,lower_limb_wounds,chronic_wound_out_of_scope,non_wound,CC BY 4.0,g2961,,wound_main/wound_main-2477.jpg,0.719
lower_limb_wounds_bf58b38efa5f4b9c.jpg,bf58b38efa5f4b9cd22fe26dd561debf3c62dd9b08f663dfd777987216c28a10,lower_limb_wounds,chronic_wound_out_of_scope,non_wound,CC BY 4.0,g2962,,wound_main/wound_main-2483.jpg,0.717
lower_limb_wounds_abb43ee6135d3682.jpg,abb43ee6135d3682d934102fd77383dba3043db55b9f1f551de7c554de2c6c16,lower_limb_wounds,chronic_wound_out_of_scope,non_wound,CC BY 4.0,g2963,,wound_main/wound_main-2485.jpg,0.742
lower_limb_wounds_5cf544b53bf84643.jpg,5cf544b53bf846438da1e96f96b48ab74e60e90126a21265751168d7bbdd791b,lower_limb_wounds,chronic_wound_out_of_scope,non_wound,CC BY 4.0,g2964,,wound_main/wound_main-2486.jpg,0.721
lower_limb_wounds_423cb2409a023266.jpg,423cb2409a02326664ce5bd2dd1a0808ea1ba86e8eb3b5160370340c05250ae4,lower_limb_wounds,chronic_wound_out_of_scope,non_wound,CC BY 4.0,g2965,,wound_main/wound_main-2487.jpg,0.724
lower_limb_wounds_dc34c3a89b94a8a1.jpg,dc34c3a89b94a8a16683270fc767152bad7679a18c7db825a3ebbfff1d375a59,lower_limb_wounds,chronic_wound_out_of_scope,non_wound,CC BY 4.0,g2966,,wound_main/wound_main-2493.jpg,0.736
lower_limb_wounds_001212a155f7c752.jpg,001212a155f7c7529d2e4063fffe5006a6f414f08dc3416d71cc01f725eefb86,lower_limb_wounds,chronic_wound_out_of_scope,non_wound,CC BY 4.0,g2967,,wound_main/wound_main-2498.jpg,0.738
lower_limb_wounds_41fa1677e929619b.jpg,41fa1677e929619bde3527d025dec620caaeaf54b3e033537a184ba3540fdf16,lower_limb_wounds,chronic_wound_out_of_scope,non_wound,CC BY 4.0,g2968,,wound_main/wound_main-2499.jpg,0.748
lower_limb_wounds_16d2839c75b9b68f.jpg,16d2839c75b9b68f697e2a1b30e308fab0025f0e2cd9e32c84437a7cd04179d2,lower_limb_wounds,chronic_wound_out_of_scope,non_wound,CC BY 4.0,g2969,,wound_main/wound_main-2500.jpg,0.695
lower_limb_wounds_7ed4bac5c8806c6f.jpg,7ed4bac5c8806c6f07a33386dbe39d644416c2f3ac99ed8b0d8908c7d9079dde,lower_limb_wounds,chronic_wound_out_of_scope,non_wound,CC BY 4.0,g2971,,wound_main/wound_main-2501.jpg,0.746
lower_limb_wounds_7ed4bac5c8806c6f.jpg,7ed4bac5c8806c6f07a33386dbe39d644416c2f3ac99ed8b0d8908c7d9079dde,lower_limb_wounds,chronic_wound_out_of_scope,non_wound,CC BY 4.0,g2971,,wound_main/wound_main-2504.jpg,0.746
lower_limb_wounds_525930baaa4f9e52.jpg,525930baaa4f9e522d87d3ca21798265ec274968aa923384599a853e1587d94a,lower_limb_wounds,chronic_wound_out_of_scope,non_wound,CC BY 4.0,g2972,,wound_main/wound_main-2506.jpg,0.714
lower_limb_wounds_9d7fc223b6460b99.jpg,9d7fc223b6460b99e8e10c8447c7fa178d89e5847b6c16c313b52b78550b6d76,lower_limb_wounds,chronic_wound_out_of_scope,non_wound,CC BY 4.0,g2973,,wound_main/wound_main-2507.jpg,0.743
lower_limb_wounds_9c090ad4f0c89231.jpg,9c090ad4f0c892314acf57de76a065a0871fe02044cd4191c713b950b81b2a22,lower_limb_wounds,chronic_wound_out_of_scope,non_wound,CC BY 4.0,g2974,,wound_main/wound_main-2510.jpg,0.735
lower_limb_wounds_52b2f7bc66b58871.jpg,52b2f7bc66b58871fa50ca481ad47b594e46455cfacde5f5a020c2a1eadb3be4,lower_limb_wounds,chronic_wound_out_of_scope,non_wound,CC BY 4.0,g2975,,wound_main/wound_main-2515.jpg,0.741
lower_limb_wounds_306e2e6d2890eea7.jpg,306e2e6d2890eea793fd46130461d217742a9dd60d9582042e1a8169c8003eba,lower_limb_wounds,chronic_wound_out_of_scope,non_wound,CC BY 4.0,g2976,,wound_main/wound_main-2516.jpg,0.749
lower_limb_wounds_2ab7bbe9875ccd3f.jpg,2ab7bbe9875ccd3f6b5fb8d6ee84e3f8f54a44f9e685008ee60a3b9a7d4e751a,lower_limb_wounds,chronic_wound_out_of_scope,non_wound,CC BY 4.0,g2977,,wound_main/wound_main-2519.jpg,0.732
lower_limb_wounds_8a114fb7ff0f75d0.jpg,8a114fb7ff0f75d060136c4491dbcd496fa7af608d26682fb0be6ee755095cef,lower_limb_wounds,chronic_wound_out_of_scope,non_wound,CC BY 4.0,g2978,,wound_main/wound_main-2520.jpg,0.744
lower_limb_wounds_519d3ef4969517a8.jpg,519d3ef4969517a89554c96cfaf280298522d1d88f0e66d4e6c8f0ba55609c6b,lower_limb_wounds,chronic_wound_out_of_scope,non_wound,CC BY 4.0,g2979,,wound_main/wound_main-2521.jpg,0.738
lower_limb_wounds_91dda938c355c213.jpg,91dda938c355c213603292c720fd833a46901f1f111561863767840957bfe1aa,lower_limb_wounds,chronic_wound_out_of_scope,non_wound,CC BY 4.0,g2980,,wound_main/wound_main-2524.jpg,0.720
lower_limb_wounds_ce28b92383901376.jpg,ce28b923839013761d01a0412e8032f4d1a4aeea67e55e9b62910e114dd5e089,lower_limb_wounds,chronic_wound_out_of_scope,non_wound,CC BY 4.0,g2981,,wound_main/wound_main-2525.jpg,0.700
lower_limb_wounds_e720b4303596f3b0.jpg,e720b4303596f3b007a7303ce7a0b8c4495f54097832f2e8ab228182246d35cd,lower_limb_wounds,chronic_wound_out_of_scope,non_wound,CC BY 4.0,g2982,,wound_main/wound_main-2533.jpg,0.690
lower_limb_wounds_752fa67d3013f33b.jpg,752fa67d3013f33b3973e2c5c566e520e9c4662c5484814113a0339eda1edd87,lower_limb_wounds,chronic_wound_out_of_scope,non_wound,CC BY 4.0,g2983,,wound_main/wound_main-2534.jpg,0.745
lower_limb_wounds_cf121057656b1704.jpg,cf121057656b1704c3b5ccccac1826a9d9e3035f9b97cb9c0db47b4402a10161,lower_limb_wounds,chronic_wound_out_of_scope,non_wound,CC BY 4.0,g2984,,wound_main/wound_main-2535.jpg,0.653
lower_limb_wounds_8cae0449955979c1.jpg,8cae0449955979c105df82106d0bdb463d50429dc9c77d5ce1157a869242cbb9,lower_limb_wounds,chronic_wound_out_of_scope,non_wound,CC BY 4.0,g2985,,wound_main/wound_main-2536.jpg,0.696
lower_limb_wounds_af1b352f01e162b2.jpg,af1b352f01e162b2c04df9084195c19d74e991a96b4e1aa20a5d89f973959e34,lower_limb_wounds,chronic_wound_out_of_scope,non_wound,CC BY 4.0,g2986,,wound_main/wound_main-2537.jpg,0.740
lower_limb_wounds_3d57cea9a8b3eac0.jpg,3d57cea9a8b3eac0f85a9f7480db0d910af4b7b06a416a80ffb1b63ae5445367,lower_limb_wounds,chronic_wound_out_of_scope,non_wound,CC BY 4.0,g2987,,wound_main/wound_main-2540.jpg,0.728
lower_limb_wounds_4a142f5c80dd5197.jpg,4a142f5c80dd51971dae0b3ae06ebc9ea27977341d9198414eb1c8943c743f31,lower_limb_wounds,chronic_wound_out_of_scope,non_wound,CC BY 4.0,g2988,,wound_main/wound_main-2543.jpg,0.736
lower_limb_wounds_59e04141d9a1b330.jpg,59e04141d9a1b33036e595c973bcc1c2808935fd9f7438bc75690aea2229e275,lower_limb_wounds,chronic_wound_out_of_scope,non_wound,CC BY 4.0,g2989,,wound_main/wound_main-2544.jpg,0.726
lower_limb_wounds_5f9d9e4cb86186ce.jpg,5f9d9e4cb86186cee73e69033686c1bfa28d61a7cf5fc86820d3f0b7ee100c40,lower_limb_wounds,chronic_wound_out_of_scope,non_wound,CC BY 4.0,g2990,,wound_main/wound_main-2551.jpg,0.731
lower_limb_wounds_49f428bdb3802daa.jpg,49f428bdb3802daac309f61dde0db44020b68f87d174f48ce773a1edb1d9f397,lower_limb_wounds,chronic_wound_out_of_scope,non_wound,CC BY 4.0,g2991,,wound_main/wound_main-2554.jpg,0.725
lower_limb_wounds_6e1bfbd65f1289f7.jpg,6e1bfbd65f1289f7ca90c9ecdd6009d5a39a911bb07685c3a5b29580a537006c,lower_limb_wounds,chronic_wound_out_of_scope,non_wound,CC BY 4.0,g2992,,wound_main/wound_main-2555.jpg,0.744
lower_limb_wounds_f89ded787ad66fd7.jpg,f89ded787ad66fd72c666db8152c8a4690d8c91227a8ae5040c609c46b9e661b,lower_limb_wounds,chronic_wound_out_of_scope,non_wound,CC BY 4.0,g2993,,wound_main/wound_main-2557.jpg,0.738
lower_limb_wounds_ce7bc3a97f5a4edc.jpg,ce7bc3a97f5a4edcc1faa8ef11e1c7868c247fa300e8d30da0d1a750bda0292a,lower_limb_wounds,chronic_wound_out_of_scope,non_wound,CC BY 4.0,g2994,,wound_main/wound_main-2558.jpg,0.670
lower_limb_wounds_d09283d2b5528f76.jpg,d09283d2b5528f7629bf71c74e48116d8d06fef7f11e70547e08302e02419801,lower_limb_wounds,chronic_wound_out_of_scope,non_wound,CC BY 4.0,g2995,,wound_main/wound_main-2560.jpg,0.701
lower_limb_wounds_3fba85593aadfb60.jpg,3fba85593aadfb60a0e6a40aa1756aa362f827f5def02b7763ea83644c91c468,lower_limb_wounds,chronic_wound_out_of_scope,non_wound,CC BY 4.0,g2996,,wound_main/wound_main-2561.jpg,0.729
lower_limb_wounds_ffa7a9d0dad2e5c8.jpg,ffa7a9d0dad2e5c8fa592c4019467bae12903114a1c61ec22142bc4ef461562c,lower_limb_wounds,chronic_wound_out_of_scope,non_wound,CC BY 4.0,g2997,,wound_main/wound_main-2562.jpg,0.732
lower_limb_wounds_675a6dd10a5e3f15.jpg,675a6dd10a5e3f15de5a4797fb15a87e7fb61166bb277a42be56a09eb975675d,lower_limb_wounds,chronic_wound_out_of_scope,non_wound,CC BY 4.0,g3002,,wound_main/wound_main-2563.jpg,0.725
lower_limb_wounds_5fe44dc9e54df575.jpg,5fe44dc9e54df575ed29e039da7618b5b70fda88e0e23f06be882444e31ba259,lower_limb_wounds,chronic_wound_out_of_scope,non_wound,CC BY 4.0,g2999,,wound_main/wound_main-2564.jpg,0.749
lower_limb_wounds_2e45b8e326dde91d.jpg,2e45b8e326dde91d2964a6ea93086bd936a06dd15a2388793a19e653252eb01a,lower_limb_wounds,chronic_wound_out_of_scope,non_wound,CC BY 4.0,g3000,,wound_main/wound_main-2565.jpg,0.732
lower_limb_wounds_f73775bb48c74b92.jpg,f73775bb48c74b92f959228bb845c9456fb814e51b5db4328b8e1a3e4621c66e,lower_limb_wounds,chronic_wound_out_of_scope,non_wound,CC BY 4.0,g3001,,wound_main/wound_main-2566.jpg,0.741
lower_limb_wounds_675a6dd10a5e3f15.jpg,675a6dd10a5e3f15de5a4797fb15a87e7fb61166bb277a42be56a09eb975675d,lower_limb_wounds,chronic_wound_out_of_scope,non_wound,CC BY 4.0,g3002,,wound_main/wound_main-2567.jpg,0.725
lower_limb_wounds_60ae9f464cad5bcd.jpg,60ae9f464cad5bcdb8b80261c5df74eb755052969bd882ac9a7830066faf04ab,lower_limb_wounds,chronic_wound_out_of_scope,non_wound,CC BY 4.0,g3003,,wound_main/wound_main-2569.jpg,0.744
lower_limb_wounds_9c9ae9636cd2afd1.jpg,9c9ae9636cd2afd1bcbdf5567b66eb65728d67d84b0033d182ce7fea6fbb3c07,lower_limb_wounds,chronic_wound_out_of_scope,non_wound,CC BY 4.0,g3005,,wound_main/wound_main-2570.jpg,0.707
lower_limb_wounds_9c9ae9636cd2afd1.jpg,9c9ae9636cd2afd1bcbdf5567b66eb65728d67d84b0033d182ce7fea6fbb3c07,lower_limb_wounds,chronic_wound_out_of_scope,non_wound,CC BY 4.0,g3005,,wound_main/wound_main-2571.jpg,0.707
lower_limb_wounds_5ef8328ee9898b07.jpg,5ef8328ee9898b07a705b7556e0e5b7f6d532f7360c0279c114814aaeab56ddb,lower_limb_wounds,chronic_wound_out_of_scope,non_wound,CC BY 4.0,g3006,,wound_main/wound_main-2573.jpg,0.707
lower_limb_wounds_d77c8dc5268def9f.jpg,d77c8dc5268def9fe34fa0d4c56db85cb0b99448b52c1dfd2447400567aa0d9d,lower_limb_wounds,chronic_wound_out_of_scope,non_wound,CC BY 4.0,g3007,,wound_main/wound_main-2579.jpg,0.707
lower_limb_wounds_8013e55dc872b148.jpg,8013e55dc872b1480c940f0ed8869094084e076801ed67140ffa88723d62a23d,lower_limb_wounds,chronic_wound_out_of_scope,non_wound,CC BY 4.0,g3010,,wound_main/wound_main-2580.jpg,0.721
lower_limb_wounds_7fc1bfb842565c10.jpg,7fc1bfb842565c1080515da0b3a36d6535123b897477a1f4d7ab43f5f6392d37,lower_limb_wounds,chronic_wound_out_of_scope,non_wound,CC BY 4.0,g3009,,wound_main/wound_main-2584.jpg,0.694
lower_limb_wounds_8013e55dc872b148.jpg,8013e55dc872b1480c940f0ed8869094084e076801ed67140ffa88723d62a23d,lower_limb_wounds,chronic_wound_out_of_scope,non_wound,CC BY 4.0,g3010,,wound_main/wound_main-2586.jpg,0.721
lower_limb_wounds_d1c2d0daef114be6.jpg,d1c2d0daef114be6c8891aa5f316524e9f7520af3a8fe6d729ea4771fa5a5ab0,lower_limb_wounds,chronic_wound_out_of_scope,non_wound,CC BY 4.0,g3011,,wound_main/wound_main-2587.jpg,0.683
lower_limb_wounds_91bc1620c5709aee.jpg,91bc1620c5709aee869d89b59292ca2d599b5891082bf183d03c2f25f91d603d,lower_limb_wounds,chronic_wound_out_of_scope,non_wound,CC BY 4.0,g3012,,wound_main/wound_main-2589.jpg,0.726
lower_limb_wounds_561b597e008a96f2.jpg,561b597e008a96f21123b7bb0170b3bbc55f1219fa63b7b7f06227fd11de5ca1,lower_limb_wounds,chronic_wound_out_of_scope,non_wound,CC BY 4.0,g3013,,wound_main/wound_main-2590.jpg,0.720
lower_limb_wounds_9a2c03a6bb2c4734.jpg,9a2c03a6bb2c47342d5ffc46af014984db50cf2692cb72233b03bd08d6f07f65,lower_limb_wounds,chronic_wound_out_of_scope,non_wound,CC BY 4.0,g3014,,wound_main/wound_main-2593.jpg,0.712
lower_limb_wounds_c98009ebe23b72a6.jpg,c98009ebe23b72a66dd552f4dfd6a8a3b1fd2fcee435c192b0d4f1d37e10db71,lower_limb_wounds,chronic_wound_out_of_scope,non_wound,CC BY 4.0,g3015,,wound_main/wound_main-2594.jpg,0.729
lower_limb_wounds_21fb9da490bef89c.jpg,21fb9da490bef89ce86ec6106794f44099cc2e9db47fda1bf6ae3d18d69be4e4,lower_limb_wounds,chronic_wound_out_of_scope,non_wound,CC BY 4.0,g3016,,wound_main/wound_main-2597.jpg,0.743
lower_limb_wounds_b313ac99a5d1906f.jpg,b313ac99a5d1906fe88c289fda28c14e5aa3c9bef8bd9dd4511da1c516f8ed9c,lower_limb_wounds,chronic_wound_out_of_scope,non_wound,CC BY 4.0,g3017,,wound_main/wound_main-2601.jpg,0.739
lower_limb_wounds_62c3a8dc1091d2b3.jpg,62c3a8dc1091d2b3c7325252db45caec2202d0a5c5246e590c6ab91bf865aa4e,lower_limb_wounds,chronic_wound_out_of_scope,non_wound,CC BY 4.0,g3018,,wound_main/wound_main-2604.jpg,0.748
lower_limb_wounds_e9e091940cbb1a60.jpg,e9e091940cbb1a6054702b19914fb1460dce84ed44db4357eb702a2766ce0e95,lower_limb_wounds,chronic_wound_out_of_scope,non_wound,CC BY 4.0,g3019,,wound_main/wound_main-2605.jpg,0.726
lower_limb_wounds_1390302983b22757.jpg,1390302983b22757b9c239a134f3c3ef0e1bdc4cbeacf6949484705bb199bcd9,lower_limb_wounds,chronic_wound_out_of_scope,non_wound,CC BY 4.0,g3020,,wound_main/wound_main-2606.jpg,0.703
lower_limb_wounds_85bda3e87abcc092.jpg,85bda3e87abcc0921246c871fe60e4f57fe4d125d9b8bcccaff540d9595f096b,lower_limb_wounds,chronic_wound_out_of_scope,non_wound,CC BY 4.0,g3021,,wound_main/wound_main-2607.jpg,0.697
lower_limb_wounds_9de369abed96c190.jpg,9de369abed96c19024aa8a63dd8fcf80b72e635db65cf77b3d86093eef6038fa,lower_limb_wounds,chronic_wound_out_of_scope,non_wound,CC BY 4.0,g3022,,wound_main/wound_main-2609.jpg,0.723
lower_limb_wounds_135ea553b674ef2d.jpg,135ea553b674ef2ddcc055f151606180491d5bd375e63ac2abbc454535ef5b0c,lower_limb_wounds,chronic_wound_out_of_scope,non_wound,CC BY 4.0,g3023,,wound_main/wound_main-2612.jpg,0.717
lower_limb_wounds_999af5bcf3b4011d.jpg,999af5bcf3b4011d7467e34cc66e9addf32d3de7edd9d721f6fc3586024a68d5,lower_limb_wounds,chronic_wound_out_of_scope,non_wound,CC BY 4.0,g3025,,wound_main/wound_main-2613.jpg,0.699
lower_limb_wounds_999af5bcf3b4011d.jpg,999af5bcf3b4011d7467e34cc66e9addf32d3de7edd9d721f6fc3586024a68d5,lower_limb_wounds,chronic_wound_out_of_scope,non_wound,CC BY 4.0,g3025,,wound_main/wound_main-2614.jpg,0.699
lower_limb_wounds_b9c6ee6ac7725be2.jpg,b9c6ee6ac7725be25db89dc397932d250f0483817f28cae8e308ff58428b1529,lower_limb_wounds,chronic_wound_out_of_scope,non_wound,CC BY 4.0,g3026,,wound_main/wound_main-2615.jpg,0.700
lower_limb_wounds_cdb0516bf959ecd4.jpg,cdb0516bf959ecd48e91447784e21a6e5f76f94ca1dc0403dd6da000db42daac,lower_limb_wounds,chronic_wound_out_of_scope,non_wound,CC BY 4.0,g3027,,wound_main/wound_main-2616.jpg,0.731
lower_limb_wounds_cb18b5c54bf3c27f.jpg,cb18b5c54bf3c27f08d37c6407868ead2213c3ef0bafcbd48b4f93c76d42e9fa,lower_limb_wounds,chronic_wound_out_of_scope,non_wound,CC BY 4.0,g3031,,wound_main/wound_main-2617.jpg,0.739
lower_limb_wounds_63e3abd673a50d67.jpg,63e3abd673a50d67e8ee2aff1245c68f9ad23a27b2110254d51e507e3042e800,lower_limb_wounds,chronic_wound_out_of_scope,non_wound,CC BY 4.0,g3029,,wound_main/wound_main-2618.jpg,0.739
lower_limb_wounds_cb18b5c54bf3c27f.jpg,cb18b5c54bf3c27f08d37c6407868ead2213c3ef0bafcbd48b4f93c76d42e9fa,lower_limb_wounds,chronic_wound_out_of_scope,non_wound,CC BY 4.0,g3031,,wound_main/wound_main-2619.jpg,0.739
lower_limb_wounds_cb18b5c54bf3c27f.jpg,cb18b5c54bf3c27f08d37c6407868ead2213c3ef0bafcbd48b4f93c76d42e9fa,lower_limb_wounds,chronic_wound_out_of_scope,non_wound,CC BY 4.0,g3031,,wound_main/wound_main-2620.jpg,0.739
lower_limb_wounds_a973eb9123ae6432.jpg,a973eb9123ae6432607c8505317be5bb58ee6f3f85348b4c358fabe1247012d6,lower_limb_wounds,chronic_wound_out_of_scope,non_wound,CC BY 4.0,g3032,,wound_main/wound_main-2623.jpg,0.732
lower_limb_wounds_d055191f573dbbca.jpg,d055191f573dbbca1e3e772b5c291c75505a96cd3ea95bc0212351d329506819,lower_limb_wounds,chronic_wound_out_of_scope,non_wound,CC BY 4.0,g3033,,wound_main/wound_main-2624.jpg,0.694
lower_limb_wounds_c85e217d38b35f9a.jpg,c85e217d38b35f9adde7675a4638ca7f5c725a14aecfcb301cfbafbb98f17537,lower_limb_wounds,chronic_wound_out_of_scope,non_wound,CC BY 4.0,g3034,,wound_main/wound_main-2628.jpg,0.738
lower_limb_wounds_f7727998ce31a06c.jpg,f7727998ce31a06caff257a8fbc64062bdf63fafaee1bfda4dfd669f1492efe4,lower_limb_wounds,chronic_wound_out_of_scope,non_wound,CC BY 4.0,g3035,,wound_main/wound_main-2630.jpg,0.729
lower_limb_wounds_c3bf179c697390cb.jpg,c3bf179c697390cbbad35b88b4c9c2435d24cf433c2ea00bc6eca4db4cc5bd67,lower_limb_wounds,chronic_wound_out_of_scope,non_wound,CC BY 4.0,g3037,,wound_main/wound_main-2631.jpg,0.730
lower_limb_wounds_c3bf179c697390cb.jpg,c3bf179c697390cbbad35b88b4c9c2435d24cf433c2ea00bc6eca4db4cc5bd67,lower_limb_wounds,chronic_wound_out_of_scope,non_wound,CC BY 4.0,g3037,,wound_main/wound_main-2632.jpg,0.730
lower_limb_wounds_4650062f90d83191.jpg,4650062f90d831915d8e0343aa3bb4cd41dbd35ed1d4f893a441620a93ccea71,lower_limb_wounds,chronic_wound_out_of_scope,non_wound,CC BY 4.0,g3040,,wound_main/wound_main-2633.jpg,0.736
lower_limb_wounds_0dba8f9d37d0eb78.jpg,0dba8f9d37d0eb7859572d2dd41f0311576fd656342825b9379ec56f4b833984,lower_limb_wounds,chronic_wound_out_of_scope,non_wound,CC BY 4.0,g3045,,wound_main/wound_main-2634.jpg,0.711
lower_limb_wounds_4650062f90d83191.jpg,4650062f90d831915d8e0343aa3bb4cd41dbd35ed1d4f893a441620a93ccea71,lower_limb_wounds,chronic_wound_out_of_scope,non_wound,CC BY 4.0,g3040,,wound_main/wound_main-2635.jpg,0.736
lower_limb_wounds_5c08a1d67385d343.jpg,5c08a1d67385d3431a78552778871808ff14b936fd1155db103431089706154d,lower_limb_wounds,chronic_wound_out_of_scope,non_wound,CC BY 4.0,g3046,,wound_main/wound_main-2636.jpg,0.713
lower_limb_wounds_74d07de579fc4415.jpg,74d07de579fc44157add2156b4be9540d945c3f900a855a103ffc53157e9bf4e,lower_limb_wounds,chronic_wound_out_of_scope,non_wound,CC BY 4.0,g3042,,wound_main/wound_main-2637.jpg,0.713
lower_limb_wounds_bb2f21f114906aa2.jpg,bb2f21f114906aa2e01cf5060c467e234607ce1dbf50ebdeb38256ed7093eff0,lower_limb_wounds,chronic_wound_out_of_scope,non_wound,CC BY 4.0,g3047,,wound_main/wound_main-2638.jpg,0.747
lower_limb_wounds_f5302506114b53d5.jpg,f5302506114b53d5b939495802e8cbde20a495e73aae6e3128122bbd5b62218a,lower_limb_wounds,chronic_wound_out_of_scope,non_wound,CC BY 4.0,g3044,,wound_main/wound_main-2639.jpg,0.688
lower_limb_wounds_0dba8f9d37d0eb78.jpg,0dba8f9d37d0eb7859572d2dd41f0311576fd656342825b9379ec56f4b833984,lower_limb_wounds,chronic_wound_out_of_scope,non_wound,CC BY 4.0,g3045,,wound_main/wound_main-2640.jpg,0.711
lower_limb_wounds_5c08a1d67385d343.jpg,5c08a1d67385d3431a78552778871808ff14b936fd1155db103431089706154d,lower_limb_wounds,chronic_wound_out_of_scope,non_wound,CC BY 4.0,g3046,,wound_main/wound_main-2641.jpg,0.713
lower_limb_wounds_bb2f21f114906aa2.jpg,bb2f21f114906aa2e01cf5060c467e234607ce1dbf50ebdeb38256ed7093eff0,lower_limb_wounds,chronic_wound_out_of_scope,non_wound,CC BY 4.0,g3047,,wound_main/wound_main-2642.jpg,0.747
lower_limb_wounds_9fcdaa383ccf1990.jpg,9fcdaa383ccf19909441f65c149874d192d1e8d814da287e242f7ccabf12392e,lower_limb_wounds,chronic_wound_out_of_scope,non_wound,CC BY 4.0,g3048,,wound_main/wound_main-2643.jpg,0.660
lower_limb_wounds_9c1d70143fc8dff3.jpg,9c1d70143fc8dff34abdb7af3f9584ced844e4516ae7a4779c82a33409556132,lower_limb_wounds,chronic_wound_out_of_scope,non_wound,CC BY 4.0,g3049,,wound_main/wound_main-2644.jpg,0.711
lower_limb_wounds_0b8ee155f79e2076.jpg,0b8ee155f79e20766c1b37527b3612f3ba6def85548bde84a89f3862632411de,lower_limb_wounds,chronic_wound_out_of_scope,non_wound,CC BY 4.0,g3050,,wound_main/wound_main-2645.jpg,0.724
lower_limb_wounds_705bfbf932e91f92.jpg,705bfbf932e91f929298577fffab9efc207bc58c120037d3c032e85dd7c3533a,lower_limb_wounds,chronic_wound_out_of_scope,non_wound,CC BY 4.0,g3051,,wound_main/wound_main-2647.jpg,0.716
lower_limb_wounds_7a31da90ffebcdeb.jpg,7a31da90ffebcdeb39f917b001bfd4a600dcf9ef91de420b529f70e6dfe9be09,lower_limb_wounds,chronic_wound_out_of_scope,non_wound,CC BY 4.0,g3052,,wound_main/wound_main-2651.jpg,0.688
lower_limb_wounds_8400e616202137c3.jpg,8400e616202137c3d28e430947d97c41e94698a269d4e4dd7c94ebba955b4cdd,lower_limb_wounds,chronic_wound_out_of_scope,non_wound,CC BY 4.0,g3053,,wound_main/wound_main-2654.jpg,0.683
lower_limb_wounds_a3ac2119119b30a4.jpg,a3ac2119119b30a4517ce141b48826dc3ab28feab1bf581a7d3a5959d08ad566,lower_limb_wounds,chronic_wound_out_of_scope,non_wound,CC BY 4.0,g3054,,wound_main/wound_main-2656.jpg,0.677
lower_limb_wounds_7eecb4a67f83dbfd.jpg,7eecb4a67f83dbfd2321b4d4a4c2f745c27a4158b0b327db9bea3934596a5ade,lower_limb_wounds,chronic_wound_out_of_scope,non_wound,CC BY 4.0,g3057,,wound_main/wound_main-2659.jpg,0.733
lower_limb_wounds_50a1710b30167819.jpg,50a1710b3016781953bc28c01e40f6381fd480f33bece2945bb7111aba8fdc49,lower_limb_wounds,chronic_wound_out_of_scope,non_wound,CC BY 4.0,g3056,,wound_main/wound_main-2660.jpg,0.735
lower_limb_wounds_7eecb4a67f83dbfd.jpg,7eecb4a67f83dbfd2321b4d4a4c2f745c27a4158b0b327db9bea3934596a5ade,lower_limb_wounds,chronic_wound_out_of_scope,non_wound,CC BY 4.0,g3057,,wound_main/wound_main-2661.jpg,0.733
lower_limb_wounds_6c6548851477ca74.jpg,6c6548851477ca74f91923605a2a670282deeedda5bfd66ddb65479cfa5e6748,lower_limb_wounds,chronic_wound_out_of_scope,non_wound,CC BY 4.0,g3058,,wound_main/wound_main-2662.jpg,0.726
lower_limb_wounds_c2cdf4152731e44d.jpg,c2cdf4152731e44d7491f457be3e3141846ecf062a4d57b50e96c19c9d437db0,lower_limb_wounds,chronic_wound_out_of_scope,non_wound,CC BY 4.0,g3059,,wound_main/wound_main-2664.jpg,0.691
lower_limb_wounds_efdb9ff4e083833d.jpg,efdb9ff4e083833d1b06c74c3b22ba2317f7491d1daa3bac7fb36f5c6e2879df,lower_limb_wounds,chronic_wound_out_of_scope,non_wound,CC BY 4.0,g3060,,wound_main/wound_main-2676.jpg,0.722
lower_limb_wounds_29e19fe60486b521.jpg,29e19fe60486b521955d7be95903f9438a434283594349d6cf73874014e5d19c,lower_limb_wounds,chronic_wound_out_of_scope,non_wound,CC BY 4.0,g3061,,wound_main/wound_main-2679.jpg,0.747
lower_limb_wounds_baaeb6889f54736c.jpg,baaeb6889f54736c90cdaaca1c9bf21c47051d13a3af37a030056f93d89106e4,lower_limb_wounds,chronic_wound_out_of_scope,non_wound,CC BY 4.0,g3062,,wound_main/wound_main-2681.jpg,0.722
