split,class,filename,source_group,source_filename
test,abrasion,abrasion_kg1_0.jpg,abrasion_kg1_0.jpg,047fa6d0-7f15-4e26-8a90-6e684b806a32.jpg
test,abrasion,abrasion_kg1_10.jpg,abrasion_kg1_10.jpg,110.jpg
test,abrasion,abrasion_kg1_106.jpg,abrasion_kg1_106.jpg,217.jpg
test,abrasion,abrasion_kg1_114.jpg,abrasion_kg1_114.jpg,227.jpg
test,abrasion,abrasion_kg1_118.jpg,abrasion_kg1_118.jpg,231.jpg
test,abrasion,abrasion_kg1_125.jpg,abrasion_kg1_125.jpg,239.jpg
test,abrasion,abrasion_kg1_126.jpg,abrasion_kg1_0.jpg,240.jpg
test,abrasion,abrasion_kg1_131.jpg,abrasion_kg1_118.jpg,36296506-4ac4-4e6e-a6aa-5a48f34227be.jpg
test,abrasion,abrasion_kg1_134.jpg,abrasion_kg1_134.jpg,561292bb-6950-4a50-a0bf-1d1d0a6ad408.jpg
test,abrasion,abrasion_kg1_136.jpg,abrasion_kg1_136.jpg,5b2e255d-da6e-47af-b57b-6c23d75feb48.jpg
test,abrasion,abrasion_kg1_139.jpg,abrasion_kg1_139.jpg,62fe7d1a-e4f6-4ab9-8191-4fb63742bcaa.jpg
test,abrasion,abrasion_kg1_140.jpg,abrasion_kg1_140.jpg,64237548-2dd5-472b-a60d-fe7c1be47dab.jpg
test,abrasion,abrasion_kg1_151.jpg,abrasion_kg1_151.jpg,91.jpg
test,abrasion,abrasion_kg1_160.jpg,abrasion_kg1_160.jpg,a0ea80bd-7b79-452d-ac55-ddd84f9c0e32.jpg
test,abrasion,abrasion_kg1_161.jpg,abrasion_kg1_161.jpg,a192fc80-a86a-427e-bdef-0e95169e398d.jpg
test,abrasion,abrasion_kg1_167.jpg,abrasion_kg1_167.jpg,abrasions (21).jpg
test,abrasion,abrasion_kg1_170.jpg,abrasion_kg1_170.jpg,abrasions (34).jpg
test,abrasion,abrasion_kg1_178.jpg,abrasion_kg1_114.jpg,abrasions (55).jpg
test,abrasion,abrasion_kg1_193.jpg,abrasion_kg1_193.jpg,d48ce918-70dc-47be-8da8-5c6286ea2ea8.jpg
test,abrasion,abrasion_kg1_195.jpg,abrasion_kg1_195.jpg,fa25cee3-d94d-42b5-9ec8-6f09af59a9a9.jpg
test,abrasion,abrasion_kg1_2.jpg,abrasion_kg1_2.jpg,101.jpg
test,abrasion,abrasion_kg1_21.jpg,abrasion_kg1_21.jpg,121.jpg
test,abrasion,abrasion_kg1_25.jpg,abrasion_kg1_25.jpg,125.jpg
test,abrasion,abrasion_kg1_28.jpg,abrasion_kg1_28.jpg,128.jpg
test,abrasion,abrasion_kg1_29.jpg,abrasion_kg1_29.jpg,129.jpg
test,abrasion,abrasion_kg1_39.jpg,abrasion_kg1_39.jpg,140.jpg
test,abrasion,abrasion_kg1_41.jpg,abrasion_kg1_41.jpg,142.jpg
test,abrasion,abrasion_kg1_42.jpg,abrasion_kg1_42.jpg,143.jpg
test,abrasion,abrasion_kg1_45.jpg,abrasion_kg1_114.jpg,146.jpg
test,abrasion,abrasion_kg1_48.jpg,abrasion_kg1_118.jpg,150.jpg
test,abrasion,abrasion_kg1_53.jpg,abrasion_kg1_0.jpg,159.jpg
test,abrasion,abrasion_kg1_54.jpg,abrasion_kg1_54.jpg,160.jpg
test,abrasion,abrasion_kg1_57.jpg,abrasion_kg1_57.jpg,163.jpg
test,abrasion,abrasion_kg1_59.jpg,abrasion_kg1_59.jpg,165.jpg
test,abrasion,abrasion_kg1_6.jpg,abrasion_kg1_6.jpg,106.jpg
test,abrasion,abrasion_kg1_60.jpg,abrasion_kg1_161.jpg,166.jpg
test,abrasion,abrasion_kg1_75.jpg,abrasion_kg1_75.jpg,184.jpg
test,abrasion,abrasion_kg1_78.jpg,abrasion_kg1_167.jpg,187.jpg
test,abrasion,abrasion_kg1_84.jpg,abrasion_kg1_84.jpg,193.jpg
test,abrasion,abrasion_kg1_86.jpg,abrasion_kg1_86.jpg,196.jpg
test,abrasion,abrasion_kg1_99.jpg,abrasion_kg1_29.jpg,210.jpg
test,bruise,bruise_kg1_1.jpg,bruise_kg1_1.jpg,020d5205-425d-4d7f-8895-f806e3e3d89b.jpg
test,bruise,bruise_kg1_102.jpg,bruise_kg1_102.jpg,233.jpg
test,bruise,bruise_kg1_114.jpg,bruise_kg1_114.jpg,36ca0da1-44be-4ab5-9ce3-41e545a6f082.jpg
test,bruise,bruise_kg1_115.jpg,bruise_kg1_115.jpg,36e7c0dd-f6e2-45e6-a3ab-fcec9d8bd526.jpg
test,bruise,bruise_kg1_116.jpg,bruise_kg1_116.jpg,46cad117-91f5-4845-8c73-3e63a90504c3.jpg
test,bruise,bruise_kg1_119.jpg,bruise_kg1_119.jpg,4d3c2d80-bc89-45a2-b7fd-33a22a02abc6.png
test,bruise,bruise_kg1_12.jpg,bruise_kg1_12.jpg,130.jpg
test,bruise,bruise_kg1_122.jpg,bruise_kg1_122.jpg,58867b56-8938-4637-8a4e-fff67c504bbc.jpg
test,bruise,bruise_kg1_127.jpg,bruise_kg1_127.jpg,a872c656-8676-4b81-a3ac-4a1f7f621f4e.jpg
test,bruise,bruise_kg1_130.jpg,bruise_kg1_130.jpg,affc2c37-5276-47fc-b3ed-b0ec876135f3.jpg
test,bruise,bruise_kg1_133.jpg,bruise_kg1_133.jpg,bruises (106).jpg
test,bruise,bruise_kg1_136.jpg,bruise_kg1_136.jpg,bruises (113).jpg
test,bruise,bruise_kg1_139.jpg,bruise_kg1_139.jpg,bruises (15).jpg
test,bruise,bruise_kg1_143.jpg,bruise_kg1_143.jpg,bruises (31).jpg
test,bruise,bruise_kg1_146.jpg,bruise_kg1_146.jpg,bruises (37).jpg
test,bruise,bruise_kg1_154.jpg,bruise_kg1_154.jpg,bruises (88).jpg
test,bruise,bruise_kg1_159.jpg,bruise_kg1_136.jpg,ca02a805-7235-45a9-8dc8-2a0a6074e6f6.jpg
test,bruise,bruise_kg1_161.jpg,bruise_kg1_161.jpg,daa926f9-8fbd-4b20-a9f3-90b8375964e1.jpg
test,bruise,bruise_kg1_19.jpg,bruise_kg1_19.jpg,137.jpg
test,bruise,bruise_kg1_28.jpg,bruise_kg1_28.jpg,147.jpg
test,bruise,bruise_kg1_3.jpg,bruise_kg1_3.jpg,08792aab-a37f-4471-9b8f-2f058c7e4a5f.jpg
test,bruise,bruise_kg1_32.jpg,bruise_kg1_1.jpg,151.jpg
test,bruise,bruise_kg1_33.jpg,bruise_kg1_154.jpg,152.jpg
test,bruise,bruise_kg1_37.jpg,bruise_kg1_37.jpg,157.jpg
test,bruise,bruise_kg1_52.jpg,bruise_kg1_52.jpg,173.jpg
test,bruise,bruise_kg1_53.jpg,bruise_kg1_53.jpg,174.jpg
test,bruise,bruise_kg1_59.jpg,bruise_kg1_59.jpg,181.jpg
test,bruise,bruise_kg1_6.jpg,bruise_kg1_6.jpg,124.jpg
test,bruise,bruise_kg1_71.jpg,bruise_kg1_71.jpg,195.jpg
test,bruise,bruise_kg1_77.jpg,bruise_kg1_77.jpg,205.jpg
test,bruise,bruise_kg1_85.jpg,bruise_kg1_85.jpg,214.jpg
test,bruise,bruise_kg1_90.jpg,bruise_kg1_90.jpg,219.jpg
test,bruise,bruise_kg1_91.jpg,bruise_kg1_136.jpg,221.jpg
test,burn_1st_degree,burn_1st_degree_kg2_1010.jpg,burn_1st_degree_kg2_1010.jpg,img937.jpg
test,burn_1st_degree,burn_1st_degree_kg2_1027.jpg,burn_1st_degree_kg2_1027.jpg,img968.jpg
test,burn_1st_degree,burn_1st_degree_kg2_1029.jpg,burn_1st_degree_kg2_1029.jpg,img97.jpg
test,burn_1st_degree,burn_1st_degree_kg2_103.jpg,burn_1st_degree_kg2_103.jpg,img116.jpg
test,burn_1st_degree,burn_1st_degree_kg2_1034.jpg,burn_1st_degree_kg2_1034.jpg,img975.jpg
test,burn_1st_degree,burn_1st_degree_kg2_109.jpg,burn_1st_degree_kg2_109.jpg,img1167.jpg
test,burn_1st_degree,burn_1st_degree_kg2_116.jpg,burn_1st_degree_kg2_116.jpg,img1175.jpg
test,burn_1st_degree,burn_1st_degree_kg2_127.jpg,burn_1st_degree_kg2_127.jpg,img119.jpg
test,burn_1st_degree,burn_1st_degree_kg2_159.jpg,burn_1st_degree_kg2_159.jpg,img1233.jpg
test,burn_1st_degree,burn_1st_degree_kg2_180.jpg,burn_1st_degree_kg2_180.jpg,img1260.jpg
test,burn_1st_degree,burn_1st_degree_kg2_194.jpg,burn_1st_degree_kg2_194.jpg,img1285.jpg
test,burn_1st_degree,burn_1st_degree_kg2_231.jpg,burn_1st_degree_kg2_231.jpg,img1338.jpg
test,burn_1st_degree,burn_1st_degree_kg2_240.jpg,burn_1st_degree_kg2_240.jpg,img1352.jpg
test,burn_1st_degree,burn_1st_degree_kg2_245.jpg,burn_1st_degree_kg2_245.jpg,img1363.jpg
test,burn_1st_degree,burn_1st_degree_kg2_253.jpg,burn_1st_degree_kg2_253.jpg,img1371.jpg
test,burn_1st_degree,burn_1st_degree_kg2_258.jpg,burn_1st_degree_kg2_258.jpg,img1379.jpg
test,burn_1st_degree,burn_1st_degree_kg2_29.jpg,burn_1st_degree_kg2_29.jpg,img1045.jpg
test,burn_1st_degree,burn_1st_degree_kg2_294.jpg,burn_1st_degree_kg2_294.jpg,img1419.jpg
test,burn_1st_degree,burn_1st_degree_kg2_305.jpg,burn_1st_degree_kg2_305.jpg,img1434.jpg
test,burn_1st_degree,burn_1st_degree_kg2_309.jpg,burn_1st_degree_kg2_309.jpg,img144.jpg
test,burn_1st_degree,burn_1st_degree_kg2_322.jpg,burn_1st_degree_kg2_322.jpg,img157.jpg
test,burn_1st_degree,burn_1st_degree_kg2_323.jpg,burn_1st_degree_kg2_323.jpg,img158.jpg
test,burn_1st_degree,burn_1st_degree_kg2_325.jpg,burn_1st_degree_kg2_325.jpg,img16.jpg
test,burn_1st_degree,burn_1st_degree_kg2_341.jpg,burn_1st_degree_kg2_341.jpg,img177.jpg
test,burn_1st_degree,burn_1st_degree_kg2_355.jpg,burn_1st_degree_kg2_355.jpg,img192.jpg
test,burn_1st_degree,burn_1st_degree_kg2_359.jpg,burn_1st_degree_kg2_359.jpg,img198.jpg
test,burn_1st_degree,burn_1st_degree_kg2_36.jpg,burn_1st_degree_kg2_36.jpg,img1056.jpg
test,burn_1st_degree,burn_1st_degree_kg2_37.jpg,burn_1st_degree_kg2_37.jpg,img1058.jpg
test,burn_1st_degree,burn_1st_degree_kg2_390.jpg,burn_1st_degree_kg2_390.jpg,img23.jpg
test,burn_1st_degree,burn_1st_degree_kg2_391.jpg,burn_1st_degree_kg2_391.jpg,img230.jpg
test,burn_1st_degree,burn_1st_degree_kg2_430.jpg,burn_1st_degree_kg2_430.jpg,img271.jpg
test,burn_1st_degree,burn_1st_degree_kg2_463.jpg,burn_1st_degree_kg2_463.jpg,img307.jpg
test,burn_1st_degree,burn_1st_degree_kg2_480.jpg,burn_1st_degree_kg2_480.jpg,img325.jpg
test,burn_1st_degree,burn_1st_degree_kg2_496.jpg,burn_1st_degree_kg2_496.jpg,img342.jpg
test,burn_1st_degree,burn_1st_degree_kg2_501.jpg,burn_1st_degree_kg2_501.jpg,img347.jpg
test,burn_1st_degree,burn_1st_degree_kg2_516.jpg,burn_1st_degree_kg2_516.jpg,img362.jpg
test,burn_1st_degree,burn_1st_degree_kg2_523.jpg,burn_1st_degree_kg2_523.jpg,img369.jpg
test,burn_1st_degree,burn_1st_degree_kg2_543.jpg,burn_1st_degree_kg2_543.jpg,img389.jpg
test,burn_1st_degree,burn_1st_degree_kg2_546.jpg,burn_1st_degree_kg2_546.jpg,img391.jpg
test,burn_1st_degree,burn_1st_degree_kg2_548.jpg,burn_1st_degree_kg2_548.jpg,img393.jpg
test,burn_1st_degree,burn_1st_degree_kg2_554.jpg,burn_1st_degree_kg2_554.jpg,img399.jpg
test,burn_1st_degree,burn_1st_degree_kg2_569.jpg,burn_1st_degree_kg2_569.jpg,img415.jpg
test,burn_1st_degree,burn_1st_degree_kg2_572.jpg,burn_1st_degree_kg2_572.jpg,img418.jpg
test,burn_1st_degree,burn_1st_degree_kg2_595.jpg,burn_1st_degree_kg2_595.jpg,img443.jpg
test,burn_1st_degree,burn_1st_degree_kg2_599.jpg,burn_1st_degree_kg2_599.jpg,img447.jpg
test,burn_1st_degree,burn_1st_degree_kg2_60.jpg,burn_1st_degree_kg2_60.jpg,img1092.jpg
test,burn_1st_degree,burn_1st_degree_kg2_600.jpg,burn_1st_degree_kg2_116.jpg,img448.jpg
test,burn_1st_degree,burn_1st_degree_kg2_631.jpg,burn_1st_degree_kg2_37.jpg,img480.jpg
test,burn_1st_degree,burn_1st_degree_kg2_633.jpg,burn_1st_degree_kg2_633.jpg,img482.jpg
test,burn_1st_degree,burn_1st_degree_kg2_643.jpg,burn_1st_degree_kg2_643.jpg,img492.jpg
test,burn_1st_degree,burn_1st_degree_kg2_665.jpg,burn_1st_degree_kg2_665.jpg,img514.jpg
test,burn_1st_degree,burn_1st_degree_kg2_668.jpg,burn_1st_degree_kg2_668.jpg,img518.jpg
test,burn_1st_degree,burn_1st_degree_kg2_679.jpg,burn_1st_degree_kg2_679.jpg,img529.jpg
test,burn_1st_degree,burn_1st_degree_kg2_680.jpg,burn_1st_degree_kg2_680.jpg,img53.jpg
test,burn_1st_degree,burn_1st_degree_kg2_683.jpg,burn_1st_degree_kg2_683.jpg,img532.jpg
test,burn_1st_degree,burn_1st_degree_kg2_693.jpg,burn_1st_degree_kg2_693.jpg,img541.jpg
test,burn_1st_degree,burn_1st_degree_kg2_699.jpg,burn_1st_degree_kg2_699.jpg,img547.jpg
test,burn_1st_degree,burn_1st_degree_kg2_716.jpg,burn_1st_degree_kg2_716.jpg,img565.jpg
test,burn_1st_degree,burn_1st_degree_kg2_72.jpg,burn_1st_degree_kg2_72.jpg,img111.jpg
test,burn_1st_degree,burn_1st_degree_kg2_720.jpg,burn_1st_degree_kg2_720.jpg,img569.jpg
test,burn_1st_degree,burn_1st_degree_kg2_724.jpg,burn_1st_degree_kg2_724.jpg,img574.jpg
test,burn_1st_degree,burn_1st_degree_kg2_738.jpg,burn_1st_degree_kg2_738.jpg,img590.jpg
test,burn_1st_degree,burn_1st_degree_kg2_743.jpg,burn_1st_degree_kg2_743.jpg,img596.jpg
test,burn_1st_degree,burn_1st_degree_kg2_744.jpg,burn_1st_degree_kg2_744.jpg,img597.jpg
test,burn_1st_degree,burn_1st_degree_kg2_75.jpg,burn_1st_degree_kg2_75.jpg,img1117.jpg
test,burn_1st_degree,burn_1st_degree_kg2_765.jpg,burn_1st_degree_kg2_322.jpg,img621.jpg
test,burn_1st_degree,burn_1st_degree_kg2_796.jpg,burn_1st_degree_kg2_796.jpg,img655.jpg
test,burn_1st_degree,burn_1st_degree_kg2_799.jpg,burn_1st_degree_kg2_799.jpg,img659.jpg
test,burn_1st_degree,burn_1st_degree_kg2_802.jpg,burn_1st_degree_kg2_322.jpg,img661.jpg
test,burn_1st_degree,burn_1st_degree_kg2_803.jpg,burn_1st_degree_kg2_803.jpg,img663.jpg
test,burn_1st_degree,burn_1st_degree_kg2_807.jpg,burn_1st_degree_kg2_807.jpg,img668.jpg
test,burn_1st_degree,burn_1st_degree_kg2_815.jpg,burn_1st_degree_kg2_815.jpg,img676.jpg
test,burn_1st_degree,burn_1st_degree_kg2_823.jpg,burn_1st_degree_kg2_823.jpg,img687.jpg
test,burn_1st_degree,burn_1st_degree_kg2_825.jpg,burn_1st_degree_kg2_825.jpg,img689.jpg
test,burn_1st_degree,burn_1st_degree_kg2_828.jpg,burn_1st_degree_kg2_828.jpg,img691.jpg
test,burn_1st_degree,burn_1st_degree_kg2_837.jpg,burn_1st_degree_kg2_837.jpg,img702.jpg
test,burn_1st_degree,burn_1st_degree_kg2_853.jpg,burn_1st_degree_kg2_853.jpg,img720.jpg
test,burn_1st_degree,burn_1st_degree_kg2_858.jpg,burn_1st_degree_kg2_858.jpg,img73.jpg
test,burn_1st_degree,burn_1st_degree_kg2_860.jpg,burn_1st_degree_kg2_796.jpg,img733.jpg
test,burn_1st_degree,burn_1st_degree_kg2_882.jpg,burn_1st_degree_kg2_882.jpg,img767.jpg
test,burn_1st_degree,burn_1st_degree_kg2_888.jpg,burn_1st_degree_kg2_888.jpg,img775.jpg
test,burn_1st_degree,burn_1st_degree_kg2_891.jpg,burn_1st_degree_kg2_323.jpg,img780.jpg
test,burn_1st_degree,burn_1st_degree_kg2_896.jpg,burn_1st_degree_kg2_896.jpg,img786.jpg
test,burn_1st_degree,burn_1st_degree_kg2_910.jpg,burn_1st_degree_kg2_910.jpg,img806.jpg
test,burn_1st_degree,burn_1st_degree_kg2_911.jpg,burn_1st_degree_kg2_911.jpg,img808.jpg
test,burn_1st_degree,burn_1st_degree_kg2_918.jpg,burn_1st_degree_kg2_918.jpg,img817.jpg
test,burn_1st_degree,burn_1st_degree_kg2_927.jpg,burn_1st_degree_kg2_927.jpg,img828.jpg
test,burn_1st_degree,burn_1st_degree_kg2_935.jpg,burn_1st_degree_kg2_543.jpg,img837.jpg
test,burn_2nd_degree,burn_2nd_degree_kg2_100.jpg,burn_2nd_degree_kg2_100.jpg,img1157.jpg
test,burn_2nd_degree,burn_2nd_degree_kg2_1001.jpg,burn_2nd_degree_kg2_1001.jpg,img924.jpg
test,burn_2nd_degree,burn_2nd_degree_kg2_1018.jpg,burn_2nd_degree_kg2_1018.jpg,img952.jpg
test,burn_2nd_degree,burn_2nd_degree_kg2_1023.jpg,burn_2nd_degree_kg2_1023.jpg,img96.jpg
test,burn_2nd_degree,burn_2nd_degree_kg2_1031.jpg,burn_2nd_degree_kg2_1031.jpg,img972.jpg
test,burn_2nd_degree,burn_2nd_degree_kg2_1035.jpg,burn_2nd_degree_kg2_1035.jpg,img977.jpg
test,burn_2nd_degree,burn_2nd_degree_kg2_1039.jpg,burn_1st_degree_kg2_480.jpg,img981.jpg
test,burn_2nd_degree,burn_2nd_degree_kg2_1044.jpg,burn_2nd_degree_kg2_1044.jpg,img988.jpg
test,burn_2nd_degree,burn_2nd_degree_kg2_1050.jpg,burn_2nd_degree_kg2_1050.jpg,img998.jpg
test,burn_2nd_degree,burn_2nd_degree_kg2_121.jpg,burn_2nd_degree_kg2_121.jpg,img1181.jpg
test,burn_2nd_degree,burn_2nd_degree_kg2_125.jpg,burn_1st_degree_kg2_322.jpg,img1187.jpg
test,burn_2nd_degree,burn_2nd_degree_kg2_146.jpg,burn_2nd_degree_kg2_146.jpg,img1217.jpg
test,burn_2nd_degree,burn_2nd_degree_kg2_157.jpg,burn_1st_degree_kg2_858.jpg,img1231.jpg
test,burn_2nd_degree,burn_2nd_degree_kg2_167.jpg,burn_2nd_degree_kg2_167.jpg,img1244.jpg
test,burn_2nd_degree,burn_2nd_degree_kg2_172.jpg,burn_2nd_degree_kg2_172.jpg,img1251.jpg
test,burn_2nd_degree,burn_2nd_degree_kg2_193.jpg,burn_2nd_degree_kg2_193.jpg,img1284.jpg
test,burn_2nd_degree,burn_2nd_degree_kg2_203.jpg,burn_2nd_degree_kg2_203.jpg,img1298.jpg
test,burn_2nd_degree,burn_2nd_degree_kg2_236.jpg,burn_1st_degree_kg2_480.jpg,img1347.jpg
test,burn_2nd_degree,burn_2nd_degree_kg2_243.jpg,burn_2nd_degree_kg2_243.jpg,img1359.jpg
test,burn_2nd_degree,burn_2nd_degree_kg2_250.jpg,burn_2nd_degree_kg2_250.jpg,img1369.jpg
test,burn_2nd_degree,burn_2nd_degree_kg2_251.jpg,burn_2nd_degree_kg2_251.jpg,img137.jpg
test,burn_2nd_degree,burn_2nd_degree_kg2_267.jpg,burn_2nd_degree_kg2_1044.jpg,img1388.jpg
test,burn_2nd_degree,burn_2nd_degree_kg2_269.jpg,burn_2nd_degree_kg2_269.jpg,img139.jpg
test,burn_2nd_degree,burn_2nd_degree_kg2_278.jpg,burn_2nd_degree_kg2_278.jpg,img1401.jpg
test,burn_2nd_degree,burn_2nd_degree_kg2_288.jpg,burn_2nd_degree_kg2_288.jpg,img1411.jpg
test,burn_2nd_degree,burn_2nd_degree_kg2_299.jpg,burn_2nd_degree_kg2_299.jpg,img1424.jpeg
test,burn_2nd_degree,burn_2nd_degree_kg2_301.jpg,burn_2nd_degree_kg2_301.jpg,img1427.jpg
test,burn_2nd_degree,burn_2nd_degree_kg2_348.jpg,burn_2nd_degree_kg2_348.jpg,img184.jpg
test,burn_2nd_degree,burn_2nd_degree_kg2_365.jpg,burn_2nd_degree_kg2_301.jpg,img203.jpg
test,burn_2nd_degree,burn_2nd_degree_kg2_373.jpg,burn_2nd_degree_kg2_373.jpg,img214.jpg
test,burn_2nd_degree,burn_2nd_degree_kg2_377.jpg,burn_2nd_degree_kg2_377.jpg,img218.jpg
test,burn_2nd_degree,burn_2nd_degree_kg2_397.jpg,burn_2nd_degree_kg2_397.jpg,img237.jpg
test,burn_2nd_degree,burn_2nd_degree_kg2_406.jpg,burn_2nd_degree_kg2_406.jpg,img247.jpg
test,burn_2nd_degree,burn_2nd_degree_kg2_42.jpg,burn_2nd_degree_kg2_397.jpg,img1065.jpg
test,burn_2nd_degree,burn_2nd_degree_kg2_423.jpg,burn_2nd_degree_kg2_423.jpg,img265.jpg
test,burn_2nd_degree,burn_2nd_degree_kg2_445.jpg,burn_2nd_degree_kg2_445.jpg,img289.jpg
test,burn_2nd_degree,burn_2nd_degree_kg2_467.jpg,burn_2nd_degree_kg2_467.jpg,img311.jpg
test,burn_2nd_degree,burn_2nd_degree_kg2_481.jpg,burn_2nd_degree_kg2_481.jpg,img326.jpg
test,burn_2nd_degree,burn_2nd_degree_kg2_487.jpg,burn_2nd_degree_kg2_146.jpg,img333.jpg
test,burn_2nd_degree,burn_2nd_degree_kg2_488.jpg,burn_2nd_degree_kg2_488.jpg,img335.jpg
test,burn_2nd_degree,burn_2nd_degree_kg2_503.jpg,burn_2nd_degree_kg2_503.jpg,img349.jpg
test,burn_2nd_degree,burn_2nd_degree_kg2_505.jpg,burn_2nd_degree_kg2_505.jpg,img350.jpg
test,burn_2nd_degree,burn_2nd_degree_kg2_508.jpg,burn_2nd_degree_kg2_508.jpg,img353.jpg
test,burn_2nd_degree,burn_2nd_degree_kg2_528.jpg,burn_2nd_degree_kg2_528.jpg,img374.jpg
test,burn_2nd_degree,burn_2nd_degree_kg2_532.jpg,burn_2nd_degree_kg2_488.jpg,img379.jpg
test,burn_2nd_degree,burn_2nd_degree_kg2_584.jpg,burn_2nd_degree_kg2_278.jpg,img431.jpg
test,burn_2nd_degree,burn_2nd_degree_kg2_589.jpg,burn_2nd_degree_kg2_397.jpg,img437.jpg
test,burn_2nd_degree,burn_2nd_degree_kg2_598.jpg,burn_2nd_degree_kg2_598.jpg,img446.jpg
test,burn_2nd_degree,burn_2nd_degree_kg2_623.jpg,burn_2nd_degree_kg2_623.jpg,img472.jpg
test,burn_2nd_degree,burn_2nd_degree_kg2_625.jpg,burn_2nd_degree_kg2_625.jpg,img474.jpg
test,burn_2nd_degree,burn_2nd_degree_kg2_628.jpg,burn_1st_degree_kg2_240.jpg,img477.jpg
test,burn_2nd_degree,burn_2nd_degree_kg2_63.jpg,burn_1st_degree_kg2_391.jpg,img1097.jpg
test,burn_2nd_degree,burn_2nd_degree_kg2_651.jpg,burn_2nd_degree_kg2_651.jpg,img5.jpg
test,burn_2nd_degree,burn_2nd_degree_kg2_691.jpg,burn_2nd_degree_kg2_691.jpg,img54.jpg
test,burn_2nd_degree,burn_2nd_degree_kg2_696.jpg,burn_2nd_degree_kg2_696.jpg,img544.jpg
test,burn_2nd_degree,burn_2nd_degree_kg2_71.jpg,burn_2nd_degree_kg2_71.jpg,img1106.jpg
test,burn_2nd_degree,burn_2nd_degree_kg2_717.jpg,burn_2nd_degree_kg2_717.jpg,img566.jpg
test,burn_2nd_degree,burn_2nd_degree_kg2_726.jpg,burn_2nd_degree_kg2_726.jpg,img577.jpg
test,burn_2nd_degree,burn_2nd_degree_kg2_739.jpg,burn_2nd_degree_kg2_739.jpg,img591.jpg
test,burn_2nd_degree,burn_2nd_degree_kg2_749.jpg,burn_2nd_degree_kg2_749.jpg,img600.jpg
test,burn_2nd_degree,burn_2nd_degree_kg2_753.jpg,burn_2nd_degree_kg2_505.jpg,img606.jpg
test,burn_2nd_degree,burn_2nd_degree_kg2_782.jpg,burn_2nd_degree_kg2_782.jpg,img64.jpg
test,burn_2nd_degree,burn_2nd_degree_kg2_80.jpg,burn_2nd_degree_kg2_80.jpg,img1124.jpg
test,burn_2nd_degree,burn_2nd_degree_kg2_81.jpg,burn_2nd_degree_kg2_81.jpg,img1125.jpg
test,burn_2nd_degree,burn_2nd_degree_kg2_811.jpg,burn_2nd_degree_kg2_811.jpg,img671.jpg
test,burn_2nd_degree,burn_2nd_degree_kg2_821.jpg,burn_2nd_degree_kg2_821.jpg,img684.jpg
test,burn_2nd_degree,burn_2nd_degree_kg2_838.jpg,burn_2nd_degree_kg2_838.jpg,img704.jpg
test,burn_2nd_degree,burn_2nd_degree_kg2_842.jpg,burn_2nd_degree_kg2_842.jpg,img709.jpg
test,burn_2nd_degree,burn_2nd_degree_kg2_848.jpg,burn_2nd_degree_kg2_1023.jpg,img714.jpg
test,burn_2nd_degree,burn_2nd_degree_kg2_870.jpg,burn_2nd_degree_kg2_870.jpg,img75.jpg
test,burn_2nd_degree,burn_2nd_degree_kg2_883.jpg,burn_2nd_degree_kg2_883.jpg,img77.jpg
test,burn_2nd_degree,burn_2nd_degree_kg2_89.jpg,burn_2nd_degree_kg2_89.jpg,img1134.jpg
test,burn_2nd_degree,burn_2nd_degree_kg2_932.jpg,burn_1st_degree_kg2_599.jpg,img832.jpg
test,burn_2nd_degree,burn_2nd_degree_kg2_941.jpg,burn_2nd_degree_kg2_488.jpg,img846.jpg
test,burn_2nd_degree,burn_2nd_degree_kg2_942.jpg,burn_2nd_degree_kg2_942.jpg,img847.jpg
test,burn_2nd_degree,burn_2nd_degree_kg2_956.jpg,burn_2nd_degree_kg2_956.jpg,img862.jpg
test,burn_2nd_degree,burn_2nd_degree_kg2_957.jpg,burn_2nd_degree_kg2_957.jpg,img864.jpg
test,burn_2nd_degree,burn_2nd_degree_kg2_97.jpg,burn_1st_degree_kg2_75.jpg,img1152.jpg
test,burn_2nd_degree,burn_2nd_degree_kg2_976.jpg,burn_2nd_degree_kg2_976.jpg,img890.jpg
test,burn_2nd_degree,burn_2nd_degree_kg2_980.jpg,burn_2nd_degree_kg2_980.jpg,img899.jpg
test,burn_2nd_degree,burn_2nd_degree_kg2_982.jpg,burn_2nd_degree_kg2_982.jpg,img900.jpg
test,burn_2nd_degree,burn_2nd_degree_kg2_988.jpg,burn_2nd_degree_kg2_988.jpg,img909.jpg
test,burn_2nd_degree,burn_2nd_degree_kg2_998.jpg,burn_2nd_degree_kg2_998.jpg,img921.jpg
test,burn_3rd_degree,burn_3rd_degree_kg2_1021.jpg,burn_3rd_degree_kg2_1021.jpg,img957.jpg
test,burn_3rd_degree,burn_3rd_degree_kg2_1024.jpg,burn_3rd_degree_kg2_1024.jpg,img960.jpg
test,burn_3rd_degree,burn_3rd_degree_kg2_1026.jpg,burn_3rd_degree_kg2_1026.jpg,img967.jpg
test,burn_3rd_degree,burn_3rd_degree_kg2_1040.jpg,burn_3rd_degree_kg2_1040.jpg,img983.jpg
test,burn_3rd_degree,burn_3rd_degree_kg2_168.jpg,burn_3rd_degree_kg2_168.jpg,img1245.jpg
test,burn_3rd_degree,burn_3rd_degree_kg2_174.jpg,burn_3rd_degree_kg2_174.jpg,img1254.jpg
test,burn_3rd_degree,burn_3rd_degree_kg2_200.jpg,burn_3rd_degree_kg2_200.jpg,img1292.jpg
test,burn_3rd_degree,burn_3rd_degree_kg2_212.jpg,burn_3rd_degree_kg2_1040.jpg,img131.jpg
test,burn_3rd_degree,burn_3rd_degree_kg2_23.jpg,burn_3rd_degree_kg2_23.jpg,img1033.jpg
test,burn_3rd_degree,burn_3rd_degree_kg2_252.jpg,burn_3rd_degree_kg2_252.jpg,img1370.jpg
test,burn_3rd_degree,burn_3rd_degree_kg2_261.jpg,burn_3rd_degree_kg2_261.jpg,img1381.jpg
test,burn_3rd_degree,burn_3rd_degree_kg2_3.jpg,burn_2nd_degree_kg2_146.jpg,img1002.jpg
test,burn_3rd_degree,burn_3rd_degree_kg2_300.jpg,burn_3rd_degree_kg2_300.jpg,img1426.jpg
test,burn_3rd_degree,burn_3rd_degree_kg2_311.jpg,burn_3rd_degree_kg2_311.jpg,img146.jpg
test,burn_3rd_degree,burn_3rd_degree_kg2_329.jpg,burn_3rd_degree_kg2_329.jpg,img164.jpg
test,burn_3rd_degree,burn_3rd_degree_kg2_372.jpg,burn_3rd_degree_kg2_1040.jpg,img213.jpg
test,burn_3rd_degree,burn_3rd_degree_kg2_389.jpg,burn_3rd_degree_kg2_389.jpg,img229.jpg
test,burn_3rd_degree,burn_3rd_degree_kg2_393.jpg,burn_3rd_degree_kg2_393.jpg,img233.jpg
test,burn_3rd_degree,burn_3rd_degree_kg2_411.jpg,burn_3rd_degree_kg2_411.jpg,img252.jpg
test,burn_3rd_degree,burn_3rd_degree_kg2_416.jpg,burn_3rd_degree_kg2_416.jpg,img258.jpg
test,burn_3rd_degree,burn_3rd_degree_kg2_434.jpg,burn_3rd_degree_kg2_434.jpg,img277.jpg
test,burn_3rd_degree,burn_3rd_degree_kg2_498.jpg,burn_3rd_degree_kg2_498.jpg,img344.jpg
test,burn_3rd_degree,burn_3rd_degree_kg2_499.jpg,burn_3rd_degree_kg2_499.jpg,img345.jpg
test,burn_3rd_degree,burn_3rd_degree_kg2_519.jpg,burn_3rd_degree_kg2_519.jpg,img365.jpg
test,burn_3rd_degree,burn_3rd_degree_kg2_531.jpg,burn_3rd_degree_kg2_531.jpg,img377.jpg
test,burn_3rd_degree,burn_3rd_degree_kg2_551.jpg,burn_3rd_degree_kg2_551.jpg,img396.jpg
test,burn_3rd_degree,burn_3rd_degree_kg2_560.jpg,burn_3rd_degree_kg2_560.jpg,img406.jpg
test,burn_3rd_degree,burn_3rd_degree_kg2_618.jpg,burn_3rd_degree_kg2_1024.jpg,img468.jpg
test,burn_3rd_degree,burn_3rd_degree_kg2_65.jpg,burn_2nd_degree_kg2_121.jpg,img11.jpg
test,burn_3rd_degree,burn_3rd_degree_kg2_653.jpg,burn_3rd_degree_kg2_653.jpg,img500.jpg
test,burn_3rd_degree,burn_3rd_degree_kg2_66.jpg,burn_3rd_degree_kg2_416.jpg,img1100.jpg
test,burn_3rd_degree,burn_3rd_degree_kg2_678.jpg,burn_3rd_degree_kg2_678.jpg,img527.jpg
test,burn_3rd_degree,burn_3rd_degree_kg2_768.jpg,burn_3rd_degree_kg2_768.jpg,img624.jpg
test,burn_3rd_degree,burn_3rd_degree_kg2_773.jpg,burn_3rd_degree_kg2_773.jpg,img629.jpg
test,burn_3rd_degree,burn_3rd_degree_kg2_8.jpg,burn_3rd_degree_kg2_8.jpg,img101.jpg
test,burn_3rd_degree,burn_3rd_degree_kg2_806.jpg,burn_3rd_degree_kg2_806.jpg,img667.jpg
test,burn_3rd_degree,burn_3rd_degree_kg2_901.jpg,burn_3rd_degree_kg2_261.jpg,img795.jpg
test,burn_3rd_degree,burn_3rd_degree_kg2_963.jpg,burn_3rd_degree_kg2_963.jpg,img871.jpg
test,burn_3rd_degree,burn_3rd_degree_kg2_969.jpg,burn_3rd_degree_kg2_969.jpg,img882.jpg
test,burn_3rd_degree,burn_3rd_degree_kg2_997.jpg,burn_3rd_degree_kg2_997.jpg,img92.jpg
test,cut,cut_kg1_100.jpg,cut_kg1_100.jpg,20a2c22e-79ad-49db-8d38-982b3c805ed7.jpg
test,cut,cut_kg1_110.jpg,cut_kg1_100.jpg,222.jpg
test,cut,cut_kg1_113.jpg,cut_kg1_113.jpg,225.jpg
test,cut,cut_kg1_116.jpg,cut_kg1_116.jpg,229.jpg
test,cut,cut_kg1_118.jpg,cut_kg1_118.jpg,231.jpg
test,cut,cut_kg1_120.jpg,cut_kg1_120.jpg,233.jpg
test,cut,cut_kg1_122.jpg,cut_kg1_122.jpg,235.jpg
test,cut,cut_kg1_126.jpg,cut_kg1_126.jpg,240.jpg
test,cut,cut_kg1_127.jpg,cut_kg1_127.jpg,241.jpg
test,cut,cut_kg1_137.jpg,cut_kg1_137.jpg,255.jpg
test,cut,cut_kg1_145.jpg,cut_kg1_145.jpg,267.jpg
test,cut,cut_kg1_146.jpg,cut_kg1_146.jpg,268.jpg
test,cut,cut_kg1_15.jpg,cut_kg1_15.jpg,114.jpg
test,cut,cut_kg1_16.jpg,cut_kg1_16.jpg,115.jpg
test,cut,cut_kg1_168.jpg,cut_kg1_168.jpg,5ab5d60f-394c-45d5-85c7-0ee091f4dec9.jpg
test,cut,cut_kg1_170.jpg,cut_kg1_170.jpg,5e41ed2a-be2b-467c-b13a-0f28712fedc5.png
test,cut,cut_kg1_174.jpg,cut_kg1_174.jpg,6e398085-2b3e-496e-a37f-d4edf1420b73.jpg
test,cut,cut_kg1_185.jpg,cut_kg1_185.jpg,82.jpg
test,cut,cut_kg1_188.jpg,cut_kg1_113.jpg,85.jpg
test,cut,cut_kg1_191.jpg,cut_kg1_191.jpg,88.jpg
test,cut,cut_kg1_196.jpg,cut_kg1_196.jpg,91.jpg
test,cut,cut_kg1_198.jpg,cut_kg1_198.jpg,93.jpg
test,cut,cut_kg1_20.jpg,cut_kg1_20.jpg,119.jpg
test,cut,cut_kg1_214.jpg,cut_kg1_214.jpg,cut (16).jpg
test,cut,cut_kg1_216.jpg,cut_kg1_216.jpg,cut (18).jpg
test,cut,cut_kg1_217.jpg,cut_kg1_113.jpg,cut (2).jpg
test,cut,cut_kg1_22.jpg,cut_kg1_22.jpg,122.jpg
test,cut,cut_kg1_221.jpg,cut_kg1_221.jpg,cut (36).jpg
test,cut,cut_kg1_223.jpg,cut_kg1_223.jpg,cut (47).jpg
test,cut,cut_kg1_225.jpg,cut_kg1_137.jpg,d2d13d3d-51c7-43e2-8cc5-f65e9ba23e59.jpg
test,cut,cut_kg1_227.jpg,cut_kg1_227.jpg,de4208bb-b648-45bb-8459-d943af6f49ea.jpg
test,cut,cut_kg1_3.jpg,cut_kg1_3.jpg,101.jpg
test,cut,cut_kg1_31.jpg,cut_kg1_31.jpg,134.jpg
test,cut,cut_kg1_34.jpg,cut_kg1_34.jpg,137.jpg
test,cut,cut_kg1_48.jpg,cut_kg1_48.jpg,152.jpg
test,cut,cut_kg1_49.jpg,cut_kg1_49.jpg,153.jpg
test,cut,cut_kg1_51.jpg,cut_kg1_113.jpg,155.jpg
test,cut,cut_kg1_52.jpg,cut_kg1_52.jpg,156.jpg
test,cut,cut_kg1_53.jpg,cut_kg1_191.jpg,158.jpg
test,cut,cut_kg1_56.jpg,cut_kg1_56.jpg,163.jpg
test,cut,cut_kg1_6.jpg,cut_kg1_6.jpg,105.jpg
test,cut,cut_kg1_67.jpg,cut_kg1_67.jpg,175.jpg
test,cut,cut_kg1_68.jpg,cut_kg1_68.jpg,176.jpg
test,cut,cut_kg1_75.jpg,cut_kg1_137.jpg,185.jpg
test,cut,cut_kg1_78.jpg,cut_kg1_78.jpg,188.jpg
test,cut,cut_kg1_85.jpg,cut_kg1_85.jpg,197.jpg
train,abrasion,abrasion_kg1_100.jpg,abrasion_kg1_100.jpg,211.jpg
train,abrasion,abrasion_kg1_101.jpg,abrasion_kg1_101.jpg,212.jpg
train,abrasion,abrasion_kg1_103.jpg,abrasion_kg1_103.jpg,214.jpg
train,abrasion,abrasion_kg1_104.jpg,abrasion_kg1_104.jpg,215.jpg
train,abrasion,abrasion_kg1_105.jpg,abrasion_kg1_105.jpg,216.jpg
train,abrasion,abrasion_kg1_107.jpg,abrasion_kg1_107.jpg,218.jpg
train,abrasion,abrasion_kg1_108.jpg,abrasion_kg1_108.jpg,219.jpg
train,abrasion,abrasion_kg1_109.jpg,abrasion_kg1_109.jpg,221.jpg
train,abrasion,abrasion_kg1_11.jpg,abrasion_kg1_11.jpg,111.jpg
train,abrasion,abrasion_kg1_110.jpg,abrasion_kg1_110.jpg,222.jpg
train,abrasion,abrasion_kg1_113.jpg,abrasion_kg1_113.jpg,226.jpg
train,abrasion,abrasion_kg1_115.jpg,abrasion_kg1_115.jpg,228.jpg
train,abrasion,abrasion_kg1_116.jpg,abrasion_kg1_116.jpg,229.jpg
train,abrasion,abrasion_kg1_117.jpg,abrasion_kg1_117.jpg,230.jpg
train,abrasion,abrasion_kg1_119.jpg,abrasion_kg1_119.jpg,232.jpg
train,abrasion,abrasion_kg1_12.jpg,abrasion_kg1_12.jpg,112.jpg
train,abrasion,abrasion_kg1_120.jpg,abrasion_kg1_120.jpg,234.jpg
train,abrasion,abrasion_kg1_123.jpg,abrasion_kg1_123.jpg,237.jpg
train,abrasion,abrasion_kg1_124.jpg,abrasion_kg1_124.jpg,238.jpg
train,abrasion,abrasion_kg1_129.jpg,abrasion_kg1_129.jpg,243.jpg
train,abrasion,abrasion_kg1_13.jpg,abrasion_kg1_13.jpg,113.jpg
train,abrasion,abrasion_kg1_130.jpg,abrasion_kg1_130.jpg,319de76d-1fa4-4d16-be96-62d7e4ac788b.jpeg
train,abrasion,abrasion_kg1_132.jpg,abrasion_kg1_132.jpg,38303cd9-4b64-451e-a577-64b90147c240.JPG
train,abrasion,abrasion_kg1_133.jpg,abrasion_kg1_133.jpg,3f76b2e9-7176-4887-858c-9d17c32a97cd.jpg
train,abrasion,abrasion_kg1_135.jpg,abrasion_kg1_135.jpg,5b23abc4-dfc1-4efd-adba-2da5e91d8cb3.jpg
train,abrasion,abrasion_kg1_137.jpg,abrasion_kg1_137.jpg,5cc8503e-793a-4abc-b2ac-ec448340515f.jpg
train,abrasion,abrasion_kg1_138.jpg,abrasion_kg1_138.jpg,6061fb12-fab9-46b4-9fc8-df2b251f9e8d.jpg
train,abrasion,abrasion_kg1_14.jpg,abrasion_kg1_14.jpg,114.jpg
train,abrasion,abrasion_kg1_141.jpg,abrasion_kg1_141.jpg,718d168b-df9d-42f0-9c25-e821b66b6ef9.jpg
train,abrasion,abrasion_kg1_142.jpg,abrasion_kg1_142.jpg,83.jpg
train,abrasion,abrasion_kg1_143.jpg,abrasion_kg1_143.jpg,84.jpg
train,abrasion,abrasion_kg1_145.jpg,abrasion_kg1_145.jpg,86.jpg
train,abrasion,abrasion_kg1_146.jpg,abrasion_kg1_146.jpg,87.jpg
train,abrasion,abrasion_kg1_147.jpg,abrasion_kg1_147.jpg,88.jpg
train,abrasion,abrasion_kg1_148.jpg,abrasion_kg1_148.jpg,89.jpg
train,abrasion,abrasion_kg1_149.jpg,abrasion_kg1_149.jpg,8a32d62d-0fdd-4d0a-9fac-618bf50e734a.jpeg
train,abrasion,abrasion_kg1_15.jpg,abrasion_kg1_15.jpg,115.jpg
train,abrasion,abrasion_kg1_150.jpg,abrasion_kg1_150.jpg,90.jpg
train,abrasion,abrasion_kg1_152.jpg,abrasion_kg1_152.jpg,92.jpg
train,abrasion,abrasion_kg1_153.jpg,abrasion_kg1_153.jpg,94.jpg
train,abrasion,abrasion_kg1_154.jpg,abrasion_kg1_154.jpg,95.jpg
train,abrasion,abrasion_kg1_156.jpg,abrasion_kg1_156.jpg,97.jpg
train,abrasion,abrasion_kg1_157.jpg,abrasion_kg1_133.jpg,98.jpg
train,abrasion,abrasion_kg1_158.jpg,abrasion_kg1_158.jpg,99.jpg
train,abrasion,abrasion_kg1_159.jpg,abrasion_kg1_159.jpg,9fae5fe7-2ed8-48bc-b4f2-e0c15270726b.jpg
train,abrasion,abrasion_kg1_16.jpg,abrasion_kg1_16.jpg,116.jpg
train,abrasion,abrasion_kg1_162.jpg,abrasion_kg1_162.jpg,abrasions (1).jpg
train,abrasion,abrasion_kg1_163.jpg,abrasion_kg1_163.jpg,abrasions (10).jpg
train,abrasion,abrasion_kg1_165.jpg,abrasion_kg1_165.jpg,abrasions (13).jpg
train,abrasion,abrasion_kg1_166.jpg,abrasion_kg1_166.jpg,abrasions (15).jpg
train,abrasion,abrasion_kg1_168.jpg,abrasion_kg1_168.jpg,abrasions (30).jpg
train,abrasion,abrasion_kg1_169.jpg,abrasion_kg1_169.jpg,abrasions (33).jpg
train,abrasion,abrasion_kg1_17.jpg,abrasion_kg1_17.jpg,117.jpg
train,abrasion,abrasion_kg1_171.jpg,abrasion_kg1_171.jpg,abrasions (45).jpg
train,abrasion,abrasion_kg1_173.jpg,abrasion_kg1_173.jpg,abrasions (49).jpg
train,abrasion,abrasion_kg1_174.jpg,abrasion_kg1_174.jpg,abrasions (5).jpg
train,abrasion,abrasion_kg1_175.jpg,abrasion_kg1_175.jpg,abrasions (52).jpg
train,abrasion,abrasion_kg1_176.jpg,abrasion_kg1_176.jpg,abrasions (53).jpg
train,abrasion,abrasion_kg1_177.jpg,abrasion_kg1_177.jpg,abrasions (54).jpg
train,abrasion,abrasion_kg1_179.jpg,abrasion_kg1_119.jpg,abrasions (57).jpg
train,abrasion,abrasion_kg1_18.jpg,abrasion_kg1_18.jpg,118.jpg
train,abrasion,abrasion_kg1_180.jpg,abrasion_kg1_180.jpg,abrasions (59).jpg
train,abrasion,abrasion_kg1_181.jpg,abrasion_kg1_181.jpg,abrasions (62).jpg
train,abrasion,abrasion_kg1_183.jpg,abrasion_kg1_183.jpg,abrasions (67).jpg
train,abrasion,abrasion_kg1_185.jpg,abrasion_kg1_185.jpg,abrasions (69).jpg
train,abrasion,abrasion_kg1_186.jpg,abrasion_kg1_186.jpg,abrasions (72).jpg
train,abrasion,abrasion_kg1_187.jpg,abrasion_kg1_187.jpg,abrasions (8).jpg
train,abrasion,abrasion_kg1_188.jpg,abrasion_kg1_188.jpg,abrasions (82).jpg
train,abrasion,abrasion_kg1_189.jpg,abrasion_kg1_142.jpg,abrasions (85).jpg
train,abrasion,abrasion_kg1_19.jpg,abrasion_kg1_19.jpg,119.jpg
train,abrasion,abrasion_kg1_190.jpg,abrasion_kg1_158.jpg,abrasions (9).jpg
train,abrasion,abrasion_kg1_191.jpg,abrasion_kg1_142.jpg,ace21a97-2c07-41ba-9cdd-b62285b5e25b.jpg
train,abrasion,abrasion_kg1_192.jpg,abrasion_kg1_110.jpg,baeb6fc1-9d57-44a4-9b4f-860081009da0.jpg
train,abrasion,abrasion_kg1_20.jpg,abrasion_kg1_20.jpg,120.jpg
train,abrasion,abrasion_kg1_22.jpg,abrasion_kg1_135.jpg,122.jpg
train,abrasion,abrasion_kg1_23.jpg,abrasion_kg1_23.jpg,123.jpg
train,abrasion,abrasion_kg1_24.jpg,abrasion_kg1_24.jpg,124.jpg
train,abrasion,abrasion_kg1_26.jpg,abrasion_kg1_26.jpg,126.jpg
train,abrasion,abrasion_kg1_3.jpg,abrasion_kg1_3.jpg,102.jpg
train,abrasion,abrasion_kg1_30.jpg,abrasion_kg1_100.jpg,130.jpg
train,abrasion,abrasion_kg1_31.jpg,abrasion_kg1_31.jpg,131.jpg
train,abrasion,abrasion_kg1_33.jpg,abrasion_kg1_33.jpg,134.jpg
train,abrasion,abrasion_kg1_34.jpg,abrasion_kg1_34.jpg,135.jpg
train,abrasion,abrasion_kg1_35.jpg,abrasion_kg1_35.jpg,136.jpg
train,abrasion,abrasion_kg1_36.jpg,abrasion_kg1_107.jpg,137.jpg
train,abrasion,abrasion_kg1_37.jpg,abrasion_kg1_37.jpg,138.jpg
train,abrasion,abrasion_kg1_38.jpg,abrasion_kg1_38.jpg,139.jpg
train,abrasion,abrasion_kg1_4.jpg,abrasion_kg1_4.jpg,104.jpg
train,abrasion,abrasion_kg1_40.jpg,abrasion_kg1_110.jpg,141.jpg
train,abrasion,abrasion_kg1_43.jpg,abrasion_kg1_185.jpg,144.jpg
train,abrasion,abrasion_kg1_44.jpg,abrasion_kg1_44.jpg,145.jpg
train,abrasion,abrasion_kg1_46.jpg,abrasion_kg1_46.jpg,147.jpg
train,abrasion,abrasion_kg1_47.jpg,abrasion_kg1_116.jpg,148.jpg
train,abrasion,abrasion_kg1_49.jpg,abrasion_kg1_49.jpg,151.jpg
train,abrasion,abrasion_kg1_5.jpg,abrasion_kg1_5.jpg,105.jpg
train,abrasion,abrasion_kg1_50.jpg,abrasion_kg1_50.jpg,155.jpg
train,abrasion,abrasion_kg1_51.jpg,abrasion_kg1_51.jpg,156.jpg
train,abrasion,abrasion_kg1_52.jpg,abrasion_kg1_186.jpg,157.jpg
train,abrasion,abrasion_kg1_56.jpg,abrasion_kg1_129.jpg,162.jpg
train,abrasion,abrasion_kg1_61.jpg,abrasion_kg1_145.jpg,167.jpg
train,abrasion,abrasion_kg1_63.jpg,abrasion_kg1_63.jpg,169.jpg
train,abrasion,abrasion_kg1_64.jpg,abrasion_kg1_64.jpg,170.jpg
train,abrasion,abrasion_kg1_65.jpg,abrasion_kg1_65.jpg,172.jpg
train,abrasion,abrasion_kg1_66.jpg,abrasion_kg1_66.jpg,174.jpg
train,abrasion,abrasion_kg1_67.jpg,abrasion_kg1_67.jpg,175.jpg
train,abrasion,abrasion_kg1_68.jpg,abrasion_kg1_177.jpg,176.jpg
train,abrasion,abrasion_kg1_7.jpg,abrasion_kg1_137.jpg,107.jpg
train,abrasion,abrasion_kg1_71.jpg,abrasion_kg1_133.jpg,179.jpg
train,abrasion,abrasion_kg1_74.jpg,abrasion_kg1_74.jpg,183.jpg
train,abrasion,abrasion_kg1_76.jpg,abrasion_kg1_76.jpg,185.jpg
train,abrasion,abrasion_kg1_77.jpg,abrasion_kg1_77.jpg,186.jpg
train,abrasion,abrasion_kg1_79.jpg,abrasion_kg1_137.jpg,188.jpg
train,abrasion,abrasion_kg1_8.jpg,abrasion_kg1_8.jpg,108.jpg
train,abrasion,abrasion_kg1_80.jpg,abrasion_kg1_8.jpg,189.jpg
train,abrasion,abrasion_kg1_82.jpg,abrasion_kg1_82.jpg,191.jpg
train,abrasion,abrasion_kg1_83.jpg,abrasion_kg1_83.jpg,192.jpg
train,abrasion,abrasion_kg1_85.jpg,abrasion_kg1_85.jpg,195.jpg
train,abrasion,abrasion_kg1_87.jpg,abrasion_kg1_87.jpg,197.jpg
train,abrasion,abrasion_kg1_88.jpg,abrasion_kg1_17.jpg,198.jpg
train,abrasion,abrasion_kg1_9.jpg,abrasion_kg1_9.jpg,109.jpg
train,abrasion,abrasion_kg1_90.jpg,abrasion_kg1_90.jpg,200.jpg
train,abrasion,abrasion_kg1_91.jpg,abrasion_kg1_163.jpg,201.jpg
train,abrasion,abrasion_kg1_92.jpg,abrasion_kg1_92.jpg,202.jpg
train,abrasion,abrasion_kg1_95.jpg,abrasion_kg1_173.jpg,205.jpg
train,abrasion,abrasion_kg1_97.jpg,abrasion_kg1_175.jpg,207.jpg
train,abrasion,extra_ibrahim_abrasion_12.jpg,extra:extra_ibrahim_abrasion_12.jpg,ibrahim:Abrasions/abrasions (23).jpg
train,abrasion,extra_ibrahim_abrasion_17.jpg,extra:extra_ibrahim_abrasion_17.jpg,ibrahim:Abrasions/abrasions (29).jpg
train,abrasion,extra_ibrahim_abrasion_20.jpg,extra:extra_ibrahim_abrasion_20.jpg,ibrahim:Abrasions/abrasions (31).jpg
train,abrasion,extra_yasin_abrasion_46.jpg,extra:extra_yasin_abrasion_46.jpg,yasin:Abrasions/abrasions (61).jpg
train,bruise,bruise_kg1_0.jpg,bruise_kg1_0.jpg,01f1e85c-6c12-4d4b-a690-89e069a83b0a.jpg
train,bruise,bruise_kg1_10.jpg,bruise_kg1_10.jpg,128.jpg
train,bruise,bruise_kg1_100.jpg,bruise_kg1_100.jpg,231.jpg
train,bruise,bruise_kg1_101.jpg,bruise_kg1_101.jpg,232.jpg
train,bruise,bruise_kg1_103.jpg,bruise_kg1_103.jpg,234.jpg
train,bruise,bruise_kg1_104.jpg,bruise_kg1_104.jpg,236.jpg
train,bruise,bruise_kg1_105.jpg,bruise_kg1_105.jpg,237.jpg
train,bruise,bruise_kg1_106.jpg,bruise_kg1_106.jpg,238.jpg
train,bruise,bruise_kg1_107.jpg,bruise_kg1_107.jpg,239.jpg
train,bruise,bruise_kg1_109.jpg,bruise_kg1_109.jpg,241.jpg
train,bruise,bruise_kg1_11.jpg,bruise_kg1_11.jpg,129.jpg
train,bruise,bruise_kg1_110.jpg,bruise_kg1_110.jpg,242.jpg
train,bruise,bruise_kg1_111.jpg,bruise_kg1_111.jpg,243.jpg
train,bruise,bruise_kg1_112.jpg,bruise_kg1_112.jpg,244.jpg
train,bruise,bruise_kg1_113.jpg,bruise_kg1_113.jpg,26d9fe45-a77c-4b0c-8fac-7edd055537f8.jpg
train,bruise,bruise_kg1_117.jpg,bruise_kg1_117.jpg,47135e58-b71e-43ee-8ca7-b50eb29e6783.jpg
train,bruise,bruise_kg1_120.jpg,bruise_kg1_120.jpg,5344a9b6-8327-4e40-a7dd-992288296c3b.jpg
train,bruise,bruise_kg1_121.jpg,bruise_kg1_121.jpg,58407e97-a7dc-48a5-854e-abe2b8cf4817.jpg
train,bruise,bruise_kg1_123.jpg,bruise_kg1_123.jpg,62ea5d18-4718-452a-bac4-eecc922f380e.jpg
train,bruise,bruise_kg1_124.jpg,bruise_kg1_124.jpg,886ed32d-aaf1-4f8b-b104-2d46a554ea63.jpg
train,bruise,bruise_kg1_125.jpg,bruise_kg1_125.jpg,8bf00fc4-9898-4553-ae92-0da794300795.jpg
train,bruise,bruise_kg1_126.jpg,bruise_kg1_126.jpg,9d3797aa-f138-41bb-909f-158e2e893a48.jpg
train,bruise,bruise_kg1_128.jpg,bruise_kg1_128.jpg,ae6d6a9d-8c5e-4c27-85de-a9f1a37a1a72.JPG
train,bruise,bruise_kg1_13.jpg,bruise_kg1_13.jpg,131.jpg
train,bruise,bruise_kg1_131.jpg,bruise_kg1_131.jpg,bruises (10).jpg
train,bruise,bruise_kg1_132.jpg,abrasion_kg1_142.jpg,bruises (102).jpg
train,bruise,bruise_kg1_134.jpg,bruise_kg1_134.jpg,bruises (107).jpg
train,bruise,bruise_kg1_135.jpg,bruise_kg1_135.jpg,bruises (11).jpg
train,bruise,bruise_kg1_137.jpg,bruise_kg1_137.jpg,bruises (117).jpg
train,bruise,bruise_kg1_138.jpg,bruise_kg1_138.jpg,bruises (13).jpg
train,bruise,bruise_kg1_14.jpg,bruise_kg1_14.jpg,132.jpg
train,bruise,bruise_kg1_141.jpg,bruise_kg1_141.jpg,bruises (23).jpg
train,bruise,bruise_kg1_144.jpg,bruise_kg1_144.jpg,bruises (34).jpg
train,bruise,bruise_kg1_145.jpg,bruise_kg1_145.jpg,bruises (35).jpg
train,bruise,bruise_kg1_147.jpg,abrasion_kg1_142.jpg,bruises (42).jpg
train,bruise,bruise_kg1_15.jpg,bruise_kg1_15.jpg,133.jpg
train,bruise,bruise_kg1_150.jpg,bruise_kg1_150.jpg,bruises (55).jpg
train,bruise,bruise_kg1_151.jpg,bruise_kg1_151.jpg,bruises (59).jpg
train,bruise,bruise_kg1_155.jpg,bruise_kg1_155.jpg,bruises (96).jpg
train,bruise,bruise_kg1_156.jpg,bruise_kg1_10.jpg,bruises (98).jpg
train,bruise,bruise_kg1_157.jpg,bruise_kg1_157.jpg,bruises (99).jpg
train,bruise,bruise_kg1_158.jpg,bruise_kg1_158.jpg,c2bf08c1-c92b-4336-8b7d-851757e4d392.jpg
train,bruise,bruise_kg1_16.jpg,abrasion_kg1_142.jpg,134.jpg
train,bruise,bruise_kg1_160.jpg,bruise_kg1_160.jpg,d253dce8-09d8-4a1a-bc89-bb6f0bdb1d41.jpeg
train,bruise,bruise_kg1_163.jpg,bruise_kg1_163.jpg,eeaaeac2-bc69-4e89-86e7-983dff7267d1.jpg
train,bruise,bruise_kg1_164.jpg,bruise_kg1_164.jpg,fa399024-2d84-48be-a654-e93a2eb67086.jpg
train,bruise,bruise_kg1_17.jpg,bruise_kg1_17.jpg,135.jpg
train,bruise,bruise_kg1_2.jpg,bruise_kg1_2.jpg,03d3809b-9b0d-4703-9015-76f2b359ced8.jpg
train,bruise,bruise_kg1_20.jpg,bruise_kg1_163.jpg,139.jpg
train,bruise,bruise_kg1_22.jpg,bruise_kg1_157.jpg,141.jpg
train,bruise,bruise_kg1_24.jpg,bruise_kg1_24.jpg,143.jpg
train,bruise,bruise_kg1_25.jpg,bruise_kg1_25.jpg,144.jpg
train,bruise,bruise_kg1_26.jpg,bruise_kg1_26.jpg,145.jpg
train,bruise,bruise_kg1_27.jpg,bruise_kg1_27.jpg,146.jpg
train,bruise,bruise_kg1_29.jpg,bruise_kg1_29.jpg,148.jpg
train,bruise,bruise_kg1_30.jpg,bruise_kg1_30.jpg,149.jpg
train,bruise,bruise_kg1_31.jpg,bruise_kg1_31.jpg,150.jpg
train,bruise,bruise_kg1_34.jpg,bruise_kg1_34.jpg,154.jpg
train,bruise,bruise_kg1_35.jpg,bruise_kg1_35.jpg,15599ca0-1857-4e07-ad9c-84b8a495232a.jpg
train,bruise,bruise_kg1_36.jpg,bruise_kg1_36.jpg,156.jpg
train,bruise,bruise_kg1_38.jpg,abrasion_kg1_142.jpg,159.jpg
train,bruise,bruise_kg1_39.jpg,bruise_kg1_39.jpg,160.jpg
train,bruise,bruise_kg1_40.jpg,bruise_kg1_40.jpg,161.jpg
train,bruise,bruise_kg1_41.jpg,bruise_kg1_41.jpg,162.jpg
train,bruise,bruise_kg1_42.jpg,bruise_kg1_42.jpg,163.jpg
train,bruise,bruise_kg1_43.jpg,bruise_kg1_43.jpg,164.jpg
train,bruise,bruise_kg1_44.jpg,bruise_kg1_138.jpg,165.jpg
train,bruise,bruise_kg1_45.jpg,bruise_kg1_45.jpg,166.jpg
train,bruise,bruise_kg1_46.jpg,bruise_kg1_46.jpg,167.jpg
train,bruise,bruise_kg1_47.jpg,bruise_kg1_109.jpg,168.jpg
train,bruise,bruise_kg1_48.jpg,bruise_kg1_48.jpg,169.jpg
train,bruise,bruise_kg1_49.jpg,bruise_kg1_49.jpg,170.jpg
train,bruise,bruise_kg1_5.jpg,abrasion_kg1_142.jpg,123.jpg
train,bruise,bruise_kg1_50.jpg,bruise_kg1_50.jpg,171.jpg
train,bruise,bruise_kg1_51.jpg,bruise_kg1_51.jpg,172.jpg
train,bruise,bruise_kg1_54.jpg,bruise_kg1_54.jpg,175.jpg
train,bruise,bruise_kg1_55.jpg,bruise_kg1_55.jpg,176.jpg
train,bruise,bruise_kg1_56.jpg,bruise_kg1_56.jpg,178.jpg
train,bruise,bruise_kg1_57.jpg,bruise_kg1_0.jpg,179.jpg
train,bruise,bruise_kg1_58.jpg,bruise_kg1_100.jpg,180.jpg
train,bruise,bruise_kg1_60.jpg,abrasion_kg1_142.jpg,182.jpg
train,bruise,bruise_kg1_63.jpg,bruise_kg1_63.jpg,185.jpg
train,bruise,bruise_kg1_64.jpg,bruise_kg1_64.jpg,186.jpg
train,bruise,bruise_kg1_66.jpg,bruise_kg1_66.jpg,190.jpg
train,bruise,bruise_kg1_69.jpg,bruise_kg1_69.jpg,193.jpg
train,bruise,bruise_kg1_70.jpg,bruise_kg1_70.jpg,194.jpg
train,bruise,bruise_kg1_72.jpg,bruise_kg1_72.jpg,197.jpg
train,bruise,bruise_kg1_73.jpg,bruise_kg1_73.jpg,198.jpg
train,bruise,bruise_kg1_74.jpg,bruise_kg1_74.jpg,199.jpg
train,bruise,bruise_kg1_75.jpg,bruise_kg1_75.jpg,201.jpg
train,bruise,bruise_kg1_76.jpg,bruise_kg1_76.jpg,203.jpg
train,bruise,bruise_kg1_78.jpg,bruise_kg1_78.jpg,206.jpg
train,bruise,bruise_kg1_79.jpg,bruise_kg1_79.jpg,208.jpg
train,bruise,bruise_kg1_8.jpg,bruise_kg1_8.jpg,126.jpg
train,bruise,bruise_kg1_81.jpg,bruise_kg1_81.jpg,210.jpg
train,bruise,bruise_kg1_83.jpg,bruise_kg1_83.jpg,212.jpg
train,bruise,bruise_kg1_84.jpg,bruise_kg1_84.jpg,213.jpg
train,bruise,bruise_kg1_86.jpg,bruise_kg1_86.jpg,215.jpg
train,bruise,bruise_kg1_87.jpg,bruise_kg1_87.jpg,216.jpg
train,bruise,bruise_kg1_88.jpg,bruise_kg1_88.jpg,217.jpg
train,bruise,bruise_kg1_9.jpg,bruise_kg1_9.jpg,127.jpg
train,bruise,bruise_kg1_92.jpg,bruise_kg1_92.jpg,222.jpg
train,bruise,bruise_kg1_94.jpg,bruise_kg1_158.jpg,224.jpg
train,bruise,bruise_kg1_95.jpg,bruise_kg1_95.jpg,225.jpg
train,bruise,bruise_kg1_96.jpg,bruise_kg1_96.jpg,226.jpg
train,bruise,bruise_kg1_97.jpg,bruise_kg1_97.jpg,227.jpg
train,bruise,bruise_kg1_99.jpg,bruise_kg1_99.jpg,229.jpg
train,bruise,extra_ibrahim_bruise_10.jpg,extra:extra_ibrahim_bruise_10.jpg,ibrahim:Bruises/bruises (112).jpg
train,bruise,extra_ibrahim_bruise_12.jpg,extra:extra_ibrahim_bruise_12.jpg,ibrahim:Bruises/bruises (114).jpg
train,bruise,extra_ibrahim_bruise_15.jpg,extra:extra_ibrahim_bruise_15.jpg,ibrahim:Bruises/bruises (12).jpg
train,bruise,extra_ibrahim_bruise_16.jpg,extra:extra_ibrahim_bruise_16.jpg,ibrahim:Bruises/bruises (120).jpg
train,bruise,extra_ibrahim_bruise_17.jpg,extra:extra_ibrahim_bruise_17.jpg,ibrahim:Bruises/bruises (121).jpg
train,bruise,extra_ibrahim_bruise_2.jpg,extra:extra_ibrahim_bruise_2.jpg,ibrahim:Bruises/bruises (101).jpg
train,bruise,extra_ibrahim_bruise_20.jpg,extra:extra_ibrahim_bruise_20.jpg,ibrahim:Bruises/bruises (14).jpg
train,bruise,extra_ibrahim_bruise_22.jpg,extra:extra_ibrahim_bruise_22.jpg,ibrahim:Bruises/bruises (16).jpg
train,bruise,extra_ibrahim_bruise_31.jpg,extra:extra_ibrahim_bruise_31.jpg,ibrahim:Bruises/bruises (3).jpg
train,bruise,extra_ibrahim_bruise_38.jpg,extra:extra_ibrahim_bruise_38.jpg,ibrahim:Bruises/bruises (40).jpg
train,bruise,extra_ibrahim_bruise_47.jpg,extra:extra_ibrahim_bruise_47.jpg,ibrahim:Bruises/bruises (51).jpg
train,bruise,extra_ibrahim_bruise_48.jpg,extra:extra_ibrahim_bruise_48.jpg,ibrahim:Bruises/bruises (52).jpg
train,bruise,extra_ibrahim_bruise_54.jpg,extra:extra_ibrahim_bruise_54.jpg,ibrahim:Bruises/bruises (58).jpg
train,bruise,extra_ibrahim_bruise_57.jpg,extra:extra_ibrahim_bruise_57.jpg,ibrahim:Bruises/bruises (61).jpg
train,bruise,extra_ibrahim_bruise_59.jpg,extra:extra_ibrahim_bruise_59.jpg,ibrahim:Bruises/bruises (64).jpg
train,bruise,extra_ibrahim_bruise_64.jpg,extra:extra_ibrahim_bruise_64.jpg,ibrahim:Bruises/bruises (7).jpg
train,bruise,extra_ibrahim_bruise_66.jpg,extra:extra_ibrahim_bruise_66.jpg,ibrahim:Bruises/bruises (75).jpg
train,bruise,extra_ibrahim_bruise_69.jpg,extra:extra_ibrahim_bruise_69.jpg,ibrahim:Bruises/bruises (8).jpg
train,bruise,extra_ibrahim_bruise_71.jpg,extra:extra_ibrahim_bruise_71.jpg,ibrahim:Bruises/bruises (82).jpg
train,bruise,extra_ibrahim_bruise_73.jpg,extra:extra_ibrahim_bruise_73.jpg,ibrahim:Bruises/bruises (87).jpg
train,bruise,extra_ibrahim_bruise_75.jpg,extra:extra_ibrahim_bruise_75.jpg,ibrahim:Bruises/bruises (89).jpg
train,bruise,extra_ibrahim_bruise_77.jpg,extra:extra_ibrahim_bruise_77.jpg,ibrahim:Bruises/bruises (90).jpg
train,bruise,extra_ibrahim_bruise_9.jpg,extra:extra_ibrahim_bruise_9.jpg,ibrahim:Bruises/bruises (111).jpg
train,burn_1st_degree,burn_1st_degree_kg2_0.jpg,burn_1st_degree_kg2_0.jpg,img0.jpg
train,burn_1st_degree,burn_1st_degree_kg2_1003.jpg,burn_1st_degree_kg2_1003.jpg,img93.jpg
train,burn_1st_degree,burn_1st_degree_kg2_1006.jpg,burn_1st_degree_kg2_1006.jpg,img932.jpg
train,burn_1st_degree,burn_1st_degree_kg2_1008.jpg,burn_1st_degree_kg2_1008.jpg,img934.jpg
train,burn_1st_degree,burn_1st_degree_kg2_1011.jpg,burn_1st_degree_kg2_1011.jpg,img94.jpg
train,burn_1st_degree,burn_1st_degree_kg2_102.jpg,burn_1st_degree_kg2_102.jpg,img1159.jpg
train,burn_1st_degree,burn_1st_degree_kg2_1022.jpg,burn_1st_degree_kg2_1022.jpg,img958.jpg
train,burn_1st_degree,burn_1st_degree_kg2_1037.jpg,burn_1st_degree_kg2_1037.jpg,img98.jpg
train,burn_1st_degree,burn_1st_degree_kg2_1041.jpg,burn_1st_degree_kg2_1041.jpg,img985.jpg
train,burn_1st_degree,burn_1st_degree_kg2_1042.jpg,burn_1st_degree_kg2_1042.jpg,img986.jpg
train,burn_1st_degree,burn_1st_degree_kg2_1043.jpg,burn_1st_degree_kg2_1043.jpg,img987.jpg
train,burn_1st_degree,burn_1st_degree_kg2_1047.jpg,burn_1st_degree_kg2_1047.jpg,img991.jpg
train,burn_1st_degree,burn_1st_degree_kg2_1048.jpg,burn_1st_degree_kg2_1048.jpg,img992.jpg
train,burn_1st_degree,burn_1st_degree_kg2_112.jpg,burn_1st_degree_kg2_112.jpg,img1170.jpg
train,burn_1st_degree,burn_1st_degree_kg2_113.jpg,burn_1st_degree_kg2_113.jpg,img1171.jpg
train,burn_1st_degree,burn_1st_degree_kg2_114.jpg,burn_1st_degree_kg2_114.jpg,img1172.jpg
train,burn_1st_degree,burn_1st_degree_kg2_119.jpg,abrasion_kg1_142.jpg,img118.jpg
train,burn_1st_degree,burn_1st_degree_kg2_120.jpg,burn_1st_degree_kg2_120.jpg,img1180.jpg
train,burn_1st_degree,burn_1st_degree_kg2_123.jpg,burn_1st_degree_kg2_123.jpg,img1185.jpg
train,burn_1st_degree,burn_1st_degree_kg2_129.jpg,burn_1st_degree_kg2_129.jpg,img1193.jpg
train,burn_1st_degree,burn_1st_degree_kg2_130.jpg,burn_1st_degree_kg2_130.jpg,img1195.jpg
train,burn_1st_degree,burn_1st_degree_kg2_135.jpg,burn_1st_degree_kg2_135.jpg,img1202.jpg
train,burn_1st_degree,burn_1st_degree_kg2_138.jpg,burn_1st_degree_kg2_138.jpg,img1209.jpg
train,burn_1st_degree,burn_1st_degree_kg2_139.jpg,burn_1st_degree_kg2_139.jpg,img121.jpg
train,burn_1st_degree,burn_1st_degree_kg2_14.jpg,burn_1st_degree_kg2_14.jpg,img1019.jpg
train,burn_1st_degree,burn_1st_degree_kg2_144.jpg,burn_1st_degree_kg2_144.jpg,img1214.jpg
train,burn_1st_degree,burn_1st_degree_kg2_150.jpg,burn_1st_degree_kg2_150.jpg,img1221.jpg
train,burn_1st_degree,burn_1st_degree_kg2_158.jpg,burn_1st_degree_kg2_158.jpg,img1232.jpg
train,burn_1st_degree,burn_1st_degree_kg2_161.jpg,burn_1st_degree_kg2_161.jpg,img1237.jpg
train,burn_1st_degree,burn_1st_degree_kg2_162.jpg,burn_1st_degree_kg2_162.jpg,img1238.jpg
train,burn_1st_degree,burn_1st_degree_kg2_169.jpg,burn_1st_degree_kg2_169.jpg,img1246.jpg
train,burn_1st_degree,burn_1st_degree_kg2_170.jpg,burn_1st_degree_kg2_170.jpg,img125.jpg
train,burn_1st_degree,burn_1st_degree_kg2_171.jpg,burn_1st_degree_kg2_171.jpg,img1250.jpg
train,burn_1st_degree,burn_1st_degree_kg2_19.jpg,burn_1st_degree_kg2_19.jpg,img1028.jpg
train,burn_1st_degree,burn_1st_degree_kg2_190.jpg,burn_1st_degree_kg2_190.jpg,img1280.jpg
train,burn_1st_degree,burn_1st_degree_kg2_196.jpg,burn_1st_degree_kg2_196.jpg,img1288.jpg
train,burn_1st_degree,burn_1st_degree_kg2_199.jpg,burn_1st_degree_kg2_199.jpg,img1291.jpg
train,burn_1st_degree,burn_1st_degree_kg2_2.jpg,burn_1st_degree_kg2_1042.jpg,img100.jpg
train,burn_1st_degree,burn_1st_degree_kg2_202.jpg,abrasion_kg1_142.jpg,img1297.jpg
train,burn_1st_degree,burn_1st_degree_kg2_204.jpg,burn_1st_degree_kg2_204.jpg,img13.jpg
train,burn_1st_degree,burn_1st_degree_kg2_211.jpg,burn_1st_degree_kg2_211.jpg,img1308.jpg
train,burn_1st_degree,burn_1st_degree_kg2_215.jpg,burn_1st_degree_kg2_215.jpg,img1314.jpg
train,burn_1st_degree,burn_1st_degree_kg2_216.jpg,burn_1st_degree_kg2_216.jpg,img1316.jpg
train,burn_1st_degree,burn_1st_degree_kg2_217.jpg,burn_1st_degree_kg2_217.jpg,img1317.jpg
train,burn_1st_degree,burn_1st_degree_kg2_225.jpg,burn_1st_degree_kg2_225.jpg,img1330.jpg
train,burn_1st_degree,burn_1st_degree_kg2_228.jpg,burn_1st_degree_kg2_216.jpg,img1335.jpg
train,burn_1st_degree,burn_1st_degree_kg2_233.jpg,burn_1st_degree_kg2_233.jpg,img1343.jpg
train,burn_1st_degree,burn_1st_degree_kg2_234.jpg,burn_1st_degree_kg2_234.jpg,img1344.jpg
train,burn_1st_degree,burn_1st_degree_kg2_235.jpg,burn_1st_degree_kg2_235.jpg,img1346.jpg
train,burn_1st_degree,burn_1st_degree_kg2_24.jpg,burn_1st_degree_kg2_24.jpg,img104.jpg
train,burn_1st_degree,burn_1st_degree_kg2_249.jpg,burn_1st_degree_kg2_249.jpg,img1368.jpg
train,burn_1st_degree,burn_1st_degree_kg2_260.jpg,burn_1st_degree_kg2_260.jpg,img1380.jpg
train,burn_1st_degree,burn_1st_degree_kg2_262.jpg,burn_1st_degree_kg2_138.jpg,img1382.jpg
train,burn_1st_degree,burn_1st_degree_kg2_263.jpg,burn_1st_degree_kg2_263.jpg,img1383.jpg
train,burn_1st_degree,burn_1st_degree_kg2_27.jpg,burn_1st_degree_kg2_27.jpg,img1043.jpg
train,burn_1st_degree,burn_1st_degree_kg2_274.jpg,burn_1st_degree_kg2_274.jpg,img1395.jpg
train,burn_1st_degree,burn_1st_degree_kg2_275.jpg,burn_1st_degree_kg2_275.jpg,img1396.jpg
train,burn_1st_degree,burn_1st_degree_kg2_280.jpg,burn_1st_degree_kg2_280.jpg,img1403.jpg
train,burn_1st_degree,burn_1st_degree_kg2_281.jpg,burn_1st_degree_kg2_281.jpg,img1404.jpg
train,burn_1st_degree,burn_1st_degree_kg2_282.jpg,burn_1st_degree_kg2_282.jpg,img1405.jpg
train,burn_1st_degree,burn_1st_degree_kg2_295.jpg,burn_1st_degree_kg2_295.jpg,img142.jpg
train,burn_1st_degree,burn_1st_degree_kg2_296.jpg,burn_1st_degree_kg2_296.jpg,img1421.jpg
train,burn_1st_degree,burn_1st_degree_kg2_298.jpg,burn_1st_degree_kg2_171.jpg,img1423.jpg
train,burn_1st_degree,burn_1st_degree_kg2_308.jpg,burn_1st_degree_kg2_308.jpg,img1439.jpg
train,burn_1st_degree,burn_1st_degree_kg2_31.jpg,burn_1st_degree_kg2_31.jpg,img105.jpg
train,burn_1st_degree,burn_1st_degree_kg2_312.jpg,abrasion_kg1_142.jpg,img147.jpg
train,burn_1st_degree,burn_1st_degree_kg2_316.jpg,burn_1st_degree_kg2_316.jpg,img151.jpg
train,burn_1st_degree,burn_1st_degree_kg2_321.jpg,burn_1st_degree_kg2_321.jpg,img156.jpg
train,burn_1st_degree,burn_1st_degree_kg2_326.jpg,burn_1st_degree_kg2_14.jpg,img160.jpg
train,burn_1st_degree,burn_1st_degree_kg2_33.jpg,burn_1st_degree_kg2_33.jpg,img1051.jpg
train,burn_1st_degree,burn_1st_degree_kg2_333.jpg,burn_1st_degree_kg2_333.jpg,img168.jpg
train,burn_1st_degree,burn_1st_degree_kg2_334.jpg,burn_1st_degree_kg2_1022.jpg,img169.jpg
train,burn_1st_degree,burn_1st_degree_kg2_337.jpg,burn_1st_degree_kg2_337.jpg,img171.jpg
train,burn_1st_degree,burn_1st_degree_kg2_34.jpg,burn_1st_degree_kg2_34.jpg,img1054.jpg
train,burn_1st_degree,burn_1st_degree_kg2_343.jpg,burn_1st_degree_kg2_343.jpg,img179.jpg
train,burn_1st_degree,burn_1st_degree_kg2_345.jpg,burn_1st_degree_kg2_345.jpg,img180.jpg
train,burn_1st_degree,burn_1st_degree_kg2_347.jpg,burn_1st_degree_kg2_347.jpg,img182.jpg
train,burn_1st_degree,burn_1st_degree_kg2_349.jpg,burn_1st_degree_kg2_349.jpg,img185.jpg
train,burn_1st_degree,burn_1st_degree_kg2_357.jpg,burn_1st_degree_kg2_357.jpg,img194.jpg
train,burn_1st_degree,burn_1st_degree_kg2_361.jpg,abrasion_kg1_142.jpg,img20.jpg
train,burn_1st_degree,burn_1st_degree_kg2_363.jpg,burn_1st_degree_kg2_363.jpg,img201.jpg
train,burn_1st_degree,burn_1st_degree_kg2_380.jpg,abrasion_kg1_142.jpg,img220.jpg
train,burn_1st_degree,burn_1st_degree_kg2_383.jpg,burn_1st_degree_kg2_383.jpg,img223.jpg
train,burn_1st_degree,burn_1st_degree_kg2_386.jpg,burn_1st_degree_kg2_19.jpg,img226.jpg
train,burn_1st_degree,burn_1st_degree_kg2_388.jpg,burn_1st_degree_kg2_388.jpg,img228.jpg
train,burn_1st_degree,burn_1st_degree_kg2_394.jpg,burn_1st_degree_kg2_394.jpg,img234.jpg
train,burn_1st_degree,burn_1st_degree_kg2_395.jpg,abrasion_kg1_142.jpg,img235.jpg
train,burn_1st_degree,burn_1st_degree_kg2_399.jpg,burn_1st_degree_kg2_399.jpg,img239.jpg
train,burn_1st_degree,burn_1st_degree_kg2_4.jpg,burn_1st_degree_kg2_4.jpg,img1004.jpg
train,burn_1st_degree,burn_1st_degree_kg2_403.jpg,burn_1st_degree_kg2_403.jpg,img243.jpg
train,burn_1st_degree,burn_1st_degree_kg2_405.jpg,burn_1st_degree_kg2_405.jpg,img245.jpg
train,burn_1st_degree,burn_1st_degree_kg2_408.jpg,burn_1st_degree_kg2_408.jpg,img25.jpg
train,burn_1st_degree,burn_1st_degree_kg2_41.jpg,burn_1st_degree_kg2_41.jpg,img1064.jpg
train,burn_1st_degree,burn_1st_degree_kg2_415.jpg,burn_1st_degree_kg2_415.jpg,img257.jpg
train,burn_1st_degree,burn_1st_degree_kg2_422.jpg,burn_1st_degree_kg2_345.jpg,img264.jpg
train,burn_1st_degree,burn_1st_degree_kg2_425.jpg,burn_1st_degree_kg2_425.jpg,img267.jpg
train,burn_1st_degree,burn_1st_degree_kg2_426.jpg,burn_1st_degree_kg2_426.jpg,img268.jpg
train,burn_1st_degree,burn_1st_degree_kg2_428.jpg,burn_1st_degree_kg2_428.jpg,img27.jpg
train,burn_1st_degree,burn_1st_degree_kg2_431.jpg,burn_1st_degree_kg2_431.jpg,img274.jpg
train,burn_1st_degree,burn_1st_degree_kg2_433.jpg,burn_1st_degree_kg2_216.jpg,img276.jpg
train,burn_1st_degree,burn_1st_degree_kg2_439.jpg,burn_1st_degree_kg2_439.jpg,img283.jpg
train,burn_1st_degree,burn_1st_degree_kg2_440.jpg,burn_1st_degree_kg2_41.jpg,img284.jpg
train,burn_1st_degree,burn_1st_degree_kg2_449.jpg,burn_1st_degree_kg2_449.jpg,img292.jpg
train,burn_1st_degree,burn_1st_degree_kg2_452.jpg,burn_1st_degree_kg2_316.jpg,img296.jpg
train,burn_1st_degree,burn_1st_degree_kg2_454.jpg,burn_1st_degree_kg2_454.jpg,img298.jpg
train,burn_1st_degree,burn_1st_degree_kg2_455.jpg,burn_1st_degree_kg2_455.jpg,img3.jpg
train,burn_1st_degree,burn_1st_degree_kg2_458.jpg,burn_1st_degree_kg2_458.jpg,img302.jpg
train,burn_1st_degree,burn_1st_degree_kg2_459.jpg,burn_1st_degree_kg2_459.jpg,img303.jpg
train,burn_1st_degree,burn_1st_degree_kg2_460.jpg,burn_1st_degree_kg2_14.jpg,img304.jpg
train,burn_1st_degree,burn_1st_degree_kg2_462.jpg,burn_1st_degree_kg2_158.jpg,img306.jpg
train,burn_1st_degree,burn_1st_degree_kg2_471.jpg,burn_1st_degree_kg2_471.jpg,img316.jpg
train,burn_1st_degree,burn_1st_degree_kg2_472.jpg,abrasion_kg1_142.jpg,img317.jpg
train,burn_1st_degree,burn_1st_degree_kg2_477.jpg,burn_1st_degree_kg2_477.jpg,img322.jpg
train,burn_1st_degree,burn_1st_degree_kg2_479.jpg,burn_1st_degree_kg2_479.jpg,img324.jpg
train,burn_1st_degree,burn_1st_degree_kg2_485.jpg,burn_1st_degree_kg2_485.jpg,img33.jpg
train,burn_1st_degree,burn_1st_degree_kg2_486.jpg,burn_1st_degree_kg2_486.jpg,img331.jpg
train,burn_1st_degree,burn_1st_degree_kg2_489.jpg,burn_1st_degree_kg2_489.jpg,img336.jpg
train,burn_1st_degree,burn_1st_degree_kg2_49.jpg,burn_1st_degree_kg2_49.jpg,img1074.jpg
train,burn_1st_degree,burn_1st_degree_kg2_491.jpg,burn_1st_degree_kg2_216.jpg,img338.jpg
train,burn_1st_degree,burn_1st_degree_kg2_494.jpg,burn_1st_degree_kg2_494.jpg,img340.jpg
train,burn_1st_degree,burn_1st_degree_kg2_495.jpg,abrasion_kg1_142.jpg,img341.jpg
train,burn_1st_degree,burn_1st_degree_kg2_497.jpg,burn_1st_degree_kg2_497.jpg,img343.jpg
train,burn_1st_degree,burn_1st_degree_kg2_500.jpg,burn_1st_degree_kg2_500.jpg,img346.jpg
train,burn_1st_degree,burn_1st_degree_kg2_506.jpg,burn_1st_degree_kg2_506.jpg,img351.jpg
train,burn_1st_degree,burn_1st_degree_kg2_510.jpg,burn_1st_degree_kg2_510.jpg,img355.jpg
train,burn_1st_degree,burn_1st_degree_kg2_512.jpg,abrasion_kg1_142.jpg,img358.jpg
train,burn_1st_degree,burn_1st_degree_kg2_52.jpg,burn_1st_degree_kg2_52.jpg,img1078.jpg
train,burn_1st_degree,burn_1st_degree_kg2_520.jpg,burn_1st_degree_kg2_296.jpg,img366.jpg
train,burn_1st_degree,burn_1st_degree_kg2_521.jpg,burn_1st_degree_kg2_138.jpg,img367.jpg
train,burn_1st_degree,burn_1st_degree_kg2_522.jpg,burn_1st_degree_kg2_522.jpg,img368.jpg
train,burn_1st_degree,burn_1st_degree_kg2_524.jpg,burn_1st_degree_kg2_524.jpg,img37.jpg
train,burn_1st_degree,burn_1st_degree_kg2_527.jpg,burn_1st_degree_kg2_527.jpg,img372.jpg
train,burn_1st_degree,burn_1st_degree_kg2_533.jpg,burn_1st_degree_kg2_533.jpg,img38.jpg
train,burn_1st_degree,burn_1st_degree_kg2_534.jpg,burn_1st_degree_kg2_534.jpg,img380.jpg
train,burn_1st_degree,burn_1st_degree_kg2_537.jpg,burn_1st_degree_kg2_537.jpg,img383.jpg
train,burn_1st_degree,burn_1st_degree_kg2_540.jpg,burn_1st_degree_kg2_540.jpg,img386.jpg
train,burn_1st_degree,burn_1st_degree_kg2_545.jpg,burn_1st_degree_kg2_1011.jpg,img390.jpg
train,burn_1st_degree,burn_1st_degree_kg2_547.jpg,burn_1st_degree_kg2_547.jpg,img392.jpg
train,burn_1st_degree,burn_1st_degree_kg2_552.jpg,burn_1st_degree_kg2_552.jpg,img397.jpg
train,burn_1st_degree,burn_1st_degree_kg2_555.jpg,burn_1st_degree_kg2_281.jpg,img4.jpg
train,burn_1st_degree,burn_1st_degree_kg2_56.jpg,burn_1st_degree_kg2_56.jpg,img1087.jpg
train,burn_1st_degree,burn_1st_degree_kg2_562.jpg,burn_1st_degree_kg2_562.jpg,img408.jpg
train,burn_1st_degree,burn_1st_degree_kg2_566.jpg,burn_1st_degree_kg2_566.jpg,img412.jpg
train,burn_1st_degree,burn_1st_degree_kg2_567.jpg,burn_1st_degree_kg2_567.jpg,img413.jpg
train,burn_1st_degree,burn_1st_degree_kg2_568.jpg,burn_1st_degree_kg2_568.jpg,img414.jpg
train,burn_1st_degree,burn_1st_degree_kg2_573.jpg,burn_1st_degree_kg2_573.jpg,img419.jpg
train,burn_1st_degree,burn_1st_degree_kg2_575.jpg,burn_1st_degree_kg2_225.jpg,img420.jpg
train,burn_1st_degree,burn_1st_degree_kg2_577.jpg,burn_1st_degree_kg2_577.jpg,img422.jpg
train,burn_1st_degree,burn_1st_degree_kg2_578.jpg,burn_1st_degree_kg2_578.jpg,img424.jpg
train,burn_1st_degree,burn_1st_degree_kg2_579.jpg,burn_1st_degree_kg2_579.jpg,img425.jpg
train,burn_1st_degree,burn_1st_degree_kg2_581.jpg,burn_1st_degree_kg2_431.jpg,img429.jpg
train,burn_1st_degree,burn_1st_degree_kg2_582.jpg,burn_1st_degree_kg2_582.jpg,img43.jpg
train,burn_1st_degree,burn_1st_degree_kg2_583.jpg,burn_1st_degree_kg2_583.jpg,img430.jpg
train,burn_1st_degree,burn_1st_degree_kg2_586.jpg,burn_1st_degree_kg2_586.jpg,img434.jpg
train,burn_1st_degree,burn_1st_degree_kg2_59.jpg,burn_1st_degree_kg2_59.jpg,img1091.jpg
train,burn_1st_degree,burn_1st_degree_kg2_590.jpg,burn_1st_degree_kg2_590.jpg,img438.jpg
train,burn_1st_degree,burn_1st_degree_kg2_591.jpg,burn_1st_degree_kg2_591.jpg,img439.jpg
train,burn_1st_degree,burn_1st_degree_kg2_592.jpg,burn_1st_degree_kg2_592.jpg,img44.jpg
train,burn_1st_degree,burn_1st_degree_kg2_594.jpg,burn_1st_degree_kg2_594.jpg,img441.jpg
train,burn_1st_degree,burn_1st_degree_kg2_596.jpg,burn_1st_degree_kg2_596.jpg,img444.jpg
train,burn_1st_degree,burn_1st_degree_kg2_602.jpg,burn_1st_degree_kg2_602.jpg,img45.jpg
train,burn_1st_degree,burn_1st_degree_kg2_605.jpg,burn_1st_degree_kg2_605.jpg,img452.jpg
train,burn_1st_degree,burn_1st_degree_kg2_607.jpg,burn_1st_degree_kg2_607.jpg,img454.jpg
train,burn_1st_degree,burn_1st_degree_kg2_608.jpg,burn_1st_degree_kg2_608.jpg,img455.jpg
train,burn_1st_degree,burn_1st_degree_kg2_609.jpg,burn_1st_degree_kg2_609.jpg,img456.jpg
train,burn_1st_degree,burn_1st_degree_kg2_614.jpg,burn_1st_degree_kg2_614.jpg,img463.jpg
train,burn_1st_degree,burn_1st_degree_kg2_615.jpg,abrasion_kg1_142.jpg,img464.jpg
train,burn_1st_degree,burn_1st_degree_kg2_619.jpg,burn_1st_degree_kg2_619.jpg,img469.jpg
train,burn_1st_degree,burn_1st_degree_kg2_62.jpg,burn_1st_degree_kg2_62.jpg,img1096.jpg
train,burn_1st_degree,burn_1st_degree_kg2_621.jpg,burn_1st_degree_kg2_621.jpg,img470.jpg
train,burn_1st_degree,burn_1st_degree_kg2_624.jpg,burn_1st_degree_kg2_624.jpg,img473.jpg
train,burn_1st_degree,burn_1st_degree_kg2_630.jpg,burn_1st_degree_kg2_630.jpg,img48.jpg
train,burn_1st_degree,burn_1st_degree_kg2_632.jpg,burn_1st_degree_kg2_632.jpg,img481.jpg
train,burn_1st_degree,burn_1st_degree_kg2_636.jpg,burn_1st_degree_kg2_636.jpg,img485.jpg
train,burn_1st_degree,burn_1st_degree_kg2_639.jpg,burn_1st_degree_kg2_639.jpg,img488.jpg
train,burn_1st_degree,burn_1st_degree_kg2_640.jpg,burn_1st_degree_kg2_640.jpg,img489.jpg
train,burn_1st_degree,burn_1st_degree_kg2_642.jpg,burn_1st_degree_kg2_642.jpg,img491.jpg
train,burn_1st_degree,burn_1st_degree_kg2_644.jpg,burn_1st_degree_kg2_644.jpg,img493.jpg
train,burn_1st_degree,burn_1st_degree_kg2_645.jpg,burn_1st_degree_kg2_645.jpg,img494.jpg
train,burn_1st_degree,burn_1st_degree_kg2_648.jpg,burn_1st_degree_kg2_494.jpg,img497.jpg
train,burn_1st_degree,burn_1st_degree_kg2_654.jpg,burn_1st_degree_kg2_654.jpg,img501.jpg
train,burn_1st_degree,burn_1st_degree_kg2_655.jpg,burn_1st_degree_kg2_655.jpg,img503.jpg
train,burn_1st_degree,burn_1st_degree_kg2_657.jpg,burn_1st_degree_kg2_657.jpg,img506.jpg
train,burn_1st_degree,burn_1st_degree_kg2_669.jpg,burn_1st_degree_kg2_1047.jpg,img519.jpg
train,burn_1st_degree,burn_1st_degree_kg2_671.jpg,burn_1st_degree_kg2_591.jpg,img520.jpg
train,burn_1st_degree,burn_1st_degree_kg2_672.jpg,burn_1st_degree_kg2_672.jpg,img521.jpg
train,burn_1st_degree,burn_1st_degree_kg2_676.jpg,burn_1st_degree_kg2_170.jpg,img525.jpg
train,burn_1st_degree,burn_1st_degree_kg2_68.jpg,burn_1st_degree_kg2_68.jpg,img1103.jpg
train,burn_1st_degree,burn_1st_degree_kg2_682.jpg,burn_1st_degree_kg2_682.jpg,img531.jpg
train,burn_1st_degree,burn_1st_degree_kg2_686.jpg,burn_1st_degree_kg2_686.jpg,img535.jpg
train,burn_1st_degree,burn_1st_degree_kg2_690.jpg,abrasion_kg1_142.jpg,img539.jpg
train,burn_1st_degree,burn_1st_degree_kg2_7.jpg,burn_1st_degree_kg2_321.jpg,img1009.jpg
train,burn_1st_degree,burn_1st_degree_kg2_70.jpg,burn_1st_degree_kg2_70.jpg,img1105.jpg
train,burn_1st_degree,burn_1st_degree_kg2_700.jpg,burn_1st_degree_kg2_700.jpg,img548.jpg
train,burn_1st_degree,burn_1st_degree_kg2_704.jpg,burn_1st_degree_kg2_704.jpg,img552.jpg
train,burn_1st_degree,burn_1st_degree_kg2_705.jpg,burn_1st_degree_kg2_705.jpg,img553.jpg
train,burn_1st_degree,burn_1st_degree_kg2_706.jpg,burn_1st_degree_kg2_706.jpg,img555.jpg
train,burn_1st_degree,burn_1st_degree_kg2_707.jpg,burn_1st_degree_kg2_707.jpg,img557.jpg
train,burn_1st_degree,burn_1st_degree_kg2_710.jpg,burn_1st_degree_kg2_710.jpg,img56.jpg
train,burn_1st_degree,burn_1st_degree_kg2_713.jpg,abrasion_kg1_142.jpg,img562.jpg
train,burn_1st_degree,burn_1st_degree_kg2_714.jpg,burn_1st_degree_kg2_714.jpg,img563.jpg
train,burn_1st_degree,burn_1st_degree_kg2_718.jpg,abrasion_kg1_83.jpg,img567.jpg
train,burn_1st_degree,burn_1st_degree_kg2_719.jpg,burn_1st_degree_kg2_719.jpg,img568.jpg
train,burn_1st_degree,burn_1st_degree_kg2_721.jpg,burn_1st_degree_kg2_721.jpg,img571.jpg
train,burn_1st_degree,burn_1st_degree_kg2_722.jpg,burn_1st_degree_kg2_722.jpg,img572.jpg
train,burn_1st_degree,burn_1st_degree_kg2_725.jpg,burn_1st_degree_kg2_725.jpg,img575.jpg
train,burn_1st_degree,burn_1st_degree_kg2_727.jpg,burn_1st_degree_kg2_431.jpg,img578.jpg
train,burn_1st_degree,burn_1st_degree_kg2_728.jpg,burn_1st_degree_kg2_728.jpg,img579.jpg
train,burn_1st_degree,burn_1st_degree_kg2_731.jpg,burn_1st_degree_kg2_731.jpg,img581.jpg
train,burn_1st_degree,burn_1st_degree_kg2_734.jpg,burn_1st_degree_kg2_734.jpg,img585.jpg
train,burn_1st_degree,burn_1st_degree_kg2_736.jpg,burn_1st_degree_kg2_736.jpg,img588.jpg
train,burn_1st_degree,burn_1st_degree_kg2_741.jpg,burn_1st_degree_kg2_741.jpg,img594.jpg
train,burn_1st_degree,burn_1st_degree_kg2_742.jpg,abrasion_kg1_83.jpg,img595.jpg
train,burn_1st_degree,burn_1st_degree_kg2_745.jpg,burn_1st_degree_kg2_308.jpg,img598.jpg
train,burn_1st_degree,burn_1st_degree_kg2_746.jpg,burn_1st_degree_kg2_746.jpg,img599.jpg
train,burn_1st_degree,burn_1st_degree_kg2_750.jpg,burn_1st_degree_kg2_750.jpg,img602.jpg
train,burn_1st_degree,burn_1st_degree_kg2_752.jpg,burn_1st_degree_kg2_752.jpg,img604.jpg
train,burn_1st_degree,burn_1st_degree_kg2_754.jpg,burn_1st_degree_kg2_754.jpg,img607.jpg
train,burn_1st_degree,burn_1st_degree_kg2_758.jpg,burn_1st_degree_kg2_758.jpg,img612.jpg
train,burn_1st_degree,burn_1st_degree_kg2_763.jpg,burn_1st_degree_kg2_763.jpg,img62.jpg
train,burn_1st_degree,burn_1st_degree_kg2_764.jpg,burn_1st_degree_kg2_764.jpg,img620.jpg
train,burn_1st_degree,burn_1st_degree_kg2_766.jpg,burn_1st_degree_kg2_766.jpg,img622.jpg
train,burn_1st_degree,burn_1st_degree_kg2_770.jpg,burn_1st_degree_kg2_345.jpg,img626.jpg
train,burn_1st_degree,burn_1st_degree_kg2_772.jpg,abrasion_kg1_142.jpg,img628.jpg
train,burn_1st_degree,burn_1st_degree_kg2_775.jpg,burn_1st_degree_kg2_775.jpg,img630.jpg
train,burn_1st_degree,burn_1st_degree_kg2_777.jpg,burn_1st_degree_kg2_777.jpg,img633.jpg
train,burn_1st_degree,burn_1st_degree_kg2_781.jpg,burn_1st_degree_kg2_781.jpg,img639.jpg
train,burn_1st_degree,burn_1st_degree_kg2_789.jpg,burn_1st_degree_kg2_789.jpg,img646.jpg
train,burn_1st_degree,burn_1st_degree_kg2_792.jpg,burn_1st_degree_kg2_792.jpg,img650.jpg
train,burn_1st_degree,burn_1st_degree_kg2_795.jpg,burn_1st_degree_kg2_795.jpg,img653.jpg
train,burn_1st_degree,burn_1st_degree_kg2_801.jpg,burn_1st_degree_kg2_801.jpg,img660.jpg
train,burn_1st_degree,burn_1st_degree_kg2_804.jpg,burn_1st_degree_kg2_804.jpg,img664.jpg
train,burn_1st_degree,burn_1st_degree_kg2_805.jpg,burn_1st_degree_kg2_805.jpg,img665.jpg
train,burn_1st_degree,burn_1st_degree_kg2_809.jpg,burn_1st_degree_kg2_809.jpg,img67.jpg
train,burn_1st_degree,burn_1st_degree_kg2_814.jpg,burn_1st_degree_kg2_814.jpg,img674.jpg
train,burn_1st_degree,burn_1st_degree_kg2_819.jpg,burn_1st_degree_kg2_819.jpg,img682.jpg
train,burn_1st_degree,burn_1st_degree_kg2_820.jpg,burn_1st_degree_kg2_431.jpg,img683.jpg
train,burn_1st_degree,burn_1st_degree_kg2_829.jpg,burn_1st_degree_kg2_829.jpg,img693.jpg
train,burn_1st_degree,burn_1st_degree_kg2_830.jpg,burn_1st_degree_kg2_830.jpg,img694.jpg
train,burn_1st_degree,burn_1st_degree_kg2_831.jpg,burn_1st_degree_kg2_831.jpg,img695.jpg
train,burn_1st_degree,burn_1st_degree_kg2_832.jpg,burn_1st_degree_kg2_832.jpg,img696.jpg
train,burn_1st_degree,burn_1st_degree_kg2_834.jpg,burn_1st_degree_kg2_834.jpg,img698.jpg
train,burn_1st_degree,burn_1st_degree_kg2_835.jpg,burn_1st_degree_kg2_835.jpg,img699.jpg
train,burn_1st_degree,burn_1st_degree_kg2_841.jpg,burn_1st_degree_kg2_841.jpg,img708.jpg
train,burn_1st_degree,burn_1st_degree_kg2_846.jpg,burn_1st_degree_kg2_846.jpg,img712.jpg
train,burn_1st_degree,burn_1st_degree_kg2_851.jpg,burn_1st_degree_kg2_851.jpg,img718.jpg
train,burn_1st_degree,burn_1st_degree_kg2_857.jpg,burn_1st_degree_kg2_857.jpg,img727.jpg
train,burn_1st_degree,burn_1st_degree_kg2_861.jpg,burn_1st_degree_kg2_861.jpg,img734.jpg
train,burn_1st_degree,burn_1st_degree_kg2_862.jpg,burn_1st_degree_kg2_862.jpg,img738.jpg
train,burn_1st_degree,burn_1st_degree_kg2_864.jpg,burn_1st_degree_kg2_864.jpg,img74.jpg
train,burn_1st_degree,burn_1st_degree_kg2_867.jpg,burn_1st_degree_kg2_867.jpg,img746.jpg
train,burn_1st_degree,burn_1st_degree_kg2_875.jpg,burn_1st_degree_kg2_644.jpg,img757.jpg
train,burn_1st_degree,burn_1st_degree_kg2_876.jpg,burn_1st_degree_kg2_876.jpg,img758.jpg
train,burn_1st_degree,burn_1st_degree_kg2_88.jpg,burn_1st_degree_kg2_88.jpg,img1133.jpg
train,burn_1st_degree,burn_1st_degree_kg2_885.jpg,burn_1st_degree_kg2_885.jpg,img772.jpg
train,burn_1st_degree,burn_1st_degree_kg2_889.jpg,burn_1st_degree_kg2_889.jpg,img778.jpg
train,burn_1st_degree,burn_1st_degree_kg2_892.jpg,burn_1st_degree_kg2_892.jpg,img781.jpg
train,burn_1st_degree,burn_1st_degree_kg2_893.jpg,burn_1st_degree_kg2_893.jpg,img782.jpg
train,burn_1st_degree,burn_1st_degree_kg2_9.jpg,burn_1st_degree_kg2_9.jpg,img1010.jpg
train,burn_1st_degree,burn_1st_degree_kg2_90.jpg,burn_1st_degree_kg2_431.jpg,img114.jpg
train,burn_1st_degree,burn_1st_degree_kg2_905.jpg,abrasion_kg1_142.jpg,img80.jpg
train,burn_1st_degree,burn_1st_degree_kg2_907.jpg,burn_1st_degree_kg2_907.jpg,img803.jpg
train,burn_1st_degree,burn_1st_degree_kg2_914.jpg,burn_1st_degree_kg2_914.jpg,img810.jpg
train,burn_1st_degree,burn_1st_degree_kg2_917.jpg,burn_1st_degree_kg2_917.jpg,img816.jpg
train,burn_1st_degree,burn_1st_degree_kg2_919.jpg,burn_1st_degree_kg2_736.jpg,img818.jpg
train,burn_1st_degree,burn_1st_degree_kg2_931.jpg,burn_1st_degree_kg2_931.jpg,img831.jpg
train,burn_1st_degree,burn_1st_degree_kg2_937.jpg,burn_1st_degree_kg2_937.jpg,img841.jpg
train,burn_1st_degree,burn_1st_degree_kg2_939.jpg,burn_1st_degree_kg2_68.jpg,img844.jpg
train,burn_1st_degree,burn_1st_degree_kg2_943.jpg,burn_1st_degree_kg2_943.jpg,img848.jpg
train,burn_1st_degree,burn_1st_degree_kg2_946.jpg,burn_1st_degree_kg2_946.jpg,img850.jpg
train,burn_1st_degree,burn_1st_degree_kg2_953.jpg,burn_1st_degree_kg2_953.jpg,img859.jpg
train,burn_1st_degree,burn_1st_degree_kg2_959.jpg,burn_1st_degree_kg2_454.jpg,img867.jpg
train,burn_1st_degree,burn_1st_degree_kg2_960.jpg,burn_1st_degree_kg2_960.jpg,img868.jpg
train,burn_1st_degree,burn_1st_degree_kg2_961.jpg,burn_1st_degree_kg2_893.jpg,img869.jpg
train,burn_1st_degree,burn_1st_degree_kg2_972.jpg,burn_1st_degree_kg2_972.jpg,img885.jpg
train,burn_1st_degree,burn_1st_degree_kg2_975.jpg,burn_1st_degree_kg2_975.jpg,img89.jpg
train,burn_1st_degree,burn_1st_degree_kg2_978.jpg,burn_1st_degree_kg2_978.jpg,img892.jpg
train,burn_1st_degree,burn_1st_degree_kg2_984.jpg,burn_1st_degree_kg2_819.jpg,img903.jpg
train,burn_1st_degree,burn_1st_degree_kg2_985.jpg,burn_1st_degree_kg2_985.jpg,img904.jpg
train,burn_1st_degree,burn_1st_degree_kg2_986.jpg,burn_1st_degree_kg2_986.jpg,img905.jpg
train,burn_1st_degree,burn_1st_degree_kg2_989.jpg,burn_1st_degree_kg2_989.jpg,img91.jpg
train,burn_1st_degree,burn_1st_degree_kg2_99.jpg,burn_1st_degree_kg2_99.jpg,img1156.jpg
train,burn_1st_degree,burn_1st_degree_kg2_996.jpg,burn_1st_degree_kg2_996.jpg,img919.jpg
train,burn_1st_degree,burn_1st_degree_kg2_999.jpg,burn_1st_degree_kg2_999.jpg,img922.jpg
train,burn_1st_degree,extra_fares_burn_1st_degree_1.jpg,extra:extra_fares_burn_1st_degree_1.jpg,fares:1st degree burn/gettyimages-1263088074-612x612.jpg
train,burn_1st_degree,extra_fares_burn_1st_degree_21.jpg,extra:extra_fares_burn_1st_degree_21.jpg,fares:1st degree burn/img1025.jpg
train,burn_1st_degree,extra_fares_burn_1st_degree_67.jpg,extra:extra_fares_burn_1st_degree_67.jpg,fares:1st degree burn/img1120.jpg
train,burn_1st_degree,extra_fares_burn_1st_degree_96.jpg,extra:extra_fares_burn_1st_degree_96.jpg,fares:1st degree burn/img1188.jpg
train,burn_2nd_degree,burn_2nd_degree_kg2_1.jpg,burn_2nd_degree_kg2_1.jpg,img1.jpg
train,burn_2nd_degree,burn_2nd_degree_kg2_1000.jpg,burn_2nd_degree_kg2_1000.jpg,img923.jpg
train,burn_2nd_degree,burn_2nd_degree_kg2_1004.jpg,burn_2nd_degree_kg2_1004.jpg,img930.jpg
train,burn_2nd_degree,burn_2nd_degree_kg2_1007.jpg,burn_2nd_degree_kg2_1007.jpg,img933.jpg
train,burn_2nd_degree,burn_2nd_degree_kg2_1009.jpg,burn_2nd_degree_kg2_1009.jpg,img936.jpg
train,burn_2nd_degree,burn_2nd_degree_kg2_101.jpg,burn_1st_degree_kg2_431.jpg,img1158.jpg
train,burn_2nd_degree,burn_2nd_degree_kg2_1012.jpg,burn_2nd_degree_kg2_1012.jpg,img942.jpg
train,burn_2nd_degree,burn_2nd_degree_kg2_1013.jpg,burn_2nd_degree_kg2_1013.jpg,img943.jpg
train,burn_2nd_degree,burn_2nd_degree_kg2_1015.jpg,burn_2nd_degree_kg2_1015.jpg,img948.jpg
train,burn_2nd_degree,burn_2nd_degree_kg2_1020.jpg,burn_2nd_degree_kg2_1020.jpg,img955.jpg
train,burn_2nd_degree,burn_2nd_degree_kg2_1033.jpg,burn_2nd_degree_kg2_1033.jpg,img974.jpg
train,burn_2nd_degree,burn_2nd_degree_kg2_1038.jpg,burn_2nd_degree_kg2_1038.jpg,img980.jpg
train,burn_2nd_degree,burn_2nd_degree_kg2_104.jpg,burn_2nd_degree_kg2_104.jpg,img1160.jpg
train,burn_2nd_degree,burn_2nd_degree_kg2_105.jpg,burn_2nd_degree_kg2_105.jpg,img1161.jpg
train,burn_2nd_degree,burn_2nd_degree_kg2_1051.jpg,burn_2nd_degree_kg2_1051.jpg,img999.jpg
train,burn_2nd_degree,burn_2nd_degree_kg2_106.jpg,burn_2nd_degree_kg2_106.jpg,img1163.jpg
train,burn_2nd_degree,burn_2nd_degree_kg2_107.jpg,burn_2nd_degree_kg2_107.jpg,img1165.jpg
train,burn_2nd_degree,burn_2nd_degree_kg2_122.jpg,abrasion_kg1_142.jpg,img1183.jpg
train,burn_2nd_degree,burn_2nd_degree_kg2_126.jpg,burn_2nd_degree_kg2_126.jpg,img1189.jpg
train,burn_2nd_degree,burn_2nd_degree_kg2_131.jpg,burn_2nd_degree_kg2_131.jpg,img1198.jpg
train,burn_2nd_degree,burn_2nd_degree_kg2_136.jpg,burn_2nd_degree_kg2_136.jpg,img1205.jpg
train,burn_2nd_degree,burn_2nd_degree_kg2_142.jpg,burn_2nd_degree_kg2_131.jpg,img1212.jpg
train,burn_2nd_degree,burn_2nd_degree_kg2_143.jpg,burn_2nd_degree_kg2_143.jpg,img1213.jpg
train,burn_2nd_degree,burn_2nd_degree_kg2_145.jpg,burn_2nd_degree_kg2_145.jpg,img1215.jpg
train,burn_2nd_degree,burn_2nd_degree_kg2_147.jpg,burn_2nd_degree_kg2_147.jpg,img1219.jpg
train,burn_2nd_degree,burn_2nd_degree_kg2_148.jpg,burn_2nd_degree_kg2_148.jpg,img122.jpg
train,burn_2nd_degree,burn_2nd_degree_kg2_15.jpg,burn_2nd_degree_kg2_15.jpg,img1021.jpg
train,burn_2nd_degree,burn_2nd_degree_kg2_151.jpg,burn_2nd_degree_kg2_151.jpg,img1222.jpg
train,burn_2nd_degree,burn_2nd_degree_kg2_152.jpg,burn_2nd_degree_kg2_152.jpg,img1224.jpg
train,burn_2nd_degree,burn_2nd_degree_kg2_153.jpg,burn_2nd_degree_kg2_153.jpg,img1225.jpg
train,burn_2nd_degree,burn_2nd_degree_kg2_154.jpg,burn_2nd_degree_kg2_154.jpg,img1227.jpg
train,burn_2nd_degree,burn_2nd_degree_kg2_155.jpg,burn_2nd_degree_kg2_155.jpg,img123.jpg
train,burn_2nd_degree,burn_2nd_degree_kg2_164.jpg,burn_2nd_degree_kg2_164.jpg,img1240.jpg
train,burn_2nd_degree,burn_2nd_degree_kg2_165.jpg,burn_2nd_degree_kg2_165.jpg,img1242.jpg
train,burn_2nd_degree,burn_2nd_degree_kg2_177.jpg,burn_2nd_degree_kg2_177.jpg,img1258.jpg
train,burn_2nd_degree,burn_2nd_degree_kg2_178.jpg,burn_1st_degree_kg2_766.jpg,img1259.jpg
train,burn_2nd_degree,burn_2nd_degree_kg2_18.jpg,burn_2nd_degree_kg2_18.jpg,img1027.jpg
train,burn_2nd_degree,burn_2nd_degree_kg2_181.jpg,burn_2nd_degree_kg2_181.jpg,img1261.jpg
train,burn_2nd_degree,burn_2nd_degree_kg2_183.jpg,burn_2nd_degree_kg2_183.jpg,img1269.jpg
train,burn_2nd_degree,burn_2nd_degree_kg2_184.jpg,burn_2nd_degree_kg2_184.jpg,img1271.jpg
train,burn_2nd_degree,burn_2nd_degree_kg2_185.jpg,burn_2nd_degree_kg2_185.jpg,img1272.jpg
train,burn_2nd_degree,burn_2nd_degree_kg2_186.jpg,burn_2nd_degree_kg2_186.jpg,img1274.jpg
train,burn_2nd_degree,burn_2nd_degree_kg2_187.jpg,burn_2nd_degree_kg2_187.jpg,img1276.jpg
train,burn_2nd_degree,burn_2nd_degree_kg2_189.jpg,burn_1st_degree_kg2_752.jpg,img128.jpg
train,burn_2nd_degree,burn_2nd_degree_kg2_195.jpg,burn_2nd_degree_kg2_195.jpg,img1286.jpg
train,burn_2nd_degree,burn_2nd_degree_kg2_197.jpg,burn_1st_degree_kg2_851.jpg,img129.jpg
train,burn_2nd_degree,burn_2nd_degree_kg2_198.jpg,burn_2nd_degree_kg2_198.jpg,img1290.jpg
train,burn_2nd_degree,burn_2nd_degree_kg2_20.jpg,burn_2nd_degree_kg2_20.jpg,img1029.jpg
train,burn_2nd_degree,burn_2nd_degree_kg2_205.jpg,burn_2nd_degree_kg2_205.jpg,img130.jpg
train,burn_2nd_degree,burn_2nd_degree_kg2_206.jpg,burn_2nd_degree_kg2_206.jpg,img1301.jpg
train,burn_2nd_degree,burn_2nd_degree_kg2_208.jpg,burn_2nd_degree_kg2_208.jpg,img1304.jpg
train,burn_2nd_degree,burn_2nd_degree_kg2_21.jpg,burn_2nd_degree_kg2_21.jpg,img103.jpg
train,burn_2nd_degree,burn_2nd_degree_kg2_210.jpg,burn_2nd_degree_kg2_210.jpg,img1307.jpg
train,burn_2nd_degree,burn_2nd_degree_kg2_214.jpg,burn_2nd_degree_kg2_214.jpg,img1313.jpg
train,burn_2nd_degree,burn_2nd_degree_kg2_218.jpg,burn_2nd_degree_kg2_218.jpg,img1318.jpg
train,burn_2nd_degree,burn_2nd_degree_kg2_22.jpg,burn_2nd_degree_kg2_22.jpg,img1032.jpg
train,burn_2nd_degree,burn_2nd_degree_kg2_221.jpg,burn_2nd_degree_kg2_221.jpg,img1321.jpg
train,burn_2nd_degree,burn_2nd_degree_kg2_226.jpg,burn_2nd_degree_kg2_226.jpg,img1331.jpg
train,burn_2nd_degree,burn_2nd_degree_kg2_229.jpg,burn_2nd_degree_kg2_229.jpg,img1336.jpg
train,burn_2nd_degree,burn_2nd_degree_kg2_230.jpg,burn_2nd_degree_kg2_230.jpg,img1337.jpg
train,burn_2nd_degree,burn_2nd_degree_kg2_232.jpg,burn_2nd_degree_kg2_232.jpg,img1342.jpg
train,burn_2nd_degree,burn_2nd_degree_kg2_237.jpg,burn_2nd_degree_kg2_237.jpg,img135.jpg
train,burn_2nd_degree,burn_2nd_degree_kg2_238.jpg,burn_2nd_degree_kg2_238.jpg,img1350.jpg
train,burn_2nd_degree,burn_2nd_degree_kg2_239.jpg,burn_2nd_degree_kg2_239.jpg,img1351.jpg
train,burn_2nd_degree,burn_2nd_degree_kg2_241.jpg,burn_2nd_degree_kg2_241.jpg,img1353.jpg
train,burn_2nd_degree,burn_2nd_degree_kg2_244.jpg,burn_2nd_degree_kg2_244.jpg,img136.jpg
train,burn_2nd_degree,burn_2nd_degree_kg2_247.jpg,burn_2nd_degree_kg2_247.jpg,img1366.jpg
train,burn_2nd_degree,burn_2nd_degree_kg2_248.jpg,burn_2nd_degree_kg2_248.jpg,img1367.jpg
train,burn_2nd_degree,burn_2nd_degree_kg2_25.jpg,burn_2nd_degree_kg2_25.jpg,img1040.jpg
train,burn_2nd_degree,burn_2nd_degree_kg2_254.jpg,burn_2nd_degree_kg2_254.jpg,img1372.jpg
train,burn_2nd_degree,burn_2nd_degree_kg2_266.jpg,burn_2nd_degree_kg2_106.jpg,img1387.jpg
train,burn_2nd_degree,burn_2nd_degree_kg2_268.jpg,burn_2nd_degree_kg2_268.jpg,img1389.jpg
train,burn_2nd_degree,burn_2nd_degree_kg2_270.jpg,burn_2nd_degree_kg2_270.jpg,img1391.jpg
train,burn_2nd_degree,burn_2nd_degree_kg2_272.jpg,burn_2nd_degree_kg2_272.jpg,img1393.jpg
train,burn_2nd_degree,burn_2nd_degree_kg2_273.jpg,burn_2nd_degree_kg2_273.jpg,img1394.jpg
train,burn_2nd_degree,burn_2nd_degree_kg2_277.jpg,abrasion_kg1_142.jpg,img1400.jpg
train,burn_2nd_degree,burn_2nd_degree_kg2_279.jpg,burn_2nd_degree_kg2_279.jpg,img1402.jpg
train,burn_2nd_degree,burn_2nd_degree_kg2_283.jpg,burn_1st_degree_kg2_56.jpg,img1406.jpg
train,burn_2nd_degree,burn_2nd_degree_kg2_287.jpg,burn_2nd_degree_kg2_287.jpg,img1410.jpg
train,burn_2nd_degree,burn_2nd_degree_kg2_289.jpg,abrasion_kg1_142.jpg,img1413.jpg
train,burn_2nd_degree,burn_2nd_degree_kg2_290.jpg,burn_1st_degree_kg2_431.jpg,img1414.jpg
train,burn_2nd_degree,burn_2nd_degree_kg2_292.jpg,burn_2nd_degree_kg2_292.jpg,img1417.jpg
train,burn_2nd_degree,burn_2nd_degree_kg2_303.jpg,burn_2nd_degree_kg2_303.jpg,img1431.jpg
train,burn_2nd_degree,burn_2nd_degree_kg2_306.jpg,burn_2nd_degree_kg2_306.jpg,img1435.jpg
train,burn_2nd_degree,burn_2nd_degree_kg2_307.jpg,burn_2nd_degree_kg2_307.jpg,img1436.jpg
train,burn_2nd_degree,burn_2nd_degree_kg2_313.jpg,burn_2nd_degree_kg2_313.jpg,img148.jpg
train,burn_2nd_degree,burn_2nd_degree_kg2_317.jpg,abrasion_kg1_142.jpg,img152.jpg
train,burn_2nd_degree,burn_2nd_degree_kg2_318.jpg,burn_2nd_degree_kg2_318.jpg,img153.jpg
train,burn_2nd_degree,burn_2nd_degree_kg2_319.jpg,burn_2nd_degree_kg2_319.jpg,img154.jpg
train,burn_2nd_degree,burn_2nd_degree_kg2_32.jpg,burn_2nd_degree_kg2_32.jpg,img1050.jpg
train,burn_2nd_degree,burn_2nd_degree_kg2_320.jpg,burn_2nd_degree_kg2_320.jpg,img155.jpg
train,burn_2nd_degree,burn_2nd_degree_kg2_324.jpg,burn_2nd_degree_kg2_324.jpg,img159.jpg
train,burn_2nd_degree,burn_2nd_degree_kg2_327.jpg,burn_2nd_degree_kg2_1.jpg,img161.jpg
train,burn_2nd_degree,burn_2nd_degree_kg2_328.jpg,burn_1st_degree_kg2_68.jpg,img162.jpg
train,burn_2nd_degree,burn_2nd_degree_kg2_330.jpg,burn_2nd_degree_kg2_330.jpg,img165.jpg
train,burn_2nd_degree,burn_2nd_degree_kg2_331.jpg,burn_2nd_degree_kg2_331.jpg,img166.jpg
train,burn_2nd_degree,burn_2nd_degree_kg2_339.jpg,burn_2nd_degree_kg2_339.jpg,img175.jpg
train,burn_2nd_degree,burn_2nd_degree_kg2_340.jpg,burn_2nd_degree_kg2_18.jpg,img176.jpg
train,burn_2nd_degree,burn_2nd_degree_kg2_342.jpg,burn_2nd_degree_kg2_342.jpg,img178.jpg
train,burn_2nd_degree,burn_2nd_degree_kg2_350.jpg,burn_2nd_degree_kg2_350.jpg,img186.jpg
train,burn_2nd_degree,burn_2nd_degree_kg2_351.jpg,burn_2nd_degree_kg2_351.jpg,img188.jpg
train,burn_2nd_degree,burn_2nd_degree_kg2_352.jpg,burn_2nd_degree_kg2_352.jpg,img189.jpg
train,burn_2nd_degree,burn_2nd_degree_kg2_354.jpg,burn_2nd_degree_kg2_354.jpg,img191.jpg
train,burn_2nd_degree,burn_2nd_degree_kg2_360.jpg,burn_2nd_degree_kg2_230.jpg,img199.jpg
train,burn_2nd_degree,burn_2nd_degree_kg2_364.jpg,burn_1st_degree_kg2_590.jpg,img202.jpg
train,burn_2nd_degree,burn_2nd_degree_kg2_366.jpg,burn_2nd_degree_kg2_366.jpg,img205.jpg
train,burn_2nd_degree,burn_2nd_degree_kg2_367.jpg,burn_2nd_degree_kg2_367.jpg,img206.jpg
train,burn_2nd_degree,burn_2nd_degree_kg2_368.jpg,burn_2nd_degree_kg2_368.jpg,img21.jpg
train,burn_2nd_degree,burn_2nd_degree_kg2_369.jpg,burn_2nd_degree_kg2_1009.jpg,img210.jpg
train,burn_2nd_degree,burn_2nd_degree_kg2_370.jpg,burn_2nd_degree_kg2_370.jpg,img211.jpg
train,burn_2nd_degree,burn_2nd_degree_kg2_376.jpg,burn_2nd_degree_kg2_376.jpg,img217.jpg
train,burn_2nd_degree,burn_2nd_degree_kg2_38.jpg,burn_2nd_degree_kg2_38.jpg,img1060.jpg
train,burn_2nd_degree,burn_2nd_degree_kg2_382.jpg,burn_2nd_degree_kg2_382.jpg,img222.jpg
train,burn_2nd_degree,burn_2nd_degree_kg2_387.jpg,burn_1st_degree_kg2_567.jpg,img227.jpg
train,burn_2nd_degree,burn_2nd_degree_kg2_396.jpg,burn_2nd_degree_kg2_104.jpg,img236.jpg
train,burn_2nd_degree,burn_2nd_degree_kg2_401.jpg,burn_2nd_degree_kg2_401.jpg,img241.jpg
train,burn_2nd_degree,burn_2nd_degree_kg2_407.jpg,burn_2nd_degree_kg2_407.jpg,img248.jpg
train,burn_2nd_degree,burn_2nd_degree_kg2_409.jpg,burn_2nd_degree_kg2_409.jpg,img250.jpg
train,burn_2nd_degree,burn_2nd_degree_kg2_412.jpg,burn_2nd_degree_kg2_412.jpg,img254.jpg
train,burn_2nd_degree,burn_2nd_degree_kg2_417.jpg,burn_2nd_degree_kg2_417.jpg,img259.jpg
train,burn_2nd_degree,burn_2nd_degree_kg2_418.jpg,burn_2nd_degree_kg2_418.jpg,img26.jpg
train,burn_2nd_degree,burn_2nd_degree_kg2_420.jpg,burn_2nd_degree_kg2_420.jpg,img261.jpg
train,burn_2nd_degree,burn_2nd_degree_kg2_421.jpg,burn_2nd_degree_kg2_421.jpg,img263.jpg
train,burn_2nd_degree,burn_2nd_degree_kg2_424.jpg,burn_2nd_degree_kg2_424.jpg,img266.jpg
train,burn_2nd_degree,burn_2nd_degree_kg2_441.jpg,burn_2nd_degree_kg2_441.jpg,img285.jpg
train,burn_2nd_degree,burn_2nd_degree_kg2_442.jpg,burn_2nd_degree_kg2_442.jpg,img286.jpg
train,burn_2nd_degree,burn_2nd_degree_kg2_447.jpg,burn_2nd_degree_kg2_447.jpg,img290.jpg
train,burn_2nd_degree,burn_2nd_degree_kg2_448.jpg,burn_2nd_degree_kg2_448.jpg,img291.jpg
train,burn_2nd_degree,burn_2nd_degree_kg2_450.jpg,burn_2nd_degree_kg2_221.jpg,img293.jpg
train,burn_2nd_degree,burn_2nd_degree_kg2_451.jpg,burn_2nd_degree_kg2_451.jpg,img295.jpg
train,burn_2nd_degree,burn_2nd_degree_kg2_457.jpg,burn_2nd_degree_kg2_183.jpg,img301.jpg
train,burn_2nd_degree,burn_2nd_degree_kg2_46.jpg,burn_2nd_degree_kg2_46.jpg,img107.jpg
train,burn_2nd_degree,burn_2nd_degree_kg2_466.jpg,burn_2nd_degree_kg2_466.jpg,img310.jpg
train,burn_2nd_degree,burn_2nd_degree_kg2_468.jpg,burn_2nd_degree_kg2_354.jpg,img312.jpg
train,burn_2nd_degree,burn_2nd_degree_kg2_469.jpg,burn_2nd_degree_kg2_469.jpg,img313.jpg
train,burn_2nd_degree,burn_2nd_degree_kg2_473.jpg,burn_2nd_degree_kg2_473.jpg,img318.jpg
train,burn_2nd_degree,burn_2nd_degree_kg2_476.jpg,burn_2nd_degree_kg2_1.jpg,img321.jpg
train,burn_2nd_degree,burn_2nd_degree_kg2_478.jpg,burn_1st_degree_kg2_455.jpg,img323.jpg
train,burn_2nd_degree,burn_2nd_degree_kg2_48.jpg,burn_2nd_degree_kg2_22.jpg,img1072.jpg
train,burn_2nd_degree,burn_2nd_degree_kg2_482.jpg,burn_2nd_degree_kg2_482.jpg,img327.jpg
train,burn_2nd_degree,burn_2nd_degree_kg2_483.jpg,burn_2nd_degree_kg2_483.jpg,img328.jpg
train,burn_2nd_degree,burn_2nd_degree_kg2_492.jpg,burn_2nd_degree_kg2_492.jpg,img339.jpg
train,burn_2nd_degree,burn_2nd_degree_kg2_50.jpg,burn_2nd_degree_kg2_50.jpg,img1075.jpg
train,burn_2nd_degree,burn_2nd_degree_kg2_504.jpg,burn_2nd_degree_kg2_366.jpg,img35.jpg
train,burn_2nd_degree,burn_2nd_degree_kg2_513.jpg,burn_2nd_degree_kg2_513.jpg,img36.jpg
train,burn_2nd_degree,burn_2nd_degree_kg2_514.jpg,burn_2nd_degree_kg2_221.jpg,img360.jpg
train,burn_2nd_degree,burn_2nd_degree_kg2_525.jpg,burn_2nd_degree_kg2_525.jpg,img370.jpg
train,burn_2nd_degree,burn_2nd_degree_kg2_526.jpg,burn_2nd_degree_kg2_526.jpg,img371.jpg
train,burn_2nd_degree,burn_2nd_degree_kg2_530.jpg,burn_2nd_degree_kg2_530.jpg,img376.jpg
train,burn_2nd_degree,burn_2nd_degree_kg2_536.jpg,burn_2nd_degree_kg2_376.jpg,img382.jpg
train,burn_2nd_degree,burn_2nd_degree_kg2_54.jpg,burn_2nd_degree_kg2_54.jpg,img1081.jpg
train,burn_2nd_degree,burn_2nd_degree_kg2_541.jpg,burn_2nd_degree_kg2_541.jpg,img387.jpg
train,burn_2nd_degree,burn_2nd_degree_kg2_55.jpg,burn_2nd_degree_kg2_55.jpg,img1086.jpg
train,burn_2nd_degree,burn_2nd_degree_kg2_550.jpg,burn_2nd_degree_kg2_185.jpg,img395.jpg
train,burn_2nd_degree,burn_2nd_degree_kg2_553.jpg,burn_2nd_degree_kg2_553.jpg,img398.jpg
train,burn_2nd_degree,burn_2nd_degree_kg2_556.jpg,burn_2nd_degree_kg2_556.jpg,img400.jpg
train,burn_2nd_degree,burn_2nd_degree_kg2_557.jpg,burn_2nd_degree_kg2_557.jpg,img401.jpg
train,burn_2nd_degree,burn_2nd_degree_kg2_559.jpg,burn_2nd_degree_kg2_559.jpg,img405.jpg
train,burn_2nd_degree,burn_2nd_degree_kg2_570.jpg,burn_2nd_degree_kg2_570.jpg,img416.jpg
train,burn_2nd_degree,burn_2nd_degree_kg2_576.jpg,burn_2nd_degree_kg2_576.jpg,img421.jpg
train,burn_2nd_degree,burn_2nd_degree_kg2_580.jpg,burn_2nd_degree_kg2_1007.jpg,img426.jpg
train,burn_2nd_degree,burn_2nd_degree_kg2_585.jpg,burn_2nd_degree_kg2_273.jpg,img433.jpg
train,burn_2nd_degree,burn_2nd_degree_kg2_587.jpg,burn_2nd_degree_kg2_273.jpg,img435.jpg
train,burn_2nd_degree,burn_2nd_degree_kg2_588.jpg,burn_2nd_degree_kg2_588.jpg,img436.jpg
train,burn_2nd_degree,burn_2nd_degree_kg2_601.jpg,burn_2nd_degree_kg2_601.jpg,img449.jpg
train,burn_2nd_degree,burn_2nd_degree_kg2_604.jpg,burn_2nd_degree_kg2_279.jpg,img451.jpg
train,burn_2nd_degree,burn_2nd_degree_kg2_617.jpg,burn_2nd_degree_kg2_617.jpg,img467.jpg
train,burn_2nd_degree,burn_2nd_degree_kg2_627.jpg,burn_2nd_degree_kg2_627.jpg,img476.jpg
train,burn_2nd_degree,burn_2nd_degree_kg2_634.jpg,burn_2nd_degree_kg2_279.jpg,img483.jpg
train,burn_2nd_degree,burn_2nd_degree_kg2_635.jpg,burn_2nd_degree_kg2_635.jpg,img484.jpg
train,burn_2nd_degree,burn_2nd_degree_kg2_64.jpg,burn_2nd_degree_kg2_64.jpg,img1099.jpg
train,burn_2nd_degree,burn_2nd_degree_kg2_646.jpg,burn_2nd_degree_kg2_553.jpg,img495.jpg
train,burn_2nd_degree,burn_2nd_degree_kg2_649.jpg,burn_2nd_degree_kg2_649.jpg,img498.jpg
train,burn_2nd_degree,burn_2nd_degree_kg2_652.jpg,burn_2nd_degree_kg2_652.jpg,img50.jpg
train,burn_2nd_degree,burn_2nd_degree_kg2_659.jpg,burn_2nd_degree_kg2_659.jpg,img508.jpg
train,burn_2nd_degree,burn_2nd_degree_kg2_663.jpg,burn_2nd_degree_kg2_131.jpg,img511.jpg
train,burn_2nd_degree,burn_2nd_degree_kg2_664.jpg,burn_2nd_degree_kg2_50.jpg,img513.jpg
train,burn_2nd_degree,burn_2nd_degree_kg2_667.jpg,burn_2nd_degree_kg2_617.jpg,img517.jpg
train,burn_2nd_degree,burn_2nd_degree_kg2_675.jpg,burn_2nd_degree_kg2_367.jpg,img524.jpg
train,burn_2nd_degree,burn_2nd_degree_kg2_677.jpg,burn_2nd_degree_kg2_677.jpg,img526.jpg
train,burn_2nd_degree,burn_2nd_degree_kg2_685.jpg,burn_2nd_degree_kg2_685.jpg,img534.jpg
train,burn_2nd_degree,burn_2nd_degree_kg2_69.jpg,burn_2nd_degree_kg2_69.jpg,img1104.jpg
train,burn_2nd_degree,burn_2nd_degree_kg2_692.jpg,burn_2nd_degree_kg2_692.jpg,img540.jpg
train,burn_2nd_degree,burn_2nd_degree_kg2_695.jpg,burn_2nd_degree_kg2_354.jpg,img543.jpg
train,burn_2nd_degree,burn_2nd_degree_kg2_697.jpg,burn_2nd_degree_kg2_697.jpg,img545.jpg
train,burn_2nd_degree,burn_2nd_degree_kg2_709.jpg,burn_2nd_degree_kg2_709.jpg,img559.jpg
train,burn_2nd_degree,burn_2nd_degree_kg2_711.jpg,burn_2nd_degree_kg2_711.jpg,img560.jpg
train,burn_2nd_degree,burn_2nd_degree_kg2_715.jpg,burn_1st_degree_kg2_567.jpg,img564.jpg
train,burn_2nd_degree,burn_2nd_degree_kg2_729.jpg,burn_2nd_degree_kg2_729.jpg,img58.jpg
train,burn_2nd_degree,burn_2nd_degree_kg2_73.jpg,burn_2nd_degree_kg2_73.jpg,img1110.jpg
train,burn_2nd_degree,burn_2nd_degree_kg2_730.jpg,burn_2nd_degree_kg2_730.jpg,img580.jpg
train,burn_2nd_degree,burn_2nd_degree_kg2_735.jpg,burn_2nd_degree_kg2_735.jpg,img586.jpg
train,burn_2nd_degree,burn_2nd_degree_kg2_737.jpg,burn_2nd_degree_kg2_737.jpg,img59.jpg
train,burn_2nd_degree,burn_2nd_degree_kg2_748.jpg,burn_2nd_degree_kg2_748.jpg,img60.jpg
train,burn_2nd_degree,burn_2nd_degree_kg2_751.jpg,burn_2nd_degree_kg2_751.jpg,img603.jpg
train,burn_2nd_degree,burn_2nd_degree_kg2_755.jpg,burn_2nd_degree_kg2_755.jpg,img608.jpg
train,burn_2nd_degree,burn_2nd_degree_kg2_756.jpg,burn_2nd_degree_kg2_756.jpg,img609.jpg
train,burn_2nd_degree,burn_2nd_degree_kg2_760.jpg,burn_2nd_degree_kg2_354.jpg,img615.jpg
train,burn_2nd_degree,burn_2nd_degree_kg2_761.jpg,burn_2nd_degree_kg2_761.jpg,img616.jpg
train,burn_2nd_degree,burn_2nd_degree_kg2_762.jpg,burn_2nd_degree_kg2_762.jpg,img617.jpg
train,burn_2nd_degree,burn_2nd_degree_kg2_77.jpg,burn_2nd_degree_kg2_303.jpg,img1119.jpg
train,burn_2nd_degree,burn_2nd_degree_kg2_780.jpg,burn_2nd_degree_kg2_780.jpg,img638.jpg
train,burn_2nd_degree,burn_2nd_degree_kg2_786.jpg,burn_2nd_degree_kg2_786.jpg,img643.jpg
train,burn_2nd_degree,burn_2nd_degree_kg2_787.jpg,burn_2nd_degree_kg2_787.jpg,img644.jpg
train,burn_2nd_degree,burn_2nd_degree_kg2_790.jpg,burn_2nd_degree_kg2_790.jpg,img648.jpg
train,burn_2nd_degree,burn_2nd_degree_kg2_791.jpg,burn_2nd_degree_kg2_791.jpg,img649.jpg
train,burn_2nd_degree,burn_2nd_degree_kg2_793.jpg,burn_2nd_degree_kg2_324.jpg,img651.jpg
train,burn_2nd_degree,burn_2nd_degree_kg2_798.jpg,abrasion_kg1_142.jpg,img657.jpg
train,burn_2nd_degree,burn_2nd_degree_kg2_810.jpg,burn_2nd_degree_kg2_1033.jpg,img670.jpg
train,burn_2nd_degree,burn_2nd_degree_kg2_816.jpg,burn_2nd_degree_kg2_816.jpg,img677.jpg
train,burn_2nd_degree,burn_2nd_degree_kg2_817.jpg,burn_2nd_degree_kg2_817.jpg,img679.jpg
train,burn_2nd_degree,burn_2nd_degree_kg2_818.jpg,burn_2nd_degree_kg2_818.jpg,img680.jpg
train,burn_2nd_degree,burn_2nd_degree_kg2_82.jpg,burn_2nd_degree_kg2_82.jpg,img1126.jpg
train,burn_2nd_degree,burn_2nd_degree_kg2_822.jpg,burn_2nd_degree_kg2_451.jpg,img686.jpg
train,burn_2nd_degree,burn_2nd_degree_kg2_824.jpg,burn_1st_degree_kg2_763.jpg,img688.jpg
train,burn_2nd_degree,burn_2nd_degree_kg2_827.jpg,burn_2nd_degree_kg2_1009.jpg,img690.jpg
train,burn_2nd_degree,burn_2nd_degree_kg2_833.jpg,burn_2nd_degree_kg2_833.jpg,img697.jpg
train,burn_2nd_degree,burn_2nd_degree_kg2_839.jpg,burn_2nd_degree_kg2_330.jpg,img705.jpg
train,burn_2nd_degree,burn_2nd_degree_kg2_843.jpg,burn_2nd_degree_kg2_843.jpg,img71.jpg
train,burn_2nd_degree,burn_2nd_degree_kg2_845.jpg,burn_2nd_degree_kg2_845.jpg,img711.jpg
train,burn_2nd_degree,burn_2nd_degree_kg2_847.jpg,burn_2nd_degree_kg2_847.jpg,img713.jpg
train,burn_2nd_degree,burn_2nd_degree_kg2_849.jpg,burn_2nd_degree_kg2_354.jpg,img715.jpg
train,burn_2nd_degree,burn_2nd_degree_kg2_850.jpg,burn_2nd_degree_kg2_106.jpg,img716.jpg
train,burn_2nd_degree,burn_2nd_degree_kg2_852.jpg,burn_2nd_degree_kg2_852.jpg,img719.jpg
train,burn_2nd_degree,burn_2nd_degree_kg2_854.jpg,burn_2nd_degree_kg2_854.jpg,img721.jpg
train,burn_2nd_degree,burn_2nd_degree_kg2_856.jpg,burn_2nd_degree_kg2_856.jpg,img725.jpg
train,burn_2nd_degree,burn_2nd_degree_kg2_86.jpg,burn_2nd_degree_kg2_86.jpg,img113.jpg
train,burn_2nd_degree,burn_2nd_degree_kg2_863.jpg,burn_2nd_degree_kg2_863.jpg,img739.jpg
train,burn_2nd_degree,burn_2nd_degree_kg2_866.jpg,burn_2nd_degree_kg2_147.jpg,img745.jpg
train,burn_2nd_degree,burn_2nd_degree_kg2_873.jpg,burn_2nd_degree_kg2_659.jpg,img752.jpg
train,burn_2nd_degree,burn_2nd_degree_kg2_874.jpg,burn_2nd_degree_kg2_874.jpg,img753.jpg
train,burn_2nd_degree,burn_2nd_degree_kg2_877.jpg,burn_2nd_degree_kg2_877.jpg,img760.jpg
train,burn_2nd_degree,burn_2nd_degree_kg2_879.jpg,burn_2nd_degree_kg2_279.jpg,img763.jpg
train,burn_2nd_degree,burn_2nd_degree_kg2_880.jpg,burn_2nd_degree_kg2_880.jpg,img764.jpg
train,burn_2nd_degree,burn_2nd_degree_kg2_886.jpg,burn_2nd_degree_kg2_106.jpg,img773.jpg
train,burn_2nd_degree,burn_2nd_degree_kg2_887.jpg,burn_2nd_degree_kg2_887.jpg,img774.jpg
train,burn_2nd_degree,burn_2nd_degree_kg2_890.jpg,burn_2nd_degree_kg2_890.jpg,img78.jpg
train,burn_2nd_degree,burn_2nd_degree_kg2_894.jpg,abrasion_kg1_142.jpg,img784.jpg
train,burn_2nd_degree,burn_2nd_degree_kg2_904.jpg,burn_1st_degree_kg2_566.jpg,img8.jpg
train,burn_2nd_degree,burn_2nd_degree_kg2_906.jpg,burn_2nd_degree_kg2_627.jpg,img802.jpg
train,burn_2nd_degree,burn_2nd_degree_kg2_909.jpg,burn_2nd_degree_kg2_909.jpg,img805.jpg
train,burn_2nd_degree,burn_2nd_degree_kg2_912.jpg,burn_2nd_degree_kg2_912.jpg,img809.jpg
train,burn_2nd_degree,burn_2nd_degree_kg2_920.jpg,burn_2nd_degree_kg2_920.jpg,img819.jpg
train,burn_2nd_degree,burn_2nd_degree_kg2_921.jpg,burn_1st_degree_kg2_68.jpg,img82.jpg
train,burn_2nd_degree,burn_2nd_degree_kg2_925.jpg,burn_2nd_degree_kg2_925.jpg,img825.jpg
train,burn_2nd_degree,burn_2nd_degree_kg2_928.jpg,burn_2nd_degree_kg2_928.jpg,img829.jpg
train,burn_2nd_degree,burn_2nd_degree_kg2_930.jpg,burn_2nd_degree_kg2_930.jpg,img830.jpg
train,burn_2nd_degree,burn_2nd_degree_kg2_94.jpg,burn_2nd_degree_kg2_94.jpg,img1145.jpg
train,burn_2nd_degree,burn_2nd_degree_kg2_947.jpg,burn_2nd_degree_kg2_947.jpg,img851.jpg
train,burn_2nd_degree,burn_2nd_degree_kg2_948.jpg,burn_1st_degree_kg2_33.jpg,img852.jpg
train,burn_2nd_degree,burn_2nd_degree_kg2_950.jpg,abrasion_kg1_142.jpg,img855.jpg
train,burn_2nd_degree,burn_2nd_degree_kg2_951.jpg,burn_2nd_degree_kg2_951.jpg,img856.jpg
train,burn_2nd_degree,burn_2nd_degree_kg2_952.jpg,burn_2nd_degree_kg2_952.jpg,img857.jpg
train,burn_2nd_degree,burn_2nd_degree_kg2_958.jpg,burn_2nd_degree_kg2_958.jpg,img865.jpg
train,burn_2nd_degree,burn_2nd_degree_kg2_966.jpg,burn_2nd_degree_kg2_966.jpg,img878.jpg
train,burn_2nd_degree,burn_2nd_degree_kg2_968.jpg,burn_2nd_degree_kg2_968.jpg,img88.jpg
train,burn_2nd_degree,burn_2nd_degree_kg2_970.jpg,burn_2nd_degree_kg2_970.jpg,img883.jpg
train,burn_2nd_degree,burn_2nd_degree_kg2_973.jpg,burn_1st_degree_kg2_832.jpg,img886.jpg
train,burn_2nd_degree,burn_2nd_degree_kg2_974.jpg,burn_1st_degree_kg2_431.jpg,img887.jpg
train,burn_2nd_degree,burn_2nd_degree_kg2_977.jpg,burn_2nd_degree_kg2_977.jpg,img891.jpg
train,burn_2nd_degree,burn_2nd_degree_kg2_979.jpg,burn_2nd_degree_kg2_979.jpg,img895.jpg
train,burn_2nd_degree,burn_2nd_degree_kg2_98.jpg,burn_2nd_degree_kg2_98.jpg,img1154.jpg
train,burn_2nd_degree,burn_2nd_degree_kg2_981.jpg,burn_2nd_degree_kg2_981.jpg,img9.jpg
train,burn_2nd_degree,burn_2nd_degree_kg2_983.jpg,burn_2nd_degree_kg2_983.jpg,img901.jpg
train,burn_2nd_degree,burn_2nd_degree_kg2_992.jpg,burn_2nd_degree_kg2_992.jpg,img914.jpg
train,burn_2nd_degree,burn_2nd_degree_kg2_993.jpg,burn_2nd_degree_kg2_993.jpg,img916.jpg
train,burn_2nd_degree,burn_2nd_degree_kg2_994.jpg,burn_2nd_degree_kg2_73.jpg,img917.jpg
train,burn_2nd_degree,burn_2nd_degree_kg2_995.jpg,burn_1st_degree_kg2_34.jpg,img918.jpg
train,burn_2nd_degree,extra_fares_burn_2nd_degree_0.jpg,extra:extra_fares_burn_2nd_degree_0.jpg,fares:2nd degree burn/gettyimages-1125373677-612x612.jpg
train,burn_2nd_degree,extra_fares_burn_2nd_degree_1.jpg,extra:extra_fares_burn_2nd_degree_1.jpg,fares:2nd degree burn/gettyimages-134739061-612x612.jpg
train,burn_2nd_degree,extra_fares_burn_2nd_degree_104.jpg,extra:extra_fares_burn_2nd_degree_104.jpg,fares:2nd degree burn/img1174_jpg.rf.7953473df2eb281052f9b84fa4f1e94d.jpg
train,burn_2nd_degree,extra_fares_burn_2nd_degree_11.jpg,extra:extra_fares_burn_2nd_degree_11.jpg,fares:2nd degree burn/gettyimages-168493254-1024x1024.jpg
train,burn_2nd_degree,extra_fares_burn_2nd_degree_147.jpg,extra:extra_fares_burn_2nd_degree_147.jpg,fares:2nd degree burn/img1241.jpg
train,burn_2nd_degree,extra_fares_burn_2nd_degree_173.jpg,extra:extra_fares_burn_2nd_degree_173.jpg,fares:2nd degree burn/img1283.jpg
train,burn_2nd_degree,extra_fares_burn_2nd_degree_194.jpg,extra:extra_fares_burn_2nd_degree_194.jpg,fares:2nd degree burn/img1305.jpg
train,burn_2nd_degree,extra_fares_burn_2nd_degree_246.jpg,extra:extra_fares_burn_2nd_degree_246.jpg,fares:2nd degree burn/img1375.jpg
train,burn_2nd_degree,extra_fares_burn_2nd_degree_3.jpg,extra:extra_fares_burn_2nd_degree_3.jpg,fares:2nd degree burn/gettyimages-1409016938-612x612.jpg
train,burn_2nd_degree,extra_fares_burn_2nd_degree_328.jpg,extra:extra_fares_burn_2nd_degree_328.jpg,fares:2nd degree burn/img2.jpg
train,burn_2nd_degree,extra_fares_burn_2nd_degree_332.jpg,extra:extra_fares_burn_2nd_degree_332.jpg,fares:2nd degree burn/img204.jpg
train,burn_2nd_degree,extra_fares_burn_2nd_degree_381.jpg,extra:extra_fares_burn_2nd_degree_381.jpg,fares:2nd degree burn/img262.jpg
train,burn_2nd_degree,extra_fares_burn_2nd_degree_4.jpg,extra:extra_fares_burn_2nd_degree_4.jpg,fares:2nd degree burn/gettyimages-1448550947-612x612.jpg
train,burn_2nd_degree,extra_fares_burn_2nd_degree_467.jpg,extra:extra_fares_burn_2nd_degree_467.jpg,fares:2nd degree burn/img40.jpg
train,burn_2nd_degree,extra_fares_burn_2nd_degree_494.jpg,extra:extra_fares_burn_2nd_degree_494.jpg,fares:2nd degree burn/img432.jpg
train,burn_2nd_degree,extra_fares_burn_2nd_degree_5.jpg,extra:extra_fares_burn_2nd_degree_5.jpg,fares:2nd degree burn/gettyimages-1452910920-612x612.jpg
train,burn_2nd_degree,extra_fares_burn_2nd_degree_525.jpg,extra:extra_fares_burn_2nd_degree_525.jpg,fares:2nd degree burn/img490.jpg
train,burn_2nd_degree,extra_fares_burn_2nd_degree_571.jpg,extra:extra_fares_burn_2nd_degree_571.jpg,fares:2nd degree burn/img587.jpg
train,burn_2nd_degree,extra_fares_burn_2nd_degree_626.jpg,extra:extra_fares_burn_2nd_degree_626.jpg,fares:2nd degree burn/img678.jpg
train,burn_2nd_degree,extra_fares_burn_2nd_degree_64.jpg,extra:extra_fares_burn_2nd_degree_64.jpg,fares:2nd degree burn/img1114.jpg
train,burn_2nd_degree,extra_fares_burn_2nd_degree_650.jpg,extra:extra_fares_burn_2nd_degree_650.jpg,fares:2nd degree burn/img706.jpg
train,burn_2nd_degree,extra_fares_burn_2nd_degree_718.jpg,extra:extra_fares_burn_2nd_degree_718.jpg,fares:2nd degree burn/img838.jpg
train,burn_2nd_degree,extra_fares_burn_2nd_degree_76.jpg,extra:extra_fares_burn_2nd_degree_76.jpg,fares:2nd degree burn/img1131.jpg
train,burn_2nd_degree,extra_fares_burn_2nd_degree_778.jpg,extra:extra_fares_burn_2nd_degree_778.jpg,fares:2nd degree burn/img920.jpg
train,burn_3rd_degree,burn_3rd_degree_kg2_10.jpg,burn_3rd_degree_kg2_10.jpg,img1011.jpg
train,burn_3rd_degree,burn_3rd_degree_kg2_1014.jpg,burn_3rd_degree_kg2_1014.jpg,img945.jpg
train,burn_3rd_degree,burn_3rd_degree_kg2_1016.jpg,burn_3rd_degree_kg2_1016.jpg,img949.jpg
train,burn_3rd_degree,burn_3rd_degree_kg2_1019.jpg,burn_3rd_degree_kg2_1019.jpg,img953.jpg
train,burn_3rd_degree,burn_3rd_degree_kg2_1025.jpg,burn_3rd_degree_kg2_1025.jpg,img961.jpg
train,burn_3rd_degree,burn_3rd_degree_kg2_1030.jpg,burn_3rd_degree_kg2_1030.jpg,img971.jpg
train,burn_3rd_degree,burn_3rd_degree_kg2_1032.jpg,burn_3rd_degree_kg2_1032.jpg,img973.jpg
train,burn_3rd_degree,burn_3rd_degree_kg2_1045.jpg,burn_3rd_degree_kg2_1045.jpg,img99.jpg
train,burn_3rd_degree,burn_3rd_degree_kg2_1049.jpg,burn_3rd_degree_kg2_1049.jpg,img993.jpg
train,burn_3rd_degree,burn_3rd_degree_kg2_108.jpg,burn_3rd_degree_kg2_108.jpg,img1166.jpg
train,burn_3rd_degree,burn_3rd_degree_kg2_110.jpg,burn_3rd_degree_kg2_110.jpg,img1169.jpg
train,burn_3rd_degree,burn_3rd_degree_kg2_111.jpg,burn_3rd_degree_kg2_111.jpg,img117.jpg
train,burn_3rd_degree,burn_3rd_degree_kg2_118.jpg,burn_3rd_degree_kg2_118.jpg,img1179.jpg
train,burn_3rd_degree,burn_3rd_degree_kg2_124.jpg,abrasion_kg1_83.jpg,img1186.jpg
train,burn_3rd_degree,burn_3rd_degree_kg2_13.jpg,burn_3rd_degree_kg2_13.jpg,img1016.jpg
train,burn_3rd_degree,burn_3rd_degree_kg2_132.jpg,burn_3rd_degree_kg2_132.jpg,img12.jpg
train,burn_3rd_degree,burn_3rd_degree_kg2_137.jpg,burn_3rd_degree_kg2_137.jpg,img1207.jpg
train,burn_3rd_degree,burn_3rd_degree_kg2_140.jpg,burn_3rd_degree_kg2_140.jpg,img1210.jpg
train,burn_3rd_degree,burn_3rd_degree_kg2_141.jpg,burn_3rd_degree_kg2_141.jpg,img1211.jpg
train,burn_3rd_degree,burn_3rd_degree_kg2_163.jpg,burn_3rd_degree_kg2_163.jpg,img124.jpg
train,burn_3rd_degree,burn_3rd_degree_kg2_166.jpg,burn_3rd_degree_kg2_166.jpg,img1243.jpg
train,burn_3rd_degree,burn_3rd_degree_kg2_173.jpg,burn_3rd_degree_kg2_173.jpg,img1253.jpg
train,burn_3rd_degree,burn_3rd_degree_kg2_175.jpg,burn_3rd_degree_kg2_175.jpg,img1256.jpg
train,burn_3rd_degree,burn_3rd_degree_kg2_179.jpg,burn_3rd_degree_kg2_179.jpg,img126.jpg
train,burn_3rd_degree,burn_3rd_degree_kg2_188.jpg,burn_3rd_degree_kg2_188.jpg,img1278.jpg
train,burn_3rd_degree,burn_3rd_degree_kg2_191.jpg,burn_3rd_degree_kg2_191.jpg,img1281.jpg
train,burn_3rd_degree,burn_3rd_degree_kg2_201.jpg,burn_3rd_degree_kg2_201.jpg,img1293.jpg
train,burn_3rd_degree,burn_3rd_degree_kg2_207.jpg,burn_3rd_degree_kg2_207.jpg,img1302.jpg
train,burn_3rd_degree,burn_3rd_degree_kg2_209.jpg,burn_3rd_degree_kg2_209.jpg,img1306.jpg
train,burn_3rd_degree,burn_3rd_degree_kg2_220.jpg,burn_3rd_degree_kg2_220.jpg,img1320.jpg
train,burn_3rd_degree,burn_3rd_degree_kg2_222.jpg,burn_3rd_degree_kg2_222.jpg,img1323.jpg
train,burn_3rd_degree,burn_3rd_degree_kg2_223.jpg,burn_3rd_degree_kg2_223.jpg,img1324.jpg
train,burn_3rd_degree,burn_3rd_degree_kg2_242.jpg,burn_3rd_degree_kg2_242.jpg,img1358.jpg
train,burn_3rd_degree,burn_3rd_degree_kg2_256.jpg,burn_3rd_degree_kg2_256.jpg,img1376.jpg
train,burn_3rd_degree,burn_3rd_degree_kg2_271.jpg,burn_3rd_degree_kg2_271.jpg,img1392.jpg
train,burn_3rd_degree,burn_3rd_degree_kg2_293.jpg,burn_3rd_degree_kg2_293.jpg,img1418.jpg
train,burn_3rd_degree,burn_3rd_degree_kg2_302.jpg,burn_3rd_degree_kg2_302.jpg,img143.jpg
train,burn_3rd_degree,burn_3rd_degree_kg2_304.jpg,burn_3rd_degree_kg2_304.jpg,img1433.jpg
train,burn_3rd_degree,burn_3rd_degree_kg2_314.jpg,burn_3rd_degree_kg2_314.jpg,img15.jpg
train,burn_3rd_degree,burn_3rd_degree_kg2_332.jpg,burn_3rd_degree_kg2_332.jpg,img167.jpg
train,burn_3rd_degree,burn_3rd_degree_kg2_336.jpg,burn_3rd_degree_kg2_336.jpg,img170.jpg
train,burn_3rd_degree,burn_3rd_degree_kg2_338.jpg,burn_3rd_degree_kg2_1032.jpg,img173.jpg
train,burn_3rd_degree,burn_3rd_degree_kg2_346.jpg,burn_3rd_degree_kg2_346.jpg,img181.jpg
train,burn_3rd_degree,burn_3rd_degree_kg2_35.jpg,burn_3rd_degree_kg2_35.jpg,img1055.jpg
train,burn_3rd_degree,burn_3rd_degree_kg2_353.jpg,burn_3rd_degree_kg2_353.jpg,img190.jpg
train,burn_3rd_degree,burn_3rd_degree_kg2_358.jpg,burn_3rd_degree_kg2_358.jpg,img195.jpg
train,burn_3rd_degree,burn_3rd_degree_kg2_371.jpg,burn_2nd_degree_kg2_874.jpg,img212.jpg
train,burn_3rd_degree,burn_3rd_degree_kg2_374.jpg,burn_3rd_degree_kg2_374.jpg,img215.jpg
train,burn_3rd_degree,burn_3rd_degree_kg2_378.jpg,burn_3rd_degree_kg2_378.jpg,img219.jpg
train,burn_3rd_degree,burn_3rd_degree_kg2_381.jpg,burn_2nd_degree_kg2_164.jpg,img221.jpg
train,burn_3rd_degree,burn_3rd_degree_kg2_385.jpg,burn_3rd_degree_kg2_385.jpg,img225.jpg
train,burn_3rd_degree,burn_3rd_degree_kg2_39.jpg,burn_3rd_degree_kg2_39.jpg,img1062.jpg
train,burn_3rd_degree,burn_3rd_degree_kg2_400.jpg,burn_3rd_degree_kg2_400.jpg,img24.jpg
train,burn_3rd_degree,burn_3rd_degree_kg2_402.jpg,burn_3rd_degree_kg2_402.jpg,img242.jpg
train,burn_3rd_degree,burn_3rd_degree_kg2_404.jpg,burn_3rd_degree_kg2_404.jpg,img244.jpg
train,burn_3rd_degree,burn_3rd_degree_kg2_410.jpg,burn_3rd_degree_kg2_410.jpg,img251.jpg
train,burn_3rd_degree,burn_3rd_degree_kg2_43.jpg,burn_3rd_degree_kg2_43.jpg,img1067.jpg
train,burn_3rd_degree,burn_3rd_degree_kg2_432.jpg,burn_3rd_degree_kg2_110.jpg,img275.jpg
train,burn_3rd_degree,burn_3rd_degree_kg2_435.jpg,burn_3rd_degree_kg2_435.jpg,img278.jpg
train,burn_3rd_degree,burn_3rd_degree_kg2_44.jpg,burn_3rd_degree_kg2_1032.jpg,img1068.jpg
train,burn_3rd_degree,burn_3rd_degree_kg2_443.jpg,burn_3rd_degree_kg2_443.jpg,img287.jpg
train,burn_3rd_degree,burn_3rd_degree_kg2_461.jpg,burn_3rd_degree_kg2_461.jpg,img305.jpg
train,burn_3rd_degree,burn_3rd_degree_kg2_47.jpg,burn_3rd_degree_kg2_47.jpg,img1070.jpg
train,burn_3rd_degree,burn_3rd_degree_kg2_474.jpg,burn_3rd_degree_kg2_474.jpg,img319.jpg
train,burn_3rd_degree,burn_3rd_degree_kg2_493.jpg,burn_3rd_degree_kg2_493.jpg,img34.jpg
train,burn_3rd_degree,burn_3rd_degree_kg2_5.jpg,burn_3rd_degree_kg2_5.jpg,img1005.jpg
train,burn_3rd_degree,burn_3rd_degree_kg2_511.jpg,burn_3rd_degree_kg2_511.jpg,img356.jpg
train,burn_3rd_degree,burn_3rd_degree_kg2_53.jpg,burn_3rd_degree_kg2_53.jpg,img108.jpg
train,burn_3rd_degree,burn_3rd_degree_kg2_538.jpg,burn_3rd_degree_kg2_538.jpg,img384.jpg
train,burn_3rd_degree,burn_3rd_degree_kg2_539.jpg,burn_3rd_degree_kg2_539.jpg,img385.jpg
train,burn_3rd_degree,burn_3rd_degree_kg2_542.jpg,burn_3rd_degree_kg2_53.jpg,img388.jpg
train,burn_3rd_degree,burn_3rd_degree_kg2_558.jpg,burn_3rd_degree_kg2_558.jpg,img404.jpg
train,burn_3rd_degree,burn_3rd_degree_kg2_593.jpg,burn_3rd_degree_kg2_593.jpg,img440.jpg
train,burn_3rd_degree,burn_3rd_degree_kg2_597.jpg,burn_3rd_degree_kg2_597.jpg,img445.jpg
train,burn_3rd_degree,burn_3rd_degree_kg2_6.jpg,burn_3rd_degree_kg2_1019.jpg,img1007.jpg
train,burn_3rd_degree,burn_3rd_degree_kg2_606.jpg,burn_3rd_degree_kg2_606.jpg,img453.jpg
train,burn_3rd_degree,burn_3rd_degree_kg2_611.jpg,burn_3rd_degree_kg2_611.jpg,img459.jpg
train,burn_3rd_degree,burn_3rd_degree_kg2_620.jpg,burn_3rd_degree_kg2_1014.jpg,img47.jpg
train,burn_3rd_degree,burn_3rd_degree_kg2_638.jpg,burn_3rd_degree_kg2_638.jpg,img487.jpg
train,burn_3rd_degree,burn_3rd_degree_kg2_641.jpg,burn_3rd_degree_kg2_641.jpg,img49.jpg
train,burn_3rd_degree,burn_3rd_degree_kg2_650.jpg,burn_3rd_degree_kg2_650.jpg,img499.jpg
train,burn_3rd_degree,burn_3rd_degree_kg2_656.jpg,burn_3rd_degree_kg2_47.jpg,img504.jpg
train,burn_3rd_degree,burn_3rd_degree_kg2_658.jpg,burn_3rd_degree_kg2_611.jpg,img507.jpg
train,burn_3rd_degree,burn_3rd_degree_kg2_660.jpg,burn_3rd_degree_kg2_256.jpg,img509.jpg
train,burn_3rd_degree,burn_3rd_degree_kg2_661.jpg,burn_3rd_degree_kg2_661.jpg,img51.jpg
train,burn_3rd_degree,burn_3rd_degree_kg2_670.jpg,burn_3rd_degree_kg2_220.jpg,img52.jpg
train,burn_3rd_degree,burn_3rd_degree_kg2_681.jpg,burn_3rd_degree_kg2_132.jpg,img530.jpg
train,burn_3rd_degree,burn_3rd_degree_kg2_687.jpg,burn_3rd_degree_kg2_687.jpg,img536.jpg
train,burn_3rd_degree,burn_3rd_degree_kg2_688.jpg,burn_3rd_degree_kg2_688.jpg,img537.jpg
train,burn_3rd_degree,burn_3rd_degree_kg2_689.jpg,burn_3rd_degree_kg2_118.jpg,img538.jpg
train,burn_3rd_degree,burn_3rd_degree_kg2_702.jpg,burn_3rd_degree_kg2_108.jpg,img55.jpg
train,burn_3rd_degree,burn_3rd_degree_kg2_703.jpg,burn_3rd_degree_kg2_703.jpg,img550.jpg
train,burn_3rd_degree,burn_3rd_degree_kg2_732.jpg,burn_3rd_degree_kg2_732.jpg,img582.jpg
train,burn_3rd_degree,burn_3rd_degree_kg2_740.jpg,burn_3rd_degree_kg2_740.jpg,img593.jpg
train,burn_3rd_degree,burn_3rd_degree_kg2_747.jpg,burn_3rd_degree_kg2_747.jpg,img6.jpg
train,burn_3rd_degree,burn_3rd_degree_kg2_757.jpg,burn_3rd_degree_kg2_757.jpg,img61.jpg
train,burn_3rd_degree,burn_3rd_degree_kg2_759.jpg,burn_3rd_degree_kg2_336.jpg,img613.jpg
train,burn_3rd_degree,burn_3rd_degree_kg2_771.jpg,burn_3rd_degree_kg2_110.jpg,img627.jpg
train,burn_3rd_degree,burn_3rd_degree_kg2_778.jpg,burn_3rd_degree_kg2_1014.jpg,img635.jpg
train,burn_3rd_degree,burn_3rd_degree_kg2_779.jpg,burn_3rd_degree_kg2_779.jpg,img636.jpg
train,burn_3rd_degree,burn_3rd_degree_kg2_788.jpg,burn_3rd_degree_kg2_788.jpg,img645.jpg
train,burn_3rd_degree,burn_3rd_degree_kg2_79.jpg,burn_3rd_degree_kg2_703.jpg,img1123.jpg
train,burn_3rd_degree,burn_3rd_degree_kg2_800.jpg,burn_3rd_degree_kg2_688.jpg,img66.jpg
train,burn_3rd_degree,burn_3rd_degree_kg2_812.jpg,burn_3rd_degree_kg2_812.jpg,img672.jpg
train,burn_3rd_degree,burn_3rd_degree_kg2_84.jpg,burn_3rd_degree_kg2_84.jpg,img1128.jpg
train,burn_3rd_degree,burn_3rd_degree_kg2_844.jpg,burn_3rd_degree_kg2_173.jpg,img710.jpg
train,burn_3rd_degree,burn_3rd_degree_kg2_85.jpg,burn_3rd_degree_kg2_85.jpg,img1129.jpg
train,burn_3rd_degree,burn_3rd_degree_kg2_865.jpg,burn_3rd_degree_kg2_865.jpg,img741.jpg
train,burn_3rd_degree,burn_3rd_degree_kg2_868.jpg,burn_3rd_degree_kg2_868.jpg,img748.jpg
train,burn_3rd_degree,burn_3rd_degree_kg2_872.jpg,burn_3rd_degree_kg2_872.jpg,img751.jpg
train,burn_3rd_degree,burn_3rd_degree_kg2_881.jpg,burn_3rd_degree_kg2_881.jpg,img765.jpg
train,burn_3rd_degree,burn_3rd_degree_kg2_884.jpg,burn_2nd_degree_kg2_816.jpg,img771.jpg
train,burn_3rd_degree,burn_3rd_degree_kg2_897.jpg,burn_1st_degree_kg2_654.jpg,img79.jpg
train,burn_3rd_degree,burn_3rd_degree_kg2_903.jpg,burn_3rd_degree_kg2_903.jpg,img798.jpg
train,burn_3rd_degree,burn_3rd_degree_kg2_91.jpg,burn_3rd_degree_kg2_91.jpg,img1140.jpg
train,burn_3rd_degree,burn_3rd_degree_kg2_915.jpg,burn_3rd_degree_kg2_402.jpg,img811.jpg
train,burn_3rd_degree,burn_3rd_degree_kg2_916.jpg,burn_3rd_degree_kg2_916.jpg,img815.jpg
train,burn_3rd_degree,burn_3rd_degree_kg2_922.jpg,burn_3rd_degree_kg2_922.jpg,img821.jpg
train,burn_3rd_degree,burn_3rd_degree_kg2_924.jpg,burn_2nd_degree_kg2_18.jpg,img824.jpg
train,burn_3rd_degree,burn_3rd_degree_kg2_926.jpg,burn_3rd_degree_kg2_926.jpg,img827.jpg
train,burn_3rd_degree,burn_3rd_degree_kg2_933.jpg,burn_3rd_degree_kg2_933.jpg,img833.jpg
train,burn_3rd_degree,burn_3rd_degree_kg2_936.jpg,burn_3rd_degree_kg2_650.jpg,img84.jpg
train,burn_3rd_degree,burn_3rd_degree_kg2_940.jpg,burn_3rd_degree_kg2_940.jpg,img845.jpg
train,burn_3rd_degree,burn_3rd_degree_kg2_954.jpg,burn_3rd_degree_kg2_954.jpg,img86.jpg
train,burn_3rd_degree,burn_3rd_degree_kg2_962.jpg,burn_3rd_degree_kg2_962.jpg,img87.jpg
train,burn_3rd_degree,burn_3rd_degree_kg2_971.jpg,burn_3rd_degree_kg2_971.jpg,img884.jpg
train,burn_3rd_degree,burn_3rd_degree_kg2_987.jpg,burn_3rd_degree_kg2_1016.jpg,img907.jpg
train,burn_3rd_degree,burn_3rd_degree_kg2_990.jpg,burn_3rd_degree_kg2_990.jpg,img910.jpg
train,burn_3rd_degree,extra_fares_burn_3rd_degree_1.jpg,extra:extra_fares_burn_3rd_degree_1.jpg,fares:3rd degree burn/gettyimages-108223106-612x612.jpg
train,burn_3rd_degree,extra_fares_burn_3rd_degree_100.jpg,extra:extra_fares_burn_3rd_degree_100.jpg,fares:3rd degree burn/google_0681.jpg
train,burn_3rd_degree,extra_fares_burn_3rd_degree_101.jpg,extra:extra_fares_burn_3rd_degree_101.jpg,fares:3rd degree burn/google_0685.jpg
train,burn_3rd_degree,extra_fares_burn_3rd_degree_102.jpg,extra:extra_fares_burn_3rd_degree_102.jpg,fares:3rd degree burn/google_0704.jpg
train,burn_3rd_degree,extra_fares_burn_3rd_degree_103.jpg,extra:extra_fares_burn_3rd_degree_103.jpg,fares:3rd degree burn/google_0707.jpg
train,burn_3rd_degree,extra_fares_burn_3rd_degree_105.jpg,extra:extra_fares_burn_3rd_degree_105.jpg,fares:3rd degree burn/google_0718.jpg
train,burn_3rd_degree,extra_fares_burn_3rd_degree_106.jpg,extra:extra_fares_burn_3rd_degree_106.jpg,fares:3rd degree burn/google_0734.jpg
train,burn_3rd_degree,extra_fares_burn_3rd_degree_107.jpg,extra:extra_fares_burn_3rd_degree_107.jpg,fares:3rd degree burn/google_0736.jpg
train,burn_3rd_degree,extra_fares_burn_3rd_degree_109.jpg,extra:extra_fares_burn_3rd_degree_109.jpg,fares:3rd degree burn/google_0746.jpg
train,burn_3rd_degree,extra_fares_burn_3rd_degree_110.jpg,extra:extra_fares_burn_3rd_degree_110.jpg,fares:3rd degree burn/google_0765.jpg
train,burn_3rd_degree,extra_fares_burn_3rd_degree_111.jpg,extra:extra_fares_burn_3rd_degree_111.jpg,fares:3rd degree burn/google_0800.jpg
train,burn_3rd_degree,extra_fares_burn_3rd_degree_112.jpg,extra:extra_fares_burn_3rd_degree_112.jpg,fares:3rd degree burn/google_0804.jpg
train,burn_3rd_degree,extra_fares_burn_3rd_degree_114.jpg,extra:extra_fares_burn_3rd_degree_114.jpg,fares:3rd degree burn/google_0813.jpg
train,burn_3rd_degree,extra_fares_burn_3rd_degree_116.jpg,extra:extra_fares_burn_3rd_degree_116.jpg,fares:3rd degree burn/google_0850.jpg
train,burn_3rd_degree,extra_fares_burn_3rd_degree_117.jpg,extra:extra_fares_burn_3rd_degree_117.jpg,fares:3rd degree burn/google_0863.jpg
train,burn_3rd_degree,extra_fares_burn_3rd_degree_119.jpg,extra:extra_fares_burn_3rd_degree_119.jpg,fares:3rd degree burn/google_0887.jpg
train,burn_3rd_degree,extra_fares_burn_3rd_degree_12.jpg,extra:extra_fares_burn_3rd_degree_12.jpg,fares:3rd degree burn/gettyimages-585286303-612x612.jpg
train,burn_3rd_degree,extra_fares_burn_3rd_degree_120.jpg,extra:extra_fares_burn_3rd_degree_120.jpg,fares:3rd degree burn/google_0901.jpg
train,burn_3rd_degree,extra_fares_burn_3rd_degree_15.jpg,extra:extra_fares_burn_3rd_degree_15.jpg,fares:3rd degree burn/google_0039.jpg
train,burn_3rd_degree,extra_fares_burn_3rd_degree_17.jpg,extra:extra_fares_burn_3rd_degree_17.jpg,fares:3rd degree burn/google_0053.jpg
train,burn_3rd_degree,extra_fares_burn_3rd_degree_18.jpg,extra:extra_fares_burn_3rd_degree_18.jpg,fares:3rd degree burn/google_0054.jpg
train,burn_3rd_degree,extra_fares_burn_3rd_degree_2.jpg,extra:extra_fares_burn_3rd_degree_2.jpg,fares:3rd degree burn/gettyimages-1448550916-612x612.jpg
train,burn_3rd_degree,extra_fares_burn_3rd_degree_21.jpg,extra:extra_fares_burn_3rd_degree_21.jpg,fares:3rd degree burn/google_0079.jpg
train,burn_3rd_degree,extra_fares_burn_3rd_degree_22.jpg,extra:extra_fares_burn_3rd_degree_22.jpg,fares:3rd degree burn/google_0081.jpg
train,burn_3rd_degree,extra_fares_burn_3rd_degree_228.jpg,extra:extra_fares_burn_3rd_degree_228.jpg,fares:3rd degree burn/img1362_jpg.rf.1c27e9b1d494817420b760ef17f7fddf.jpg
train,burn_3rd_degree,extra_fares_burn_3rd_degree_23.jpg,extra:extra_fares_burn_3rd_degree_23.jpg,fares:3rd degree burn/google_0086.jpg
train,burn_3rd_degree,extra_fares_burn_3rd_degree_25.jpg,extra:extra_fares_burn_3rd_degree_25.jpg,fares:3rd degree burn/google_0093.jpg
train,burn_3rd_degree,extra_fares_burn_3rd_degree_26.jpg,extra:extra_fares_burn_3rd_degree_26.jpg,fares:3rd degree burn/google_0095.jpg
train,burn_3rd_degree,extra_fares_burn_3rd_degree_28.jpg,extra:extra_fares_burn_3rd_degree_28.jpg,fares:3rd degree burn/google_0103.jpg
train,burn_3rd_degree,extra_fares_burn_3rd_degree_29.jpg,extra:extra_fares_burn_3rd_degree_29.jpg,fares:3rd degree burn/google_0105.jpg
train,burn_3rd_degree,extra_fares_burn_3rd_degree_3.jpg,extra:extra_fares_burn_3rd_degree_3.jpg,fares:3rd degree burn/gettyimages-157382597-612x612.jpg
train,burn_3rd_degree,extra_fares_burn_3rd_degree_30.jpg,extra:extra_fares_burn_3rd_degree_30.jpg,fares:3rd degree burn/google_0111.jpg
train,burn_3rd_degree,extra_fares_burn_3rd_degree_31.jpg,extra:extra_fares_burn_3rd_degree_31.jpg,fares:3rd degree burn/google_0114.jpg
train,burn_3rd_degree,extra_fares_burn_3rd_degree_32.jpg,extra:extra_fares_burn_3rd_degree_32.jpg,fares:3rd degree burn/google_0115.jpg
train,burn_3rd_degree,extra_fares_burn_3rd_degree_33.jpg,extra:extra_fares_burn_3rd_degree_33.jpg,fares:3rd degree burn/google_0119.jpg
train,burn_3rd_degree,extra_fares_burn_3rd_degree_36.jpg,extra:extra_fares_burn_3rd_degree_36.jpg,fares:3rd degree burn/google_0182.jpg
train,burn_3rd_degree,extra_fares_burn_3rd_degree_39.jpg,extra:extra_fares_burn_3rd_degree_39.jpg,fares:3rd degree burn/google_0200.jpg
train,burn_3rd_degree,extra_fares_burn_3rd_degree_394.jpg,extra:extra_fares_burn_3rd_degree_394.jpg,fares:3rd degree burn/img589.jpg
train,burn_3rd_degree,extra_fares_burn_3rd_degree_4.jpg,extra:extra_fares_burn_3rd_degree_4.jpg,fares:3rd degree burn/gettyimages-157402915-612x612.jpg
train,burn_3rd_degree,extra_fares_burn_3rd_degree_40.jpg,extra:extra_fares_burn_3rd_degree_40.jpg,fares:3rd degree burn/google_0204.jpg
train,burn_3rd_degree,extra_fares_burn_3rd_degree_41.jpg,extra:extra_fares_burn_3rd_degree_41.jpg,fares:3rd degree burn/google_0208.jpg
train,burn_3rd_degree,extra_fares_burn_3rd_degree_43.jpg,extra:extra_fares_burn_3rd_degree_43.jpg,fares:3rd degree burn/google_0219.jpg
train,burn_3rd_degree,extra_fares_burn_3rd_degree_44.jpg,extra:extra_fares_burn_3rd_degree_44.jpg,fares:3rd degree burn/google_0238.jpg
train,burn_3rd_degree,extra_fares_burn_3rd_degree_45.jpg,extra:extra_fares_burn_3rd_degree_45.jpg,fares:3rd degree burn/google_0240.jpg
train,burn_3rd_degree,extra_fares_burn_3rd_degree_46.jpg,extra:extra_fares_burn_3rd_degree_46.jpg,fares:3rd degree burn/google_0260.jpg
train,burn_3rd_degree,extra_fares_burn_3rd_degree_48.jpg,extra:extra_fares_burn_3rd_degree_48.jpg,fares:3rd degree burn/google_0276.jpg
train,burn_3rd_degree,extra_fares_burn_3rd_degree_49.jpg,extra:extra_fares_burn_3rd_degree_49.jpg,fares:3rd degree burn/google_0284.jpg
train,burn_3rd_degree,extra_fares_burn_3rd_degree_50.jpg,extra:extra_fares_burn_3rd_degree_50.jpg,fares:3rd degree burn/google_0291.jpg
train,burn_3rd_degree,extra_fares_burn_3rd_degree_51.jpg,extra:extra_fares_burn_3rd_degree_51.jpg,fares:3rd degree burn/google_0298.jpg
train,burn_3rd_degree,extra_fares_burn_3rd_degree_52.jpg,extra:extra_fares_burn_3rd_degree_52.jpg,fares:3rd degree burn/google_0301.jpg
train,burn_3rd_degree,extra_fares_burn_3rd_degree_54.jpg,extra:extra_fares_burn_3rd_degree_54.jpg,fares:3rd degree burn/google_0307.jpg
train,burn_3rd_degree,extra_fares_burn_3rd_degree_56.jpg,extra:extra_fares_burn_3rd_degree_56.jpg,fares:3rd degree burn/google_0330.jpg
train,burn_3rd_degree,extra_fares_burn_3rd_degree_57.jpg,extra:extra_fares_burn_3rd_degree_57.jpg,fares:3rd degree burn/google_0342.jpg
train,burn_3rd_degree,extra_fares_burn_3rd_degree_58.jpg,extra:extra_fares_burn_3rd_degree_58.jpg,fares:3rd degree burn/google_0343.jpg
train,burn_3rd_degree,extra_fares_burn_3rd_degree_59.jpg,extra:extra_fares_burn_3rd_degree_59.jpg,fares:3rd degree burn/google_0344.jpg
train,burn_3rd_degree,extra_fares_burn_3rd_degree_6.jpg,extra:extra_fares_burn_3rd_degree_6.jpg,fares:3rd degree burn/gettyimages-157589095-612x612.jpg
train,burn_3rd_degree,extra_fares_burn_3rd_degree_60.jpg,extra:extra_fares_burn_3rd_degree_60.jpg,fares:3rd degree burn/google_0346.jpg
train,burn_3rd_degree,extra_fares_burn_3rd_degree_61.jpg,extra:extra_fares_burn_3rd_degree_61.jpg,fares:3rd degree burn/google_0352.jpg
train,burn_3rd_degree,extra_fares_burn_3rd_degree_63.jpg,extra:extra_fares_burn_3rd_degree_63.jpg,fares:3rd degree burn/google_0369.jpg
train,burn_3rd_degree,extra_fares_burn_3rd_degree_65.jpg,extra:extra_fares_burn_3rd_degree_65.jpg,fares:3rd degree burn/google_0374.jpg
train,burn_3rd_degree,extra_fares_burn_3rd_degree_66.jpg,extra:extra_fares_burn_3rd_degree_66.jpg,fares:3rd degree burn/google_0380.jpg
train,burn_3rd_degree,extra_fares_burn_3rd_degree_67.jpg,extra:extra_fares_burn_3rd_degree_67.jpg,fares:3rd degree burn/google_0382.jpg
train,burn_3rd_degree,extra_fares_burn_3rd_degree_68.jpg,extra:extra_fares_burn_3rd_degree_68.jpg,fares:3rd degree burn/google_0384.jpg
train,burn_3rd_degree,extra_fares_burn_3rd_degree_69.jpg,extra:extra_fares_burn_3rd_degree_69.jpg,fares:3rd degree burn/google_0385.jpg
train,burn_3rd_degree,extra_fares_burn_3rd_degree_7.jpg,extra:extra_fares_burn_3rd_degree_7.jpg,fares:3rd degree burn/gettyimages-157614495-612x612.jpg
train,burn_3rd_degree,extra_fares_burn_3rd_degree_70.jpg,extra:extra_fares_burn_3rd_degree_70.jpg,fares:3rd degree burn/google_0391.jpg
train,burn_3rd_degree,extra_fares_burn_3rd_degree_72.jpg,extra:extra_fares_burn_3rd_degree_72.jpg,fares:3rd degree burn/google_0401.jpg
train,burn_3rd_degree,extra_fares_burn_3rd_degree_73.jpg,extra:extra_fares_burn_3rd_degree_73.jpg,fares:3rd degree burn/google_0417.jpg
train,burn_3rd_degree,extra_fares_burn_3rd_degree_74.jpg,extra:extra_fares_burn_3rd_degree_74.jpg,fares:3rd degree burn/google_0422.jpg
train,burn_3rd_degree,extra_fares_burn_3rd_degree_76.jpg,extra:extra_fares_burn_3rd_degree_76.jpg,fares:3rd degree burn/google_0436.jpg
train,burn_3rd_degree,extra_fares_burn_3rd_degree_77.jpg,extra:extra_fares_burn_3rd_degree_77.jpg,fares:3rd degree burn/google_0437.jpg
train,burn_3rd_degree,extra_fares_burn_3rd_degree_78.jpg,extra:extra_fares_burn_3rd_degree_78.jpg,fares:3rd degree burn/google_0444.jpg
train,burn_3rd_degree,extra_fares_burn_3rd_degree_79.jpg,extra:extra_fares_burn_3rd_degree_79.jpg,fares:3rd degree burn/google_0446.jpg
train,burn_3rd_degree,extra_fares_burn_3rd_degree_80.jpg,extra:extra_fares_burn_3rd_degree_80.jpg,fares:3rd degree burn/google_0453.jpg
train,burn_3rd_degree,extra_fares_burn_3rd_degree_81.jpg,extra:extra_fares_burn_3rd_degree_81.jpg,fares:3rd degree burn/google_0456.jpg
train,burn_3rd_degree,extra_fares_burn_3rd_degree_83.jpg,extra:extra_fares_burn_3rd_degree_83.jpg,fares:3rd degree burn/google_0468.jpg
train,burn_3rd_degree,extra_fares_burn_3rd_degree_85.jpg,extra:extra_fares_burn_3rd_degree_85.jpg,fares:3rd degree burn/google_0486.jpg
train,burn_3rd_degree,extra_fares_burn_3rd_degree_88.jpg,extra:extra_fares_burn_3rd_degree_88.jpg,fares:3rd degree burn/google_0504.jpg
train,burn_3rd_degree,extra_fares_burn_3rd_degree_89.jpg,extra:extra_fares_burn_3rd_degree_89.jpg,fares:3rd degree burn/google_0564.jpg
train,burn_3rd_degree,extra_fares_burn_3rd_degree_90.jpg,extra:extra_fares_burn_3rd_degree_90.jpg,fares:3rd degree burn/google_0586.jpg
train,burn_3rd_degree,extra_fares_burn_3rd_degree_91.jpg,extra:extra_fares_burn_3rd_degree_91.jpg,fares:3rd degree burn/google_0588.jpg
train,burn_3rd_degree,extra_fares_burn_3rd_degree_92.jpg,extra:extra_fares_burn_3rd_degree_92.jpg,fares:3rd degree burn/google_0609.jpg
train,burn_3rd_degree,extra_fares_burn_3rd_degree_93.jpg,extra:extra_fares_burn_3rd_degree_93.jpg,fares:3rd degree burn/google_0611.jpg
train,burn_3rd_degree,extra_fares_burn_3rd_degree_94.jpg,extra:extra_fares_burn_3rd_degree_94.jpg,fares:3rd degree burn/google_0618.jpg
train,burn_3rd_degree,extra_fares_burn_3rd_degree_95.jpg,extra:extra_fares_burn_3rd_degree_95.jpg,fares:3rd degree burn/google_0627.jpg
train,burn_3rd_degree,extra_fares_burn_3rd_degree_96.jpg,extra:extra_fares_burn_3rd_degree_96.jpg,fares:3rd degree burn/google_0648.jpg
train,burn_3rd_degree,extra_fares_burn_3rd_degree_97.jpg,extra:extra_fares_burn_3rd_degree_97.jpg,fares:3rd degree burn/google_0655.jpg
train,burn_3rd_degree,extra_fares_burn_3rd_degree_98.jpg,extra:extra_fares_burn_3rd_degree_98.jpg,fares:3rd degree burn/google_0667.jpg
train,burn_3rd_degree,extra_fares_burn_3rd_degree_99.jpg,extra:extra_fares_burn_3rd_degree_99.jpg,fares:3rd degree burn/google_0671.jpg
train,cut,cut_kg1_1.jpg,cut_kg1_1.jpg,0724ba1e-fa2f-4ce2-b59b-6ee77f27a82e.jpg
train,cut,cut_kg1_10.jpg,cut_kg1_10.jpg,10c52686-000f-4b37-b332-a71eb093f617.png
train,cut,cut_kg1_101.jpg,cut_kg1_101.jpg,212.jpg
train,cut,cut_kg1_102.jpg,cut_kg1_102.jpg,213.jpg
train,cut,cut_kg1_103.jpg,cut_kg1_103.jpg,214.jpg
train,cut,cut_kg1_104.jpg,cut_kg1_104.jpg,215.jpg
train,cut,cut_kg1_105.jpg,cut_kg1_105.jpg,216.jpg
train,cut,cut_kg1_107.jpg,cut_kg1_107.jpg,219.jpg
train,cut,cut_kg1_108.jpg,cut_kg1_108.jpg,220.jpg
train,cut,cut_kg1_109.jpg,cut_kg1_109.jpg,221.jpg
train,cut,cut_kg1_11.jpg,cut_kg1_11.jpg,110.jpg
train,cut,cut_kg1_111.jpg,cut_kg1_111.jpg,223.jpg
train,cut,cut_kg1_112.jpg,cut_kg1_112.jpg,224.jpg
train,cut,cut_kg1_114.jpg,cut_kg1_114.jpg,226.jpg
train,cut,cut_kg1_115.jpg,cut_kg1_115.jpg,227.jpg
train,cut,cut_kg1_117.jpg,cut_kg1_117.jpg,230.jpg
train,cut,cut_kg1_119.jpg,cut_kg1_119.jpg,232.jpg
train,cut,cut_kg1_12.jpg,cut_kg1_12.jpg,111.jpg
train,cut,cut_kg1_121.jpg,cut_kg1_121.jpg,234.jpg
train,cut,cut_kg1_123.jpg,cut_kg1_123.jpg,237.jpg
train,cut,cut_kg1_124.jpg,cut_kg1_124.jpg,238.jpg
train,cut,cut_kg1_125.jpg,cut_kg1_125.jpg,239.jpg
train,cut,cut_kg1_128.jpg,cut_kg1_128.jpg,246.jpg
train,cut,cut_kg1_129.jpg,cut_kg1_129.jpg,247.jpg
train,cut,cut_kg1_13.jpg,cut_kg1_13.jpg,112.jpg
train,cut,cut_kg1_130.jpg,cut_kg1_130.jpg,248.jpg
train,cut,cut_kg1_131.jpg,cut_kg1_131.jpg,249.jpg
train,cut,cut_kg1_132.jpg,cut_kg1_11.jpg,250.jpg
train,cut,cut_kg1_133.jpg,abrasion_kg1_142.jpg,251.jpg
train,cut,cut_kg1_134.jpg,cut_kg1_134.jpg,251d82a3-e38e-4e69-b2a1-418b5ef1b51c.jpg
train,cut,cut_kg1_135.jpg,cut_kg1_135.jpg,252.jpg
train,cut,cut_kg1_136.jpg,cut_kg1_136.jpg,253.jpg
train,cut,cut_kg1_139.jpg,cut_kg1_139.jpg,257.jpg
train,cut,cut_kg1_14.jpg,cut_kg1_14.jpg,113.jpg
train,cut,cut_kg1_140.jpg,cut_kg1_140.jpg,258.jpg
train,cut,cut_kg1_141.jpg,cut_kg1_141.jpg,260.jpg
train,cut,cut_kg1_142.jpg,cut_kg1_142.jpg,261.jpg
train,cut,cut_kg1_143.jpg,cut_kg1_143.jpg,264.jpg
train,cut,cut_kg1_148.jpg,cut_kg1_148.jpg,270.jpg
train,cut,cut_kg1_149.jpg,abrasion_kg1_142.jpg,271.jpg
train,cut,cut_kg1_152.jpg,cut_kg1_152.jpg,274.jpg
train,cut,cut_kg1_153.jpg,cut_kg1_153.jpg,275.jpg
train,cut,cut_kg1_154.jpg,cut_kg1_154.jpg,276.jpg
train,cut,cut_kg1_155.jpg,cut_kg1_155.jpg,277.jpg
train,cut,cut_kg1_156.jpg,cut_kg1_156.jpg,278.jpg
train,cut,cut_kg1_157.jpg,cut_kg1_157.jpg,279.jpg
train,cut,cut_kg1_158.jpg,cut_kg1_158.jpg,280.jpg
train,cut,cut_kg1_159.jpg,cut_kg1_159.jpg,2a631b9c-5302-458d-8ab5-80a8a67b13c1.jpg
train,cut,cut_kg1_160.jpg,cut_kg1_160.jpg,3af07938-7d6e-4e6a-a11b-d89c95f7e704.jpg
train,cut,cut_kg1_161.jpg,cut_kg1_101.jpg,3afe9528-f6d9-44c9-b885-c305332ba701.jpg
train,cut,cut_kg1_162.jpg,cut_kg1_162.jpg,415b1ce4-0322-43e9-96b7-601cb56bdc15.jpg
train,cut,cut_kg1_163.jpg,cut_kg1_163.jpg,428fd8e6-7ca1-481d-bb51-ff6c6a6718de.jpg
train,cut,cut_kg1_165.jpg,abrasion_kg1_142.jpg,4db726f3-cbb7-4c32-b905-862e70173d9a.jpg
train,cut,cut_kg1_166.jpg,cut_kg1_166.jpg,4ebc90b4-0f40-49e1-81c6-6b684724ca74.JPG
train,cut,cut_kg1_167.jpg,cut_kg1_167.jpg,503533bd-2026-4548-8e3c-92c1dfcfecd2.png
train,cut,cut_kg1_169.jpg,cut_kg1_169.jpg,5d08ddd2-a76f-4aaf-946d-259c3bd5dcf5.jpg
train,cut,cut_kg1_171.jpg,cut_kg1_171.jpg,5fea22bf-5d1b-475b-aaa4-0200ec14dc49.jpg
train,cut,cut_kg1_172.jpg,cut_kg1_172.jpg,6ab7d7ae-9a97-4824-8244-d5741c20cdfc.jpg
train,cut,cut_kg1_173.jpg,cut_kg1_173.jpg,6ae8e10f-375b-495a-aa5e-d5c1cf560e74.jpg
train,cut,cut_kg1_176.jpg,cut_kg1_176.jpg,72.jpg
train,cut,cut_kg1_177.jpg,cut_kg1_177.jpg,73.jpg
train,cut,cut_kg1_178.jpg,cut_kg1_104.jpg,75.jpg
train,cut,cut_kg1_179.jpg,cut_kg1_179.jpg,76.jpg
train,cut,cut_kg1_18.jpg,cut_kg1_18.jpg,117.jpg
train,cut,cut_kg1_181.jpg,cut_kg1_181.jpg,78.jpg
train,cut,cut_kg1_182.jpg,cut_kg1_182.jpg,79.jpg
train,cut,cut_kg1_184.jpg,cut_kg1_184.jpg,81.jpg
train,cut,cut_kg1_186.jpg,cut_kg1_186.jpg,83.jpg
train,cut,cut_kg1_187.jpg,cut_kg1_187.jpg,84.jpg
train,cut,cut_kg1_19.jpg,cut_kg1_19.jpg,118.jpg
train,cut,cut_kg1_190.jpg,cut_kg1_190.jpg,87.jpg
train,cut,cut_kg1_192.jpg,cut_kg1_192.jpg,881ca76e-9a3e-43a5-8063-7e9b2f63e8fa.jpg
train,cut,cut_kg1_193.jpg,cut_kg1_193.jpg,89.jpg
train,cut,cut_kg1_194.jpg,cut_kg1_194.jpg,90.jpg
train,cut,cut_kg1_195.jpg,cut_kg1_195.jpg,905daeae-6ef2-48d5-bc0c-b4505aec69dc.jpg
train,cut,cut_kg1_197.jpg,cut_kg1_197.jpg,92.jpg
train,cut,cut_kg1_2.jpg,cut_kg1_2.jpg,100.jpg
train,cut,cut_kg1_201.jpg,cut_kg1_169.jpg,96.jpg
train,cut,cut_kg1_202.jpg,cut_kg1_202.jpg,98.jpg
train,cut,cut_kg1_203.jpg,cut_kg1_203.jpg,99.jpg
train,cut,cut_kg1_204.jpg,cut_kg1_204.jpg,a46552a9-37ef-47ae-bee1-0e4f8d25f7b0.jpg
train,cut,cut_kg1_205.jpg,cut_kg1_205.jpg,a7cfbf14-27c9-4cf6-af41-3ac279b3e666.jpg
train,cut,cut_kg1_208.jpg,cut_kg1_208.jpg,afc5a4e9-4771-4d74-8c13-840a40869e16.jpg
train,cut,cut_kg1_209.jpg,cut_kg1_209.jpg,b0500530-f7d5-40a1-9cce-846eff5db0d8.jpg
train,cut,cut_kg1_212.jpg,cut_kg1_212.jpg,cut (13).jpg
train,cut,cut_kg1_213.jpg,cut_kg1_112.jpg,cut (15).jpg
train,cut,cut_kg1_215.jpg,cut_kg1_179.jpg,cut (17).jpg
train,cut,cut_kg1_218.jpg,cut_kg1_197.jpg,cut (25).jpg
train,cut,cut_kg1_219.jpg,cut_kg1_219.jpg,cut (28).jpg
train,cut,cut_kg1_220.jpg,cut_kg1_220.jpg,cut (30).jpg
train,cut,cut_kg1_222.jpg,cut_kg1_222.jpg,cut (42).jpg
train,cut,cut_kg1_224.jpg,cut_kg1_103.jpg,d2307372-22c1-4ef9-adbd-926f870bdc5d.jpg
train,cut,cut_kg1_229.jpg,cut_kg1_229.jpg,f430adc4-bd28-4b82-8689-f92d90ca30f0.jpg
train,cut,cut_kg1_23.jpg,cut_kg1_23.jpg,123.jpg
train,cut,cut_kg1_26.jpg,cut_kg1_26.jpg,127.jpg
train,cut,cut_kg1_28.jpg,cut_kg1_166.jpg,130.jpg
train,cut,cut_kg1_29.jpg,cut_kg1_29.jpg,132.jpg
train,cut,cut_kg1_32.jpg,cut_kg1_32.jpg,135.jpg
train,cut,cut_kg1_33.jpg,cut_kg1_33.jpg,136.jpg
train,cut,cut_kg1_35.jpg,abrasion_kg1_142.jpg,138.jpg
train,cut,cut_kg1_36.jpg,cut_kg1_36.jpg,139.jpg
train,cut,cut_kg1_37.jpg,cut_kg1_37.jpg,140.jpg
train,cut,cut_kg1_38.jpg,cut_kg1_38.jpg,141.jpg
train,cut,cut_kg1_39.jpg,cut_kg1_101.jpg,142.jpg
train,cut,cut_kg1_4.jpg,cut_kg1_4.jpg,102.jpg
train,cut,cut_kg1_40.jpg,cut_kg1_40.jpg,143.jpg
train,cut,cut_kg1_41.jpg,cut_kg1_103.jpg,144.jpg
train,cut,cut_kg1_42.jpg,cut_kg1_220.jpg,145.jpg
train,cut,cut_kg1_43.jpg,cut_kg1_105.jpg,146.jpg
train,cut,cut_kg1_44.jpg,cut_kg1_44.jpg,148.jpg
train,cut,cut_kg1_45.jpg,cut_kg1_45.jpg,149.jpg
train,cut,cut_kg1_47.jpg,cut_kg1_184.jpg,151.jpg
train,cut,cut_kg1_5.jpg,cut_kg1_5.jpg,104.jpg
train,cut,cut_kg1_50.jpg,cut_kg1_50.jpg,154.jpg
train,cut,cut_kg1_55.jpg,cut_kg1_55.jpg,162.jpg
train,cut,cut_kg1_57.jpg,cut_kg1_57.jpg,164.jpg
train,cut,cut_kg1_59.jpg,cut_kg1_59.jpg,166.jpg
train,cut,cut_kg1_60.jpg,cut_kg1_202.jpg,168.jpg
train,cut,cut_kg1_61.jpg,cut_kg1_61.jpg,169.jpg
train,cut,cut_kg1_62.jpg,cut_kg1_62.jpg,170.jpg
train,cut,cut_kg1_64.jpg,cut_kg1_64.jpg,172.jpg
train,cut,cut_kg1_65.jpg,cut_kg1_219.jpg,173.jpg
train,cut,cut_kg1_66.jpg,cut_kg1_66.jpg,174.jpg
train,cut,cut_kg1_69.jpg,cut_kg1_69.jpg,177.jpg
train,cut,cut_kg1_7.jpg,cut_kg1_7.jpg,107.jpg
train,cut,cut_kg1_71.jpg,cut_kg1_11.jpg,180.jpg
train,cut,cut_kg1_72.jpg,cut_kg1_72.jpg,181.jpg
train,cut,cut_kg1_73.jpg,cut_kg1_73.jpg,182.jpg
train,cut,cut_kg1_74.jpg,cut_kg1_14.jpg,183.jpg
train,cut,cut_kg1_77.jpg,cut_kg1_18.jpg,187.jpg
train,cut,cut_kg1_8.jpg,cut_kg1_8.jpg,108.jpg
train,cut,cut_kg1_80.jpg,cut_kg1_80.jpg,190.jpg
train,cut,cut_kg1_81.jpg,cut_kg1_81.jpg,191.jpg
train,cut,cut_kg1_82.jpg,cut_kg1_82.jpg,194.jpg
train,cut,cut_kg1_83.jpg,cut_kg1_83.jpg,195.jpg
train,cut,cut_kg1_86.jpg,cut_kg1_86.jpg,198.jpg
train,cut,cut_kg1_88.jpg,cut_kg1_88.jpg,1f058f88-b2c7-4132-9c5a-66f6224cd208 - Copy (2).png
train,cut,cut_kg1_89.jpg,cut_kg1_89.jpg,1f058f88-b2c7-4132-9c5a-66f6224cd208.png
train,cut,cut_kg1_9.jpg,cut_kg1_9.jpg,109.jpg
train,cut,cut_kg1_90.jpg,cut_kg1_90.jpg,200.jpg
train,cut,cut_kg1_91.jpg,abrasion_kg1_142.jpg,201.jpg
train,cut,cut_kg1_92.jpg,cut_kg1_92.jpg,202.jpg
train,cut,cut_kg1_93.jpg,cut_kg1_93.jpg,203.jpg
train,cut,cut_kg1_94.jpg,cut_kg1_94.jpg,205.jpg
train,cut,cut_kg1_95.jpg,cut_kg1_195.jpg,206.jpg
train,cut,cut_kg1_96.jpg,cut_kg1_96.jpg,2068c28d-da97-44cf-9b7e-de5657c0545a.jpg
train,cut,cut_kg1_97.jpg,cut_kg1_209.jpg,207.jpg
train,cut,cut_kg1_98.jpg,abrasion_kg1_142.jpg,208.jpg
train,cut,cut_kg1_99.jpg,cut_kg1_99.jpg,209.jpg
train,cut,extra_ibrahim_cut_1.jpg,extra:extra_ibrahim_cut_1.jpg,ibrahim:Cut/cut (11).jpg
train,cut,extra_ibrahim_cut_10.jpg,extra:extra_ibrahim_cut_10.jpg,ibrahim:Cut/cut (20).jpg
train,cut,extra_ibrahim_cut_33.jpg,extra:extra_ibrahim_cut_33.jpg,ibrahim:Cut/cut (48).jpg
train,cut,extra_ibrahim_cut_35.jpg,extra:extra_ibrahim_cut_35.jpg,ibrahim:Cut/cut (5).jpg
train,cut,extra_ibrahim_cut_69.jpg,extra:extra_ibrahim_cut_69.jpg,ibrahim:Cut/mirrored_cut (43).jpg
val,abrasion,abrasion_kg1_1.jpg,abrasion_kg1_1.jpg,100.jpg
val,abrasion,abrasion_kg1_102.jpg,abrasion_kg1_102.jpg,213.jpg
val,abrasion,abrasion_kg1_111.jpg,abrasion_kg1_111.jpg,224.jpg
val,abrasion,abrasion_kg1_112.jpg,abrasion_kg1_112.jpg,225.jpg
val,abrasion,abrasion_kg1_121.jpg,abrasion_kg1_121.jpg,235.jpg
val,abrasion,abrasion_kg1_122.jpg,abrasion_kg1_122.jpg,236.jpg
val,abrasion,abrasion_kg1_127.jpg,abrasion_kg1_127.jpg,241.jpg
val,abrasion,abrasion_kg1_128.jpg,abrasion_kg1_128.jpg,242.jpg
val,abrasion,abrasion_kg1_144.jpg,abrasion_kg1_144.jpg,85.jpg
val,abrasion,abrasion_kg1_155.jpg,abrasion_kg1_155.jpg,96.jpg
val,abrasion,abrasion_kg1_164.jpg,abrasion_kg1_164.jpg,abrasions (12).jpg
val,abrasion,abrasion_kg1_172.jpg,abrasion_kg1_172.jpg,abrasions (48).jpg
val,abrasion,abrasion_kg1_182.jpg,abrasion_kg1_182.jpg,abrasions (64).jpg
val,abrasion,abrasion_kg1_184.jpg,abrasion_kg1_184.jpg,abrasions (68).jpg
val,abrasion,abrasion_kg1_194.jpg,abrasion_kg1_194.jpg,d70855ce-d336-4349-9f6f-7739039ab1eb.jpg
val,abrasion,abrasion_kg1_27.jpg,abrasion_kg1_182.jpg,127.jpg
val,abrasion,abrasion_kg1_32.jpg,abrasion_kg1_32.jpg,132.jpg
val,abrasion,abrasion_kg1_55.jpg,abrasion_kg1_128.jpg,161.jpg
val,abrasion,abrasion_kg1_58.jpg,abrasion_kg1_58.jpg,164.jpg
val,abrasion,abrasion_kg1_62.jpg,abrasion_kg1_62.jpg,168.jpg
val,abrasion,abrasion_kg1_69.jpg,abrasion_kg1_69.jpg,177.jpg
val,abrasion,abrasion_kg1_70.jpg,abrasion_kg1_70.jpg,178.jpg
val,abrasion,abrasion_kg1_72.jpg,abrasion_kg1_72.jpg,180.jpg
val,abrasion,abrasion_kg1_73.jpg,abrasion_kg1_1.jpg,181.jpg
val,abrasion,abrasion_kg1_81.jpg,abrasion_kg1_81.jpg,190.jpg
val,abrasion,abrasion_kg1_89.jpg,abrasion_kg1_89.jpg,199.jpg
val,abrasion,abrasion_kg1_93.jpg,abrasion_kg1_93.jpg,203.jpg
val,abrasion,abrasion_kg1_94.jpg,abrasion_kg1_94.jpg,204.jpg
val,abrasion,abrasion_kg1_96.jpg,abrasion_kg1_96.jpg,206.jpg
val,abrasion,abrasion_kg1_98.jpg,abrasion_kg1_182.jpg,208.jpg
val,bruise,bruise_kg1_108.jpg,bruise_kg1_108.jpg,240.jpg
val,bruise,bruise_kg1_118.jpg,bruise_kg1_118.jpg,4af8de31-1ac1-4c10-a145-19bbc453d352.jpg
val,bruise,bruise_kg1_129.jpg,bruise_kg1_129.jpg,afb2bda8-a5c3-4b1e-9b1a-2d858faf5514.jpg
val,bruise,bruise_kg1_140.jpg,bruise_kg1_140.jpg,bruises (20).jpg
val,bruise,bruise_kg1_142.jpg,bruise_kg1_142.jpg,bruises (26).jpg
val,bruise,bruise_kg1_148.jpg,bruise_kg1_148.jpg,bruises (43).jpg
val,bruise,bruise_kg1_149.jpg,bruise_kg1_149.jpg,bruises (49).jpg
val,bruise,bruise_kg1_152.jpg,bruise_kg1_152.jpg,bruises (65).jpg
val,bruise,bruise_kg1_153.jpg,bruise_kg1_153.jpg,bruises (68).jpg
val,bruise,bruise_kg1_162.jpg,bruise_kg1_162.jpg,e67fc71f-5fe4-4427-8b4b-0e7f12698b33.jpg
val,bruise,bruise_kg1_18.jpg,bruise_kg1_18.jpg,136.jpg
val,bruise,bruise_kg1_21.jpg,bruise_kg1_21.jpg,140.jpg
val,bruise,bruise_kg1_23.jpg,bruise_kg1_23.jpg,142.jpg
val,bruise,bruise_kg1_4.jpg,bruise_kg1_4.jpg,11aede8f-a988-48f0-91b8-40c0a27128c0.jpg
val,bruise,bruise_kg1_61.jpg,bruise_kg1_61.jpg,183.jpg
val,bruise,bruise_kg1_62.jpg,bruise_kg1_62.jpg,184.jpg
val,bruise,bruise_kg1_65.jpg,bruise_kg1_65.jpg,187.jpg
val,bruise,bruise_kg1_67.jpg,bruise_kg1_67.jpg,191.jpg
val,bruise,bruise_kg1_68.jpg,bruise_kg1_68.jpg,192.jpg
val,bruise,bruise_kg1_7.jpg,bruise_kg1_7.jpg,125.jpg
val,bruise,bruise_kg1_80.jpg,bruise_kg1_80.jpg,209.jpg
val,bruise,bruise_kg1_82.jpg,bruise_kg1_82.jpg,211.jpg
val,bruise,bruise_kg1_89.jpg,bruise_kg1_89.jpg,218.jpg
val,bruise,bruise_kg1_93.jpg,bruise_kg1_93.jpg,223.jpg
val,bruise,bruise_kg1_98.jpg,bruise_kg1_98.jpg,228.jpg
val,burn_1st_degree,burn_1st_degree_kg2_1002.jpg,burn_1st_degree_kg2_1002.jpg,img928.jpg
val,burn_1st_degree,burn_1st_degree_kg2_1005.jpg,burn_1st_degree_kg2_1005.jpg,img931.jpg
val,burn_1st_degree,burn_1st_degree_kg2_1028.jpg,burn_1st_degree_kg2_1028.jpg,img969.jpg
val,burn_1st_degree,burn_1st_degree_kg2_11.jpg,burn_1st_degree_kg2_11.jpg,img1013.jpg
val,burn_1st_degree,burn_1st_degree_kg2_115.jpg,burn_1st_degree_kg2_115.jpg,img1173.jpg
val,burn_1st_degree,burn_1st_degree_kg2_12.jpg,burn_1st_degree_kg2_12.jpg,img1014.jpg
val,burn_1st_degree,burn_1st_degree_kg2_134.jpg,burn_1st_degree_kg2_134.jpg,img1201.jpg
val,burn_1st_degree,burn_1st_degree_kg2_149.jpg,burn_1st_degree_kg2_149.jpg,img1220.jpg
val,burn_1st_degree,burn_1st_degree_kg2_156.jpg,burn_1st_degree_kg2_156.jpg,img1230.jpg
val,burn_1st_degree,burn_1st_degree_kg2_257.jpg,burn_1st_degree_kg2_257.jpg,img1378.jpg
val,burn_1st_degree,burn_1st_degree_kg2_264.jpg,burn_1st_degree_kg2_264.jpg,img1384.jpg
val,burn_1st_degree,burn_1st_degree_kg2_276.jpg,burn_1st_degree_kg2_276.jpg,img140.jpg
val,burn_1st_degree,burn_1st_degree_kg2_28.jpg,burn_1st_degree_kg2_28.jpg,img1044.jpg
val,burn_1st_degree,burn_1st_degree_kg2_286.jpg,burn_1st_degree_kg2_286.jpg,img141.jpg
val,burn_1st_degree,burn_1st_degree_kg2_297.jpg,burn_1st_degree_kg2_297.jpg,img1422.jpg
val,burn_1st_degree,burn_1st_degree_kg2_315.jpg,burn_1st_degree_kg2_315.jpg,img150.jpg
val,burn_1st_degree,burn_1st_degree_kg2_344.jpg,burn_1st_degree_kg2_344.jpg,img18.jpg
val,burn_1st_degree,burn_1st_degree_kg2_356.jpg,burn_1st_degree_kg2_356.jpg,img193.jpg
val,burn_1st_degree,burn_1st_degree_kg2_375.jpg,burn_1st_degree_kg2_375.jpg,img216.jpg
val,burn_1st_degree,burn_1st_degree_kg2_384.jpg,burn_1st_degree_kg2_384.jpg,img224.jpg
val,burn_1st_degree,burn_1st_degree_kg2_414.jpg,burn_1st_degree_kg2_414.jpg,img256.jpg
val,burn_1st_degree,burn_1st_degree_kg2_427.jpg,burn_1st_degree_kg2_427.jpg,img269.jpg
val,burn_1st_degree,burn_1st_degree_kg2_436.jpg,burn_1st_degree_kg2_436.jpg,img28.jpg
val,burn_1st_degree,burn_1st_degree_kg2_437.jpg,burn_1st_degree_kg2_264.jpg,img280.jpg
val,burn_1st_degree,burn_1st_degree_kg2_444.jpg,burn_1st_degree_kg2_444.jpg,img288.jpg
val,burn_1st_degree,burn_1st_degree_kg2_446.jpg,burn_1st_degree_kg2_156.jpg,img29.jpg
val,burn_1st_degree,burn_1st_degree_kg2_456.jpg,burn_1st_degree_kg2_456.jpg,img30.jpg
val,burn_1st_degree,burn_1st_degree_kg2_464.jpg,burn_1st_degree_kg2_464.jpg,img309.jpg
val,burn_1st_degree,burn_1st_degree_kg2_502.jpg,burn_1st_degree_kg2_502.jpg,img348.jpg
val,burn_1st_degree,burn_1st_degree_kg2_507.jpg,burn_1st_degree_kg2_507.jpg,img352.jpg
val,burn_1st_degree,burn_1st_degree_kg2_509.jpg,burn_1st_degree_kg2_509.jpg,img354.jpg
val,burn_1st_degree,burn_1st_degree_kg2_51.jpg,burn_1st_degree_kg2_51.jpg,img1076.jpg
val,burn_1st_degree,burn_1st_degree_kg2_535.jpg,burn_1st_degree_kg2_535.jpg,img381.jpg
val,burn_1st_degree,burn_1st_degree_kg2_544.jpg,burn_1st_degree_kg2_544.jpg,img39.jpg
val,burn_1st_degree,burn_1st_degree_kg2_549.jpg,burn_1st_degree_kg2_549.jpg,img394.jpg
val,burn_1st_degree,burn_1st_degree_kg2_563.jpg,burn_1st_degree_kg2_563.jpg,img41.jpg
val,burn_1st_degree,burn_1st_degree_kg2_571.jpg,burn_1st_degree_kg2_571.jpg,img417.jpg
val,burn_1st_degree,burn_1st_degree_kg2_603.jpg,burn_1st_degree_kg2_603.jpg,img450.jpg
val,burn_1st_degree,burn_1st_degree_kg2_613.jpg,burn_1st_degree_kg2_444.jpg,img462.jpg
val,burn_1st_degree,burn_1st_degree_kg2_616.jpg,burn_1st_degree_kg2_616.jpg,img465.jpg
val,burn_1st_degree,burn_1st_degree_kg2_626.jpg,burn_1st_degree_kg2_626.jpg,img475.jpg
val,burn_1st_degree,burn_1st_degree_kg2_637.jpg,burn_1st_degree_kg2_1002.jpg,img486.jpg
val,burn_1st_degree,burn_1st_degree_kg2_647.jpg,burn_1st_degree_kg2_647.jpg,img496.jpg
val,burn_1st_degree,burn_1st_degree_kg2_662.jpg,burn_1st_degree_kg2_662.jpg,img510.jpg
val,burn_1st_degree,burn_1st_degree_kg2_666.jpg,burn_1st_degree_kg2_666.jpg,img515.jpg
val,burn_1st_degree,burn_1st_degree_kg2_67.jpg,burn_1st_degree_kg2_67.jpg,img1101.jpg
val,burn_1st_degree,burn_1st_degree_kg2_673.jpg,burn_1st_degree_kg2_673.jpg,img522.jpg
val,burn_1st_degree,burn_1st_degree_kg2_674.jpg,burn_1st_degree_kg2_674.jpg,img523.jpg
val,burn_1st_degree,burn_1st_degree_kg2_694.jpg,burn_1st_degree_kg2_694.jpg,img542.jpg
val,burn_1st_degree,burn_1st_degree_kg2_698.jpg,burn_1st_degree_kg2_698.jpg,img546.jpg
val,burn_1st_degree,burn_1st_degree_kg2_712.jpg,burn_1st_degree_kg2_712.jpg,img561.jpg
val,burn_1st_degree,burn_1st_degree_kg2_733.jpg,burn_1st_degree_kg2_733.jpg,img584.jpg
val,burn_1st_degree,burn_1st_degree_kg2_769.jpg,burn_1st_degree_kg2_769.jpg,img625.jpg
val,burn_1st_degree,burn_1st_degree_kg2_774.jpg,burn_1st_degree_kg2_774.jpg,img63.jpg
val,burn_1st_degree,burn_1st_degree_kg2_776.jpg,burn_1st_degree_kg2_733.jpg,img631.jpg
val,burn_1st_degree,burn_1st_degree_kg2_783.jpg,burn_1st_degree_kg2_356.jpg,img640.jpg
val,burn_1st_degree,burn_1st_degree_kg2_785.jpg,burn_1st_degree_kg2_785.jpg,img642.jpg
val,burn_1st_degree,burn_1st_degree_kg2_794.jpg,burn_1st_degree_kg2_507.jpg,img652.jpg
val,burn_1st_degree,burn_1st_degree_kg2_797.jpg,burn_1st_degree_kg2_797.jpg,img656.jpg
val,burn_1st_degree,burn_1st_degree_kg2_859.jpg,burn_1st_degree_kg2_859.jpg,img730.jpg
val,burn_1st_degree,burn_1st_degree_kg2_87.jpg,burn_1st_degree_kg2_626.jpg,img1130.jpg
val,burn_1st_degree,burn_1st_degree_kg2_871.jpg,burn_1st_degree_kg2_871.jpg,img750.jpg
val,burn_1st_degree,burn_1st_degree_kg2_898.jpg,burn_1st_degree_kg2_898.jpg,img791.jpg
val,burn_1st_degree,burn_1st_degree_kg2_902.jpg,burn_1st_degree_kg2_902.jpg,img796.jpg
val,burn_1st_degree,burn_1st_degree_kg2_945.jpg,burn_1st_degree_kg2_945.jpg,img85.jpg
val,burn_1st_degree,burn_1st_degree_kg2_967.jpg,burn_1st_degree_kg2_967.jpg,img879.jpg
val,burn_1st_degree,burn_1st_degree_kg2_991.jpg,burn_1st_degree_kg2_991.jpg,img911.jpg
val,burn_2nd_degree,burn_2nd_degree_kg2_1017.jpg,burn_2nd_degree_kg2_1017.jpg,img95.jpg
val,burn_2nd_degree,burn_2nd_degree_kg2_1036.jpg,burn_2nd_degree_kg2_1036.jpg,img978.jpg
val,burn_2nd_degree,burn_2nd_degree_kg2_117.jpg,burn_2nd_degree_kg2_117.jpg,img1178.jpg
val,burn_2nd_degree,burn_2nd_degree_kg2_128.jpg,burn_2nd_degree_kg2_128.jpg,img1192.jpg
val,burn_2nd_degree,burn_2nd_degree_kg2_133.jpg,burn_2nd_degree_kg2_133.jpg,img1200.jpg
val,burn_2nd_degree,burn_2nd_degree_kg2_16.jpg,burn_2nd_degree_kg2_16.jpg,img1023.jpg
val,burn_2nd_degree,burn_2nd_degree_kg2_160.jpg,burn_2nd_degree_kg2_160.jpg,img1234.jpg
val,burn_2nd_degree,burn_2nd_degree_kg2_17.jpg,burn_2nd_degree_kg2_17.jpg,img1026.jpg
val,burn_2nd_degree,burn_2nd_degree_kg2_176.jpg,burn_2nd_degree_kg2_176.jpg,img1257.jpg
val,burn_2nd_degree,burn_2nd_degree_kg2_182.jpg,burn_2nd_degree_kg2_182.jpg,img1262.jpg
val,burn_2nd_degree,burn_2nd_degree_kg2_213.jpg,burn_2nd_degree_kg2_213.jpg,img1310.jpg
val,burn_2nd_degree,burn_2nd_degree_kg2_219.jpg,burn_2nd_degree_kg2_219.jpg,img132.jpg
val,burn_2nd_degree,burn_2nd_degree_kg2_224.jpg,burn_2nd_degree_kg2_224.jpg,img1327.jpg
val,burn_2nd_degree,burn_2nd_degree_kg2_227.jpg,burn_2nd_degree_kg2_227.jpg,img1332.jpg
val,burn_2nd_degree,burn_2nd_degree_kg2_246.jpg,burn_2nd_degree_kg2_246.jpg,img1364.jpg
val,burn_2nd_degree,burn_2nd_degree_kg2_255.jpg,burn_2nd_degree_kg2_255.jpg,img1373.jpg
val,burn_2nd_degree,burn_2nd_degree_kg2_26.jpg,burn_2nd_degree_kg2_26.jpg,img1041.jpg
val,burn_2nd_degree,burn_2nd_degree_kg2_265.jpg,burn_2nd_degree_kg2_265.jpg,img1385.jpg
val,burn_2nd_degree,burn_2nd_degree_kg2_291.jpg,burn_2nd_degree_kg2_291.jpg,img1416.jpg
val,burn_2nd_degree,burn_2nd_degree_kg2_335.jpg,burn_2nd_degree_kg2_1017.jpg,img17.jpg
val,burn_2nd_degree,burn_2nd_degree_kg2_379.jpg,burn_2nd_degree_kg2_379.jpg,img22.jpg
val,burn_2nd_degree,burn_2nd_degree_kg2_392.jpg,burn_2nd_degree_kg2_392.jpg,img231.jpg
val,burn_2nd_degree,burn_2nd_degree_kg2_398.jpg,burn_2nd_degree_kg2_398.jpg,img238.jpg
val,burn_2nd_degree,burn_2nd_degree_kg2_413.jpg,burn_2nd_degree_kg2_413.jpg,img255.jpg
val,burn_2nd_degree,burn_2nd_degree_kg2_429.jpg,burn_2nd_degree_kg2_429.jpg,img270.jpg
val,burn_2nd_degree,burn_2nd_degree_kg2_438.jpg,burn_2nd_degree_kg2_438.jpg,img281.jpg
val,burn_2nd_degree,burn_2nd_degree_kg2_45.jpg,burn_2nd_degree_kg2_45.jpg,img1069.jpg
val,burn_2nd_degree,burn_2nd_degree_kg2_470.jpg,burn_2nd_degree_kg2_470.jpg,img315.jpg
val,burn_2nd_degree,burn_2nd_degree_kg2_484.jpg,burn_2nd_degree_kg2_133.jpg,img329.jpg
val,burn_2nd_degree,burn_2nd_degree_kg2_515.jpg,burn_2nd_degree_kg2_515.jpg,img361.jpg
val,burn_2nd_degree,burn_2nd_degree_kg2_517.jpg,burn_2nd_degree_kg2_133.jpg,img363.jpg
val,burn_2nd_degree,burn_2nd_degree_kg2_561.jpg,burn_2nd_degree_kg2_561.jpg,img407.jpg
val,burn_2nd_degree,burn_2nd_degree_kg2_564.jpg,burn_2nd_degree_kg2_564.jpg,img410.jpg
val,burn_2nd_degree,burn_2nd_degree_kg2_565.jpg,burn_2nd_degree_kg2_565.jpg,img411.jpg
val,burn_2nd_degree,burn_2nd_degree_kg2_57.jpg,burn_2nd_degree_kg2_57.jpg,img109.jpg
val,burn_2nd_degree,burn_2nd_degree_kg2_574.jpg,burn_2nd_degree_kg2_574.jpg,img42.jpg
val,burn_2nd_degree,burn_2nd_degree_kg2_61.jpg,burn_2nd_degree_kg2_61.jpg,img1093.jpg
val,burn_2nd_degree,burn_2nd_degree_kg2_610.jpg,burn_2nd_degree_kg2_392.jpg,img457.jpg
val,burn_2nd_degree,burn_2nd_degree_kg2_629.jpg,burn_2nd_degree_kg2_629.jpg,img479.jpg
val,burn_2nd_degree,burn_2nd_degree_kg2_684.jpg,burn_2nd_degree_kg2_684.jpg,img533.jpg
val,burn_2nd_degree,burn_2nd_degree_kg2_701.jpg,burn_2nd_degree_kg2_701.jpg,img549.jpg
val,burn_2nd_degree,burn_2nd_degree_kg2_708.jpg,burn_2nd_degree_kg2_708.jpg,img558.jpg
val,burn_2nd_degree,burn_2nd_degree_kg2_74.jpg,burn_2nd_degree_kg2_74.jpg,img1111.jpg
val,burn_2nd_degree,burn_2nd_degree_kg2_767.jpg,burn_2nd_degree_kg2_767.jpg,img623.jpg
val,burn_2nd_degree,burn_2nd_degree_kg2_78.jpg,burn_2nd_degree_kg2_565.jpg,img112.jpg
val,burn_2nd_degree,burn_2nd_degree_kg2_784.jpg,burn_2nd_degree_kg2_784.jpg,img641.jpg
val,burn_2nd_degree,burn_2nd_degree_kg2_808.jpg,burn_2nd_degree_kg2_808.jpg,img669.jpg
val,burn_2nd_degree,burn_2nd_degree_kg2_813.jpg,burn_2nd_degree_kg2_470.jpg,img673.jpg
val,burn_2nd_degree,burn_2nd_degree_kg2_826.jpg,burn_2nd_degree_kg2_564.jpg,img69.jpg
val,burn_2nd_degree,burn_2nd_degree_kg2_836.jpg,burn_2nd_degree_kg2_836.jpg,img700.jpg
val,burn_2nd_degree,burn_2nd_degree_kg2_840.jpg,burn_2nd_degree_kg2_438.jpg,img707.jpg
val,burn_2nd_degree,burn_2nd_degree_kg2_869.jpg,burn_2nd_degree_kg2_869.jpg,img749.jpg
val,burn_2nd_degree,burn_2nd_degree_kg2_878.jpg,burn_2nd_degree_kg2_219.jpg,img762.jpg
val,burn_2nd_degree,burn_2nd_degree_kg2_900.jpg,burn_2nd_degree_kg2_900.jpg,img794.jpg
val,burn_2nd_degree,burn_2nd_degree_kg2_913.jpg,burn_2nd_degree_kg2_913.jpg,img81.jpg
val,burn_2nd_degree,burn_2nd_degree_kg2_92.jpg,burn_2nd_degree_kg2_92.jpg,img1141.jpg
val,burn_2nd_degree,burn_2nd_degree_kg2_929.jpg,burn_2nd_degree_kg2_929.jpg,img83.jpg
val,burn_2nd_degree,burn_2nd_degree_kg2_938.jpg,burn_2nd_degree_kg2_938.jpg,img843.jpg
val,burn_2nd_degree,burn_2nd_degree_kg2_949.jpg,burn_2nd_degree_kg2_949.jpg,img853.jpg
val,burn_2nd_degree,burn_2nd_degree_kg2_95.jpg,burn_2nd_degree_kg2_95.jpg,img115.jpg
val,burn_2nd_degree,burn_2nd_degree_kg2_955.jpg,burn_2nd_degree_kg2_784.jpg,img861.jpg
val,burn_2nd_degree,burn_2nd_degree_kg2_96.jpg,burn_2nd_degree_kg2_96.jpg,img1151.jpg
val,burn_2nd_degree,burn_2nd_degree_kg2_964.jpg,burn_1st_degree_kg2_859.jpg,img872.jpg
val,burn_3rd_degree,burn_3rd_degree_kg2_1046.jpg,burn_3rd_degree_kg2_1046.jpg,img990.jpg
val,burn_3rd_degree,burn_3rd_degree_kg2_192.jpg,burn_3rd_degree_kg2_192.jpg,img1282.jpg
val,burn_3rd_degree,burn_3rd_degree_kg2_259.jpg,burn_3rd_degree_kg2_259.jpg,img138.jpg
val,burn_3rd_degree,burn_3rd_degree_kg2_284.jpg,burn_3rd_degree_kg2_284.jpg,img1407.jpg
val,burn_3rd_degree,burn_3rd_degree_kg2_285.jpg,burn_3rd_degree_kg2_285.jpg,img1408.jpg
val,burn_3rd_degree,burn_3rd_degree_kg2_30.jpg,burn_3rd_degree_kg2_30.jpg,img1048.jpg
val,burn_3rd_degree,burn_3rd_degree_kg2_310.jpg,burn_3rd_degree_kg2_310.jpg,img145.jpg
val,burn_3rd_degree,burn_3rd_degree_kg2_362.jpg,burn_2nd_degree_kg2_117.jpg,img200.jpg
val,burn_3rd_degree,burn_3rd_degree_kg2_40.jpg,burn_3rd_degree_kg2_284.jpg,img1063.jpg
val,burn_3rd_degree,burn_3rd_degree_kg2_419.jpg,burn_3rd_degree_kg2_419.jpg,img260.jpg
val,burn_3rd_degree,burn_3rd_degree_kg2_453.jpg,burn_3rd_degree_kg2_453.jpg,img297.jpg
val,burn_3rd_degree,burn_3rd_degree_kg2_465.jpg,burn_3rd_degree_kg2_465.jpg,img31.jpg
val,burn_3rd_degree,burn_3rd_degree_kg2_475.jpg,burn_3rd_degree_kg2_419.jpg,img320.jpg
val,burn_3rd_degree,burn_3rd_degree_kg2_490.jpg,burn_3rd_degree_kg2_30.jpg,img337.jpg
val,burn_3rd_degree,burn_3rd_degree_kg2_518.jpg,burn_3rd_degree_kg2_518.jpg,img364.jpg
val,burn_3rd_degree,burn_3rd_degree_kg2_529.jpg,burn_3rd_degree_kg2_529.jpg,img375.jpg
val,burn_3rd_degree,burn_3rd_degree_kg2_58.jpg,burn_3rd_degree_kg2_58.jpg,img1090.jpg
val,burn_3rd_degree,burn_3rd_degree_kg2_612.jpg,burn_3rd_degree_kg2_612.jpg,img461.jpg
val,burn_3rd_degree,burn_3rd_degree_kg2_622.jpg,burn_3rd_degree_kg2_622.jpg,img471.jpg
val,burn_3rd_degree,burn_3rd_degree_kg2_723.jpg,burn_3rd_degree_kg2_723.jpg,img573.jpg
val,burn_3rd_degree,burn_3rd_degree_kg2_76.jpg,burn_3rd_degree_kg2_76.jpg,img1118.jpg
val,burn_3rd_degree,burn_3rd_degree_kg2_83.jpg,burn_2nd_degree_kg2_684.jpg,img1127.jpg
val,burn_3rd_degree,burn_3rd_degree_kg2_855.jpg,burn_3rd_degree_kg2_855.jpg,img724.jpg
val,burn_3rd_degree,burn_3rd_degree_kg2_895.jpg,burn_3rd_degree_kg2_895.jpg,img785.jpg
val,burn_3rd_degree,burn_3rd_degree_kg2_899.jpg,burn_3rd_degree_kg2_899.jpg,img792.jpg
val,burn_3rd_degree,burn_3rd_degree_kg2_908.jpg,burn_3rd_degree_kg2_908.jpg,img804.jpg
val,burn_3rd_degree,burn_3rd_degree_kg2_923.jpg,burn_3rd_degree_kg2_923.jpg,img822.jpg
val,burn_3rd_degree,burn_3rd_degree_kg2_93.jpg,burn_3rd_degree_kg2_453.jpg,img1143.jpg
val,burn_3rd_degree,burn_3rd_degree_kg2_934.jpg,burn_2nd_degree_kg2_438.jpg,img834.jpg
val,burn_3rd_degree,burn_3rd_degree_kg2_944.jpg,burn_3rd_degree_kg2_944.jpg,img849.jpg
val,burn_3rd_degree,burn_3rd_degree_kg2_965.jpg,burn_3rd_degree_kg2_965.jpg,img873.jpg
val,cut,cut_kg1_0.jpg,cut_kg1_0.jpg,05edef17-8162-48a2-aab6-97bf2e63c4a9.jpg
val,cut,cut_kg1_106.jpg,cut_kg1_106.jpg,217.jpg
val,cut,cut_kg1_138.jpg,cut_kg1_138.jpg,256.jpg
val,cut,cut_kg1_144.jpg,cut_kg1_144.jpg,265.jpg
val,cut,cut_kg1_147.jpg,cut_kg1_147.jpg,269.jpg
val,cut,cut_kg1_150.jpg,cut_kg1_150.jpg,272.jpg
val,cut,cut_kg1_151.jpg,cut_kg1_151.jpg,273.jpg
val,cut,cut_kg1_164.jpg,cut_kg1_164.jpg,479607d8-0b76-436b-8bf3-54d78c7bc302.jpg
val,cut,cut_kg1_17.jpg,cut_kg1_138.jpg,116.jpg
val,cut,cut_kg1_175.jpg,cut_kg1_175.jpg,71.jpg
val,cut,cut_kg1_180.jpg,cut_kg1_106.jpg,77.jpg
val,cut,cut_kg1_183.jpg,cut_kg1_183.jpg,80.jpg
val,cut,cut_kg1_189.jpg,cut_kg1_189.jpg,86.jpg
val,cut,cut_kg1_199.jpg,cut_kg1_199.jpg,94.jpg
val,cut,cut_kg1_200.jpg,cut_kg1_200.jpg,95.jpg
val,cut,cut_kg1_206.jpg,cut_kg1_206.jpg,aca88f4f-35a2-45ca-94fe-835e7ec3c128.jpg
val,cut,cut_kg1_207.jpg,cut_kg1_147.jpg,af9cfbf7-9a85-4cdd-9cf4-bcf9a7df91ed.jpg
val,cut,cut_kg1_21.jpg,cut_kg1_21.jpg,120.jpg
val,cut,cut_kg1_210.jpg,cut_kg1_210.jpg,c2115bf5-c95e-49b5-b8e1-d398f65bd448.jpg
val,cut,cut_kg1_211.jpg,cut_kg1_211.jpg,c818d14d-e50c-4541-8221-814f0b17fa3d.jpg
val,cut,cut_kg1_226.jpg,cut_kg1_226.jpg,d5765618-d73f-4313-b689-dcd7f3ff106c.jpg
val,cut,cut_kg1_228.jpg,cut_kg1_228.jpg,dfdc1fab-fef4-4107-9524-1bf0a733a640.jpg
val,cut,cut_kg1_24.jpg,cut_kg1_24.jpg,125.jpg
val,cut,cut_kg1_25.jpg,cut_kg1_25.jpg,126.jpg
val,cut,cut_kg1_27.jpg,cut_kg1_147.jpg,129.jpg
val,cut,cut_kg1_30.jpg,cut_kg1_151.jpg,133.jpg
val,cut,cut_kg1_46.jpg,cut_kg1_46.jpg,150.jpg
val,cut,cut_kg1_54.jpg,cut_kg1_54.jpg,159.jpg
val,cut,cut_kg1_58.jpg,cut_kg1_58.jpg,165.jpg
val,cut,cut_kg1_63.jpg,cut_kg1_63.jpg,171.jpg
val,cut,cut_kg1_70.jpg,cut_kg1_226.jpg,178.jpg
val,cut,cut_kg1_76.jpg,cut_kg1_76.jpg,186.jpg
val,cut,cut_kg1_79.jpg,cut_kg1_0.jpg,189.jpg
val,cut,cut_kg1_84.jpg,cut_kg1_84.jpg,196.jpg
val,cut,cut_kg1_87.jpg,cut_kg1_87.jpg,199.jpg
